dataset,method,seed,edge_removal_rate,test_macro_f1,giant_component_ratio,bridge_preservation,minority_degree_retention,train_seconds
facebook,cailp_a31,0,0.1,0.8997136386617895,0.7090787716955941,0.02455432223343424,0.7953456525593977,2444.039017667
facebook,cailp_a31,0,0.2,0.8861771481015106,0.5433466844681798,0.0010090817356205853,0.6491778771290536,2444.039017667
facebook,cailp_a31,0,0.3,0.8850069184889109,0.48718291054739654,0.0006727211570803902,0.55761263330524,2444.039017667
facebook,cailp_a31,0,0.4,0.8869926839163228,0.4817979528259902,0.0006727211570803902,0.42834021328671174,2444.039017667
facebook,cailp_a31,0,0.5,0.8850930802805457,0.4785046728971963,0.0006727211570803902,0.3951967653294123,2444.039017667
facebook,cailp_a31,0,0.6,0.8882224353253322,0.4712950600801068,0.0006727211570803902,0.33832856978935727,2444.039017667
facebook,cailp_a31,0,0.7,0.8891734820254397,0.4609701824655096,0.0003363605785401951,0.28320817140734034,2444.039017667
facebook,cailp_a31,0,0.8,0.8885438098495144,0.4287939474855363,0.0003363605785401951,0.22918823029554652,2444.039017667
facebook,cailp_a31,0,0.9,0.8874402952920257,0.2820649755229194,0.0003363605785401951,0.14555281023906833,2444.039017667
facebook,cailp_a31,1,0.1,0.9214881653390343,0.8206497552291945,0.43760511268079383,0.9877653931430679,2034.740980833999
facebook,cailp_a31,1,0.2,0.9217087659326,0.8006675567423231,0.4150689539186007,0.9747540000366584,2034.740980833999
facebook,cailp_a31,1,0.3,0.9164680054971834,0.784913217623498,0.40228725193407333,0.9129336825960302,2034.740980833999
facebook,cailp_a31,1,0.4,0.9131387078518984,0.7682688028482421,0.3888328287924655,0.8169665583436688,2034.740980833999
facebook,cailp_a31,1,0.5,0.911394996932833,0.7484201157098354,0.3713420787083754,0.7751812230119688,2034.740980833999
facebook,cailp_a31,1,0.6,0.9052979359788502,0.7176234979973297,0.3504877228388833,0.728087721139249,2034.740980833999
facebook,cailp_a31,1,0.7,0.9046271909194299,0.6640409434801958,0.33198789101917253,0.6750064665102936,2034.740980833999
facebook,cailp_a31,1,0.8,0.8936669783086499,0.5572318647085002,0.30272452068617556,0.6077161860674334,2034.740980833999
facebook,cailp_a31,1,0.9,0.8969476220585947,0.3538050734312417,0.2687521022536159,0.5075737785884696,2034.740980833999
facebook,cailp_a31,2,0.1,0.9346807672413059,1.0,1.0,0.9961806576416954,1362.4714547080002
facebook,cailp_a31,2,0.2,0.9347721234464188,0.9993769470404984,1.0,0.966824176269323,1362.4714547080002
facebook,cailp_a31,2,0.3,0.9348947092126823,0.9993769470404984,1.0,0.8578132585401856,1362.4714547080002
facebook,cailp_a31,2,0.4,0.9356502933455675,0.9987093902981753,1.0,0.805185095619811,1362.4714547080002
facebook,cailp_a31,2,0.5,0.9351470198908035,0.9956386292834891,1.0,0.748511096911335,1362.4714547080002
facebook,cailp_a31,2,0.6,0.9279981562016535,0.9773030707610146,1.0,0.6914810535624125,1362.4714547080002
facebook,cailp_a31,2,0.7,0.9289521274035984,0.9309746328437917,1.0,0.5901087157008972,1362.4714547080002
facebook,cailp_a31,2,0.8,0.925010268913385,0.8132621272808189,0.9979818365287588,0.4413516320669488,1362.4714547080002
facebook,cailp_a31,2,0.9,0.9180595397663525,0.40565198041833556,0.9408005381769257,0.28828974074641445,1362.4714547080002
facebook,cailp_a31,3,0.1,0.9109991290902999,0.7834890965732088,0.39354187689202824,0.8189732760525362,1214.818191208
facebook,cailp_a31,3,0.2,0.9018672332849235,0.6897196261682244,0.3081062899428187,0.5601048430930549,1214.818191208
facebook,cailp_a31,3,0.3,0.8855166905738431,0.5904761904761905,0.24587958291288262,0.3912156789343889,1214.818191208
facebook,cailp_a31,3,0.4,0.879736313795567,0.49523809523809526,0.21459804910864447,0.29019936003949237,1214.818191208
facebook,cailp_a31,3,0.5,0.8831029923612138,0.45927903871829107,0.20484359233097882,0.23653546356814503,1214.818191208
facebook,cailp_a31,3,0.6,0.882513130008283,0.4370271473075211,0.20215270770265725,0.2024210186160371,1214.818191208
facebook,cailp_a31,3,0.7,0.8809497962175379,0.41735647530040054,0.19677093844601412,0.09111211360449142,1214.818191208
facebook,cailp_a31,3,0.8,0.8843916092332017,0.3851357365376057,0.18903464513958965,0.04375970722708451,1214.818191208
facebook,cailp_a31,3,0.9,0.8824172346117858,0.2925678682688028,0.17490750084090145,0.01951708805499996,1214.818191208
facebook,cailp_a31,4,0.1,0.928542475480888,0.9685358255451714,0.9455095862764884,0.8242490422231893,1127.7466088750007
facebook,cailp_a31,4,0.2,0.9197223211073423,0.919537160658656,0.9206189034645139,0.664034140135463,1127.7466088750007
facebook,cailp_a31,4,0.3,0.9149888682004199,0.8261682242990654,0.8990918264379415,0.5342115043187369,1127.7466088750007
facebook,cailp_a31,4,0.4,0.9115236300086405,0.7123720516243881,0.8819374369323916,0.45507506310659596,1127.7466088750007
facebook,cailp_a31,4,0.5,0.9103639491469655,0.6283934134401424,0.8731920618903465,0.39354606658716373,1127.7466088750007
facebook,cailp_a31,4,0.6,0.912084453816291,0.5701824655095683,0.8634376051126808,0.33959087486844797,1127.7466088750007
facebook,cailp_a31,4,0.7,0.9094170402916051,0.5160213618157543,0.8546922300706358,0.2252718676197736,1127.7466088750007
facebook,cailp_a31,4,0.8,0.9054822871091079,0.4508233199821985,0.849983181971073,0.1627718741055329,1127.7466088750007
facebook,cailp_a31,4,0.9,0.9083817277174798,0.3071651090342679,0.8405650857719476,0.13425685243107166,1127.7466088750007
facebook,cailp_a31,5,0.1,0.928711441905063,0.8610146862483311,0.6444668684830138,0.9722941392715551,2441.2323028749997
facebook,cailp_a31,5,0.2,0.9232426569854557,0.7511348464619493,0.48133198789101916,0.922740776633732,2441.2323028749997
facebook,cailp_a31,5,0.3,0.9143406768758982,0.654161103693814,0.38647830474268413,0.8395908486562011,2441.2323028749997
facebook,cailp_a31,5,0.4,0.9031701909265949,0.5501557632398754,0.32593340060544906,0.7244303303619606,2441.2323028749997
facebook,cailp_a31,5,0.5,0.9012879167830382,0.4564307966177125,0.2885973763874874,0.6130567016311644,2441.2323028749997
facebook,cailp_a31,5,0.6,0.8988344196769473,0.37627948375611925,0.26538849646821394,0.5102278361851519,2441.2323028749997
facebook,cailp_a31,5,0.7,0.8987171170474068,0.3009790832220739,0.2462159434914228,0.4241649300601094,2441.2323028749997
facebook,cailp_a31,5,0.8,0.8988434570832787,0.21513128615932353,0.22939791456441305,0.33043112071856096,2441.2323028749997
facebook,cailp_a31,5,0.9,0.8984416968181896,0.12438807298620383,0.21796165489404642,0.14995467783070238,2441.2323028749997
facebook,cailp_a31,6,0.1,0.8945385735875261,0.7439252336448599,0.2065253952236798,0.6858168937286016,2032.8650274170004
facebook,cailp_a31,6,0.2,0.8917629725903073,0.6082331998219849,0.13353514968045746,0.5070558861391558,2032.8650274170004
facebook,cailp_a31,6,0.3,0.8884385485918216,0.5234534935469515,0.11234443323242516,0.359463983494681,2032.8650274170004
facebook,cailp_a31,6,0.4,0.8886869075250543,0.4287939474855363,0.0961991254624958,0.2727861121783627,2032.8650274170004
facebook,cailp_a31,6,0.5,0.8849570975490685,0.34686248331108144,0.08678102926337034,0.23009449073419078,2032.8650274170004
facebook,cailp_a31,6,0.6,0.8825533128626335,0.2692923898531375,0.08139926000672722,0.2040069808021214,2032.8650274170004
facebook,cailp_a31,6,0.7,0.8871349170521945,0.18108589230084557,0.07467204843592332,0.16481096651093932,2032.8650274170004
facebook,cailp_a31,6,0.8,0.8890361522205092,0.1207832665776591,0.06525395223679785,0.07434619279426274,2032.8650274170004
facebook,cailp_a31,6,0.9,0.8892060239616557,0.06515353805073432,0.048772283888328286,0.006699896192858557,2032.8650274170004
facebook,cailp_a31,7,0.1,0.926045935941282,0.8854027592345349,0.5230406996300033,0.8502071303905853,1351.6681134169994
facebook,cailp_a31,7,0.2,0.9252120501909412,0.8759234534935469,0.5092499159098554,0.8080333500480722,1351.6681134169994
facebook,cailp_a31,7,0.3,0.9253383176520741,0.8716510903426792,0.49915909855364954,0.682612594659894,1351.6681134169994
facebook,cailp_a31,7,0.4,0.9241072028322832,0.8639964396973743,0.4863773965691221,0.632735587751991,1351.6681134169994
facebook,cailp_a31,7,0.5,0.9214157024067593,0.8481085892300846,0.46485031954254963,0.5489059708639339,1351.6681134169994
facebook,cailp_a31,7,0.6,0.9171562792880145,0.811125945705385,0.4339051463168517,0.442290267202132,1351.6681134169994
facebook,cailp_a31,7,0.7,0.9080930101395762,0.739652870493992,0.37975109317188027,0.3149598411732206,1351.6681134169994
facebook,cailp_a31,7,0.8,0.9026082351727115,0.6012016021361816,0.3286242852337706,0.16610563344965523,1351.6681134169994
facebook,cailp_a31,7,0.9,0.8933849320580489,0.3369826435246996,0.22939791456441305,0.05444070305303379,1351.6681134169994
facebook,cailp_a31,8,0.1,0.9441525240379979,0.9888295505117936,0.9297006390850993,0.9959217627646936,1214.3941317499994
facebook,cailp_a31,8,0.2,0.9430631140414635,0.9874499332443257,0.9246552304069963,0.9737830158787637,1214.3941317499994
facebook,cailp_a31,8,0.3,0.9429892834099288,0.9864708500222519,0.9186007399932727,0.908111008133958,1214.3941317499994
facebook,cailp_a31,8,0.4,0.9407497337065778,0.9842456608811749,0.9142280524722503,0.8085188421270196,1214.3941317499994
facebook,cailp_a31,8,0.5,0.9394088734259467,0.9785491766800178,0.9064917591658258,0.7543047041836468,1214.3941317499994
facebook,cailp_a31,8,0.6,0.9380037375943711,0.9585224744103249,0.8947191389169189,0.6781783652086346,1214.3941317499994
facebook,cailp_a31,8,0.7,0.9301914227905778,0.9127725856697819,0.8718466195761857,0.5789422438421428,1214.3941317499994
facebook,cailp_a31,8,0.8,0.9245590229291738,0.8081441922563418,0.824083417423478,0.4262687461847663,1214.3941317499994
facebook,cailp_a31,8,0.9,0.9145531228377615,0.44058744993324434,0.6834846955936764,0.28638009577950896,1214.3941317499994
facebook,cailp_a31,9,0.1,0.9040871657448109,0.7451268357810414,0.13488059199461824,0.6945559051926192,1129.3054212079987
facebook,cailp_a31,9,0.2,0.8945988208071389,0.6226079216733422,0.06525395223679785,0.5200996796159317,1129.3054212079987
facebook,cailp_a31,9,0.3,0.8868530508762404,0.49109924343569206,0.04002690884628322,0.4028676685459182,1129.3054212079987
facebook,cailp_a31,9,0.4,0.8830074062567486,0.3817979528259902,0.02791792801883619,0.3001359271895227,1129.3054212079987
facebook,cailp_a31,9,0.5,0.8797200213621406,0.3186915887850467,0.023881601076353853,0.23281329772395104,1129.3054212079987
facebook,cailp_a31,9,0.6,0.881454684587194,0.2708945260347129,0.020181634712411706,0.18199765568086487,1129.3054212079987
facebook,cailp_a31,9,0.7,0.8808443225828716,0.21570983533600355,0.01849983181971073,0.14276927953005758,1129.3054212079987
facebook,cailp_a31,9,0.8,0.8838283672614775,0.16617712505562973,0.01782711066263034,0.030262815623270815,1129.3054212079987
facebook,cailp_a31,9,0.9,0.8891581111185896,0.1070315976858033,0.017154389505549948,0.001197566015716707,1129.3054212079987
facebook,cailp_social_multi,0,0.1,0.9104380245818469,0.8694259012016021,0.49175916582576523,0.8454168562988796,2217.1305073750004
facebook,cailp_social_multi,0,0.2,0.9103826600688227,0.8537160658655986,0.4524049781365624,0.7747928293488109,2217.1305073750004
facebook,cailp_social_multi,0,0.3,0.9118059210964988,0.8375611927013796,0.41910528086108306,0.6618332255950167,2217.1305073750004
facebook,cailp_social_multi,0,0.4,0.9090071848196526,0.8153983088562528,0.3703329969727548,0.5946400435679459,2217.1305073750004
facebook,cailp_social_multi,0,0.5,0.9066631697008103,0.7862038273253227,0.29936091490077366,0.5212648606054054,2217.1305073750004
facebook,cailp_social_multi,0,0.6,0.8979384866519692,0.7498442367601246,0.23578876555667674,0.4339719984239837,2217.1305073750004
facebook,cailp_social_multi,0,0.7,0.8948987251125012,0.6894526034712951,0.15472586612848974,0.3051527471355188,2217.1305073750004
facebook,cailp_social_multi,0,0.8,0.8855941244117151,0.5994659546061415,0.10090817356205853,0.16380760765650562,2217.1305073750004
facebook,cailp_social_multi,0,0.9,0.8792976079416464,0.4325767690253672,0.06289942818701648,0.054505433190741144,2217.1305073750004
facebook,cailp_social_multi,1,0.1,0.9287775811687945,0.9688918558077436,0.8920282542885973,0.997993229866639,1131.2917285830008
facebook,cailp_social_multi,1,0.2,0.9297695458295362,0.9635959056519804,0.8832828792465524,0.9837518550300228,1131.2917285830008
facebook,cailp_social_multi,1,0.3,0.9286232974331364,0.9589230084557188,0.875882946518668,0.9452032191373969,1131.2917285830008
facebook,cailp_social_multi,1,0.4,0.9269191783441276,0.9510903426791277,0.8708375378405651,0.8520196512678738,1131.2917285830008
facebook,cailp_social_multi,1,0.5,0.9190942090004195,0.9325767690253671,0.8597376387487387,0.8164487172420101,1131.2917285830008
facebook,cailp_social_multi,1,0.6,0.912185986508832,0.8951045838896307,0.8462832156071308,0.7620403824670583,1131.2917285830008
facebook,cailp_social_multi,1,0.7,0.9036019393723396,0.8174899866488652,0.8133198789101918,0.6854285000654436,1131.2917285830008
facebook,cailp_social_multi,1,0.8,0.9012321373402281,0.6779706275033378,0.7564749411368987,0.5627912497124485,1131.2917285830008
facebook,cailp_social_multi,1,0.9,0.9027419917605435,0.4255451713395639,0.6316851664984864,0.37917526998587414,1131.2917285830008
facebook,cailp_social_multi,2,0.1,0.934530863087528,1.0,1.0,0.9973134896084577,1409.8542479169992
facebook,cailp_social_multi,2,0.2,0.9346932241403979,1.0,1.0,0.9571788273451786,1409.8542479169992
facebook,cailp_social_multi,2,0.3,0.93389617501403,0.9994659546061415,1.0,0.8406913316002519,1409.8542479169992
facebook,cailp_social_multi,2,0.4,0.9341557018602172,0.9986203827325323,1.0,0.7883220635568792,1409.8542479169992
facebook,cailp_social_multi,2,0.5,0.9342796426576556,0.9956386292834891,1.0,0.7257897081830131,1409.8542479169992
facebook,cailp_social_multi,2,0.6,0.9295578752460429,0.9806408544726302,1.0,0.6561366653908391,1409.8542479169992
facebook,cailp_social_multi,2,0.7,0.92911359171295,0.9306186025812194,1.0,0.5730838871767528,1409.8542479169992
facebook,cailp_social_multi,2,0.8,0.9241840793561151,0.8099688473520249,0.9989909182643795,0.43060587722023613,1409.8542479169992
facebook,cailp_social_multi,2,0.9,0.9194573619055074,0.41157098353360033,0.9549276824756139,0.2834347429354583,1409.8542479169992
facebook,cailp_social_multi,3,0.1,0.9357551585220509,1.0,1.0,0.9936560988311692,1200.6430043750024
facebook,cailp_social_multi,3,0.2,0.9372539706302342,1.0,1.0,0.8798873587283478,1200.6430043750024
facebook,cailp_social_multi,3,0.3,0.9390697050196956,0.9994659546061415,1.0,0.8334087963730763,1200.6430043750024
facebook,cailp_social_multi,3,0.4,0.9397163300224638,0.9989764129951045,1.0,0.788516260388458,1200.6430043750024
facebook,cailp_social_multi,3,0.5,0.9377827581169389,0.9932799287939474,1.0,0.7295765977464577,1200.6430043750024
facebook,cailp_social_multi,3,0.6,0.9343023756631179,0.9763684913217624,1.0,0.6415393486090867,1200.6430043750024
facebook,cailp_social_multi,3,0.7,0.9287709408606449,0.9274588340008901,0.9996636394214599,0.5129466431749122,1200.6430043750024
facebook,cailp_social_multi,3,0.8,0.919308913389415,0.8137961726746773,0.989572822065254,0.38729931625861597,1200.6430043750024
facebook,cailp_social_multi,3,0.9,0.9004549551522627,0.4786381842456609,0.8318197107299025,0.21109528068697672,1200.6430043750024
facebook,cailp_social_multi,4,0.1,0.9300196720919769,0.9722741433021806,0.9354187689202825,0.7724947650449199,1221.6435537500001
facebook,cailp_social_multi,4,0.2,0.9227877599911629,0.9344459279038718,0.9206189034645139,0.6381084523384336,1221.6435537500001
facebook,cailp_social_multi,4,0.3,0.920169711558323,0.8838451268357811,0.9128826101580895,0.5409761470965986,1221.6435537500001
facebook,cailp_social_multi,4,0.4,0.9190130750427761,0.8318647085002225,0.9061553985872856,0.47494819740665656,1221.6435537500001
facebook,cailp_social_multi,4,0.5,0.9159138503306763,0.7929238985313751,0.9024554322233435,0.4159761600681171,1221.6435537500001
facebook,cailp_social_multi,4,0.6,0.9140253944008694,0.7616377392078326,0.8994281870164816,0.3694976490605008,1221.6435537500001
facebook,cailp_social_multi,4,0.7,0.9105072449033389,0.7295060080106809,0.8970736629667003,0.24304116012134977,1221.6435537500001
facebook,cailp_social_multi,4,0.8,0.9096747958734263,0.6623943035157989,0.8953918600739993,0.20022007840176317,1221.6435537500001
facebook,cailp_social_multi,4,0.9,0.9082337509932854,0.4484201157098353,0.8920282542885973,0.17940833464034686,1221.6435537500001
facebook,cailp_social_multi,5,0.1,0.9417074805255696,0.988206497552292,0.9458459468550285,0.9955980671469586,2212.755114375
facebook,cailp_social_multi,5,0.2,0.9415441927702257,0.9871829105473965,0.9445005045408678,0.9641053179319077,2212.755114375
facebook,cailp_social_multi,5,0.3,0.9415122626922771,0.9861148197596795,0.9408005381769257,0.8656459838917315,2212.755114375
facebook,cailp_social_multi,5,0.4,0.9395595208234118,0.9842456608811749,0.9387823747056845,0.8442840243321175,2212.755114375
facebook,cailp_social_multi,5,0.5,0.9393328477662166,0.9774365821094793,0.9337369660275816,0.818164139703509,2212.755114375
facebook,cailp_social_multi,5,0.6,0.9367731637694705,0.9516688918558077,0.9300369996636394,0.7665069609410291,2212.755114375
facebook,cailp_social_multi,5,0.7,0.930477658757338,0.8866933689363596,0.9246552304069963,0.6838425250424456,2212.755114375
facebook,cailp_social_multi,5,0.8,0.9256935839213154,0.7412105028927459,0.905146316851665,0.5330786723519747,2212.755114375
facebook,cailp_social_multi,5,0.9,0.9146696906538486,0.4113039608366711,0.8291288261015809,0.3499805594008866,2212.755114375
facebook,cailp_social_multi,6,0.1,0.935661700526412,0.9730307076101469,0.8913555331315169,0.9714202021817947,1137.2987121669994
facebook,cailp_social_multi,6,0.2,0.9345229185759012,0.9684023141967067,0.8812647157753112,0.9453650669462643,1137.2987121669994
facebook,cailp_social_multi,6,0.3,0.9354779101900897,0.9641299510458389,0.8731920618903465,0.8393319024315442,1137.2987121669994
facebook,cailp_social_multi,6,0.4,0.9331088991692135,0.9583444592790387,0.8647830474268415,0.7599365149947463,1137.2987121669994
facebook,cailp_social_multi,6,0.5,0.9297820194025596,0.9460614152202937,0.8560376723847966,0.7050426881408474,1137.2987121669994
facebook,cailp_social_multi,6,0.6,0.9261716941623094,0.9197596795727637,0.8415741675075681,0.6635486480565157,1137.2987121669994
facebook,cailp_social_multi,6,0.7,0.9166857761526307,0.8585669781931464,0.8092835519677094,0.5967439110402579,1137.2987121669994
facebook,cailp_social_multi,6,0.8,0.9092320474255419,0.7088562527814865,0.7204843592330978,0.45387748174675574,1137.2987121669994
facebook,cailp_social_multi,6,0.9,0.9041658254265297,0.42563417890520694,0.5993945509586277,0.21737441854897727,1137.2987121669994
facebook,cailp_social_multi,7,0.1,0.9428490701900203,0.9958611481975967,0.9693911873528422,0.9976371852261926,1408.786120708999
facebook,cailp_social_multi,7,0.2,0.9424816413539848,0.9951045838896306,0.9650184998318198,0.9757249841945531,1408.786120708999
facebook,cailp_social_multi,7,0.3,0.9416517633995494,0.9930574098798398,0.9606458123107972,0.8638010626440765,1408.786120708999
facebook,cailp_social_multi,7,0.4,0.9408423193813488,0.9894971072541165,0.9492095526404305,0.8192969716702713,1408.786120708999
facebook,cailp_social_multi,7,0.5,0.9401144051744703,0.978237650200267,0.9394550958627649,0.757541403622721,1408.786120708999
facebook,cailp_social_multi,7,0.6,0.9386066397830028,0.9451713395638629,0.9239825092499159,0.6922578408887283,1408.786120708999
facebook,cailp_social_multi,7,0.7,0.9299866936471334,0.8646194926568759,0.8752102253615877,0.6162933497225835,1408.786120708999
facebook,cailp_social_multi,7,0.8,0.917321870718244,0.7268802848242101,0.7928018836192399,0.4927498646047717,1408.786120708999
facebook,cailp_social_multi,7,0.9,0.9116662261819357,0.4330663106364041,0.5967036663303061,0.32059165198432016,1408.786120708999
facebook,cailp_social_multi,8,0.1,0.9424917249762721,0.9977303070761014,0.9835183316515305,0.9982844737663523,1204.307902999999
facebook,cailp_social_multi,8,0.2,0.9435626521230543,0.9976412995104584,0.9828456104944501,0.9747540000366584,1204.307902999999
facebook,cailp_social_multi,8,0.3,0.9420930142639309,0.9974187805963507,0.9818365287588294,0.9127394857644513,1204.307902999999
facebook,cailp_social_multi,8,0.4,0.9396438414267614,0.9946150422785937,0.9808274470232089,0.8317904723273668,1204.307902999999
facebook,cailp_social_multi,8,0.5,0.9389174396835487,0.9860258121940365,0.9791456441305079,0.7890017524674054,1204.307902999999
facebook,cailp_social_multi,8,0.6,0.9382072465443997,0.9677792612372051,0.9771274806592667,0.6833893819862097,1204.307902999999
facebook,cailp_social_multi,8,0.7,0.9361516528923322,0.9313751668891855,0.9720820719811638,0.5621439611722888,1204.307902999999
facebook,cailp_social_multi,8,0.8,0.9291621556410782,0.8188251001335114,0.944836865119408,0.4165264015401425,1204.307902999999
facebook,cailp_social_multi,8,0.9,0.9166867591883775,0.432977303070761,0.8109653548604103,0.2747928298872301,1204.307902999999
facebook,cailp_social_multi,9,0.1,0.9152392037197584,0.8741878059635069,0.5509586276488395,0.5580333759911094,1221.437656582999
facebook,cailp_social_multi,9,0.2,0.9125640979647346,0.8611927013796172,0.5227043390514632,0.4274015781515285,1221.437656582999
facebook,cailp_social_multi,9,0.3,0.9110076369055555,0.8517133956386292,0.5116044399596368,0.30732131265325374,1221.437656582999
facebook,cailp_social_multi,9,0.4,0.9110858401210252,0.8477525589675122,0.506895391860074,0.23611469520844813,1221.437656582999
facebook,cailp_social_multi,9,0.5,0.9115609239243543,0.841967067200712,0.5042045072317525,0.21879854576310787,1221.437656582999
facebook,cailp_social_multi,9,0.6,0.9109094764125072,0.8315976858032933,0.49848637739656915,0.2068876099269216,1221.437656582999
facebook,cailp_social_multi,9,0.7,0.9062844443538713,0.803871829105474,0.4877228388832829,0.18769419021121483,1221.437656582999
facebook,cailp_social_multi,9,0.8,0.899457785019756,0.7079216733422341,0.4406323578876556,0.12438502183720558,1221.437656582999
facebook,cailp_social_multi,9,0.9,0.890821840692484,0.43248776145972406,0.3686511940800538,0.03592697866631021,1221.437656582999
facebook,neuralsparse,0,0.1,0.9303556503994095,0.9630618602581219,0.8705011772620249,0.9444911298565041,8.618867916999989
facebook,neuralsparse,0,0.2,0.9236345297090717,0.9228304405874499,0.7685839219643458,0.8886910168901332,8.618867916999989
facebook,neuralsparse,0,0.3,0.9182781230580317,0.8703604806408545,0.6851664984863775,0.83120788183263,8.618867916999989
facebook,neuralsparse,0,0.4,0.906611896445435,0.8115264797507789,0.5963673057517659,0.7712001366169453,8.618867916999989
facebook,neuralsparse,0,0.5,0.8970247677981884,0.7418335558522474,0.5045408678102926,0.7067581106023464,8.618867916999989
facebook,neuralsparse,0,0.6,0.8896389652526009,0.6616377392078326,0.4140598721829802,0.6333505786170944,8.618867916999989
facebook,neuralsparse,0,0.7,0.8854385843098198,0.569247886070316,0.3148335015136226,0.5305541135414484,8.618867916999989
facebook,neuralsparse,0,0.8,0.8797532381115377,0.4583444592790387,0.20887991927346114,0.3258026687618952,8.618867916999989
facebook,neuralsparse,0,0.9,0.8779369248550495,0.3020026702269693,0.09350824083417424,0.13105255336236402,8.618867916999989
facebook,neuralsparse,1,0.1,0.9300325300108907,0.9739652870493992,0.9112008072653885,0.9501876387130265,8.451735832999475
facebook,neuralsparse,1,0.2,0.9206238842961405,0.9336003560302626,0.8082744702320888,0.9047773129744044,8.451735832999475
facebook,neuralsparse,1,0.3,0.9165254614097036,0.8821539830885625,0.727547931382442,0.852958286403057,8.451735832999475
facebook,neuralsparse,1,0.4,0.9059551458444115,0.8207387627948376,0.6468213925327951,0.7903935306588246,8.451735832999475
facebook,neuralsparse,1,0.5,0.8926822218397763,0.7492656875834446,0.5452404978136562,0.722682507530095,8.451735832999475
facebook,neuralsparse,1,0.6,0.8818784290646249,0.6729862038273253,0.451732256979482,0.649339673590266,8.451735832999475
facebook,neuralsparse,1,0.7,0.877951318736995,0.5812639074321317,0.34712411705348134,0.5260874837198226,8.451735832999475
facebook,neuralsparse,1,0.8,0.8787599154824023,0.4604361370716511,0.24150689539186007,0.3231809858617519,8.451735832999475
facebook,neuralsparse,1,0.9,0.8825544901285411,0.3063640409434802,0.1096535486041036,0.13309165860468422,8.451735832999475
facebook,neuralsparse,2,0.1,0.9226719491376472,0.9559857587894971,0.8513286242852338,0.8624093358003124,4.378506583001581
facebook,neuralsparse,2,0.2,0.9182847135390744,0.9130396083667112,0.7470568449377732,0.7902317341976122,4.378506583001581
facebook,neuralsparse,2,0.3,0.913291033717103,0.8621717846016912,0.6643121426168853,0.7205139420123601,4.378506583001581
facebook,neuralsparse,2,0.4,0.9054632125404769,0.8062305295950156,0.5798856374032964,0.6065186047075932,4.378506583001581
facebook,neuralsparse,2,0.5,0.894149717377805,0.7408099688473521,0.49108644466868484,0.4858881234111206,4.378506583001581
facebook,neuralsparse,2,0.6,0.8908488881083242,0.6666221628838451,0.41035990581903803,0.34357196126347134,4.378506583001581
facebook,neuralsparse,2,0.7,0.8873130386286993,0.5731642189586115,0.31079717457114026,0.21404064636794118,4.378506583001581
facebook,neuralsparse,2,0.8,0.8826022005401843,0.45068980863373387,0.18970736629667004,0.1173938332050535,4.378506583001581
facebook,neuralsparse,2,0.9,0.8841192353172446,0.28954161103693815,0.08947191389169189,0.04227084345678967,4.378506583001581
facebook,neuralsparse,3,0.1,0.9278255645203607,0.9652425456163773,0.8782374705684494,0.9202809158686287,5.116760124999928
facebook,neuralsparse,3,0.2,0.9206859877211664,0.9242545616377392,0.774302051799529,0.8618914433509985,5.116760124999928
facebook,neuralsparse,3,0.3,0.911753038684295,0.8750333778371161,0.6898755465859401,0.8003624725053938,5.116760124999928
facebook,neuralsparse,3,0.4,0.9023698976664746,0.8181575433911883,0.6118398923646149,0.744562359539023,5.116760124999928
facebook,neuralsparse,3,0.5,0.8943718462659715,0.7497997329773031,0.519004372687521,0.6796672418158433,5.116760124999928
facebook,neuralsparse,3,0.6,0.8852018205372659,0.6705384957721406,0.422468886646485,0.6037997977178329,5.116760124999928
facebook,neuralsparse,3,0.7,0.8820575057581079,0.5752558967512239,0.3232425159771275,0.4343280430644301,5.116760124999928
facebook,neuralsparse,3,0.8,0.8825419936887547,0.45536270582999555,0.21863437605112682,0.2552757402276159,5.116760124999928
facebook,neuralsparse,3,0.9,0.8788304436384095,0.2965287049399199,0.09889001009081735,0.1002718741728353,5.116760124999928
facebook,neuralsparse,4,0.1,0.9229714444414772,0.9523809523809523,0.8254288597376388,0.8981420662873886,5.680259333999857
facebook,neuralsparse,4,0.2,0.9216199107689222,0.9082331998219849,0.7305751765893037,0.8323730628221035,5.680259333999857
facebook,neuralsparse,4,0.3,0.9143456884673262,0.8544281263907432,0.6411032626976119,0.7659243704462922,5.680259333999857
facebook,neuralsparse,4,0.4,0.9004898988632346,0.7936359590565198,0.5486041035990582,0.6959800324067498,5.680259333999857
facebook,neuralsparse,4,0.5,0.8918277294777789,0.72514463729417,0.4665321224352506,0.6157754572732697,5.680259333999857
facebook,neuralsparse,4,0.6,0.8882224944073218,0.6554962171784602,0.3787420114362597,0.4571141811858299,5.680259333999857
facebook,neuralsparse,4,0.7,0.886882088701006,0.5700934579439252,0.28523377060208543,0.29673743128923613,5.680259333999857
facebook,neuralsparse,4,0.8,0.879213289042944,0.4509568313306631,0.17490750084090145,0.14675037876199476,5.680259333999857
facebook,neuralsparse,4,0.9,0.8829954347970062,0.2903426791277259,0.08308106289942818,0.05113930235930825,5.680259333999857
facebook,neuralsparse,5,0.1,0.929436633558319,0.9213173119715176,0.7551294988227379,0.8583635000122111,9.192506833000039
facebook,neuralsparse,5,0.2,0.9232082211687047,0.8647085002225189,0.6273124789774639,0.7694523137850797,9.192506833000039
facebook,neuralsparse,5,0.3,0.9136197216592923,0.8087672452158433,0.5237134207870837,0.6848135605479954,9.192506833000039
facebook,neuralsparse,5,0.4,0.905715633829949,0.7510903426791278,0.4392869155734948,0.5949960882083923,9.192506833000039
facebook,neuralsparse,5,0.5,0.8999272598772621,0.6877614597240765,0.3716784392869156,0.425621431970779,9.192506833000039
facebook,neuralsparse,5,0.6,0.8963263299286998,0.6127725856697819,0.29263370332996974,0.2900051632079135,9.192506833000039
facebook,neuralsparse,5,0.7,0.8949557020620353,0.5244770805518469,0.21459804910864447,0.1692775706587376,9.192506833000039
facebook,neuralsparse,5,0.8,0.8956406086082046,0.4153983088562528,0.1358896737302388,0.07913645404905469,9.192506833000039
facebook,neuralsparse,5,0.9,0.8943985375580962,0.2638629283489097,0.07299024554322234,0.025634384526589917,9.192506833000039
facebook,neuralsparse,6,0.1,0.926051390778286,0.9604806408544726,0.8698284561049445,0.8802109516507726,8.602882916999988
facebook,neuralsparse,6,0.2,0.9239330918100287,0.9194926568758345,0.7753111335351497,0.8171931041979592,8.602882916999988
facebook,neuralsparse,6,0.3,0.9156364983112626,0.872630173564753,0.6895391860073999,0.7622345792986372,8.602882916999988
facebook,neuralsparse,6,0.4,0.9057586935438994,0.8152647975077881,0.6088126471577531,0.6989253852508005,8.602882916999988
facebook,neuralsparse,6,0.5,0.8991052428223518,0.7495327102803738,0.5297679112008072,0.6286574029411781,8.602882916999988
facebook,neuralsparse,6,0.6,0.8878298363453501,0.670983533600356,0.43760511268079383,0.4713878536975025,8.602882916999988
facebook,neuralsparse,6,0.7,0.8895411614782116,0.5777926123720516,0.33837874201143625,0.31460382220660177,8.602882916999988
facebook,neuralsparse,6,0.8,0.8857503548459739,0.45763239875389405,0.2250252270433905,0.16697953202867424,8.602882916999988
facebook,neuralsparse,6,0.9,0.8820948127736961,0.2976858032932799,0.10023545240497814,0.060428532830752155,8.602882916999988
facebook,neuralsparse,7,0.1,0.9316377170510137,0.9549621717846017,0.8472922973427515,0.8974947777472289,4.068526708000718
facebook,neuralsparse,7,0.2,0.923716462508359,0.9131731197151758,0.753447695930037,0.8355773618908112,4.068526708000718
facebook,neuralsparse,7,0.3,0.9203895541335827,0.8645749888740543,0.6720484359233098,0.7784502714737543,4.068526708000718
facebook,neuralsparse,7,0.4,0.9120406548176794,0.8010235870048954,0.5778674739320552,0.7233621964406213,4.068526708000718
facebook,neuralsparse,7,0.5,0.9000302925661205,0.7325767690253672,0.4860410359905819,0.656848754671732,4.068526708000718
facebook,neuralsparse,7,0.6,0.891582848596493,0.6533155318202047,0.40699630003363607,0.5145649672206217,4.068526708000718
facebook,neuralsparse,7,0.7,0.8938263981656319,0.5546951490876725,0.30306088126471575,0.37496761206273277,4.068526708000718
facebook,neuralsparse,7,0.8,0.8868061689535178,0.4487316421895861,0.19138916918937102,0.21054503921495135,4.068526708000718
facebook,neuralsparse,7,0.9,0.8869799741202553,0.2877614597240766,0.08543558694920955,0.07619108836809023,4.068526708000718
facebook,neuralsparse,8,0.1,0.9390282794750975,0.9801958166444148,0.9364278506559032,0.9685395987308221,5.856626041999334
facebook,neuralsparse,8,0.2,0.9341902624804473,0.9471740097908322,0.8631012445341406,0.9254271832531258,5.856626041999334
facebook,neuralsparse,8,0.3,0.9296765301745471,0.9028927458834001,0.7847292297342752,0.8784308311438506,5.856626041999334
facebook,neuralsparse,8,0.4,0.9103858265757333,0.84971072541166,0.7093844601412714,0.8228573153794253,5.856626041999334
facebook,neuralsparse,8,0.5,0.9071162700462136,0.7828215398308856,0.6246215943491423,0.7606162039052726,5.856626041999334
facebook,neuralsparse,8,0.6,0.8996421851242281,0.6990209167779261,0.5216952573158425,0.6900569263482819,5.856626041999334
facebook,neuralsparse,8,0.7,0.8969547781828073,0.5940364931019136,0.40195089135553314,0.5919859859712636,5.856626041999334
facebook,neuralsparse,8,0.8,0.8887094455803503,0.46809078771695595,0.28422468886646485,0.3933842444521238,5.856626041999334
facebook,neuralsparse,8,0.9,0.8956122919425727,0.30623052959501557,0.16078035654221326,0.17762816278576984,5.856626041999334
facebook,neuralsparse,9,0.1,0.9349548358469797,0.9768135291499778,0.9179280188361923,0.948569366014972,5.615755750000972
facebook,neuralsparse,9,0.2,0.9260318351925239,0.9385402759234535,0.8287924655230406,0.8952291138137045,5.615755750000972
facebook,neuralsparse,9,0.3,0.9157904905159558,0.8911437472185135,0.7463841237806929,0.8393319024315442,5.615755750000972
facebook,neuralsparse,9,0.4,0.9060664577892152,0.831330663106364,0.6653212243525058,0.7756019656978381,5.615755750000972
facebook,neuralsparse,9,0.5,0.8998187770610202,0.7598130841121495,0.56878573831147,0.7126164672677362,5.615755750000972
facebook,neuralsparse,9,0.6,0.8968988146250845,0.6772585669781932,0.4584594685502859,0.6322824446957551,5.615755750000972
facebook,neuralsparse,9,0.7,0.8859331458477835,0.584334668446818,0.3602421796165489,0.47009317392187283,5.615755750000972
facebook,neuralsparse,9,0.8,0.8814039378284372,0.4631953716065866,0.24386141944164144,0.2850530669811678,5.615755750000972
facebook,neuralsparse,9,0.9,0.8761264215144645,0.3054739652870494,0.11133535149680457,0.11499869615920065,5.615755750000972
facebook,original_ilp_gcn,0,0.1,0.9395881734694154,0.9995549621717846,0.9983181971072991,0.9986405184067988,11.924116666000032
facebook,original_ilp_gcn,0,0.2,0.9383916593763055,0.9985313751668892,0.9949545913218971,0.9947889307979314,11.924116666000032
facebook,original_ilp_gcn,0,0.3,0.9380080008945273,0.9958611481975967,0.9919273461150353,0.9905812985486175,11.924116666000032
facebook,original_ilp_gcn,0,0.4,0.93662819470383,0.9906097018246551,0.9858728557013118,0.9849818367602295,11.924116666000032
facebook,original_ilp_gcn,0,0.5,0.9318414182158291,0.9664441477525589,0.9767911200807265,0.9733298214748727,11.924116666000032
facebook,original_ilp_gcn,0,0.6,0.922587009473981,0.8393413440142412,0.9502186343760511,0.9267542120514669,11.924116666000032
facebook,original_ilp_gcn,0,0.7,0.9163459388464458,0.6916332888295506,0.874201143625967,0.6988606872053775,11.924116666000032
facebook,original_ilp_gcn,0,0.8,0.9084529691510995,0.5086337338673788,0.7245206861755802,0.5168629801768576,11.924116666000032
facebook,original_ilp_gcn,0,0.9,0.8900423331351821,0.30124610591900314,0.3847965018499832,0.2589655570490984,11.924116666000032
facebook,original_ilp_gcn,1,0.1,0.9346518877496646,0.9995994659546061,0.9983181971072991,0.9990937128106897,9.216024542000014
facebook,original_ilp_gcn,1,0.2,0.9346724695810511,0.9991989319092123,0.9976454759502187,0.9972487915630347,9.216024542000014
facebook,original_ilp_gcn,1,0.3,0.9320534150949924,0.9975522919448153,0.9952909519004373,0.9937855976173252,9.216024542000014
facebook,original_ilp_gcn,1,0.4,0.9296709782320246,0.9913662661326212,0.9889001009081736,0.989092421941409,9.216024542000014
facebook,original_ilp_gcn,1,0.5,0.9290907388145221,0.9611036938139742,0.9804910864446686,0.9813891440283641,9.216024542000014
facebook,original_ilp_gcn,1,0.6,0.9223097206565487,0.8372051624388073,0.9539186007399932,0.9529064970504418,9.216024542000014
facebook,original_ilp_gcn,1,0.7,0.9147423933943336,0.6927013796172675,0.8728557013118062,0.7557288827454326,9.216024542000014
facebook,original_ilp_gcn,1,0.8,0.9036529949728832,0.4995104583889631,0.6532122435250589,0.5111341222976237,9.216024542000014
facebook,original_ilp_gcn,1,0.9,0.886970329354122,0.29439252336448596,0.31752438614194417,0.24689279907787223,9.216024542000014
facebook,original_ilp_gcn,2,0.1,0.9340773852822126,0.9995994659546061,0.9986545576858392,0.9988995159791108,7.059103792000315
facebook,original_ilp_gcn,2,0.2,0.933578457196856,0.9989764129951045,0.9979818365287588,0.9963101564278515,7.059103792000315
facebook,original_ilp_gcn,2,0.3,0.934131982807028,0.9965287049399199,0.9926000672721157,0.9920377234378046,7.059103792000315
facebook,original_ilp_gcn,2,0.4,0.9316602904685162,0.9901646639964397,0.9865455768583922,0.987182802648331,7.059103792000315
facebook,original_ilp_gcn,2,0.5,0.929894140297867,0.967601246105919,0.9815001681802893,0.9759838790715549,7.059103792000315
facebook,original_ilp_gcn,2,0.6,0.9205912812282269,0.8783266577659101,0.9673730238816011,0.8512104635711915,7.059103792000315
facebook,original_ilp_gcn,2,0.7,0.9153202992774272,0.6990654205607477,0.8920282542885973,0.7334282367029801,7.059103792000315
facebook,original_ilp_gcn,2,0.8,0.9086324632149568,0.5214508233199822,0.7403296333669694,0.4850789357144383,7.059103792000315
facebook,original_ilp_gcn,2,0.9,0.8964191006297959,0.3111704494882065,0.42852337706020854,0.25440185448551067,7.059103792000315
facebook,original_ilp_gcn,3,0.1,0.9356331040041834,0.9994659546061415,0.9983181971072991,0.9984139725525083,7.351368667001225
facebook,original_ilp_gcn,3,0.2,0.9388264526092593,0.9985758789497107,0.9952909519004373,0.9942710383486175,7.351368667001225
facebook,original_ilp_gcn,3,0.3,0.9373148939565239,0.9962616822429906,0.9902455432223344,0.9902576029308826,7.351368667001225
facebook,original_ilp_gcn,3,0.4,0.936343561803678,0.9906987093902981,0.9848637739656912,0.9845610940743602,7.351368667001225
facebook,original_ilp_gcn,3,0.5,0.9339769592016551,0.9664441477525589,0.9737638748738647,0.9747216510139469,7.351368667001225
facebook,original_ilp_gcn,3,0.6,0.9253534059923075,0.8500222518914108,0.9498822737975109,0.9236147137234924,7.351368667001225
facebook,original_ilp_gcn,3,0.7,0.9237096372698754,0.6955496217178461,0.8822737975109317,0.709962409671054,7.351368667001225
facebook,original_ilp_gcn,3,0.8,0.9094452409779537,0.5120160213618158,0.7288933736966028,0.5080592706674171,7.351368667001225
facebook,original_ilp_gcn,3,0.9,0.8979243311948839,0.3034712950600801,0.4130507904473596,0.26877265108680026,7.351368667001225
facebook,original_ilp_gcn,4,0.1,0.93547891410629,0.9996439697374276,0.9986545576858392,0.9988023662156662,7.084558250000555
facebook,original_ilp_gcn,4,0.2,0.933925121282311,0.998931909212283,0.9956273124789775,0.9955657181242471,7.084558250000555
facebook,original_ilp_gcn,4,0.3,0.9326281439446189,0.9966622162883845,0.9926000672721157,0.9913580858749333,7.084558250000555
facebook,original_ilp_gcn,4,0.4,0.9308491888449281,0.9893635959056519,0.9892364614867137,0.9771167110383171,7.084558250000555
facebook,original_ilp_gcn,4,0.5,0.9322728182165243,0.9692923898531375,0.9835183316515305,0.8745792435349832,7.084558250000555
facebook,original_ilp_gcn,4,0.6,0.9279483165510509,0.8973297730307076,0.9704002690884629,0.8356097622611778,7.084558250000555
facebook,original_ilp_gcn,4,0.7,0.9147632055633258,0.7048954161103694,0.8933736966027581,0.7249481714636195,7.084558250000555
facebook,original_ilp_gcn,4,0.8,0.9059164453321431,0.5177570093457944,0.7359569458459468,0.4618720549071691,7.084558250000555
facebook,original_ilp_gcn,4,0.9,0.8923719315404265,0.3107254116599911,0.4332324251597713,0.24588941454961097,7.084558250000555
facebook,original_ilp_gcn,5,0.1,0.9435762441671168,0.9995994659546061,0.9986545576858392,0.9988023662156662,11.749299208000025
facebook,original_ilp_gcn,5,0.2,0.9423961146092777,0.9990654205607477,0.9976454759502187,0.9955980671469586,11.749299208000025
facebook,original_ilp_gcn,5,0.3,0.9428632813677813,0.9965287049399199,0.9912546249579549,0.9906136475713291,11.749299208000025
facebook,original_ilp_gcn,5,0.4,0.9371998763187712,0.9912772585669782,0.9868819374369324,0.985661577018411,11.749299208000025
facebook,original_ilp_gcn,5,0.5,0.9344575980021448,0.9674232309746329,0.9784729229734275,0.9775699054422081,11.749299208000025
facebook,original_ilp_gcn,5,0.6,0.9318402301286455,0.8623497997329773,0.9545913218970736,0.9212842490492349,11.749299208000025
facebook,original_ilp_gcn,5,0.7,0.9306141773820232,0.6863818424566088,0.8782374705684494,0.7553728381049861,11.749299208000025
facebook,original_ilp_gcn,5,0.8,0.9124416348251159,0.5127725856697819,0.7383114698957283,0.5105514804552318,11.749299208000025
facebook,original_ilp_gcn,5,0.9,0.9042873617025289,0.3063640409434802,0.41843255970400267,0.27275373748182363,11.749299208000025
facebook,original_ilp_gcn,6,0.1,0.9426905433654531,0.9995549621717846,0.9983181971072991,0.9986729701248204,9.326664750000418
facebook,original_ilp_gcn,6,0.2,0.9423999890374875,0.9987093902981753,0.9956273124789775,0.9945947339663525,9.326664750000418
facebook,original_ilp_gcn,6,0.3,0.9404866503761924,0.997196261682243,0.9932727884291961,0.990807844402908,9.326664750000418
facebook,original_ilp_gcn,6,0.4,0.9394183129038548,0.9918113039608367,0.987891019172553,0.9853055323779645,9.326664750000418
facebook,original_ilp_gcn,6,0.5,0.9341908666564431,0.967601246105919,0.9794820047090481,0.9765988185890032,9.326664750000418
facebook,original_ilp_gcn,6,0.6,0.927822827828986,0.854739652870494,0.9593003699966364,0.9004401819389346,9.326664750000418
facebook,original_ilp_gcn,6,0.7,0.9179204695081227,0.6917222963951936,0.8836192398250925,0.7240742857215141,9.326664750000418
facebook,original_ilp_gcn,6,0.8,0.9082798897345814,0.5118380062305296,0.7376387487386479,0.5173161232330935,9.326664750000418
facebook,original_ilp_gcn,6,0.9,0.8993001036484055,0.30364931019136626,0.3972418432559704,0.26980838463777296,9.326664750000418
facebook,original_ilp_gcn,7,0.1,0.9422965980610775,0.9995994659546061,0.9986545576858392,0.9990613637879783,6.605457957999533
facebook,original_ilp_gcn,7,0.2,0.9421239997434203,0.998931909212283,0.9973091153716784,0.9966662010682978,6.605457957999533
facebook,original_ilp_gcn,7,0.3,0.9413842348577515,0.9974632843791722,0.9949545913218971,0.9927174636959859,6.605457957999533
facebook,original_ilp_gcn,7,0.4,0.9421645515367348,0.9916332888295505,0.9885637403296333,0.9876035453342004,6.605457957999533
facebook,original_ilp_gcn,7,0.5,0.9353296370331934,0.9652425456163773,0.9798183652875883,0.9796413725441536,6.605457957999533
facebook,original_ilp_gcn,7,0.6,0.9320424130867219,0.8445927903871829,0.955264043054154,0.9463684001268705,6.605457957999533
facebook,original_ilp_gcn,7,0.7,0.9256545688822482,0.6907432131731197,0.8785738311469896,0.7508415102379373,6.605457957999533
facebook,original_ilp_gcn,7,0.8,0.909269148302994,0.501068090787717,0.6992936427850656,0.5022656633951051,6.605457957999533
facebook,original_ilp_gcn,7,0.9,0.8992633299169934,0.2980863373386738,0.35385132862428526,0.2537545145976958,6.605457957999533
facebook,original_ilp_gcn,8,0.1,0.9415903796835168,0.9996439697374276,0.9986545576858392,0.9987376681702433,7.448631749999549
facebook,original_ilp_gcn,8,0.2,0.9441399813636855,0.9991099243435692,0.9969727547931383,0.9950154766522218,7.448631749999549
facebook,original_ilp_gcn,8,0.3,0.9422522878606543,0.9965287049399199,0.9909182643794148,0.9900957551220151,7.448631749999549
facebook,original_ilp_gcn,8,0.4,0.9380520154762023,0.9889185580774366,0.986209216279852,0.983428262107598,7.448631749999549
facebook,original_ilp_gcn,8,0.5,0.9363573370751765,0.968758344459279,0.9804910864446686,0.9421931169002682,7.448631749999549
facebook,original_ilp_gcn,8,0.6,0.9336701300688088,0.8965732087227415,0.9650184998318198,0.829168763753396,7.448631749999549
facebook,original_ilp_gcn,8,0.7,0.9242653620637643,0.7104583889630619,0.8990918264379415,0.6963360770471962,7.448631749999549
facebook,original_ilp_gcn,8,0.8,0.913424037811188,0.5299065420560748,0.7541204170871174,0.4935914013241655,7.448631749999549
facebook,original_ilp_gcn,8,0.9,0.9058591724108002,0.3149532710280374,0.4880591994618231,0.2663127903216969,7.448631749999549
facebook,original_ilp_gcn,9,0.1,0.9412965978110599,0.9995549621717846,0.9983181971072991,0.9989318650018223,7.711999250001099
facebook,original_ilp_gcn,9,0.2,0.9408438765017173,0.9991099243435692,0.9976454759502187,0.9967632481364322,7.711999250001099
facebook,original_ilp_gcn,9,0.3,0.9391551982909335,0.9970182465509568,0.9952909519004373,0.9931382063818552,7.711999250001099
facebook,original_ilp_gcn,9,0.4,0.936797674789043,0.9917222963951936,0.9899091826437941,0.988445030705939,7.711999250001099
facebook,original_ilp_gcn,9,0.5,0.9328738502641309,0.9639964396973743,0.9791456441305079,0.981065448410629,7.711999250001099
facebook,original_ilp_gcn,9,0.6,0.929560412290544,0.8486426346239431,0.9542549613185335,0.9255243330165703,7.711999250001099
facebook,original_ilp_gcn,9,0.7,0.9162410226306473,0.6915887850467289,0.8768920282542886,0.7559230795770115,7.711999250001099
facebook,original_ilp_gcn,9,0.8,0.9071691613625966,0.5042723631508679,0.7040026908846283,0.5115225159607816,7.711999250001099
facebook,original_ilp_gcn,9,0.9,0.8932974232569459,0.3012016021361816,0.35788765556676755,0.2645326184671199,7.711999250001099
facebook,ptdnet,0,0.1,0.937226091842918,0.9862928348909658,0.9384460141271443,0.9732974724521612,5.622234792000086
facebook,ptdnet,0,0.2,0.9373387887272713,0.9582109479305742,0.882610158089472,0.9461095052498687,5.622234792000086
facebook,ptdnet,0,0.3,0.9344331649463793,0.9105919003115265,0.7914564413050791,0.9045506644248039,5.622234792000086
facebook,ptdnet,0,0.4,0.9270132272394382,0.8483756119270138,0.6915573494786411,0.851372311380059,5.622234792000086
facebook,ptdnet,0,0.5,0.921540013409704,0.7724521584334668,0.6030945173225698,0.7925620961765595,5.622234792000086
facebook,ptdnet,0,0.6,0.914948353284581,0.6706720071206053,0.5169862092162798,0.7220028186195687,5.622234792000086
facebook,ptdnet,0,0.7,0.9113651827789071,0.5730307076101468,0.4117053481331988,0.6324766415273341,5.622234792000086
facebook,ptdnet,0,0.8,0.9026869285551071,0.43333333333333335,0.31146989572822065,0.5292594337658187,5.622234792000086
facebook,ptdnet,0,0.9,0.8978390149661843,0.24873164218958613,0.19609821728893373,0.3841273662126198,5.622234792000086
facebook,ptdnet,1,0.1,0.9337807318838636,0.9935024477080552,0.9613185334678775,0.9926851146732745,6.867277166999884
facebook,ptdnet,1,0.2,0.9306131537216855,0.9845126835781042,0.9374369323915237,0.9829103696582842,6.867277166999884
facebook,ptdnet,1,0.3,0.9266161593822295,0.9716510903426792,0.9041372351160444,0.9699636745972976,6.867277166999884
facebook,ptdnet,1,0.4,0.9267021971167747,0.9480195816644414,0.8610830810628994,0.9552368590293892,6.867277166999884
facebook,ptdnet,1,0.5,0.9272529467011704,0.9117489986648866,0.8025563403969055,0.9341337943467768,6.867277166999884
facebook,ptdnet,1,0.6,0.9252332361827705,0.8500222518914108,0.7366296670030272,0.9053599034691413,6.867277166999884
facebook,ptdnet,1,0.7,0.913601354103445,0.7490431686693368,0.6606121762529431,0.8690768288147296,6.867277166999884
facebook,ptdnet,1,0.8,0.9121369129384025,0.5773920783266577,0.5354860410359906,0.8204945016824563,6.867277166999884
facebook,ptdnet,1,0.9,0.9032997938069406,0.22113929684023143,0.34611503531786075,0.7162415603699683,6.867277166999884
facebook,ptdnet,2,0.1,0.9333779601912335,0.9809523809523809,0.9384460141271443,0.9666946774831671,3.319251124999937
facebook,ptdnet,2,0.2,0.9302424295597106,0.9343124165554072,0.8425832492431887,0.9234204141966033,3.319251124999937
facebook,ptdnet,2,0.3,0.9256117119570058,0.8812639074321317,0.7514295324587958,0.8580722047648426,3.319251124999937
facebook,ptdnet,2,0.4,0.9226839387070221,0.8093012906097018,0.649848637739657,0.7747928293488109,3.319251124999937
facebook,ptdnet,2,0.5,0.9166122527269491,0.7204717400979084,0.536158762193071,0.6801203848720792,3.319251124999937
facebook,ptdnet,2,0.6,0.9100483710499561,0.6439252336448598,0.4453414059872183,0.5873575596884254,3.319251124999937
facebook,ptdnet,2,0.7,0.9044163086773346,0.5387182910547397,0.3562058526740666,0.505825955756604,3.319251124999937
facebook,ptdnet,2,0.8,0.9038104476903829,0.4217178460169114,0.2694248234106963,0.40361210684952253,3.319251124999937
facebook,ptdnet,2,0.9,0.900610168558213,0.24931019136626614,0.17995290951900436,0.26226695453359555,3.319251124999937
facebook,ptdnet,3,0.1,0.9361756084777805,0.9670672007120605,0.9112008072653885,0.9592827461651456,4.092488457999934
facebook,ptdnet,3,0.2,0.9291147746786829,0.9052069425901201,0.7975109317188026,0.8779452877172481,4.092488457999934
facebook,ptdnet,3,0.3,0.9228842932438385,0.824076546506453,0.6777665657584931,0.7552433393188301,4.092488457999934
facebook,ptdnet,3,0.4,0.9162020349390217,0.7171339563862928,0.5576858392196434,0.6211807222300787,4.092488457999934
facebook,ptdnet,3,0.5,0.9106377526097058,0.5950155763239875,0.44870501177262023,0.4988024181017406,4.092488457999934
facebook,ptdnet,3,0.6,0.9088112559666883,0.4842011570983534,0.3481331987891019,0.3728314212415369,4.092488457999934
facebook,ptdnet,3,0.7,0.9035663653609063,0.3806408544726302,0.2542885973763875,0.23394612969071324,4.092488457999934
facebook,ptdnet,3,0.8,0.8970163400897031,0.28264352469959947,0.17356205852674067,0.16717374169716695,4.092488457999934
facebook,ptdnet,3,0.9,0.8976380080839402,0.18375611927013796,0.10427177934746047,0.10328197640996398,4.092488457999934
facebook,ptdnet,4,0.1,0.9320546430263088,0.9809078771695594,0.9418096199125463,0.967018373100902,4.657515124999918
facebook,ptdnet,4,0.2,0.9296052509467085,0.9329327992879395,0.8654557685839219,0.8915717230364161,4.657515124999918
facebook,ptdnet,4,0.3,0.9267323645372432,0.8636404094348019,0.7527749747729566,0.7494820810692296,4.657515124999918
facebook,ptdnet,4,0.4,0.9135526072134689,0.7727191811303961,0.6458123107971746,0.561431871891396,4.657515124999918
facebook,ptdnet,4,0.5,0.909354385940173,0.6583889630618602,0.531113353514968,0.37875450162617724,4.657515124999918
facebook,ptdnet,4,0.6,0.903034855944866,0.5067645749888741,0.40766902119071646,0.2682871333340254,4.657515124999918
facebook,ptdnet,4,0.7,0.903281963060654,0.3822429906542056,0.3003699966363942,0.1863671614128737,4.657515124999918
facebook,ptdnet,4,0.8,0.8955622414078531,0.285491766800178,0.2058526740665994,0.1225725009599171,4.657515124999918
facebook,ptdnet,4,0.9,0.8902303085691292,0.1919448153093013,0.11133535149680457,0.06725789290940741,4.657515124999918
facebook,ptdnet,5,0.1,0.9415300047055907,0.9842011570983533,0.9455095862764884,0.8984657619051236,6.179292042000043
facebook,ptdnet,5,0.2,0.9394437893225901,0.9546951490876725,0.8721829801547258,0.7401928794808418,6.179292042000043
facebook,ptdnet,5,0.3,0.9355610290293865,0.9017356475300401,0.7901109989909183,0.5822112409562733,6.179292042000043
facebook,ptdnet,5,0.4,0.9285871231550034,0.8310636404094348,0.6838210561722167,0.4228702502844797,6.179292042000043
facebook,ptdnet,5,0.5,0.9254162325596785,0.7336448598130841,0.5711402623612513,0.3311755333483377,6.179292042000043
facebook,ptdnet,5,0.6,0.9146233762851439,0.6145972407654651,0.46451395896400943,0.25262168263093365,6.179292042000043
facebook,ptdnet,5,0.7,0.9105063305516987,0.49078771695594126,0.35889673730238814,0.1811237571018459,6.179292042000043
facebook,ptdnet,5,0.8,0.9105569179249096,0.3554072096128171,0.2697611839892365,0.11872086200339464,6.179292042000043
facebook,ptdnet,5,0.9,0.9037366713567175,0.21753449043168668,0.15607130844265052,0.06476566386622197,6.179292042000043
facebook,ptdnet,6,0.1,0.9409571473954739,0.9932799287939474,0.9599730911537168,0.9947889307979314,7.5280988329996035
facebook,ptdnet,6,0.2,0.9398951499355677,0.9877614597240766,0.9438277833837874,0.9872151516710425,7.5280988329996035
facebook,ptdnet,6,0.3,0.9360842208405995,0.9746328437917223,0.9165825765220316,0.9765017715208688,7.5280988329996035
facebook,ptdnet,6,0.4,0.9371689794428826,0.9550956831330664,0.87924655230407,0.9619691527845393,7.5280988329996035
facebook,ptdnet,6,0.5,0.9326068811195029,0.9217623497997329,0.8358560376723848,0.9452032191373969,7.5280988329996035
facebook,ptdnet,6,0.6,0.9282340855524781,0.8699154428126391,0.7837201479986545,0.9230968212741785,7.5280988329996035
facebook,ptdnet,6,0.7,0.9225089906434059,0.7778816199376947,0.7184661957618567,0.8945493735555231,7.5280988329996035
facebook,ptdnet,6,0.8,0.918240855947753,0.6108144192256342,0.6104944500504541,0.8488800502445891,7.5280988329996035
facebook,ptdnet,6,0.9,0.9059987569187262,0.2266132621272808,0.37436932391523714,0.7407107205825005,7.5280988329996035
facebook,ptdnet,7,0.1,0.9443238675816108,0.9824210057854917,0.9411368987554659,0.9463684001268705,3.275633958000981
facebook,ptdnet,7,0.2,0.9385888281887749,0.9450823319982199,0.8718466195761857,0.8627977294634703,3.275633958000981
facebook,ptdnet,7,0.3,0.9339698374055546,0.8936359590565198,0.7658930373360242,0.737506421513793,3.275633958000981
facebook,ptdnet,7,0.4,0.9262836519628299,0.820694259012016,0.6713757147662294,0.5944458467363669,3.275633958000981
facebook,ptdnet,7,0.5,0.9234067837131817,0.7231419670672007,0.5647494113689876,0.47022267270802887,3.275633958000981
facebook,ptdnet,7,0.6,0.9171561339095252,0.6120160213618158,0.4678775647494114,0.3354155659680181,3.275633958000981
facebook,ptdnet,7,0.7,0.9098463591041814,0.5021806853582554,0.37403296333669694,0.26320558966877877,3.275633958000981
facebook,ptdnet,7,0.8,0.9040180561672524,0.3692923898531375,0.274133871510259,0.1978249541928241,3.275633958000981
facebook,ptdnet,7,0.9,0.9034884842183766,0.21237205162438808,0.1718802556340397,0.13490419231888648,3.275633958000981
facebook,ptdnet,8,0.1,0.9452110138396406,0.9799287939474856,0.9340733266061217,0.9365289570664572,4.596757249999428
facebook,ptdnet,8,0.2,0.9414429898736355,0.9347129506008011,0.8419105280861083,0.8374870325315443,4.596757249999428
facebook,ptdnet,8,0.3,0.9326004139946146,0.8805963506898087,0.7460477632021527,0.7090561749062373,4.596757249999428
facebook,ptdnet,8,0.4,0.9252787308730255,0.8010680907877169,0.6347124117053481,0.5704297782324155,4.596757249999428
facebook,ptdnet,8,0.5,0.9188596218697711,0.7124165554072096,0.5327951564076691,0.4607392229404069,4.596757249999428
facebook,ptdnet,8,0.6,0.9124994973309208,0.6148642634623943,0.4453414059872183,0.3423096561843807,4.596757249999428
facebook,ptdnet,8,0.7,0.9132056648807337,0.5188251001335114,0.3420787083753784,0.2751164998311375,4.596757249999428
facebook,ptdnet,8,0.8,0.9071926031269645,0.4017801513128616,0.2542885973763875,0.21718019604357078,4.596757249999428
facebook,ptdnet,8,0.9,0.9140048200514919,0.25291499777481086,0.16313488059199463,0.15069911613430667,4.596757249999428
facebook,ptdnet,9,0.1,0.9412990912932404,0.9923898531375167,0.9609821728893374,0.9769548632294497,4.719508834001317
facebook,ptdnet,9,0.2,0.9395441489002924,0.9720071206052514,0.9091826437941474,0.9548161163435198,4.719508834001317
facebook,ptdnet,9,0.3,0.938162737838711,0.9325767690253671,0.8348469559367642,0.9168500709456306,4.719508834001317
facebook,ptdnet,9,0.4,0.9321906351173437,0.8718736092567868,0.7416750756811302,0.864416104856835,4.719508834001317
facebook,ptdnet,9,0.5,0.9241195356667984,0.7907877169559413,0.6474941136898755,0.8046025051250743,4.719508834001317
facebook,ptdnet,9,0.6,0.9161472127699299,0.6857587894971072,0.5502859064917591,0.7332340398714011,4.719508834001317
facebook,ptdnet,9,0.7,0.9165387981535152,0.5878059635068981,0.44635048772283886,0.645585184397188,4.719508834001317
facebook,ptdnet,9,0.8,0.9059632590484382,0.434623943035158,0.3440968718466196,0.542853417366965,4.719508834001317
facebook,ptdnet,9,0.9,0.9020683902464997,0.2230084557187361,0.21594349142280525,0.3946788985539259,4.719508834001317
facebook,random,0,0.1,0.9349586057200187,0.9835336003560302,0.9048099562731248,0.8994367460630183,0.003786582999999233
facebook,random,0,0.2,0.9317524011122731,0.9644414775255897,0.8079381096535486,0.79984458005608,0.003786582999999233
facebook,random,0,0.3,0.9298520399154546,0.9413440142412105,0.7130844265052136,0.6999287697790617,0.003786582999999233
facebook,random,0,0.4,0.9219218300664305,0.9097018246550956,0.6152034981500168,0.5990742730192052,0.003786582999999233
facebook,random,0,0.5,0.9190966904847966,0.8698709390298175,0.5109317188025564,0.4966015035612942,0.003786582999999233
facebook,random,0,0.6,0.9113741762441615,0.8130841121495327,0.4150689539186007,0.3963943466892525,0.003786582999999233
facebook,random,0,0.7,0.9010926489914071,0.7339563862928349,0.31853346787756476,0.2969640028173541,0.003786582999999233
facebook,random,0,0.8,0.892677545736211,0.6129951045838896,0.20820719811638075,0.19653028725410818,0.003786582999999233
facebook,random,0,0.9,0.8853448554517895,0.40431686693368935,0.11066263033972419,0.0992685088999447,0.003786582999999233
facebook,random,1,0.1,0.930038391795548,0.9821984868713841,0.8964009418096199,0.8980450192192543,0.006210125000507105
facebook,random,1,0.2,0.928508143232808,0.9587449933244325,0.7867473932055163,0.7993914883474992,0.006210125000507105
facebook,random,1,0.3,0.9244907189920741,0.9356030262572319,0.6962663975782039,0.7000906175879292,0.006210125000507105
facebook,random,1,0.4,0.9174891163585359,0.9037383177570093,0.5906491759165826,0.6033467060092521,0.006210125000507105
facebook,random,1,0.5,0.91258789026337,0.8630173564753004,0.496468213925328,0.5024922092493955,0.006210125000507105
facebook,random,1,0.6,0.9085068264177311,0.8069425901201602,0.39455095862764883,0.4057482976707184,0.006210125000507105
facebook,random,1,0.7,0.8924034695637393,0.7285714285714285,0.2949882273797511,0.3052174965285968,0.006210125000507105
facebook,random,1,0.8,0.8889517236213947,0.608322207387628,0.20047090480995627,0.2055929429882057,0.006210125000507105
facebook,random,1,0.9,0.8857534101011824,0.40026702269692926,0.1029263370332997,0.10169600780542279,0.006210125000507105
facebook,random,2,0.1,0.929173918747886,0.9838006230529595,0.9075008409014463,0.8991131531405935,0.0017407079994882224
facebook,random,2,0.2,0.9259527649264931,0.9599910992434357,0.8039017827110663,0.797740763931423,0.0017407079994882224
facebook,random,2,0.3,0.9236210888260469,0.9356920338228749,0.7006390850992263,0.6973070612050909,0.0017407079994882224
facebook,random,2,0.4,0.9131326633110592,0.9018691588785047,0.5899764547595022,0.5966144122541018,0.0017407079994882224
facebook,random,2,0.5,0.910925345465222,0.8631063640409434,0.49915909855364954,0.49902896395603097,0.0017407079994882224
facebook,random,2,0.6,0.9051372536429872,0.8089007565643079,0.3975782038345106,0.39992229002804,0.0017407079994882224
facebook,random,2,0.7,0.9011732057389432,0.7312861593235425,0.2949882273797511,0.2963490376260782,0.0017407079994882224
facebook,random,2,0.8,0.8932990948583377,0.6123720516243881,0.19609821728893373,0.1948148519556954,0.0017407079994882224
facebook,random,2,0.9,0.891121117214531,0.3975522919448153,0.0961991254624958,0.09871827384637621,0.0017407079994882224
facebook,random,3,0.1,0.9356634351387002,0.9848242100578549,0.9132189707366297,0.8985305626458567,0.0021025839996582363
facebook,random,3,0.2,0.9347217315323314,0.9616377392078327,0.8139926000672721,0.7990030946843413,0.0021025839996582363
facebook,random,3,0.3,0.9304265988933048,0.9366266132621273,0.7097208207198117,0.6961742292383287,0.0021025839996582363
facebook,random,3,0.4,0.9242072321132321,0.902803738317757,0.5970400269088463,0.5970999043330493,0.0021025839996582363
facebook,random,3,0.5,0.9166672275710661,0.8605696484201157,0.5038681466532122,0.4982521766297152,0.0021025839996582363
facebook,random,3,0.6,0.9102950775901519,0.806097018246551,0.3905146316851665,0.399987039421118,0.0021025839996582363
facebook,random,3,0.7,0.9042142804063562,0.7251891410769915,0.2946518668012109,0.29774079014366983,0.0021025839996582363
facebook,random,3,0.8,0.8985302814898731,0.6056074766355141,0.19576185671039353,0.20041428807025588,0.0021025839996582363
facebook,random,3,0.9,0.891105887751563,0.4036938139741878,0.1096535486041036,0.10121050930801855,0.0021025839996582363
facebook,random,4,0.1,0.9281510462320144,0.982599020916778,0.900100908173562,0.8989836543544375,0.0015365830004157033
facebook,random,4,0.2,0.9264276341712449,0.9625278148642634,0.8032290615539859,0.7973200212455537,0.0015365830004157033
facebook,random,4,0.3,0.9206853306307802,0.9362260792167334,0.6962663975782039,0.6970805153508005,0.0015365830004157033
facebook,random,4,0.4,0.9149654999927038,0.9026702269692924,0.5906491759165826,0.5970999043330493,0.0015365830004157033
facebook,random,4,0.5,0.9093822329821345,0.8584334668446818,0.49209552640430543,0.4990613643263975,0.0015365830004157033
facebook,random,4,0.6,0.9020864786156623,0.8042278593680463,0.3962327615203498,0.40325606220907606,0.0015365830004157033
facebook,random,4,0.7,0.8997450267072005,0.7291499777481086,0.29229734275142955,0.3041493882810851,0.0015365830004157033
facebook,random,4,0.8,0.8970721343966559,0.6122385402759235,0.1984527413387151,0.20115871353694642,0.0015365830004157033
facebook,random,4,0.9,0.8902174704133661,0.39964396973742766,0.10191725529767912,0.09894484537449416,0.0015365830004157033
facebook,random,5,0.1,0.9383799448619199,0.9843346684468179,0.9058190380087454,0.9021556044004336,0.002992541999999432
facebook,random,5,0.2,0.9344069653376079,0.9646639964396974,0.8039017827110663,0.8010745104386316,0.002992541999999432
facebook,random,5,0.3,0.931803933397809,0.9395193591455274,0.701648166834847,0.7023562815214536,0.002992541999999432
facebook,random,5,0.4,0.9293884619151694,0.903960836671117,0.5987218298015473,0.6007249974352813,0.002992541999999432
facebook,random,5,0.5,0.9226722522125266,0.863239875389408,0.5008409014463505,0.49792853235963536,0.002992541999999432
facebook,random,5,0.6,0.9219155022140366,0.8103693813974188,0.4053144971409351,0.4010874966913412,0.002992541999999432
facebook,random,5,0.7,0.9073430601548397,0.7326212728081887,0.2959973091153717,0.3002330256053122,0.002992541999999432
facebook,random,5,0.8,0.904353158194402,0.6121940364931019,0.20282542885973764,0.19879595118763257,0.002992541999999432
facebook,random,5,0.9,0.8945274020218563,0.4039163328882955,0.10057181298351833,0.09871827384637621,0.002992541999999432
facebook,random,6,0.1,0.936545306687328,0.9820204717400979,0.8994281870164816,0.9018642578054101,0.0025587499994799145
facebook,random,6,0.2,0.9316304291243026,0.9621272808188696,0.8022199798183652,0.801948447528392,0.0025587499994799145
facebook,random,6,0.3,0.9214729460039175,0.9354250111259457,0.6929027917928019,0.6990548840369565,0.0025587499994799145
facebook,random,6,0.4,0.9188918948272994,0.9019581664441477,0.5903128153380424,0.5995921654685191,0.0025587499994799145
facebook,random,6,0.5,0.9105323363868982,0.8621717846016912,0.5042045072317525,0.49896426591060805,0.0025587499994799145
facebook,random,6,0.6,0.9042082796250831,0.8080551846906987,0.4026236125126135,0.39976046789300007,0.0025587499994799145
facebook,random,6,0.7,0.8945950523818713,0.7347574543836226,0.2956609485368315,0.30262816265116504,0.0025587499994799145
facebook,random,6,0.8,0.891179447803995,0.614508233199822,0.1846619576185671,0.20157948189664332,0.0025587499994799145
facebook,random,6,0.9,0.8905484336583644,0.3972852692478861,0.09115371678439287,0.09865354370866887,0.0025587499994799145
facebook,random,7,0.1,0.9416654140203593,0.9829550511793502,0.906828119744366,0.9008932736475155,0.0023555829993711086
facebook,random,7,0.2,0.9398909985481989,0.9607031597685803,0.7998654557685839,0.8011716602020762,0.0023555829993711086
facebook,random,7,0.3,0.9336092724564535,0.9365821094793058,0.7083753784056509,0.7013205479704809,0.0023555829993711086
facebook,random,7,0.4,0.9307143152842003,0.9044058744993324,0.6081399260006727,0.5979090920297315,0.0023555829993711086
facebook,random,7,0.5,0.9252372002099599,0.8648865153538051,0.5058863101244534,0.4971516936856645,0.0023555829993711086
facebook,random,7,0.6,0.9194113017717189,0.8076546506453048,0.40935082408341744,0.39717113401556825,0.0023555829993711086
facebook,random,7,0.7,0.9131334087882459,0.7287939474855363,0.31180625630676084,0.2996180604140363,0.0023555829993711086
facebook,random,7,0.8,0.9026239008951898,0.6132176234979974,0.20955264043054153,0.1995727513508621,0.0023555829993711086
facebook,random,7,0.9,0.8965715499675424,0.4055629728526925,0.10696266397578204,0.10337907482575345,0.0023555829993711086
facebook,random,8,0.1,0.9412560970640574,0.985002225189141,0.9071644803229062,0.8999222894896207,0.0014859999992040684
facebook,random,8,0.2,0.9390654927020032,0.9639964396973743,0.8089471913891692,0.7996827835948676,0.0014859999992040684
facebook,random,8,0.3,0.9337608521873806,0.9382287494437027,0.7100571812983518,0.7009321029596679,0.0014859999992040684
facebook,random,8,0.4,0.9273438684425273,0.906097018246551,0.6165489404641776,0.6030230103915172,0.0014859999992040684
facebook,random,8,0.5,0.9226461424324672,0.8634623943035158,0.49882273797510934,0.49873766870866254,0.0014859999992040684
facebook,random,8,0.6,0.9141106582361018,0.8082777036048064,0.39656912209889,0.40086092516322325,0.0014859999992040684
facebook,random,8,0.7,0.9087431693751749,0.7333778371161549,0.29868819374369326,0.30143058129132483,0.0014859999992040684
facebook,random,8,0.8,0.9008382357824496,0.610057854917668,0.19508913555331314,0.20264757730724126,0.0014859999992040684
facebook,random,8,0.9,0.8983399762856602,0.3967512238540276,0.0961991254624958,0.10153417283346908,0.0014859999992040684
facebook,random,9,0.1,0.9358556345177539,0.9824655095683134,0.8937100571812984,0.9049715098059834,0.003734959002031246
facebook,random,9,0.2,0.9326372396132245,0.9626168224299065,0.7917928018836192,0.808939636160544,0.003734959002031246
facebook,random,9,0.3,0.9285780346244309,0.938495772140632,0.7009754456777666,0.7100271590641319,0.003734959002031246
facebook,random,9,0.4,0.92355405804821,0.9073876279483756,0.6064581231079718,0.6104349930571936,0.003734959002031246
facebook,random,9,0.5,0.9180980390413161,0.8661771250556297,0.5048772283888329,0.508512413723653,0.003734959002031246
facebook,random,9,0.6,0.909893024847634,0.8114374721851357,0.3989236461486714,0.40409759892846986,0.003734959002031246
facebook,random,9,0.7,0.9026955274632187,0.7343124165554072,0.29868819374369326,0.30314602942665136,0.003734959002031246
facebook,random,9,0.8,0.8991227695504473,0.6184690698709391,0.20686175580222,0.20203261211596543,0.003734959002031246
facebook,random,9,0.9,0.8876591530827866,0.4020026702269693,0.10124453414059872,0.10179310622121225,0.003734959002031246
facebook,resistance_style_proxy,0,0.1,0.8987154563161147,0.6618602581219404,0.0023545240497813654,0.7893254480851404,0.044132708999995884
facebook,resistance_style_proxy,0,0.2,0.8869071748410781,0.5106364040943481,0.0006727211570803902,0.6190121567123438,0.044132708999995884
facebook,resistance_style_proxy,0,0.3,0.8843781736635028,0.40017801513128615,0.0,0.48125969712828237,0.044132708999995884
facebook,resistance_style_proxy,0,0.4,0.8817966956310177,0.3170894526034713,0.0,0.36283013037225614,0.044132708999995884
facebook,resistance_style_proxy,0,0.5,0.8832498120196655,0.25202492211838007,0.0,0.28608880053214053,0.044132708999995884
facebook,resistance_style_proxy,0,0.6,0.8809949007793888,0.19857587894971074,0.0,0.2227149084388808,0.044132708999995884
facebook,resistance_style_proxy,0,0.7,0.8876593820516878,0.14882064975522918,0.0,0.16762687191648906,0.044132708999995884
facebook,resistance_style_proxy,0,0.8,0.8861403532543812,0.09928793947485537,0.0,0.11027317146057294,0.044132708999995884
facebook,resistance_style_proxy,0,0.9,0.888273701366819,0.05558522474410325,0.0,0.006926462505980284,0.044132708999995884
facebook,resistance_style_proxy,1,0.1,0.8929226733176532,0.6618602581219404,0.0023545240497813654,0.7893254480851404,0.04455883299942798
facebook,resistance_style_proxy,1,0.2,0.8816470544642696,0.5106364040943481,0.0006727211570803902,0.6190121567123438,0.04455883299942798
facebook,resistance_style_proxy,1,0.3,0.8777263726832717,0.40017801513128615,0.0,0.48125969712828237,0.04455883299942798
facebook,resistance_style_proxy,1,0.4,0.8784580197132136,0.3170894526034713,0.0,0.36283013037225614,0.04455883299942798
facebook,resistance_style_proxy,1,0.5,0.8752218921902752,0.25202492211838007,0.0,0.28608880053214053,0.04455883299942798
facebook,resistance_style_proxy,1,0.6,0.8785170344218852,0.19857587894971074,0.0,0.2227149084388808,0.04455883299942798
facebook,resistance_style_proxy,1,0.7,0.8766622216819948,0.14882064975522918,0.0,0.16762687191648906,0.04455883299942798
facebook,resistance_style_proxy,1,0.8,0.8811263709090604,0.09928793947485537,0.0,0.11027317146057294,0.04455883299942798
facebook,resistance_style_proxy,1,0.9,0.8822015707194544,0.05558522474410325,0.0,0.006926462505980284,0.04455883299942798
facebook,resistance_style_proxy,2,0.1,0.9004387284934043,0.6618602581219404,0.0023545240497813654,0.7893254480851404,0.036053083998922375
facebook,resistance_style_proxy,2,0.2,0.8848458195574184,0.5106364040943481,0.0006727211570803902,0.6190121567123438,0.036053083998922375
facebook,resistance_style_proxy,2,0.3,0.8850518676543537,0.40017801513128615,0.0,0.48125969712828237,0.036053083998922375
facebook,resistance_style_proxy,2,0.4,0.8888390447273838,0.3170894526034713,0.0,0.36283013037225614,0.036053083998922375
facebook,resistance_style_proxy,2,0.5,0.8827907993358817,0.25202492211838007,0.0,0.28608880053214053,0.036053083998922375
facebook,resistance_style_proxy,2,0.6,0.8858210577204287,0.19857587894971074,0.0,0.2227149084388808,0.036053083998922375
facebook,resistance_style_proxy,2,0.7,0.884953551931631,0.14882064975522918,0.0,0.16762687191648906,0.036053083998922375
facebook,resistance_style_proxy,2,0.8,0.8869983633747044,0.09928793947485537,0.0,0.11027317146057294,0.036053083998922375
facebook,resistance_style_proxy,2,0.9,0.8895350294078695,0.05558522474410325,0.0,0.006926462505980284,0.036053083998922375
facebook,resistance_style_proxy,3,0.1,0.8939787053834355,0.6618602581219404,0.0023545240497813654,0.7893254480851404,0.0311592500002007
facebook,resistance_style_proxy,3,0.2,0.8905459386416688,0.5106364040943481,0.0006727211570803902,0.6190121567123438,0.0311592500002007
facebook,resistance_style_proxy,3,0.3,0.8838460355595069,0.40017801513128615,0.0,0.48125969712828237,0.0311592500002007
facebook,resistance_style_proxy,3,0.4,0.8865447657654142,0.3170894526034713,0.0,0.36283013037225614,0.0311592500002007
facebook,resistance_style_proxy,3,0.5,0.8841956773151444,0.25202492211838007,0.0,0.28608880053214053,0.0311592500002007
facebook,resistance_style_proxy,3,0.6,0.8835017941677464,0.19857587894971074,0.0,0.2227149084388808,0.0311592500002007
facebook,resistance_style_proxy,3,0.7,0.8861194417980126,0.14882064975522918,0.0,0.16762687191648906,0.0311592500002007
facebook,resistance_style_proxy,3,0.8,0.8862933093841894,0.09928793947485537,0.0,0.11027317146057294,0.0311592500002007
facebook,resistance_style_proxy,3,0.9,0.8895738733829348,0.05558522474410325,0.0,0.006926462505980284,0.0311592500002007
facebook,resistance_style_proxy,4,0.1,0.8961800444681396,0.6618602581219404,0.0023545240497813654,0.7893254480851404,0.030324249997647712
facebook,resistance_style_proxy,4,0.2,0.890786996012671,0.5106364040943481,0.0006727211570803902,0.6190121567123438,0.030324249997647712
facebook,resistance_style_proxy,4,0.3,0.8843650663155215,0.40017801513128615,0.0,0.48125969712828237,0.030324249997647712
facebook,resistance_style_proxy,4,0.4,0.8867673681033301,0.3170894526034713,0.0,0.36283013037225614,0.030324249997647712
facebook,resistance_style_proxy,4,0.5,0.8808627889231971,0.25202492211838007,0.0,0.28608880053214053,0.030324249997647712
facebook,resistance_style_proxy,4,0.6,0.8845137715743285,0.19857587894971074,0.0,0.2227149084388808,0.030324249997647712
facebook,resistance_style_proxy,4,0.7,0.8850562616452118,0.14882064975522918,0.0,0.16762687191648906,0.030324249997647712
facebook,resistance_style_proxy,4,0.8,0.8853769680554321,0.09928793947485537,0.0,0.11027317146057294,0.030324249997647712
facebook,resistance_style_proxy,4,0.9,0.8876844364252837,0.05558522474410325,0.0,0.006926462505980284,0.030324249997647712
facebook,resistance_style_proxy,5,0.1,0.908052967903238,0.6618602581219404,0.0023545240497813654,0.7893254480851404,0.07498212499999113
facebook,resistance_style_proxy,5,0.2,0.8989616804897004,0.5106364040943481,0.0006727211570803902,0.6190121567123438,0.07498212499999113
facebook,resistance_style_proxy,5,0.3,0.8977034223590634,0.40017801513128615,0.0,0.48125969712828237,0.07498212499999113
facebook,resistance_style_proxy,5,0.4,0.8944258247349728,0.3170894526034713,0.0,0.36283013037225614,0.07498212499999113
facebook,resistance_style_proxy,5,0.5,0.8942311543665931,0.25202492211838007,0.0,0.28608880053214053,0.07498212499999113
facebook,resistance_style_proxy,5,0.6,0.8962704788001626,0.19857587894971074,0.0,0.2227149084388808,0.07498212499999113
facebook,resistance_style_proxy,5,0.7,0.8986755761756432,0.14882064975522918,0.0,0.16762687191648906,0.07498212499999113
facebook,resistance_style_proxy,5,0.8,0.9004275652605738,0.09928793947485537,0.0,0.11027317146057294,0.07498212499999113
facebook,resistance_style_proxy,5,0.9,0.8995133160461578,0.05558522474410325,0.0,0.006926462505980284,0.07498212499999113
facebook,resistance_style_proxy,6,0.1,0.89459783965003,0.6618602581219404,0.0023545240497813654,0.7893254480851404,0.06850937499984866
facebook,resistance_style_proxy,6,0.2,0.8873119272337665,0.5106364040943481,0.0006727211570803902,0.6190121567123438,0.06850937499984866
facebook,resistance_style_proxy,6,0.3,0.8890129906746522,0.40017801513128615,0.0,0.48125969712828237,0.06850937499984866
facebook,resistance_style_proxy,6,0.4,0.8842170683702361,0.3170894526034713,0.0,0.36283013037225614,0.06850937499984866
facebook,resistance_style_proxy,6,0.5,0.8862085845887511,0.25202492211838007,0.0,0.28608880053214053,0.06850937499984866
facebook,resistance_style_proxy,6,0.6,0.8811633317299864,0.19857587894971074,0.0,0.2227149084388808,0.06850937499984866
facebook,resistance_style_proxy,6,0.7,0.8865778977146199,0.14882064975522918,0.0,0.16762687191648906,0.06850937499984866
facebook,resistance_style_proxy,6,0.8,0.8874330497089777,0.09928793947485537,0.0,0.11027317146057294,0.06850937499984866
facebook,resistance_style_proxy,6,0.9,0.893004263760717,0.05558522474410325,0.0,0.006926462505980284,0.06850937499984866
facebook,resistance_style_proxy,7,0.1,0.9062607423358532,0.6618602581219404,0.0023545240497813654,0.7893254480851404,0.030823917000816436
facebook,resistance_style_proxy,7,0.2,0.8962627151805436,0.5106364040943481,0.0006727211570803902,0.6190121567123438,0.030823917000816436
facebook,resistance_style_proxy,7,0.3,0.8938737422871275,0.40017801513128615,0.0,0.48125969712828237,0.030823917000816436
facebook,resistance_style_proxy,7,0.4,0.8935438609698539,0.3170894526034713,0.0,0.36283013037225614,0.030823917000816436
facebook,resistance_style_proxy,7,0.5,0.8928220899811348,0.25202492211838007,0.0,0.28608880053214053,0.030823917000816436
facebook,resistance_style_proxy,7,0.6,0.891575711231414,0.19857587894971074,0.0,0.2227149084388808,0.030823917000816436
facebook,resistance_style_proxy,7,0.7,0.8975887764374595,0.14882064975522918,0.0,0.16762687191648906,0.030823917000816436
facebook,resistance_style_proxy,7,0.8,0.8948317985628468,0.09928793947485537,0.0,0.11027317146057294,0.030823917000816436
facebook,resistance_style_proxy,7,0.9,0.8992585134691619,0.05558522474410325,0.0,0.006926462505980284,0.030823917000816436
facebook,resistance_style_proxy,8,0.1,0.9021660067486896,0.6618602581219404,0.0023545240497813654,0.7893254480851404,0.04084804199919745
facebook,resistance_style_proxy,8,0.2,0.8903406942138491,0.5106364040943481,0.0006727211570803902,0.6190121567123438,0.04084804199919745
facebook,resistance_style_proxy,8,0.3,0.8930149821016239,0.40017801513128615,0.0,0.48125969712828237,0.04084804199919745
facebook,resistance_style_proxy,8,0.4,0.8958291214437422,0.3170894526034713,0.0,0.36283013037225614,0.04084804199919745
facebook,resistance_style_proxy,8,0.5,0.895982864834959,0.25202492211838007,0.0,0.28608880053214053,0.04084804199919745
facebook,resistance_style_proxy,8,0.6,0.8936334207811195,0.19857587894971074,0.0,0.2227149084388808,0.04084804199919745
facebook,resistance_style_proxy,8,0.7,0.895456879184652,0.14882064975522918,0.0,0.16762687191648906,0.04084804199919745
facebook,resistance_style_proxy,8,0.8,0.900665333980964,0.09928793947485537,0.0,0.11027317146057294,0.04084804199919745
facebook,resistance_style_proxy,8,0.9,0.8992884150774417,0.05558522474410325,0.0,0.006926462505980284,0.04084804199919745
facebook,resistance_style_proxy,9,0.1,0.8975294232181549,0.6618602581219404,0.0023545240497813654,0.7893254480851404,0.0348002919999999
facebook,resistance_style_proxy,9,0.2,0.8864139099742671,0.5106364040943481,0.0006727211570803902,0.6190121567123438,0.0348002919999999
facebook,resistance_style_proxy,9,0.3,0.8875220287607395,0.40017801513128615,0.0,0.48125969712828237,0.0348002919999999
facebook,resistance_style_proxy,9,0.4,0.8863271203456254,0.3170894526034713,0.0,0.36283013037225614,0.0348002919999999
facebook,resistance_style_proxy,9,0.5,0.8819220045768993,0.25202492211838007,0.0,0.28608880053214053,0.0348002919999999
facebook,resistance_style_proxy,9,0.6,0.8800170665064884,0.19857587894971074,0.0,0.2227149084388808,0.0348002919999999
facebook,resistance_style_proxy,9,0.7,0.879704343971133,0.14882064975522918,0.0,0.16762687191648906,0.0348002919999999
facebook,resistance_style_proxy,9,0.8,0.8811408579643167,0.09928793947485537,0.0,0.11027317146057294,0.0348002919999999
facebook,resistance_style_proxy,9,0.9,0.8856067279297372,0.05558522474410325,0.0,0.006926462505980284,0.0348002919999999
github,cailp_a31,0,0.1,0.810016846220361,0.7711140583554377,0.14100362526235452,0.7974400552910551,542.4184604999999
github,cailp_a31,0,0.2,0.8020662295508898,0.6507692307692308,0.09578324747185651,0.644818239929664,542.4184604999999
github,cailp_a31,0,0.3,0.7970431458130325,0.5486737400530504,0.07918336195382561,0.5155000888958532,542.4184604999999
github,cailp_a31,0,0.4,0.8024496122939706,0.39854111405835546,0.05189849265407365,0.41088931758677105,542.4184604999999
github,cailp_a31,0,0.5,0.8006169194019714,0.3044031830238727,0.0,0.3118457334708573,542.4184604999999
github,cailp_a31,0,0.6,0.8029474724580248,0.22058355437665783,0.0,0.2262918626079339,542.4184604999999
github,cailp_a31,0,0.7,0.8036938605343951,0.15477453580901857,0.0,0.1498025350215343,542.4184604999999
github,cailp_a31,0,0.8,0.8057484881658386,0.09312997347480106,0.0,0.0863508770977889,542.4184604999999
github,cailp_a31,0,0.9,0.806111487947281,0.0486737400530504,0.0,0.03629377698541286,542.4184604999999
github,cailp_a31,1,0.1,0.803232770453565,0.893315649867374,0.5949246327036825,0.8107988849271743,652.8607751669997
github,cailp_a31,1,0.2,0.8107057004957768,0.8649867374005306,0.5216561724861668,0.7274576335791321,652.8607751669997
github,cailp_a31,1,0.3,0.8013797772118656,0.8590981432360743,0.5088723526044648,0.6732846048648985,652.8607751669997
github,cailp_a31,1,0.4,0.8055994435720779,0.8548010610079576,0.499141385231826,0.6166016269547013,652.8607751669997
github,cailp_a31,1,0.5,0.8045852779776272,0.8489920424403183,0.49055523755008584,0.5565997266775121,652.8607751669997
github,cailp_a31,1,0.6,0.8043407772586243,0.8289655172413793,0.48292310627742796,0.4790040962390015,652.8607751669997
github,cailp_a31,1,0.7,0.7997323733743522,0.7713262599469496,0.4695668765502767,0.3522316363870634,652.8607751669997
github,cailp_a31,1,0.8,0.7991086012311416,0.6608488063660477,0.45029574508681547,0.22064141095068235,652.8607751669997
github,cailp_a31,1,0.9,0.7896288709374354,0.46583554376657826,0.41576035107803855,0.1089764933031891,652.8607751669997
github,cailp_a31,2,0.1,0.81277408537666,0.9920689655172413,0.9952299179545888,0.9210244625822129,681.4282615420007
github,cailp_a31,2,0.2,0.8115801343538389,0.9888594164456234,0.994466704827323,0.8379448956039578,681.4282615420007
github,cailp_a31,2,0.3,0.810174640079995,0.98684350132626,0.9942759015455066,0.764679293510952,681.4282615420007
github,cailp_a31,2,0.4,0.808526782269148,0.9859151193633953,0.9940850982636902,0.6987890253511405,681.4282615420007
github,cailp_a31,2,0.5,0.8088572014939603,0.9849867374005306,0.9940850982636902,0.6318280996505131,681.4282615420007
github,cailp_a31,2,0.6,0.8093822450138483,0.9842705570291778,0.9940850982636902,0.5713979584540523,681.4282615420007
github,cailp_a31,2,0.7,0.8080466860539122,0.9754907161803713,0.9935126884182408,0.4922083017351515,681.4282615420007
github,cailp_a31,2,0.8,0.8017517138197026,0.8773474801061008,0.8610952108376264,0.3642105878237467,681.4282615420007
github,cailp_a31,2,0.9,0.7995390036182397,0.5306631299734748,0.7960312917382178,0.18366958584308932,681.4282615420007
github,cailp_a31,3,0.1,0.8191913588204518,0.9007427055702918,0.7893531768746422,0.8810191814324906,511.06782204199953
github,cailp_a31,3,0.2,0.8145496079424631,0.8707161803713528,0.7710360618202633,0.7732084803957495,511.06782204199953
github,cailp_a31,3,0.3,0.8195788865353065,0.8502917771883289,0.7635947338294219,0.6707627232594197,511.06782204199953
github,cailp_a31,3,0.4,0.8194513508984574,0.8348541114058355,0.7611142911658081,0.5834245014222051,511.06782204199953
github,cailp_a31,3,0.5,0.8163508067673295,0.8202917771883289,0.7599694714749093,0.49191093062209174,511.06782204199953
github,cailp_a31,3,0.6,0.8153715868135909,0.8041114058355437,0.7597786681930929,0.4053815990919509,511.06782204199953
github,cailp_a31,3,0.7,0.8120694873466257,0.7788594164456233,0.7584430452203778,0.3280714625996214,511.06782204199953
github,cailp_a31,3,0.8,0.8070674547165373,0.7163129973474801,0.7571074222476627,0.2618124222188865,511.06782204199953
github,cailp_a31,3,0.9,0.8080252704728563,0.5392838196286472,0.6557908796031292,0.19567234685616658,511.06782204199953
github,cailp_a31,4,0.1,0.8145620511197526,0.9468965517241379,0.7908796031291738,0.8077535793394847,430.31303545800074
github,cailp_a31,4,0.2,0.8095163740482614,0.8989655172413793,0.7101698149208167,0.6609725679505645,430.31303545800074
github,cailp_a31,4,0.3,0.8103298710432862,0.7875331564986737,0.6697195191757298,0.54258660325297,430.31303545800074
github,cailp_a31,4,0.4,0.8108292061745628,0.5864721485411141,0.6210646823125358,0.4255567071784176,430.31303545800074
github,cailp_a31,4,0.5,0.8074097841431779,0.42572944297082227,0.5754626979584049,0.3216834803111822,430.31303545800074
github,cailp_a31,4,0.6,0.809602049766085,0.33511936339522547,0.5390192711314634,0.23266795391883524,430.31303545800074
github,cailp_a31,4,0.7,0.8095471886375301,0.2627055702917772,0.5102079755771799,0.15817709776636263,430.31303545800074
github,cailp_a31,4,0.8,0.8111306314090642,0.16803713527851458,0.48635756535012403,0.0943447835494856,430.31303545800074
github,cailp_a31,4,0.9,0.8082323489599692,0.12172413793103448,0.47071169624117537,0.044775406865388695,430.31303545800074
github,cailp_a31,5,0.1,0.8021743407636818,0.8769230769230769,0.4581186796412898,0.7545798346795216,458.47637704200133
github,cailp_a31,5,0.2,0.8006925437666814,0.7555702917771884,0.14310246136233543,0.6117243650505917,458.47637704200133
github,cailp_a31,5,0.3,0.7962440236274226,0.656472148541114,0.10112573936271704,0.5007494210294644,458.47637704200133
github,cailp_a31,5,0.4,0.7977550782125197,0.563315649867374,0.0045792787635947334,0.3911781371628486,458.47637704200133
github,cailp_a31,5,0.5,0.7950739925962025,0.5022811671087534,0.003816065636328945,0.29836791119540484,458.47637704200133
github,cailp_a31,5,0.6,0.7968416135816574,0.4512466843501326,0.003243655790879603,0.2149076810186885,458.47637704200133
github,cailp_a31,5,0.7,0.7980666024283551,0.4210079575596817,0.0030528525090631558,0.1597116415377453,458.47637704200133
github,cailp_a31,5,0.8,0.7993323501329812,0.39286472148541113,0.0028620492272467086,0.10758469650489699,458.47637704200133
github,cailp_a31,5,0.9,0.8027751762216995,0.28445623342175064,0.0022896393817973667,0.049105442116223,458.47637704200133
github,cailp_a31,6,0.1,0.8220198180432986,0.913474801061008,0.9173821789734783,0.7769318341056194,418.7299587920006
github,cailp_a31,6,0.2,0.8141011030883933,0.8148541114058355,0.714176683838962,0.6432004040728799,418.7299587920006
github,cailp_a31,6,0.3,0.8117318265826308,0.7290716180371353,0.6542644533485976,0.5309406820513008,418.7299587920006
github,cailp_a31,6,0.4,0.8162919782744289,0.6159946949602122,0.6161037969853081,0.43106442567323777,418.7299587920006
github,cailp_a31,6,0.5,0.8105571646275531,0.47148541114058357,0.5867200915855753,0.32961789734854186,418.7299587920006
github,cailp_a31,6,0.6,0.8084541872295801,0.31716180371352787,0.5737454684220569,0.2534259546858612,418.7299587920006
github,cailp_a31,6,0.7,0.8081963850948712,0.20477453580901855,0.560580041976722,0.19513703189641782,418.7299587920006
github,cailp_a31,6,0.8,0.8097259062776305,0.07612732095490717,0.5468422056859378,0.1423558276017946,418.7299587920006
github,cailp_a31,6,0.9,0.8077928891086629,0.027824933687002652,0.531577943140622,0.09872240342645995,418.7299587920006
github,cailp_a31,7,0.1,0.8129603644171499,0.9510875331564986,0.7546269795840489,0.9061072381663395,445.2769985420018
github,cailp_a31,7,0.2,0.8170420821643763,0.9488594164456233,0.7471856515932074,0.83600587905772,445.2769985420018
github,cailp_a31,7,0.3,0.8126182177949406,0.946923076923077,0.7410799465750811,0.7714122660652388,445.2769985420018
github,cailp_a31,7,0.4,0.810926281163739,0.9449867374005305,0.735928257966037,0.696290898079419,445.2769985420018
github,cailp_a31,7,0.5,0.8122519310162798,0.9409549071618037,0.7267697004388476,0.6100470881167777,445.2769985420018
github,cailp_a31,7,0.6,0.8082892272490285,0.9288594164456233,0.7113146346117153,0.49059052112100404,445.2769985420018
github,cailp_a31,7,0.7,0.8026375521088374,0.9012732095490716,0.6891814539210075,0.36192660863297943,445.2769985420018
github,cailp_a31,7,0.8,0.8031444215486059,0.8291777188328913,0.6649494371303186,0.2471688145823156,445.2769985420018
github,cailp_a31,7,0.9,0.7988840825206935,0.5752785145888594,0.6244991413852318,0.1333507806449374,445.2769985420018
github,cailp_a31,8,0.1,0.802059268132683,0.8257294429708223,0.19805380652547225,0.7633945707531369,462.8347807909995
github,cailp_a31,8,0.2,0.7982071466318423,0.6549336870026525,0.00019080328181644724,0.6121288516361061,462.8347807909995
github,cailp_a31,8,0.3,0.8012171672584207,0.5462334217506631,0.00019080328181644724,0.48426197990959485,462.8347807909995
github,cailp_a31,8,0.4,0.801101041992092,0.5321750663129974,0.00019080328181644724,0.4118647644433293,462.8347807909995
github,cailp_a31,8,0.5,0.8002113611224939,0.5269761273209549,0.00019080328181644724,0.34129947767216534,462.8347807909995
github,cailp_a31,8,0.6,0.7984361054431248,0.5185145888594165,0.00019080328181644724,0.266487440830239,462.8347807909995
github,cailp_a31,8,0.7,0.8038102988236788,0.48342175066313,0.00019080328181644724,0.19957413428239962,462.8347807909995
github,cailp_a31,8,0.8,0.7991265548030674,0.4587267904509284,0.00019080328181644724,0.13235153802264432,462.8347807909995
github,cailp_a31,8,0.9,0.7993254358315757,0.3130503978779841,0.00019080328181644724,0.0714574622583095,462.8347807909995
github,cailp_a31,9,0.1,0.8083536884827127,0.9462599469496021,0.7735165044838771,0.8976731791018446,438.12262429100156
github,cailp_a31,9,0.2,0.8073258917723635,0.9316180371352785,0.721427208547987,0.8232061049044477,438.12262429100156
github,cailp_a31,9,0.3,0.8048349080395889,0.9290450928381963,0.7143674871207785,0.767665102778975,438.12262429100156
github,cailp_a31,9,0.4,0.8058750372735406,0.9261803713527852,0.7053997328754055,0.7045346462606721,438.12262429100156
github,cailp_a31,9,0.5,0.8012591632931454,0.916657824933687,0.6916618965846213,0.6240007704642897,438.12262429100156
github,cailp_a31,9,0.6,0.8026603532455285,0.8785145888594165,0.667239076512116,0.5096592849233823,438.12262429100156
github,cailp_a31,9,0.7,0.7958758538059139,0.806604774535809,0.6233543216943331,0.38848972662920367,438.12262429100156
github,cailp_a31,9,0.8,0.7913239180179806,0.6790185676392573,0.5592444190040069,0.26257374861580896,438.12262429100156
github,cailp_a31,9,0.9,0.7884518737278166,0.4226259946949602,0.32608280862430833,0.13333887585674042,438.12262429100156
github,cailp_social_multi,0,0.1,0.8137036407073268,0.940053050397878,0.6952871589391337,0.9324562633242462,625.2312147079999
github,cailp_social_multi,0,0.2,0.8118083659597228,0.9387002652519894,0.6924251097118871,0.88705035153084,625.2312147079999
github,cailp_social_multi,0,0.3,0.8144730869702154,0.9370026525198939,0.6887998473573745,0.8310453665001863,625.2312147079999
github,cailp_social_multi,0,0.4,0.811588043528635,0.9341644562334217,0.6828849456210647,0.7597187809534184,625.2312147079999
github,cailp_social_multi,0,0.5,0.8143595533150916,0.929973474801061,0.676206830757489,0.6752117442442577,625.2312147079999
github,cailp_social_multi,0,0.6,0.8148011691597279,0.923289124668435,0.6628506010303378,0.5766558973672823,625.2312147079999
github,cailp_social_multi,0,0.7,0.8135385675305721,0.9129708222811671,0.6540736500667812,0.45835315570179347,625.2312147079999
github,cailp_social_multi,0,0.8,0.812085774001045,0.856419098143236,0.6376645678305667,0.3174605121954954,625.2312147079999
github,cailp_social_multi,0,0.9,0.8025717755647316,0.5545092838196286,0.6134325510398779,0.19940759154357426,625.2312147079999
github,cailp_social_multi,1,0.1,0.8083300898769998,0.999708222811671,1.0,0.9313141770542486,645.64877875
github,cailp_social_multi,1,0.2,0.8126085905427662,0.9995225464190981,1.0,0.8627355259821105,645.64877875
github,cailp_social_multi,1,0.3,0.8086928835088464,0.9993633952254642,1.0,0.8000808742932305,645.64877875
github,cailp_social_multi,1,0.4,0.8117382139748344,0.9992572944297082,1.0,0.7481085464950218,645.64877875
github,cailp_social_multi,1,0.5,0.8086285209277976,0.9989389920424403,1.0,0.6858465042247776,645.64877875
github,cailp_social_multi,1,0.6,0.8034376023591007,0.9973209549071618,1.0,0.5964622056115072,645.64877875
github,cailp_social_multi,1,0.7,0.8063025244428045,0.9890716180371353,1.0,0.490673771774428,645.64877875
github,cailp_social_multi,1,0.8,0.8054446752051933,0.9431564986737401,0.9998091967181836,0.3538256626674535,645.64877875
github,cailp_social_multi,1,0.9,0.8029211294670174,0.5384615384615384,0.9923678687273421,0.192924440002855,645.64877875
github,cailp_social_multi,2,0.1,0.8123992899247188,0.9930238726790451,0.9956115245182218,0.920501038600002,604.2419493749994
github,cailp_social_multi,2,0.2,0.8111343941837705,0.9903448275862069,0.9946575081091394,0.8384920739199261,604.2419493749994
github,cailp_social_multi,2,0.3,0.8109906551270477,0.9884615384615385,0.994466704827323,0.7658688332058278,604.2419493749994
github,cailp_social_multi,2,0.4,0.8085982175879254,0.9875331564986738,0.9942759015455066,0.7000023746224102,604.2419493749994
github,cailp_social_multi,2,0.5,0.8091490379309076,0.9867639257294429,0.9942759015455066,0.6285806060127029,604.2419493749994
github,cailp_social_multi,2,0.6,0.8098968086766541,0.9859151193633953,0.9942759015455066,0.5709816499442959,604.2419493749994
github,cailp_social_multi,2,0.7,0.8063260158653036,0.9780901856763926,0.9938942949818736,0.4916491910096679,604.2419493749994
github,cailp_social_multi,2,0.8,0.8026666572035143,0.8812466843501326,0.8639572600648732,0.36171248817334356,604.2419493749994
github,cailp_social_multi,2,0.9,0.799117064859976,0.5383819628647215,0.7435603892386949,0.1895936404689842,604.2419493749994
github,cailp_social_multi,3,0.1,0.82161349545618,0.9192838196286472,0.8042358328563252,0.897054627299331,436.6106423330002
github,cailp_social_multi,3,0.2,0.8192920118626823,0.9087002652519894,0.797366914710933,0.8166872528097966,436.6106423330002
github,cailp_social_multi,3,0.3,0.8188279243658195,0.9011671087533156,0.793932455638237,0.7329772568621493,436.6106423330002
github,cailp_social_multi,3,0.4,0.8165750745305994,0.8954376657824934,0.7904979965655409,0.6467810108096592,436.6106423330002
github,cailp_social_multi,3,0.5,0.8121440884521995,0.8907957559681697,0.7885899637473764,0.5556123750327568,436.6106423330002
github,cailp_social_multi,3,0.6,0.8162949004380298,0.8843766578249337,0.7855371112383133,0.4749952485829505,436.6106423330002
github,cailp_social_multi,3,0.7,0.8108143557756309,0.8702387267904509,0.7817210456019843,0.40068279852552274,436.6106423330002
github,cailp_social_multi,3,0.8,0.809958207744633,0.8256763925729443,0.7775233734020225,0.33599400247010236,436.6106423330002
github,cailp_social_multi,3,0.9,0.8100346890046869,0.5435809018567639,0.6109521083762641,0.1989079771377573,436.6106423330002
github,cailp_social_multi,4,0.1,0.8146214522264941,0.99342175066313,0.9988551803091014,0.8447016224920021,448.8342567079999
github,cailp_social_multi,4,0.2,0.8200327383660033,0.9731564986737401,0.9969471474909368,0.7313118570952138,448.8342567079999
github,cailp_social_multi,4,0.3,0.8159193376851256,0.9521220159151194,0.9956115245182218,0.626724840119889,448.8342567079999
github,cailp_social_multi,4,0.4,0.8136466718497355,0.9187267904509284,0.9933218851364244,0.5273600753145216,448.8342567079999
github,cailp_social_multi,4,0.5,0.8132827929963373,0.8774270557029178,0.9896966227819118,0.4365007430601943,448.8342567079999
github,cailp_social_multi,4,0.6,0.8113035031620603,0.8316710875331566,0.9835909177637855,0.3547892047358148,448.8342567079999
github,cailp_social_multi,4,0.7,0.8113537362635164,0.7709814323607427,0.9784392291547415,0.28610343819122214,448.8342567079999
github,cailp_social_multi,4,0.8,0.808868221595694,0.6854111405835543,0.9727151307002481,0.22773125093769564,448.8342567079999
github,cailp_social_multi,4,0.9,0.8077917461138222,0.5395490716180371,0.9614577370730777,0.17393889923258235,448.8342567079999
github,cailp_social_multi,5,0.1,0.8016515934723006,0.8715119363395225,0.3302804808242702,0.7365578635989286,475.6052425830003
github,cailp_social_multi,5,0.2,0.8017041818862265,0.7835809018567639,0.267506201106659,0.6053245055952738,475.6052425830003
github,cailp_social_multi,5,0.3,0.804576295571577,0.7262068965517241,0.2365960694523946,0.5002141198803748,475.6052425830003
github,cailp_social_multi,5,0.4,0.8012353113143865,0.6556498673740053,0.2140812821980538,0.3995527275289953,475.6052425830003
github,cailp_social_multi,5,0.5,0.7951674205889316,0.586684350132626,0.2011066590345354,0.3108345998710264,475.6052425830003
github,cailp_social_multi,5,0.6,0.7974322667104947,0.5189389920424403,0.19404693760732686,0.2295988663760699,475.6052425830003
github,cailp_social_multi,5,0.7,0.7988845010788584,0.440053050397878,0.18526998664377028,0.16725351820976508,475.6052425830003
github,cailp_social_multi,5,0.8,0.799053395723768,0.39671087533156496,0.18240793741652356,0.11054672381784442,475.6052425830003
github,cailp_social_multi,5,0.9,0.8007746015103465,0.3247480106100796,0.1801182980347262,0.06072753993083904,475.6052425830003
github,cailp_social_multi,6,0.1,0.823271306714632,0.9450663129973474,0.8547987025376836,0.8644009257490458,448.9992049169996
github,cailp_social_multi,6,0.2,0.8176494721696161,0.903315649867374,0.8229345544743369,0.7101612745308705,448.9992049169996
github,cailp_social_multi,6,0.3,0.8208479911822887,0.8804509283819628,0.8109139477199008,0.5942615046954822,448.9992049169996
github,cailp_social_multi,6,0.4,0.8166762013729978,0.8638992042440319,0.8040450295745086,0.4908878922340638,448.9992049169996
github,cailp_social_multi,6,0.5,0.8171464286492088,0.8482228116710875,0.8004197672199962,0.4003497406691903,448.9992049169996
github,cailp_social_multi,6,0.6,0.8183646383953518,0.833315649867374,0.799084144247281,0.3280000891130761,448.9992049169996
github,cailp_social_multi,6,0.7,0.8138070837658612,0.8185411140583554,0.797366914710933,0.2722211569515737,448.9992049169996
github,cailp_social_multi,6,0.8,0.8111598751973536,0.7903713527851459,0.7964128983018508,0.2282427701317096,448.9992049169996
github,cailp_social_multi,6,0.9,0.8083255018419668,0.5320159151193634,0.7863003243655791,0.1863936969306661,448.9992049169996
github,cailp_social_multi,7,0.1,0.8173228964222885,0.9684350132625995,0.8271322266742988,0.9256756716171715,436.430430417
github,cailp_social_multi,7,0.2,0.8196589075686253,0.9676392572944297,0.8259874069834001,0.8595236638449362,436.430430417
github,cailp_social_multi,7,0.3,0.8109993733400973,0.966816976127321,0.8240793741652357,0.7947278075596979,436.430430417
github,cailp_social_multi,7,0.4,0.8150939816950166,0.9657029177718833,0.8212173249379889,0.7234844726663537,436.430430417
github,cailp_social_multi,7,0.5,0.8128388397288757,0.9642970822281167,0.8175920625834764,0.6429267872935774,436.430430417
github,cailp_social_multi,7,0.6,0.8050218228582067,0.9603713527851458,0.8114863575653501,0.5448586776555403,436.430430417
github,cailp_social_multi,7,0.7,0.81305317677308,0.9506100795755968,0.8055714558290402,0.42968451985248346,436.430430417
github,cailp_social_multi,7,0.8,0.8067762151942346,0.9075331564986737,0.7958404884564014,0.313570601936141,436.430430417
github,cailp_social_multi,7,0.9,0.8023756444773711,0.5746153846153846,0.7719900782293455,0.17622287842334963,436.430430417
github,cailp_social_multi,8,0.1,0.8131827024788334,0.9614058355437666,0.7931692425109712,0.9142558032846534,448.51299366700187
github,cailp_social_multi,8,0.2,0.8091461434827575,0.9520424403183024,0.7706544552566305,0.8350661465657526,448.51299366700187
github,cailp_social_multi,8,0.3,0.809455118682455,0.9479575596816976,0.7614958977294409,0.7618481083828981,448.51299366700187
github,cailp_social_multi,8,0.4,0.8064891929024319,0.9462068965517242,0.7590154550658271,0.6955533536375723,448.51299366700187
github,cailp_social_multi,8,0.5,0.8033115584399031,0.9445092838196286,0.7565350124022133,0.6329225115250864,448.51299366700187
github,cailp_social_multi,8,0.6,0.809457518877267,0.9406366047745358,0.7553901927113147,0.5816877281687245,448.51299366700187
github,cailp_social_multi,8,0.7,0.8096042315280891,0.9342175066312998,0.7542453730204159,0.5072206539713274,448.51299366700187
github,cailp_social_multi,8,0.8,0.8032941273197307,0.8944827586206896,0.7433695859568784,0.3766772764993683,448.51299366700187
github,cailp_social_multi,8,0.9,0.8036498759661894,0.5408488063660477,0.7025376836481587,0.2159901881050647,448.51299366700187
github,cailp_social_multi,9,0.1,0.8118112717136257,1.0,1.0,0.9469689459119687,469.5401970419989
github,cailp_social_multi,9,0.2,0.8104112636733021,1.0,1.0,0.8916420642461319,469.5401970419989
github,cailp_social_multi,9,0.3,0.8099592809894722,1.0,1.0,0.8295227137063416,469.5401970419989
github,cailp_social_multi,9,0.4,0.811217302492587,0.999867374005305,1.0,0.7640726188753171,469.5401970419989
github,cailp_social_multi,9,0.5,0.8077410082613552,0.9992572944297082,1.0,0.6843832925079627,469.5401970419989
github,cailp_social_multi,9,0.6,0.8071615925550322,0.9958620689655172,1.0,0.5916920591798522,469.5401970419989
github,cailp_social_multi,9,0.7,0.8065198880014459,0.9812201591511936,1.0,0.4811571780022385,469.5401970419989
github,cailp_social_multi,9,0.8,0.8031065689815656,0.9292042440318302,1.0,0.35364722895109035,469.5401970419989
github,cailp_social_multi,9,0.9,0.7958782335083451,0.543050397877984,0.8599503911467278,0.22225923299680728,469.5401970419989
github,neuralsparse,0,0.1,0.811000241021933,0.9578514588859417,0.8376264071742034,0.7147649196556777,5.463136624999947
github,neuralsparse,0,0.2,0.8058544623264645,0.9083554376657825,0.667239076512116,0.5665921252791245,5.463136624999947
github,neuralsparse,0,0.3,0.801663489390324,0.8549336870026525,0.5134516313680595,0.4550342609561196,5.463136624999947
github,neuralsparse,0,0.4,0.8016375544546049,0.8094429708222811,0.41938561343255104,0.3632470457553854,5.463136624999947
github,neuralsparse,0,0.5,0.7950212848059509,0.7719893899204244,0.36519748139668,0.2779549006942266,5.463136624999947
github,neuralsparse,0,0.6,0.7904667084060869,0.7288859416445623,0.31368059530623926,0.20604539484558107,5.463136624999947
github,neuralsparse,0,0.7,0.7884046722557554,0.6753580901856764,0.2659797748521275,0.13978635446484622,5.463136624999947
github,neuralsparse,0,0.8,0.7823429474266227,0.6119628647214854,0.220568593779813,0.09241767869677431,5.463136624999947
github,neuralsparse,0,0.9,0.78322606225879,0.4794164456233422,0.14157603510780387,0.04677388520464527,5.463136624999947
github,neuralsparse,1,0.1,0.809267322995656,0.9663660477453581,0.8652928830375882,0.7551032586617326,5.186147124999934
github,neuralsparse,1,0.2,0.8024719183067215,0.9120689655172414,0.6796412898301851,0.6004115569478916,5.186147124999934
github,neuralsparse,1,0.3,0.8021037928133952,0.8577984084880637,0.5231825987406984,0.48527314113074405,5.186147124999934
github,neuralsparse,1,0.4,0.7993329647743947,0.8131034482758621,0.4298797939324556,0.3870265425337071,5.186147124999934
github,neuralsparse,1,0.5,0.7998900694434259,0.7735013262599469,0.3684411371875596,0.29566756825224455,5.186147124999934
github,neuralsparse,1,0.6,0.7910552328534168,0.7306100795755969,0.31711505437893533,0.21917824066584496,5.186147124999934
github,neuralsparse,1,0.7,0.7853819541700418,0.6752254641909814,0.2642625453157794,0.14487770920727336,5.186147124999934
github,neuralsparse,1,0.8,0.7731938591283953,0.6115915119363395,0.22190421675252814,0.09455890400912144,5.186147124999934
github,neuralsparse,1,0.9,0.7785835342527259,0.4768965517241379,0.1385231825987407,0.04865340543121651,5.186147124999934
github,neuralsparse,2,0.1,0.8133618747390821,0.970106100795756,0.8862812440373975,0.7480134186747193,4.887359500000457
github,neuralsparse,2,0.2,0.8086042362632757,0.9208488063660477,0.7227628315207022,0.5940949481459977,4.887359500000457
github,neuralsparse,2,0.3,0.8011140378962075,0.8637135278514589,0.5518030910131654,0.4777312506480651,4.887359500000457
github,neuralsparse,2,0.4,0.8096518383176656,0.8157294429708223,0.4422820072505247,0.3808883674481764,4.887359500000457
github,neuralsparse,2,0.5,0.8018117990586686,0.7754111405835544,0.3720663995420721,0.2943352539629599,4.887359500000457
github,neuralsparse,2,0.6,0.791203371713123,0.7313793103448276,0.32035871016981493,0.21551436946498256,4.887359500000457
github,neuralsparse,2,0.7,0.7920874887423494,0.6779575596816976,0.2682694142339248,0.15051626988698708,4.887359500000457
github,neuralsparse,2,0.8,0.7769729236061681,0.6110079575596817,0.2220950200343446,0.09340502343619998,4.887359500000457
github,neuralsparse,2,0.9,0.7817747926817744,0.47620689655172416,0.13737836290784203,0.04803482946004944,4.887359500000457
github,neuralsparse,3,0.1,0.8180784144765187,0.9624668435013263,0.8547987025376836,0.7395555500338303,4.757644709000488
github,neuralsparse,3,0.2,0.8159139064270713,0.9093633952254642,0.6714367487120778,0.587588028460862,4.757644709000488
github,neuralsparse,3,0.3,0.8101560210337515,0.8563660477453581,0.522610188895249,0.47327035249634847,4.757644709000488
github,neuralsparse,3,0.4,0.808712198090106,0.8114588859416446,0.4256821217324938,0.37592785489064284,4.757644709000488
github,neuralsparse,3,0.5,0.8109972963102767,0.7718832891246684,0.36519748139668,0.28824467040889884,4.757644709000488
github,neuralsparse,3,0.6,0.8031275182236064,0.7288859416445623,0.31711505437893533,0.20995907324935192,4.757644709000488
github,neuralsparse,3,0.7,0.7987146967510188,0.6772944297082228,0.2665521846975768,0.14632898851457293,4.757644709000488
github,neuralsparse,3,0.8,0.7948114106802961,0.6107427055702918,0.22152261018889524,0.0918585817819499,4.757644709000488
github,neuralsparse,3,0.9,0.7848147057709031,0.4762599469496021,0.13661514978057623,0.04804672389025205,4.757644709000488
github,neuralsparse,4,0.1,0.8163163828927025,0.9660212201591512,0.8597595878649112,0.760170831449084,4.6001642089995585
github,neuralsparse,4,0.2,0.8118539204437087,0.9122015915119364,0.6786872734211028,0.6065616644429376,4.6001642089995585
github,neuralsparse,4,0.3,0.8103859897229542,0.8571618037135279,0.5186033199771036,0.48960316947624877,4.6001642089995585
github,neuralsparse,4,0.4,0.8107556388461281,0.8146419098143236,0.42873497424155693,0.39116625999596993,4.6001642089995585
github,neuralsparse,4,0.5,0.8078031984116103,0.7740318302387268,0.3697767601602748,0.2982132594341173,4.6001642089995585
github,neuralsparse,4,0.6,0.7980319273843528,0.7326259946949603,0.31845067735165045,0.22101018317160573,4.6001642089995585
github,neuralsparse,4,0.7,0.7943412008582754,0.676339522546419,0.267506201106659,0.146019698802657,4.6001642089995585
github,neuralsparse,4,0.8,0.791281583982314,0.6099204244031831,0.21751574127074985,0.09468976000467418,4.6001642089995585
github,neuralsparse,4,0.9,0.7915053851519236,0.4770026525198939,0.14424728105323412,0.04639322200618406,4.6001642089995585
github,neuralsparse,5,0.1,0.8074453191429529,0.9659946949602122,0.8616676206830758,0.755246005634823,4.5960259580006095
github,neuralsparse,5,0.2,0.8001195371827177,0.9120424403183024,0.6777332570120206,0.6016130290522826,4.5960259580006095
github,neuralsparse,5,0.3,0.8028941217250998,0.85657824933687,0.5205113527952681,0.48543964243759197,4.5960259580006095
github,neuralsparse,5,0.4,0.7951657613867211,0.8127851458885942,0.42510971188704444,0.3880138941784623,4.5960259580006095
github,neuralsparse,5,0.5,0.7996593827091332,0.7736870026525199,0.3674871207784774,0.296428894649167,4.5960259580006095
github,neuralsparse,5,0.6,0.7906985656203898,0.7309549071618037,0.31768746422438465,0.2189522292286713,4.5960259580006095
github,neuralsparse,5,0.7,0.7932330999043817,0.6763925729442971,0.2667429879793932,0.1460434945683918,4.5960259580006095
github,neuralsparse,5,0.8,0.7853825782984096,0.6095490716180372,0.21827895439801565,0.09541539965832395,4.5960259580006095
github,neuralsparse,5,0.9,0.7850599061978483,0.47809018567639255,0.14138523182598742,0.04679767751771529,4.5960259580006095
github,neuralsparse,6,0.1,0.8230022229465973,0.960079575596817,0.8450677351650449,0.7123500982800168,4.66743787499945
github,neuralsparse,6,0.2,0.8222210603302056,0.9094164456233422,0.6712459454302614,0.5609535645994108,4.66743787499945
github,neuralsparse,6,0.3,0.8138881125823774,0.8557294429708223,0.5174585002862049,0.45050198931785773,4.66743787499945
github,neuralsparse,6,0.4,0.8144127635566993,0.8094429708222811,0.4212936462507155,0.3586077138873056,4.66743787499945
github,neuralsparse,6,0.5,0.8099615163468833,0.7712997347480106,0.366914710933028,0.2729230146501478,4.66743787499945
github,neuralsparse,6,0.6,0.8074376229053634,0.7280106100795756,0.3150162182789544,0.20179863096415945,4.66743787499945
github,neuralsparse,6,0.7,0.8083887565742245,0.6754907161803714,0.2665521846975768,0.1389536545813785,4.66743787499945
github,neuralsparse,6,0.8,0.7991885158458594,0.6083819628647215,0.21866056096164854,0.08940806675768684,4.66743787499945
github,neuralsparse,6,0.9,0.8033248640316402,0.4790185676392573,0.14157603510780387,0.04677388520464527,4.66743787499945
github,neuralsparse,7,0.1,0.8085043459644233,0.9580901856763926,0.8380080137378363,0.7118504838741999,4.839660749999894
github,neuralsparse,7,0.2,0.8081742109039891,0.9080106100795756,0.667620683075749,0.563308889655405,4.839660749999894
github,neuralsparse,7,0.3,0.8101773228220658,0.8535809018567639,0.5151688609044076,0.4499666881687681,4.839660749999894
github,neuralsparse,7,0.4,0.8036739893591649,0.8085411140583555,0.41995802327800036,0.359380945072425,4.839660749999894
github,neuralsparse,7,0.5,0.801712924717122,0.770318302387268,0.363480251860332,0.274398075912523,4.839660749999894
github,neuralsparse,7,0.6,0.7967352138653585,0.7270291777188329,0.31387139858805574,0.20051389439568526,4.839660749999894
github,neuralsparse,7,0.7,0.7949056286542651,0.6760212201591512,0.2661705781339439,0.13914397927527952,4.839660749999894
github,neuralsparse,7,0.8,0.7854043191300534,0.6090450928381963,0.22018698721618013,0.09027645338442718,4.839660749999894
github,neuralsparse,7,0.9,0.7842196096228349,0.47684350132625997,0.1385231825987407,0.048641511001013896,4.839660749999894
github,neuralsparse,8,0.1,0.8101444991280944,0.9627586206896551,0.853272276283152,0.7349281505752658,4.571021540999936
github,neuralsparse,8,0.2,0.8078676074003389,0.9113527851458886,0.676588437321122,0.5827107665567524,4.571021540999936
github,neuralsparse,8,0.3,0.8094726051029248,0.8572413793103448,0.5224193856134326,0.46823846645226963,4.571021540999936
github,neuralsparse,8,0.4,0.8082457418258396,0.8118567639257295,0.42587292501431023,0.3733465045868158,4.571021540999936
github,neuralsparse,8,0.5,0.7993881328929651,0.7715384615384615,0.36519748139668,0.2826655784275334,4.571021540999936
github,neuralsparse,8,0.6,0.7959821941476724,0.729946949602122,0.31711505437893533,0.21085125564182708,4.571021540999936
github,neuralsparse,8,0.7,0.78796818205107,0.6755702917771883,0.2642625453157794,0.14139227172277416,4.571021540999936
github,neuralsparse,8,0.8,0.7832621955854625,0.6116445623342175,0.22266742987979393,0.09263180606173972,4.571021540999936
github,neuralsparse,8,0.9,0.7798222845095353,0.47713527851458887,0.13947719900782293,0.048534450771195975,4.571021540999936
github,neuralsparse,9,0.1,0.8023233251572319,0.960106100795756,0.8547987025376836,0.7084126241105112,4.61585283399836
github,neuralsparse,9,0.2,0.8068273189860418,0.9117506631299734,0.6947147490936844,0.5622382873572258,4.61585283399836
github,neuralsparse,9,0.3,0.7996674005432216,0.856816976127321,0.5359664186224004,0.4504900845296607,4.61585283399836
github,neuralsparse,9,0.4,0.7964847009845076,0.8096286472148541,0.4312154169051708,0.3587385836935175,4.61585283399836
github,neuralsparse,9,0.5,0.7965891000862764,0.7710079575596817,0.3653882846784965,0.27498096859308224,4.61585283399836
github,neuralsparse,9,0.6,0.792131732157228,0.7278779840848807,0.31635184125166954,0.20228635439243858,4.61585283399836
github,neuralsparse,9,0.7,0.792719558967075,0.6764456233421751,0.265788971570311,0.14115435549740352,4.61585283399836
github,neuralsparse,9,0.8,0.778780768373313,0.610159151193634,0.2217134134707117,0.09141844297981082,4.61585283399836
github,neuralsparse,9,0.9,0.7843680857680608,0.47610079575596814,0.13661514978057623,0.047975350403706776,4.61585283399836
github,original_ilp_gcn,0,0.1,0.8169201112004008,0.9796286472148541,0.8734974241556954,0.9469808783214839,7.910538750000001
github,original_ilp_gcn,0,0.2,0.8173833130569571,0.963342175066313,0.797748521274566,0.8969594442363918,7.910538750000001
github,original_ilp_gcn,0,0.3,0.8168112889942931,0.9497082228116711,0.7506201106659035,0.8230038616116905,7.910538750000001
github,original_ilp_gcn,0,0.4,0.8154026413702002,0.9393368700265252,0.7208547987025377,0.751927083267831,7.910538750000001
github,original_ilp_gcn,0,0.5,0.8187381320372602,0.9269496021220159,0.6893722572028239,0.6686096414961826,7.910538750000001
github,original_ilp_gcn,0,0.6,0.8176788114558812,0.9083023872679045,0.6460599122304904,0.5755495530831938,7.910538750000001
github,original_ilp_gcn,0,0.7,0.8116929060280523,0.8827320954907162,0.60580041976722,0.46732248829405965,7.910538750000001
github,original_ilp_gcn,0,0.8,0.8127294688151456,0.8176657824933687,0.5300515168860904,0.34227492452872366,7.910538750000001
github,original_ilp_gcn,0,0.9,0.8113196250883203,0.5579045092838196,0.41556954779622207,0.19240102983130322,7.910538750000001
github,original_ilp_gcn,1,0.1,0.8122107659057556,0.9788063660477454,0.8687273421102844,0.952607561834319,7.9463688749997345
github,original_ilp_gcn,1,0.2,0.8144307104165425,0.960132625994695,0.7870635374928449,0.8953297312127291,7.9463688749997345
github,original_ilp_gcn,1,0.3,0.8108516440167277,0.9507427055702917,0.7544361763022324,0.8235510951702953,7.9463688749997345
github,original_ilp_gcn,1,0.4,0.8111175129637516,0.9377453580901857,0.7183743560389239,0.7468119465703281,7.9463688749997345
github,original_ilp_gcn,1,0.5,0.8113382802269751,0.9237135278514589,0.6819309292119824,0.6595450982196589,7.9463688749997345
github,original_ilp_gcn,1,0.6,0.8095311587173613,0.9055437665782493,0.6441518794123259,0.565117036395431,7.9463688749997345
github,original_ilp_gcn,1,0.7,0.8091142643710744,0.8720424403183024,0.5907269605037206,0.4571040920659327,7.9463688749997345
github,original_ilp_gcn,1,0.8,0.8082400768384076,0.8070822281167108,0.5241366151497806,0.3340074220137132,7.9463688749997345
github,original_ilp_gcn,1,0.9,0.8094709359032528,0.5597082228116711,0.4054569738599504,0.1850137911099118,7.9463688749997345
github,original_ilp_gcn,2,0.1,0.8150088288871076,0.9793103448275862,0.8712077847738982,0.9465407049926969,7.035004874999686
github,original_ilp_gcn,2,0.2,0.8166385133267928,0.9628912466843501,0.7964128983018508,0.8942710060814285,7.035004874999686
github,original_ilp_gcn,2,0.3,0.8165981300523286,0.9496551724137932,0.7494752909750048,0.8183407754098533,7.035004874999686
github,original_ilp_gcn,2,0.4,0.8126242498855205,0.9394960212201592,0.7210456019843541,0.7440996988389709,7.035004874999686
github,original_ilp_gcn,2,0.5,0.8107792245334523,0.9270557029177718,0.6886090440755581,0.6589859874941753,7.035004874999686
github,original_ilp_gcn,2,0.6,0.8071764464990616,0.9088594164456233,0.6462507155123068,0.5659854506434896,7.035004874999686
github,original_ilp_gcn,2,0.7,0.8077740688786903,0.8825464190981432,0.6004579278763594,0.45559334406028484,7.035004874999686
github,original_ilp_gcn,2,0.8,0.8050513482519313,0.8182758620689655,0.5228009921770654,0.33089074293947823,7.035004874999686
github,original_ilp_gcn,2,0.9,0.805166552383702,0.5663129973474801,0.3970616294600267,0.18292015042370474,7.035004874999686
github,original_ilp_gcn,3,0.1,0.8210924276697724,0.9797877984084881,0.8744514405647777,0.9517034608429877,7.790636792000441
github,original_ilp_gcn,3,0.2,0.8179421698657221,0.9601591511936339,0.7872543407746613,0.894520813284337,7.790636792000441
github,original_ilp_gcn,3,0.3,0.8220771294597731,0.9511936339522546,0.7555809959931311,0.8193043174782146,7.790636792000441
github,original_ilp_gcn,3,0.4,0.819221002172712,0.9381962864721486,0.719709979011639,0.7413518196069776,7.790636792000441
github,original_ilp_gcn,3,0.5,0.8190545672893887,0.9248806366047745,0.6840297653119634,0.6534544870442794,7.790636792000441
github,original_ilp_gcn,3,0.6,0.8175339361228058,0.9072944297082228,0.6449150925395917,0.5577655120386306,7.790636792000441
github,original_ilp_gcn,3,0.7,0.8175081475214382,0.8757559681697613,0.5922533867582522,0.44856300039293817,7.790636792000441
github,original_ilp_gcn,3,0.8,0.8097893254239055,0.813183023872679,0.5258538446861286,0.32522840030468886,7.790636792000441
github,original_ilp_gcn,3,0.9,0.8096637010952571,0.5654376657824933,0.3934363671055142,0.1771864204917109,7.790636792000441
github,original_ilp_gcn,4,0.1,0.822823121829759,0.979840848806366,0.8744514405647777,0.9514179668968066,7.386215958000321
github,original_ilp_gcn,4,0.2,0.8215499790592231,0.9615649867374005,0.7933600457927876,0.9001236872207781,7.386215958000321
github,original_ilp_gcn,4,0.3,0.8209154517725483,0.9501856763925729,0.7531005533295173,0.8303791955448849,7.386215958000321
github,original_ilp_gcn,4,0.4,0.8192932067932068,0.9378514588859417,0.7195191757298226,0.7622287853920184,7.386215958000321
github,original_ilp_gcn,4,0.5,0.8118858232840842,0.9250663129973474,0.6859377981301278,0.6786733583417037,7.386215958000321
github,original_ilp_gcn,4,0.6,0.8126085905427662,0.906684350132626,0.6475863384850219,0.5865531129059555,7.386215958000321
github,original_ilp_gcn,4,0.7,0.8108222216838951,0.8771352785145888,0.6000763213127266,0.4791230336356981,7.386215958000321
github,original_ilp_gcn,4,0.8,0.8071176349649776,0.8125198938992042,0.5342491890860522,0.3540873470372407,7.386215958000321
github,original_ilp_gcn,4,0.9,0.8086999794034733,0.5650132625994695,0.41728677733257014,0.20292871577134608,7.386215958000321
github,original_ilp_gcn,5,0.1,0.811588043528635,0.979840848806366,0.8744514405647777,0.9517272151767451,7.334098040999379
github,original_ilp_gcn,5,0.2,0.8138420054994584,0.9624137931034483,0.7962220950200344,0.9013846556448358,7.334098040999379
github,original_ilp_gcn,5,0.3,0.811436921160531,0.9497347480106101,0.7513833237931692,0.834614096070087,7.334098040999379
github,original_ilp_gcn,5,0.4,0.8106728066862685,0.9374535809018567,0.7189467658843732,0.7696516832353641,7.334098040999379
github,original_ilp_gcn,5,0.5,0.8102513667524804,0.9241909814323608,0.6851745850028621,0.6875832774782583,7.334098040999379
github,original_ilp_gcn,5,0.6,0.8077784708288236,0.9045358090185677,0.6420530433123449,0.596283771895144,7.334098040999379
github,original_ilp_gcn,5,0.7,0.8071254559306491,0.8760212201591512,0.6004579278763594,0.48953179598970353,7.334098040999379
github,original_ilp_gcn,5,0.8,0.8056550198746646,0.8095225464190982,0.5285250906315588,0.36399646736411084,7.334098040999379
github,original_ilp_gcn,5,0.9,0.8039943029411356,0.5584350132625995,0.41957641671436746,0.2111367495880082,7.334098040999379
github,original_ilp_gcn,6,0.1,0.8277739063104916,0.9790185676392573,0.8704445716466324,0.9516558416901998,7.228503041000295
github,original_ilp_gcn,6,0.2,0.8281132357271834,0.9605039787798408,0.7885899637473764,0.8980895428542376,7.228503041000295
github,original_ilp_gcn,6,0.3,0.8223183286316235,0.9507692307692308,0.7534821598931501,0.8255614852030785,7.228503041000295
github,original_ilp_gcn,6,0.4,0.8228928079543072,0.9380371352785146,0.7187559626025568,0.7508683581365304,7.228503041000295
github,original_ilp_gcn,6,0.5,0.8211610345192875,0.9251989389920424,0.6838389620301469,0.6656832733051895,7.228503041000295
github,original_ilp_gcn,6,0.6,0.8211954939141441,0.906498673740053,0.6441518794123259,0.573027671477715,7.228503041000295
github,original_ilp_gcn,6,0.7,0.8143965723564993,0.8768169761273209,0.594733829421866,0.46327798151605437,7.228503041000295
github,original_ilp_gcn,6,0.8,0.8115005428711375,0.813209549071618,0.528143484067926,0.3391939321977613,7.228503041000295
github,original_ilp_gcn,6,0.9,0.8121224798581683,0.563342175066313,0.4033581377599695,0.18924866401379561,7.228503041000295
github,original_ilp_gcn,7,0.1,0.8192920118626823,0.9793103448275862,0.8717801946193474,0.9500380058334157,7.395725458001834
github,original_ilp_gcn,7,0.2,0.8181298942913786,0.9621750663129973,0.7941232589200534,0.8968405068396953,7.395725458001834
github,original_ilp_gcn,7,0.3,0.8189276812414377,0.9505570291777188,0.7527189467658844,0.8209459076687561,7.395725458001834
github,original_ilp_gcn,7,0.4,0.8159473484708972,0.9387002652519894,0.7200915855752719,0.7454915370692404,7.395725458001834
github,original_ilp_gcn,7,0.5,0.8134568128249278,0.9260742705570292,0.6836481587483305,0.659021674237448,7.395725458001834
github,original_ilp_gcn,7,0.6,0.8149373502460637,0.9078249336870027,0.6447242892577753,0.5650575400757644,7.395725458001834
github,original_ilp_gcn,7,0.7,0.8122666788060975,0.8784350132625994,0.594733829421866,0.4551531983528162,7.395725458001834
github,original_ilp_gcn,7,0.8,0.8128295633305098,0.8144031830238727,0.5269986643770272,0.3309383344709479,7.395725458001834
github,original_ilp_gcn,7,0.9,0.8058625470390176,0.5654907161803714,0.3993512688418241,0.1814212933955947,7.395725458001834
github,original_ilp_gcn,8,0.1,0.8116627374830351,0.9797877984084881,0.8744514405647777,0.9519295137121389,7.118932125002175
github,original_ilp_gcn,8,0.2,0.8160595902502648,0.9607427055702917,0.7897347834382752,0.8985415933499032,7.118932125002175
github,original_ilp_gcn,8,0.3,0.8136694286634788,0.9511671087533157,0.7555809959931311,0.8268700175372875,7.118932125002175
github,original_ilp_gcn,8,0.4,0.8108480603285972,0.9385145888594164,0.7212364052661706,0.751427468862014,7.118932125002175
github,original_ilp_gcn,8,0.5,0.8095308746130219,0.9255968169761273,0.6868918145392101,0.6654572756786751,7.118932125002175
github,original_ilp_gcn,8,0.6,0.8089442349292275,0.9078779840848806,0.64930356802137,0.571612078913688,7.118932125002175
github,original_ilp_gcn,8,0.7,0.8071915022224472,0.8770822281167109,0.6010303377218088,0.4628497129754644,7.118932125002175
github,original_ilp_gcn,8,0.8,0.8054793133010547,0.8145092838196286,0.5390192711314634,0.33815901664285475,7.118932125002175
github,original_ilp_gcn,8,0.9,0.8057355598420635,0.5729177718832891,0.41690517076893724,0.18727397453494427,7.118932125002175
github,original_ilp_gcn,9,0.1,0.8051085305064385,0.9795490716180372,0.8734974241556954,0.9494313311977808,7.150955583998439
github,original_ilp_gcn,9,0.2,0.8116641298226122,0.9624933687002653,0.7943140622018698,0.8969118803262405,7.150955583998439
github,original_ilp_gcn,9,0.3,0.8099705570335483,0.950053050397878,0.7510017172295363,0.8198872377800922,7.150955583998439
github,original_ilp_gcn,9,0.4,0.8101030227049834,0.9381432360742705,0.7185651593207403,0.7450870504837261,7.150955583998439
github,original_ilp_gcn,9,0.5,0.8047431896049375,0.9259151193633952,0.6836481587483305,0.6595569753865375,7.150955583998439
github,original_ilp_gcn,9,0.6,0.8020212329411618,0.9077453580901856,0.6441518794123259,0.5657593977743385,7.150955583998439
github,original_ilp_gcn,9,0.7,0.8001028962728272,0.8787798408488063,0.5939706162946002,0.4554744066635883,7.150955583998439
github,original_ilp_gcn,9,0.8,0.8044529857377533,0.8135809018567639,0.5195573363861858,0.33199703198093006,7.150955583998439
github,original_ilp_gcn,9,0.9,0.8002221265775191,0.5602917771883289,0.38923869490555235,0.1830866931625301,7.150955583998439
github,ptdnet,0,0.1,0.8159174265778986,0.9801856763925729,0.8734974241556954,0.9547605883549194,4.368676749999963
github,ptdnet,0,0.2,0.8187952314979838,0.9598673740053051,0.7868727342110284,0.9090692931006054,4.368676749999963
github,ptdnet,0,0.3,0.817865194220891,0.9491511936339523,0.7523373402022515,0.8586314952631202,4.368676749999963
github,ptdnet,0,0.4,0.8188586425693796,0.9385145888594164,0.7218088151116199,0.8036019847103432,4.368676749999963
github,ptdnet,0,0.5,0.8146261353838872,0.923289124668435,0.6844113718755963,0.7309906764057601,4.368676749999963
github,ptdnet,0,0.6,0.815594343942136,0.9028912466843502,0.6414806334668957,0.6530143689581291,4.368676749999963
github,ptdnet,0,0.7,0.8116470868340315,0.8676923076923077,0.5907269605037206,0.55230538507528,4.368676749999963
github,ptdnet,0,0.8,0.8123342643170741,0.793209549071618,0.5065827132226675,0.42646078054843056,4.368676749999963
github,ptdnet,0,0.9,0.806036479969056,0.4972148541114058,0.3365769891242129,0.27144795338777256,4.368676749999963
github,ptdnet,1,0.1,0.8112634259635443,0.9797612732095491,0.8708261782102652,0.9546773929441321,4.168292249999922
github,ptdnet,1,0.2,0.8137036407073268,0.9602122015915119,0.7882083571837436,0.9110439411474792,4.168292249999922
github,ptdnet,1,0.3,0.8159972438345152,0.9514588859416445,0.7597786681930929,0.8707532212942123,4.168292249999922
github,ptdnet,1,0.4,0.8097506388308418,0.9392307692307692,0.7246708643388666,0.8185667730363678,4.168292249999922
github,ptdnet,1,0.5,0.8087973542371738,0.9254641909814324,0.6899446670482733,0.7539017865573414,4.168292249999922
github,ptdnet,1,0.6,0.8063232236381384,0.903474801061008,0.6439610761305095,0.6787209774944917,4.168292249999922
github,ptdnet,1,0.7,0.8058941058941059,0.8680636604774535,0.5911085670673536,0.5831866266288119,4.168292249999922
github,ptdnet,1,0.8,0.8050218228582067,0.7858355437665783,0.5054378935317687,0.46019698918509205,4.168292249999922
github,ptdnet,1,0.9,0.8051650324695405,0.45026525198938994,0.32131272657889715,0.30182955291416924,4.168292249999922
github,ptdnet,2,0.1,0.8147113285586082,0.9785676392572944,0.8687273421102844,0.9528573690372275,3.6634307080003055
github,ptdnet,2,0.2,0.8149262018684955,0.960238726790451,0.7868727342110284,0.9096521581598462,3.6634307080003055
github,ptdnet,2,0.3,0.8146769662921348,0.9512201591511936,0.7578706353749285,0.8662685688087384,3.6634307080003055
github,ptdnet,2,0.4,0.8152643743866128,0.9388063660477454,0.7221904216752528,0.8103230800977514,3.6634307080003055
github,ptdnet,2,0.5,0.8103297307341322,0.9250132625994695,0.6832665521846976,0.7451465468033928,3.6634307080003055
github,ptdnet,2,0.6,0.8111137257564438,0.9044031830238727,0.6433886662850601,0.6680505307706991,3.6634307080003055
github,ptdnet,2,0.7,0.8041786481560503,0.8690716180371353,0.584048845640145,0.570803160985296,3.6634307080003055
github,ptdnet,2,0.8,0.8051017827978053,0.790185676392573,0.48845640145010494,0.44661210667982165,3.6634307080003055
github,ptdnet,2,0.9,0.8053004262273571,0.47257294429708224,0.2963174966609426,0.2890535607159726,3.6634307080003055
github,ptdnet,3,0.1,0.819533275713051,0.9791777188328913,0.8708261782102652,0.9537019184662555,4.297626292000132
github,ptdnet,3,0.2,0.8180070100014489,0.9603183023872679,0.7874451440564778,0.9101755821420572,4.297626292000132
github,ptdnet,3,0.3,0.8229808842630695,0.9520159151193633,0.7613050944476245,0.8731323559266005,4.297626292000132
github,ptdnet,3,0.4,0.8191760679833199,0.9389655172413793,0.7240984544934173,0.8221593121826625,4.297626292000132
github,ptdnet,3,0.5,0.8161045761448535,0.9259681697612732,0.6918526998664377,0.7618837951261708,4.297626292000132
github,ptdnet,3,0.6,0.8169637935420062,0.9048010610079575,0.6470139286395726,0.6858821909680503,4.297626292000132
github,ptdnet,3,0.7,0.8141151279674377,0.8682758620689656,0.595115435985499,0.5925485410183955,4.297626292000132
github,ptdnet,3,0.8,0.807676815655726,0.7841379310344827,0.5062011066590345,0.4714978924995952,4.297626292000132
github,ptdnet,3,0.9,0.8090340951808135,0.43655172413793103,0.31558862812440375,0.31195279370067525,4.297626292000132
github,ptdnet,4,0.1,0.822190020138056,0.9783819628647215,0.8668193092921198,0.9521673885055321,3.6735545409992483
github,ptdnet,4,0.2,0.8224762087087552,0.9628116710875332,0.7958404884564014,0.9057028068234618,3.6735545409992483
github,ptdnet,4,0.3,0.8216547119143636,0.950212201591512,0.7529097500477008,0.8528026237001646,3.6735545409992483
github,ptdnet,4,0.4,0.8157039136848804,0.9394694960212202,0.7193283724480061,0.7895531745425285,3.6735545409992483
github,ptdnet,4,0.5,0.8148781833352408,0.9260212201591512,0.6844113718755963,0.720486786231452,3.6735545409992483
github,ptdnet,4,0.6,0.8125585416790815,0.9072148541114058,0.6424346498759779,0.6356466364233223,3.6735545409992483
github,ptdnet,4,0.7,0.8118341302459571,0.8789389920424403,0.5897729440946384,0.5315116699436631,3.6735545409992483
github,ptdnet,4,0.8,0.8086024013449976,0.8087267904509284,0.5039114672772371,0.40749904935455195,3.6735545409992483
github,ptdnet,4,0.9,0.8052401067954064,0.5190716180371353,0.32074031673344783,0.25071373457582224,3.6735545409992483
github,ptdnet,5,0.1,0.81305317677308,0.9794694960212201,0.868154932264835,0.9555814939354634,3.7013284580007166
github,ptdnet,5,0.2,0.8135283341747902,0.9603448275862069,0.7880175539019271,0.912566593941324,3.7013284580007166
github,ptdnet,5,0.3,0.8104851442712416,0.9508753315649867,0.7561534058385804,0.8664707568588589,3.7013284580007166
github,ptdnet,5,0.4,0.8113667214968707,0.94,0.7250524709024995,0.8188403898156703,3.7013284580007166
github,ptdnet,5,0.5,0.8114166696272322,0.926684350132626,0.6887998473573745,0.751011105109621,3.7013284580007166
github,ptdnet,5,0.6,0.8076736808123676,0.9051989389920424,0.6414806334668957,0.6748310672351373,3.7013284580007166
github,ptdnet,5,0.7,0.8070474464058278,0.8696021220159151,0.5884373211219233,0.580046137978183,3.7013284580007166
github,ptdnet,5,0.8,0.8060664859571152,0.7889920424403183,0.5002862049227247,0.45659260049323713,3.7013284580007166
github,ptdnet,5,0.9,0.8042352326329331,0.4560212201591512,0.311009349360809,0.297749331771573,3.7013284580007166
github,ptdnet,6,0.1,0.8252038301245093,0.9787798408488063,0.868154932264835,0.953559171493165,3.7293034590002208
github,ptdnet,6,0.2,0.8265968710074931,0.96,0.7870635374928449,0.9095332207631497,3.7293034590002208
github,ptdnet,6,0.3,0.8257670690155121,0.9513262599469496,0.7582522419385613,0.8686952673512779,3.7293034590002208
github,ptdnet,6,0.4,0.822462244084909,0.9392307692307692,0.7225720282388857,0.8154739035385269,3.7293034590002208
github,ptdnet,6,0.5,0.8213297720740429,0.9244297082228117,0.6849837817210456,0.7503925533071074,3.7293034590002208
github,ptdnet,6,0.6,0.8176085718260617,0.9037665782493368,0.6424346498759779,0.6757113586500746,3.7293034590002208
github,ptdnet,6,0.7,0.8154569352659384,0.8674005305039788,0.5842396489219615,0.5804386921541821,3.7293034590002208
github,ptdnet,6,0.8,0.810360719057718,0.7842970822281167,0.49017363098645295,0.45761561125994665,3.7293034590002208
github,ptdnet,6,0.9,0.8135145735095834,0.45854111405835546,0.29269223430643004,0.29866530992978296,3.7293034590002208
github,ptdnet,7,0.1,0.8182352436729773,0.9786472148541114,0.8679641289830186,0.9535948582364376,3.7240314170012425
github,ptdnet,7,0.2,0.8208758982841176,0.960132625994695,0.7872543407746613,0.909890088195876,3.7240314170012425
github,ptdnet,7,0.3,0.8161716289461247,0.9517241379310345,0.7611142911658081,0.8746074448102941,3.7240314170012425
github,ptdnet,7,0.4,0.8210903292077553,0.9388063660477454,0.723526044647968,0.8246455070448686,3.7240314170012425
github,ptdnet,7,0.5,0.8169735894628396,0.9255437665782493,0.6903262736119061,0.7643699899883768,3.7240314170012425
github,ptdnet,7,0.6,0.8159572845156369,0.9042440318302387,0.6470139286395726,0.6869766028426234,3.7240314170012425
github,ptdnet,7,0.7,0.8114839761379717,0.8680636604774535,0.5937798130127838,0.5946421817046026,3.7240314170012425
github,ptdnet,7,0.8,0.8034150750432856,0.7850663129973475,0.5103987788589964,0.4733774127261664,3.7240314170012425
github,ptdnet,7,0.9,0.8078190369136746,0.44090185676392574,0.32131272657889715,0.3115602395246762,3.7240314170012425
github,ptdnet,8,0.1,0.8117371706387501,0.9794429708222812,0.868154932264835,0.955331686732555,3.6820682080033293
github,ptdnet,8,0.2,0.8160409005382446,0.9614058355437666,0.7929784392291548,0.9115316783864175,3.6820682080033293
github,ptdnet,8,0.3,0.8149135930102895,0.9514588859416445,0.7574890288112955,0.8630210199282915,3.6820682080033293
github,ptdnet,8,0.4,0.814297341077002,0.9396816976127321,0.7239076512116008,0.8031499894573142,3.6820682080033293
github,ptdnet,8,0.5,0.8127628566977073,0.92657824933687,0.6847929784392291,0.7338932350203592,3.6820682080033293
github,ptdnet,8,0.6,0.8103381190156903,0.9055437665782493,0.6386185842396489,0.6530024365486138,3.6820682080033293
github,ptdnet,8,0.7,0.805831840123765,0.8728116710875331,0.5863384850219424,0.5530191199407328,3.6820682080033293
github,ptdnet,8,0.8,0.8074553054947975,0.7975331564986737,0.5029574508681549,0.4297321113839531,3.6820682080033293
github,ptdnet,8,0.9,0.8045801325007217,0.49673740053050397,0.31520702156077085,0.2697944307877158,3.6820682080033293
github,ptdnet,9,0.1,0.8085260476799294,0.980026525198939,0.8727342110284297,0.9550818795296465,3.7012471669986553
github,ptdnet,9,0.2,0.8131310653757611,0.9601856763925729,0.7880175539019271,0.9108536302642373,3.7012471669986553
github,ptdnet,9,0.3,0.8133413037762257,0.9507957559681698,0.757679832093112,0.8681480890353096,3.7012471669986553
github,ptdnet,9,0.4,0.8045940015481985,0.9393103448275862,0.7246708643388666,0.8181266549502175,3.7012471669986553
github,ptdnet,9,0.5,0.8061527530640673,0.9254376657824934,0.6910894867391719,0.7500356858743811,3.7012471669986553
github,ptdnet,9,0.6,0.8039546634161686,0.9041909814323608,0.6449150925395917,0.6749856913751066,3.7012471669986553
github,ptdnet,9,0.7,0.8039438021198988,0.8683023872679045,0.5911085670673536,0.5791064054862157,3.7012471669986553
github,ptdnet,9,0.8,0.8003060715971028,0.7872679045092839,0.4995229917954589,0.4566282872365097,3.7012471669986553
github,ptdnet,9,0.9,0.8013099209075418,0.4619363395225464,0.31005533295172677,0.29717834387921077,3.7012471669986553
github,random,0,0.1,0.8154025120039328,0.9845623342175066,0.9028811295554283,0.8999452535044149,0.020373249999999565
github,random,0,0.2,0.8142834631543476,0.9651724137931035,0.8055714558290402,0.8009492885412891,0.020373249999999565
github,random,0,0.3,0.8130649999105124,0.9417241379310345,0.7092157985117344,0.7006922999114691,0.020373249999999565
github,random,0,0.4,0.8098976167356604,0.9119893899204244,0.609234878839916,0.6002093688977711,0.020373249999999565
github,random,0,0.5,0.8086967963410356,0.8722015915119363,0.5006678114863575,0.4996550091548912,0.020373249999999565
github,random,0,0.6,0.8107788201738869,0.823236074270557,0.3999236786872734,0.4003497406691903,0.020373249999999565
github,random,0,0.7,0.8060327248405357,0.7531034482758621,0.3056668574699485,0.300354491651794,0.020373249999999565
github,random,0,0.8,0.8069805194805195,0.6391511936339522,0.2007250524709025,0.19966928972402057,0.020373249999999565
github,random,0,0.9,0.8058924485125858,0.4426259946949602,0.09730967372638809,0.09921012685473908,0.020373249999999565
github,random,1,0.1,0.808412686841907,0.9838196286472148,0.8992558672009159,0.9008374220862309,0.0034580000001369626
github,random,1,0.2,0.8087686703701449,0.9638992042440319,0.7971761114291166,0.7990697683147179,0.0034580000001369626
github,random,1,0.3,0.8104808445631739,0.940238726790451,0.6958595687845831,0.6973615003775983,0.0034580000001369626
github,random,1,0.4,0.8112767381953013,0.909867374005305,0.5911085670673536,0.5972354367966267,0.0034580000001369626
github,random,1,0.5,0.8069017615023307,0.8719098143236075,0.4939896966227819,0.4968951975133826,0.0034580000001369626
github,random,1,0.6,0.8071078916583961,0.8218302387267904,0.395916809769128,0.3976256157709544,0.0034580000001369626
github,random,1,0.7,0.8064519140118174,0.7508222811671088,0.29421866056096163,0.2984273798937531,0.0034580000001369626
github,random,1,0.8,0.8070531225155846,0.6376392572944297,0.20015264262545315,0.19868195188992446,0.0034580000001369626
github,random,1,0.9,0.8048790731918165,0.4422811671087533,0.10150734592634994,0.09932907806209483,0.0034580000001369626
github,random,2,0.1,0.811704362779917,0.9838461538461538,0.8971570311009349,0.9014797834651385,0.0017205000003741588
github,random,2,0.2,0.809759297572791,0.9646684350132626,0.7931692425109712,0.8015202764336514,0.0017205000003741588
github,random,2,0.3,0.8086843269201677,0.9426790450928382,0.6991032245754627,0.7003354324787426,0.0017205000003741588
github,random,2,0.4,0.8042037050960222,0.9118832891246684,0.589582140812822,0.6005186171777095,0.0017205000003741588
github,random,2,0.5,0.8043315713586856,0.8735278514588859,0.4890288112955543,0.5007612981963431,0.0017205000003741588
github,random,2,0.6,0.802267613124974,0.8220159151193634,0.38675825224193855,0.40025455760625106,0.0017205000003741588
github,random,2,0.7,0.8040555466522628,0.7526525198938993,0.29708070978820833,0.3032213635231205,0.0017205000003741588
github,random,2,0.8,0.8048349080395889,0.6415384615384615,0.19881701965273801,0.20280976456399033,0.0017205000003741588
github,random,2,0.9,0.8041770085455038,0.4489389920424403,0.10398778858996374,0.1005067544007511,0.0017205000003741588
github,random,3,0.1,0.8164282849132304,0.983342175066313,0.8962030146918527,0.8981609163407829,0.0017301670004599146
github,random,3,0.2,0.8170493076145183,0.9642440318302388,0.8009921770654456,0.7974162457146612,0.0017301670004599146
github,random,3,0.3,0.8127526672674212,0.9410079575596817,0.7031100934936081,0.6979682302558697,0.0017301670004599146
github,random,3,0.4,0.8181108695786425,0.9096816976127321,0.6000763213127266,0.5978302342653828,0.0017301670004599146
github,random,3,0.5,0.8141578186510684,0.8716976127320955,0.5008586147681741,0.4989531514563171,0.0017301670004599146
github,random,3,0.6,0.8132941514278222,0.820026525198939,0.4008776950963557,0.3990173987585873,0.0017301670004599146
github,random,3,0.7,0.8076506930439515,0.7493899204244032,0.3060484640335814,0.29947420023685667,0.0017301670004599146
github,random,3,0.8,0.810012808437454,0.63684350132626,0.2032054951345163,0.19969308548975537,0.0017301670004599146
github,random,3,0.9,0.8057459218875069,0.44084880636604773,0.09959931310818546,0.10053054326115633,0.0017301670004599146
github,random,4,0.1,0.8160353809072449,0.9840053050397878,0.8965846212554855,0.898946024692781,0.0022926250003365567
github,random,4,0.2,0.8163554759076086,0.9650132625994695,0.797748521274566,0.7982489179768105,0.0022926250003365567
github,random,4,0.3,0.8169925760594703,0.9415915119363395,0.7008204541118107,0.6985867820583833,0.0022926250003365567
github,random,4,0.4,0.8148923727275463,0.9129973474801061,0.6048464033581378,0.5982703523515333,0.0022926250003365567
github,random,4,0.5,0.8103367380960775,0.8741644562334218,0.5035298607136043,0.49850115620328805,0.0022926250003365567
github,random,4,0.6,0.8059837415428158,0.8222015915119364,0.4010684983781721,0.39803007473515045,0.0022926250003365567
github,random,4,0.7,0.8053478121258468,0.7496286472148541,0.2949818736882274,0.2983560064072079,0.0022926250003365567
github,random,4,0.8,0.8096118754765481,0.640132625994695,0.1991986262163709,0.19839645794374336,0.0022926250003365567
github,random,4,0.9,0.8073589784620184,0.4410875331564987,0.09883609998091968,0.09991197074265405,0.0022926250003365567
github,random,5,0.1,0.809824322123155,0.9844297082228116,0.9019271131463461,0.90025455702699,0.0019560830005502794
github,random,5,0.2,0.8048191060887112,0.9651193633952254,0.800801373783629,0.800247430842715,0.0019560830005502794
github,random,5,0.3,0.7995430065585677,0.9428647214854111,0.7038733066208739,0.7013941576100432,0.0019560830005502794
github,random,5,0.4,0.800966740292583,0.913315649867374,0.6035107803854226,0.5981514149548366,0.0019560830005502794
github,random,5,0.5,0.8020126245377963,0.8763660477453581,0.5092539591680977,0.49757324563556277,0.0019560830005502794
github,random,5,0.6,0.8044318535399049,0.8238461538461539,0.40602938370539976,0.3977921446991206,0.0019560830005502794
github,random,5,0.7,0.7983882287676828,0.749867374005305,0.3039496279336005,0.29968832069649254,0.0019560830005502794
github,random,5,0.8,0.8016399146874601,0.6395490716180371,0.20167906887998474,0.20070421908958627,0.0019560830005502794
github,random,5,0.9,0.8022353330082337,0.446631299734748,0.10456019843541309,0.10001903097247197,0.0019560830005502794
github,random,6,0.1,0.8207645623181475,0.9836870026525198,0.8948673917191375,0.9013965328117145,0.001788749999832362
github,random,6,0.2,0.8230303910181959,0.9644827586206897,0.7943140622018698,0.8012823463976215,0.001788749999832362
github,random,6,0.3,0.819850910609337,0.9409018567639257,0.6952871589391337,0.7000142517892889,0.001788749999832362
github,random,6,0.4,0.8153701639105344,0.9102652519893899,0.594733829421866,0.5999476292853473,0.001788749999832362
github,random,6,0.5,0.8150567690288281,0.8718567639257294,0.49379889334096544,0.4992267682356195,0.001788749999832362
github,random,6,0.6,0.8133684801243868,0.8210610079575597,0.3953443999236787,0.39860106262751266,0.001788749999832362
github,random,6,0.7,0.8137832809053092,0.7476392572944297,0.29345544743369584,0.2972972812759073,0.001788749999832362
github,random,6,0.8,0.8113665854042151,0.6375331564986737,0.1942377408891433,0.19941948252111208,0.001788749999832362
github,random,6,0.9,0.815594343942136,0.4423607427055703,0.09730967372638809,0.0988532525166831,0.001788749999832362
github,random,7,0.1,0.8148162347129608,0.9839522546419098,0.9019271131463461,0.9018367061405015,0.001756084000589908
github,random,7,0.2,0.8169050035430891,0.9652254641909814,0.8065254722381225,0.800306871919745,0.001756084000589908
github,random,7,0.3,0.8111343941837705,0.9404509283819629,0.7074985689753863,0.6994789506401993,0.001756084000589908
github,random,7,0.4,0.8123298119332893,0.9119363395225464,0.6122877313489792,0.6002450556410437,0.001756084000589908
github,random,7,0.5,0.8078396952427287,0.8727586206896552,0.5062011066590345,0.49788254915813784,0.001756084000589908
github,random,7,0.6,0.8069717884753849,0.8212201591511936,0.403167334478153,0.3977207712125753,0.001756084000589908
github,random,7,0.7,0.8037119161938018,0.7485941644562334,0.29421866056096163,0.2965716416222576,0.001756084000589908
github,random,7,0.8,0.8062377493580072,0.639840848806366,0.20015264262545315,0.19790873451546423,0.001756084000589908
github,random,7,0.9,0.807714732887758,0.4440053050397878,0.09711887044457165,0.09853207182722934,0.001756084000589908
github,random,8,0.1,0.8106942476528717,0.9848010610079576,0.9028811295554283,0.9001356196302934,0.002048250000370899
github,random,8,0.2,0.8104072112758597,0.9653846153846154,0.8027094066017936,0.7981418577469926,0.002048250000370899
github,random,8,0.3,0.8066194636933651,0.9427320954907161,0.7017744705208929,0.6996455071896839,0.002048250000370899
github,random,8,0.4,0.803470905331205,0.9133952254641909,0.6071360427399352,0.6002926195511951,0.002048250000370899
github,random,8,0.5,0.801770419013311,0.8746684350132626,0.509826369013547,0.4995241393486793,0.002048250000370899
github,random,8,0.6,0.8028554930399148,0.8224933687002652,0.4039305476054188,0.3997668479886311,0.002048250000370899
github,random,8,0.7,0.8005358670585693,0.7495755968169762,0.3016599885518031,0.30009277966068854,0.002048250000370899
github,random,8,0.8,0.8075560913643356,0.636737400530504,0.20015264262545315,0.19938379577783943,0.002048250000370899
github,random,8,0.9,0.8080388517759818,0.4439522546419098,0.1005533295172677,0.09984059725610878,0.002048250000370899
github,random,9,0.1,0.8128424318678769,0.9840318302387268,0.8992558672009159,0.900563860549565,0.0019296669997856952
github,random,9,0.2,0.8123940469995046,0.9637135278514589,0.7937416523564206,0.8009730428750464,0.0019296669997856952
github,random,9,0.3,0.8112213396755733,0.9396286472148541,0.6884182407937417,0.7011800371504073,0.0019296669997856952
github,random,9,0.4,0.8077218315218078,0.9093633952254642,0.5888189276855562,0.6020650795479483,0.0019296669997856952
github,random,9,0.5,0.8025095712285443,0.8719098143236075,0.48941041785918715,0.5007969849396157,0.0019296669997856952
github,random,9,0.6,0.805677489653679,0.8218567639257295,0.395916809769128,0.40015940216463014,0.0019296669997856952
github,random,9,0.7,0.7989381622702026,0.7485145888594165,0.3008967754245373,0.30185333486924487,0.0019296669997856952
github,random,9,0.8,0.7974970765360382,0.6427851458885941,0.2047319213890479,0.20276217303252073,0.0019296669997856952
github,random,9,0.9,0.8010729870091207,0.44289124668435015,0.09788208357183743,0.1006851881171143,0.0019296669997856952
github,resistance_style_proxy,0,0.1,0.8011434256731416,0.6438992042440318,0.0,0.8152240963356183,0.05514795799999206
github,resistance_style_proxy,0,0.2,0.8037345654865538,0.5006366047745358,0.0,0.6619956063385923,0.05514795799999206
github,resistance_style_proxy,0,0.3,0.8045083327332555,0.3962334217506631,0.0,0.5329272625076901,0.05514795799999206
github,resistance_style_proxy,0,0.4,0.8067468846750914,0.3056763925729443,0.0,0.4155048398784569,0.05514795799999206
github,resistance_style_proxy,0,0.5,0.802520103292446,0.23527851458885943,0.0,0.31524790649127343,0.05514795799999206
github,resistance_style_proxy,0,0.6,0.8043422844847106,0.17464190981432362,0.0,0.22583982592292742,0.05514795799999206
github,resistance_style_proxy,0,0.7,0.8053031486783178,0.12644562334217507,0.0,0.1478516274977586,0.05514795799999206
github,resistance_style_proxy,0,0.8,0.8059547371554727,0.08408488063660477,0.0,0.0846973752137209,0.05514795799999206
github,resistance_style_proxy,0,0.9,0.8053099607092242,0.04488063660477454,0.0,0.035413492475805115,0.05514795799999206
github,resistance_style_proxy,1,0.1,0.8021375935119472,0.6438992042440318,0.0,0.8152240963356183,0.05591641599994546
github,resistance_style_proxy,1,0.2,0.7999857207322345,0.5006366047745358,0.0,0.6619956063385923,0.05591641599994546
github,resistance_style_proxy,1,0.3,0.8029020857720193,0.3962334217506631,0.0,0.5329272625076901,0.05591641599994546
github,resistance_style_proxy,1,0.4,0.8037662567474517,0.3056763925729443,0.0,0.4155048398784569,0.05591641599994546
github,resistance_style_proxy,1,0.5,0.804959413381885,0.23527851458885943,0.0,0.31524790649127343,0.05591641599994546
github,resistance_style_proxy,1,0.6,0.8039519900384502,0.17464190981432362,0.0,0.22583982592292742,0.05591641599994546
github,resistance_style_proxy,1,0.7,0.808021960648706,0.12644562334217507,0.0,0.1478516274977586,0.05591641599994546
github,resistance_style_proxy,1,0.8,0.8055229139579938,0.08408488063660477,0.0,0.0846973752137209,0.05591641599994546
github,resistance_style_proxy,1,0.9,0.8073954793036406,0.04488063660477454,0.0,0.035413492475805115,0.05591641599994546
github,resistance_style_proxy,2,0.1,0.803213471217364,0.6438992042440318,0.0,0.8152240963356183,0.050411082999744394
github,resistance_style_proxy,2,0.2,0.80651214541747,0.5006366047745358,0.0,0.6619956063385923,0.050411082999744394
github,resistance_style_proxy,2,0.3,0.8034463145312583,0.3962334217506631,0.0,0.5329272625076901,0.050411082999744394
github,resistance_style_proxy,2,0.4,0.8083887565742245,0.3056763925729443,0.0,0.4155048398784569,0.050411082999744394
github,resistance_style_proxy,2,0.5,0.8037858951044115,0.23527851458885943,0.0,0.31524790649127343,0.050411082999744394
github,resistance_style_proxy,2,0.6,0.8066824954471843,0.17464190981432362,0.0,0.22583982592292742,0.050411082999744394
github,resistance_style_proxy,2,0.7,0.8048556586450031,0.12644562334217507,0.0,0.1478516274977586,0.050411082999744394
github,resistance_style_proxy,2,0.8,0.8057116213385555,0.08408488063660477,0.0,0.0846973752137209,0.050411082999744394
github,resistance_style_proxy,2,0.9,0.8052408379255407,0.04488063660477454,0.0,0.035413492475805115,0.050411082999744394
github,resistance_style_proxy,3,0.1,0.8128467230191434,0.6438992042440318,0.0,0.8152240963356183,0.05153354199956084
github,resistance_style_proxy,3,0.2,0.8119560623481936,0.5006366047745358,0.0,0.6619956063385923,0.05153354199956084
github,resistance_style_proxy,3,0.3,0.8097797776136434,0.3962334217506631,0.0,0.5329272625076901,0.05153354199956084
github,resistance_style_proxy,3,0.4,0.8136544522061464,0.3056763925729443,0.0,0.4155048398784569,0.05153354199956084
github,resistance_style_proxy,3,0.5,0.8106508609936316,0.23527851458885943,0.0,0.31524790649127343,0.05153354199956084
github,resistance_style_proxy,3,0.6,0.8132956991442197,0.17464190981432362,0.0,0.22583982592292742,0.05153354199956084
github,resistance_style_proxy,3,0.7,0.8132347041367507,0.12644562334217507,0.0,0.1478516274977586,0.05153354199956084
github,resistance_style_proxy,3,0.8,0.8136940771932406,0.08408488063660477,0.0,0.0846973752137209,0.05153354199956084
github,resistance_style_proxy,3,0.9,0.8126853604500326,0.04488063660477454,0.0,0.035413492475805115,0.05153354199956084
github,resistance_style_proxy,4,0.1,0.8092151755900985,0.6438992042440318,0.0,0.8152240963356183,0.05094149999968067
github,resistance_style_proxy,4,0.2,0.8037848612385826,0.5006366047745358,0.0,0.6619956063385923,0.05094149999968067
github,resistance_style_proxy,4,0.3,0.8078520215940903,0.3962334217506631,0.0,0.5329272625076901,0.05094149999968067
github,resistance_style_proxy,4,0.4,0.807094082427624,0.3056763925729443,0.0,0.4155048398784569,0.05094149999968067
github,resistance_style_proxy,4,0.5,0.8065736732403399,0.23527851458885943,0.0,0.31524790649127343,0.05094149999968067
github,resistance_style_proxy,4,0.6,0.809384460769214,0.17464190981432362,0.0,0.22583982592292742,0.05094149999968067
github,resistance_style_proxy,4,0.7,0.808346969597736,0.12644562334217507,0.0,0.1478516274977586,0.05094149999968067
github,resistance_style_proxy,4,0.8,0.8061829538789704,0.08408488063660477,0.0,0.0846973752137209,0.05094149999968067
github,resistance_style_proxy,4,0.9,0.8099099231553359,0.04488063660477454,0.0,0.035413492475805115,0.05094149999968067
github,resistance_style_proxy,5,0.1,0.7964800342632202,0.6438992042440318,0.0,0.8152240963356183,0.05070420800075226
github,resistance_style_proxy,5,0.2,0.8041619144494296,0.5006366047745358,0.0,0.6619956063385923,0.05070420800075226
github,resistance_style_proxy,5,0.3,0.8026115936222311,0.3962334217506631,0.0,0.5329272625076901,0.05070420800075226
github,resistance_style_proxy,5,0.4,0.8016785908652595,0.3056763925729443,0.0,0.4155048398784569,0.05070420800075226
github,resistance_style_proxy,5,0.5,0.8020545758987787,0.23527851458885943,0.0,0.31524790649127343,0.05070420800075226
github,resistance_style_proxy,5,0.6,0.802111762738184,0.17464190981432362,0.0,0.22583982592292742,0.05070420800075226
github,resistance_style_proxy,5,0.7,0.8034547685567355,0.12644562334217507,0.0,0.1478516274977586,0.05070420800075226
github,resistance_style_proxy,5,0.8,0.7998634589412131,0.08408488063660477,0.0,0.0846973752137209,0.05070420800075226
github,resistance_style_proxy,5,0.9,0.8021495357517263,0.04488063660477454,0.0,0.035413492475805115,0.05070420800075226
github,resistance_style_proxy,6,0.1,0.8215499790592231,0.6438992042440318,0.0,0.8152240963356183,0.05193825000060315
github,resistance_style_proxy,6,0.2,0.8200704535627813,0.5006366047745358,0.0,0.6619956063385923,0.05193825000060315
github,resistance_style_proxy,6,0.3,0.818346668040496,0.3962334217506631,0.0,0.5329272625076901,0.05193825000060315
github,resistance_style_proxy,6,0.4,0.816013036271481,0.3056763925729443,0.0,0.4155048398784569,0.05193825000060315
github,resistance_style_proxy,6,0.5,0.8169120478085767,0.23527851458885943,0.0,0.31524790649127343,0.05193825000060315
github,resistance_style_proxy,6,0.6,0.8165864769431378,0.17464190981432362,0.0,0.22583982592292742,0.05193825000060315
github,resistance_style_proxy,6,0.7,0.815607787775047,0.12644562334217507,0.0,0.1478516274977586,0.05193825000060315
github,resistance_style_proxy,6,0.8,0.8175462143662594,0.08408488063660477,0.0,0.0846973752137209,0.05193825000060315
github,resistance_style_proxy,6,0.9,0.8203402311512362,0.04488063660477454,0.0,0.035413492475805115,0.05193825000060315
github,resistance_style_proxy,7,0.1,0.8060509030534024,0.6438992042440318,0.0,0.8152240963356183,0.051338749999558786
github,resistance_style_proxy,7,0.2,0.8019234054415689,0.5006366047745358,0.0,0.6619956063385923,0.051338749999558786
github,resistance_style_proxy,7,0.3,0.8018841977583802,0.3962334217506631,0.0,0.5329272625076901,0.051338749999558786
github,resistance_style_proxy,7,0.4,0.8018196533666134,0.3056763925729443,0.0,0.4155048398784569,0.051338749999558786
github,resistance_style_proxy,7,0.5,0.804947180220736,0.23527851458885943,0.0,0.31524790649127343,0.051338749999558786
github,resistance_style_proxy,7,0.6,0.8057972433731515,0.17464190981432362,0.0,0.22583982592292742,0.051338749999558786
github,resistance_style_proxy,7,0.7,0.8066872777290441,0.12644562334217507,0.0,0.1478516274977586,0.051338749999558786
github,resistance_style_proxy,7,0.8,0.8067605570174943,0.08408488063660477,0.0,0.0846973752137209,0.051338749999558786
github,resistance_style_proxy,7,0.9,0.805373474051295,0.04488063660477454,0.0,0.035413492475805115,0.051338749999558786
github,resistance_style_proxy,8,0.1,0.800610966671417,0.6438992042440318,0.0,0.8152240963356183,0.051125000001775334
github,resistance_style_proxy,8,0.2,0.8055187209727472,0.5006366047745358,0.0,0.6619956063385923,0.051125000001775334
github,resistance_style_proxy,8,0.3,0.8049706479842749,0.3962334217506631,0.0,0.5329272625076901,0.051125000001775334
github,resistance_style_proxy,8,0.4,0.811979994424638,0.3056763925729443,0.0,0.4155048398784569,0.051125000001775334
github,resistance_style_proxy,8,0.5,0.809173739355092,0.23527851458885943,0.0,0.31524790649127343,0.051125000001775334
github,resistance_style_proxy,8,0.6,0.8073152111046848,0.17464190981432362,0.0,0.22583982592292742,0.051125000001775334
github,resistance_style_proxy,8,0.7,0.8107681795657181,0.12644562334217507,0.0,0.1478516274977586,0.051125000001775334
github,resistance_style_proxy,8,0.8,0.81006121369373,0.08408488063660477,0.0,0.0846973752137209,0.051125000001775334
github,resistance_style_proxy,8,0.9,0.8055258260777338,0.04488063660477454,0.0,0.035413492475805115,0.051125000001775334
github,resistance_style_proxy,9,0.1,0.8044003055608764,0.6438992042440318,0.0,0.8152240963356183,0.05097287500029779
github,resistance_style_proxy,9,0.2,0.8057019335320408,0.5006366047745358,0.0,0.6619956063385923,0.05097287500029779
github,resistance_style_proxy,9,0.3,0.8012759273267742,0.3962334217506631,0.0,0.5329272625076901,0.05097287500029779
github,resistance_style_proxy,9,0.4,0.807383825561944,0.3056763925729443,0.0,0.4155048398784569,0.05097287500029779
github,resistance_style_proxy,9,0.5,0.8043348478948568,0.23527851458885943,0.0,0.31524790649127343,0.05097287500029779
github,resistance_style_proxy,9,0.6,0.8079885545998682,0.17464190981432362,0.0,0.22583982592292742,0.05097287500029779
github,resistance_style_proxy,9,0.7,0.8062269034097296,0.12644562334217507,0.0,0.1478516274977586,0.05097287500029779
github,resistance_style_proxy,9,0.8,0.8062046484011016,0.08408488063660477,0.0,0.0846973752137209,0.05097287500029779
github,resistance_style_proxy,9,0.9,0.8076338764628432,0.04488063660477454,0.0,0.035413492475805115,0.05097287500029779
lastfm,cailp_a31,0,0.1,0.822730582653792,1.0,1.0,0.9999999927272728,292.363622791
lastfm,cailp_a31,0,0.2,0.8124912500862946,1.0,1.0,0.9999999927272728,292.363622791
lastfm,cailp_a31,0,0.3,0.8232335960805733,0.9997376705141658,0.9989631933644375,0.9999999927272728,292.363622791
lastfm,cailp_a31,0,0.4,0.8391603595288303,0.9857030430220357,0.9647485743908761,0.9999999927272728,292.363622791
lastfm,cailp_a31,0,0.5,0.7987683692878679,0.9382214060860441,0.8864696734059098,0.9999999927272728,292.363622791
lastfm,cailp_a31,0,0.6,0.8088013043955142,0.8722455403987408,0.8278900984966304,0.9999999927272728,292.363622791
lastfm,cailp_a31,0,0.7,0.7816633073974233,0.7233735571878279,0.7418351477449455,0.9090909024793389,292.363622791
lastfm,cailp_a31,0,0.8,0.7179908626605489,0.49055613850996854,0.60082944530845,0.9090909024793389,292.363622791
lastfm,cailp_a31,0,0.9,0.6460686201906318,0.1184417628541448,0.4188698807672369,0.5909090866115703,292.363622791
lastfm,cailp_a31,1,0.1,0.7239505002841251,0.8360440713536201,0.6448937273198548,0.6363636317355372,299.89901554200014
lastfm,cailp_a31,1,0.2,0.6882804036021724,0.7067156348373557,0.4059097978227061,0.1818181804958678,299.89901554200014
lastfm,cailp_a31,1,0.3,0.6537993069578517,0.6097848898216159,0.2871954380508035,0.13636363537190083,299.89901554200014
lastfm,cailp_a31,1,0.4,0.6472461530899393,0.5313483735571878,0.22187662001036806,0.0909090902479339,299.89901554200014
lastfm,cailp_a31,1,0.5,0.6103814713030077,0.46773347324239245,0.18040435458786935,0.0909090902479339,299.89901554200014
lastfm,cailp_a31,1,0.6,0.5966009729991786,0.40634837355718784,0.14774494556765164,0.0909090902479339,299.89901554200014
lastfm,cailp_a31,1,0.7,0.5589799314865473,0.34430745015739767,0.13011923276308968,0.0909090902479339,299.89901554200014
lastfm,cailp_a31,1,0.8,0.5444764559496398,0.28816894018887723,0.11093831000518403,0.0,299.89901554200014
lastfm,cailp_a31,1,0.9,0.5065215044571227,0.1895330535152151,0.09020217729393468,0.0,299.89901554200014
lastfm,cailp_a31,2,0.1,0.7404164187904418,0.8182056663168941,0.48418869880767235,0.45454545123966944,490.5481175
lastfm,cailp_a31,2,0.2,0.7107467736780513,0.6979275970619098,0.28615863141524106,0.1818181804958678,490.5481175
lastfm,cailp_a31,2,0.3,0.6471351457556539,0.5881427072402938,0.1565578019699326,0.13636363537190083,490.5481175
lastfm,cailp_a31,2,0.4,0.6383753418580279,0.4556663168940189,0.03576982892690513,0.0,490.5481175
lastfm,cailp_a31,2,0.5,0.5638230440582621,0.3549317943336831,0.006220839813374806,0.0,490.5481175
lastfm,cailp_a31,2,0.6,0.557039460078534,0.29118572927597064,0.0,0.0,490.5481175
lastfm,cailp_a31,2,0.7,0.5307924476959283,0.24606505771248688,0.0,0.0,490.5481175
lastfm,cailp_a31,2,0.8,0.5066224221102014,0.19845225603357816,0.0,0.0,490.5481175
lastfm,cailp_a31,2,0.9,0.4617596775210831,0.14795383001049317,0.0,0.0,490.5481175
lastfm,cailp_a31,3,0.1,0.7870643922691355,0.9862277019937041,0.960082944530845,0.9999999927272728,100.53909345800002
lastfm,cailp_a31,3,0.2,0.7822250762738231,0.9714060860440713,0.9476412649040954,0.9545454476033058,100.53909345800002
lastfm,cailp_a31,3,0.3,0.7814355260177133,0.9546169989506821,0.9372731985484707,0.9545454476033058,100.53909345800002
lastfm,cailp_a31,3,0.4,0.7649538287393042,0.9257607555089192,0.9170554691550026,0.9545454476033058,100.53909345800002
lastfm,cailp_a31,3,0.5,0.765548711437044,0.8827387198321092,0.8890616899948159,0.9545454476033058,100.53909345800002
lastfm,cailp_a31,3,0.6,0.7646954109212559,0.8010230849947534,0.8372213582166926,0.9545454476033058,100.53909345800002
lastfm,cailp_a31,3,0.7,0.710431611261612,0.6663168940188877,0.7439087610160705,0.863636357355372,100.53909345800002
lastfm,cailp_a31,3,0.8,0.7051343766807067,0.47075026232948586,0.6013478486262313,0.5909090866115703,100.53909345800002
lastfm,cailp_a31,3,0.9,0.60823288082788,0.19346799580272822,0.3587350959046138,0.1818181804958678,100.53909345800002
lastfm,cailp_a31,4,0.1,0.7721172182814094,1.0,1.0,0.9999999927272728,99.71155966700007
lastfm,cailp_a31,4,0.2,0.7796947671973754,1.0,1.0,0.9999999927272728,99.71155966700007
lastfm,cailp_a31,4,0.3,0.7679667788531085,1.0,1.0,0.9999999927272728,99.71155966700007
lastfm,cailp_a31,4,0.4,0.789859362750202,0.9996065057712487,1.0,0.9999999927272728,99.71155966700007
lastfm,cailp_a31,4,0.5,0.7888538818943087,0.9845225603357818,0.997926386728875,0.9999999927272728,99.71155966700007
lastfm,cailp_a31,4,0.6,0.6820522747608492,0.9231374606505771,0.9683773976153447,0.9999999927272728,99.71155966700007
lastfm,cailp_a31,4,0.7,0.6580940385869992,0.7862014690451207,0.8724727838258165,0.9090909024793389,99.71155966700007
lastfm,cailp_a31,4,0.8,0.5839061796027102,0.4994753410283316,0.7190254017625712,0.5909090866115703,99.71155966700007
lastfm,cailp_a31,4,0.9,0.533004656099071,0.12119622245540398,0.45775012960082945,0.40909090611570254,99.71155966700007
lastfm,cailp_a31,5,0.1,0.8131947721562766,0.9998688352570829,0.9994815966822188,0.9999999927272728,301.478126417
lastfm,cailp_a31,5,0.2,0.7609320903856888,0.9994753410283316,0.9994815966822188,0.9999999927272728,301.478126417
lastfm,cailp_a31,5,0.3,0.8191499138558499,0.9988195173137461,0.9994815966822188,0.9999999927272728,301.478126417
lastfm,cailp_a31,5,0.4,0.7980810399588938,0.9958027282266527,0.9968895800933126,0.9999999927272728,301.478126417
lastfm,cailp_a31,5,0.5,0.792191558712108,0.9702256033578174,0.9808190772420944,0.9090909024793389,301.478126417
lastfm,cailp_a31,5,0.6,0.7736379768675069,0.8868048268625394,0.9533437013996889,0.863636357355372,301.478126417
lastfm,cailp_a31,5,0.7,0.7412995803258909,0.6955666316894019,0.897874546397097,0.863636357355372,301.478126417
lastfm,cailp_a31,5,0.8,0.6870166655903838,0.4247114375655824,0.8097459823742872,0.7727272671074381,301.478126417
lastfm,cailp_a31,5,0.9,0.6310636011361953,0.11791710388247639,0.5889061689994816,0.7272727219834711,301.478126417
lastfm,cailp_a31,6,0.1,0.8016107111415517,0.9714060860440713,0.9481596682218766,0.9999999927272728,301.6130874580001
lastfm,cailp_a31,6,0.2,0.813606802700287,0.8809024134312696,0.8242612752721618,0.9545454476033058,301.6130874580001
lastfm,cailp_a31,6,0.3,0.8046519497332104,0.7545907660020986,0.6946604458268533,0.8181818122314051,301.6130874580001
lastfm,cailp_a31,6,0.4,0.6724551316515086,0.6316894018887723,0.5614307931570762,0.5909090866115703,301.6130874580001
lastfm,cailp_a31,6,0.5,0.7429373151377047,0.48596537250786986,0.46086054950751687,0.5454545414876033,301.6130874580001
lastfm,cailp_a31,6,0.6,0.6964324354421102,0.34916054564533056,0.37325038880248834,0.40909090611570254,301.6130874580001
lastfm,cailp_a31,6,0.7,0.6655079275947258,0.22193074501573976,0.26956972524624156,0.3181818158677686,301.6130874580001
lastfm,cailp_a31,6,0.8,0.6078772072910218,0.14008394543546696,0.1778123379989632,0.1818181804958678,301.6130874580001
lastfm,cailp_a31,6,0.9,0.5260736216493671,0.0844700944386149,0.09538621047174702,0.0909090902479339,301.6130874580001
lastfm,cailp_a31,7,0.1,0.7645527307833736,0.9777019937040924,0.9351995852773458,0.9090909024793389,458.01755866600024
lastfm,cailp_a31,7,0.2,0.7677860805214864,0.9404512067156349,0.8631415241057543,0.6363636317355372,458.01755866600024
lastfm,cailp_a31,7,0.3,0.7410326472714359,0.904118572927597,0.8118195956454122,0.5909090866115703,458.01755866600024
lastfm,cailp_a31,7,0.4,0.6762261141031564,0.8697534102833159,0.776049766718507,0.40909090611570254,458.01755866600024
lastfm,cailp_a31,7,0.5,0.6851616619257834,0.8280430220356768,0.7459823742871955,0.40909090611570254,458.01755866600024
lastfm,cailp_a31,7,0.6,0.673276380344985,0.7700682056663168,0.6905132192846034,0.3636363609917356,458.01755866600024
lastfm,cailp_a31,7,0.7,0.632250162954644,0.657791185729276,0.6194919647485744,0.3636363609917356,458.01755866600024
lastfm,cailp_a31,7,0.8,0.58790617298631,0.44832109129066106,0.4831518921721099,0.27272727074380165,458.01755866600024
lastfm,cailp_a31,7,0.9,0.5256266140127923,0.20160020986358868,0.2690513219284603,0.13636363537190083,458.01755866600024
lastfm,cailp_a31,8,0.1,0.784001419286203,0.9379590766002098,0.7910834629341628,0.9545454476033058,101.9266897080006
lastfm,cailp_a31,8,0.2,0.7773754909837232,0.9300891920251836,0.7703473302229135,0.9090909024793389,101.9266897080006
lastfm,cailp_a31,8,0.3,0.7813023559678904,0.9194648478488983,0.742871954380508,0.9090909024793389,101.9266897080006
lastfm,cailp_a31,8,0.4,0.7586822434141135,0.904118572927597,0.7065837221358217,0.9090909024793389,101.9266897080006
lastfm,cailp_a31,8,0.5,0.7824617904740125,0.883788037775446,0.6692586832555728,0.863636357355372,101.9266897080006
lastfm,cailp_a31,8,0.6,0.747589320682318,0.8405036726128017,0.6044582685329186,0.7727272671074381,101.9266897080006
lastfm,cailp_a31,8,0.7,0.7482947739295929,0.7409496327387198,0.5137376879212027,0.7727272671074381,101.9266897080006
lastfm,cailp_a31,8,0.8,0.5777660888097373,0.520199370409234,0.39968895800933124,0.6818181768595042,101.9266897080006
lastfm,cailp_a31,8,0.9,0.5682915327212184,0.195697796432319,0.25038880248833595,0.45454545123966944,101.9266897080006
lastfm,cailp_a31,9,0.1,0.7581725633346396,0.9988195173137461,1.0,0.9999999927272728,100.1924114579997
lastfm,cailp_a31,9,0.2,0.7617728622830223,0.9951469045120671,0.9994815966822188,0.9999999927272728,100.1924114579997
lastfm,cailp_a31,9,0.3,0.7594965058645508,0.9858342077649528,0.9994815966822188,0.9999999927272728,100.1924114579997
lastfm,cailp_a31,9,0.4,0.7770753361626989,0.9628803777544596,0.9984447900466563,0.9999999927272728,100.1924114579997
lastfm,cailp_a31,9,0.5,0.7738388404500206,0.9203830010493179,0.9968895800933126,0.9545454476033058,100.1924114579997
lastfm,cailp_a31,9,0.6,0.7437023800907089,0.8356505771248688,0.9880767236910316,0.9545454476033058,100.1924114579997
lastfm,cailp_a31,9,0.7,0.7000130851106486,0.6682843651626443,0.9538621047174702,0.9545454476033058,100.1924114579997
lastfm,cailp_a31,9,0.8,0.7131434977531268,0.4049055613850997,0.8709175738724728,0.9090909024793389,100.1924114579997
lastfm,cailp_a31,9,0.9,0.6583953128836415,0.036070304302203565,0.6065318818040435,0.6818181768595042,100.1924114579997
lastfm,cailp_social_multi,0,0.1,0.8194859406968181,1.0,1.0,0.9999999927272728,315.027667209
lastfm,cailp_social_multi,0,0.2,0.8221189011611316,1.0,1.0,0.9999999927272728,315.027667209
lastfm,cailp_social_multi,0,0.3,0.823004085320314,1.0,1.0,0.9999999927272728,315.027667209
lastfm,cailp_social_multi,0,0.4,0.8275006036662782,0.9996065057712487,1.0,0.9999999927272728,315.027667209
lastfm,cailp_social_multi,0,0.5,0.8227403658329631,0.9975078698845751,1.0,0.9999999927272728,315.027667209
lastfm,cailp_social_multi,0,0.6,0.8149724435475207,0.9576337880377754,0.9346811819595645,0.9999999927272728,315.027667209
lastfm,cailp_social_multi,0,0.7,0.7801869177263865,0.8028593913955928,0.8434421980300674,0.9999999927272728,315.027667209
lastfm,cailp_social_multi,0,0.8,0.7507786219189011,0.47363588667366213,0.6972524624157594,0.863636357355372,315.027667209
lastfm,cailp_social_multi,0,0.9,0.694502669829926,0.05626967471143757,0.4997407983411094,0.7727272671074381,315.027667209
lastfm,cailp_social_multi,1,0.1,0.7952227933293811,1.0,1.0,0.9999999927272728,221.1779889999998
lastfm,cailp_social_multi,1,0.2,0.7950752472490675,1.0,1.0,0.9999999927272728,221.1779889999998
lastfm,cailp_social_multi,1,0.3,0.7901232828892044,0.9998688352570829,1.0,0.9999999927272728,221.1779889999998
lastfm,cailp_social_multi,1,0.4,0.7922178256877621,0.9989506820566632,1.0,0.9999999927272728,221.1779889999998
lastfm,cailp_social_multi,1,0.5,0.7961747940267743,0.9855718782791185,0.9994815966822188,0.9999999927272728,221.1779889999998
lastfm,cailp_social_multi,1,0.6,0.7521945028681185,0.9171038824763903,0.9818558838776568,0.9999999927272728,221.1779889999998
lastfm,cailp_social_multi,1,0.7,0.7215931094352617,0.7825288562434418,0.9326075686884396,0.9999999927272728,221.1779889999998
lastfm,cailp_social_multi,1,0.8,0.6508554671528257,0.37736096537250785,0.7921202695697253,0.863636357355372,221.1779889999998
lastfm,cailp_social_multi,1,0.9,0.6084330641381622,0.00708289611752361,0.5992742353551063,0.6363636317355372,221.1779889999998
lastfm,cailp_social_multi,2,0.1,0.773903183510263,0.8677859391395593,0.6568170036288232,0.7727272671074381,240.3615371660003
lastfm,cailp_social_multi,2,0.2,0.7381319449733414,0.8113850996852047,0.5723172628304821,0.4999999963636364,240.3615371660003
lastfm,cailp_social_multi,2,0.3,0.6902642972776937,0.7503934942287513,0.5033696215655781,0.4999999963636364,240.3615371660003
lastfm,cailp_social_multi,2,0.4,0.6514380731009697,0.6812696747114375,0.4250907205806117,0.3181818158677686,240.3615371660003
lastfm,cailp_social_multi,2,0.5,0.6112925889373753,0.595881427072403,0.3359253499222395,0.27272727074380165,240.3615371660003
lastfm,cailp_social_multi,2,0.6,0.5695855561488631,0.5083945435466947,0.2576464489372732,0.27272727074380165,240.3615371660003
lastfm,cailp_social_multi,2,0.7,0.5670504097352911,0.42012067156348376,0.1778123379989632,0.1818181804958678,240.3615371660003
lastfm,cailp_social_multi,2,0.8,0.5741419472892343,0.31007345225603355,0.10005184033177812,0.13636363537190083,240.3615371660003
lastfm,cailp_social_multi,2,0.9,0.4984616640285007,0.16841552990556138,0.04769310523587351,0.0909090902479339,240.3615371660003
lastfm,cailp_social_multi,3,0.1,0.7930937959153473,1.0,1.0,0.9999999927272728,91.78575016700051
lastfm,cailp_social_multi,3,0.2,0.7989451465043854,1.0,1.0,0.9999999927272728,91.78575016700051
lastfm,cailp_social_multi,3,0.3,0.8086875700647782,0.9939664218258132,1.0,0.9999999927272728,91.78575016700051
lastfm,cailp_social_multi,3,0.4,0.769981725133934,0.9791448058761805,0.9994815966822188,0.9999999927272728,91.78575016700051
lastfm,cailp_social_multi,3,0.5,0.7611605116891401,0.9542235047219307,0.9989631933644375,0.9999999927272728,91.78575016700051
lastfm,cailp_social_multi,3,0.6,0.7782155718909533,0.880115424973767,0.9844479004665629,0.9999999927272728,91.78575016700051
lastfm,cailp_social_multi,3,0.7,0.7110948454906463,0.7214060860440713,0.926905132192846,0.9545454476033058,91.78575016700051
lastfm,cailp_social_multi,3,0.8,0.7066848098454833,0.4498950682056663,0.7568688439606014,0.863636357355372,91.78575016700051
lastfm,cailp_social_multi,3,0.9,0.5873083189777174,0.13588667366211962,0.47330222913426645,0.22727272561983472,91.78575016700051
lastfm,cailp_social_multi,4,0.1,0.7707481039601904,1.0,1.0,0.9999999927272728,110.9227403750001
lastfm,cailp_social_multi,4,0.2,0.7983560873355997,1.0,1.0,0.9999999927272728,110.9227403750001
lastfm,cailp_social_multi,4,0.3,0.76836587472325,0.9998688352570829,1.0,0.9999999927272728,110.9227403750001
lastfm,cailp_social_multi,4,0.4,0.8036899015313357,0.9984260230849947,1.0,0.9999999927272728,110.9227403750001
lastfm,cailp_social_multi,4,0.5,0.7760654027329705,0.9892444910807975,1.0,0.9999999927272728,110.9227403750001
lastfm,cailp_social_multi,4,0.6,0.7132400273328147,0.9479275970619098,1.0,0.9999999927272728,110.9227403750001
lastfm,cailp_social_multi,4,0.7,0.7330070755174769,0.7787250786988458,0.9968895800933126,0.9999999927272728,110.9227403750001
lastfm,cailp_social_multi,4,0.8,0.6896826918234323,0.3755246589716684,0.9652669777086573,0.9545454476033058,110.9227403750001
lastfm,cailp_social_multi,4,0.9,0.5884372711720434,0.01219832109129066,0.7019180922757906,0.7727272671074381,110.9227403750001
lastfm,cailp_social_multi,5,0.1,0.8114766773043447,1.0,1.0,0.9999999927272728,321.44146579200003
lastfm,cailp_social_multi,5,0.2,0.7754249698049657,1.0,1.0,0.9999999927272728,321.44146579200003
lastfm,cailp_social_multi,5,0.3,0.8231182214324613,0.9994753410283316,1.0,0.9999999927272728,321.44146579200003
lastfm,cailp_social_multi,5,0.4,0.7915921468401768,0.9980325288562435,1.0,0.9999999927272728,321.44146579200003
lastfm,cailp_social_multi,5,0.5,0.8023272795979178,0.9805876180482687,0.9974079834110938,0.9999999927272728,321.44146579200003
lastfm,cailp_social_multi,5,0.6,0.787508525257387,0.9121196222455404,0.9849663037843442,0.9090909024793389,321.44146579200003
lastfm,cailp_social_multi,5,0.7,0.7723030904419106,0.7181269674711438,0.9517884914463453,0.863636357355372,321.44146579200003
lastfm,cailp_social_multi,5,0.8,0.697650269607344,0.4333683105981112,0.8641783307413168,0.8181818122314051,321.44146579200003
lastfm,cailp_social_multi,5,0.9,0.6287973921910128,0.0678121720881427,0.6246759979263867,0.7272727219834711,321.44146579200003
lastfm,cailp_social_multi,6,0.1,0.8192966585774643,0.9997376705141658,1.0,0.9999999927272728,233.49407762500005
lastfm,cailp_social_multi,6,0.2,0.8196395481438818,0.9981636935991606,1.0,0.9999999927272728,233.49407762500005
lastfm,cailp_social_multi,6,0.3,0.8235818323730482,0.9964585519412382,1.0,0.9999999927272728,233.49407762500005
lastfm,cailp_social_multi,6,0.4,0.7393980938341559,0.9926547743966422,1.0,0.9999999927272728,233.49407762500005
lastfm,cailp_social_multi,6,0.5,0.8315574727773529,0.9787513116474291,0.9994815966822188,0.9999999927272728,233.49407762500005
lastfm,cailp_social_multi,6,0.6,0.810239298110656,0.9375655823714586,0.9984447900466563,0.9999999927272728,233.49407762500005
lastfm,cailp_social_multi,6,0.7,0.7754339430237435,0.7204879328436516,0.9714878175220322,0.9999999927272728,233.49407762500005
lastfm,cailp_social_multi,6,0.8,0.7511237967994621,0.440713536201469,0.7734577501296008,0.863636357355372,233.49407762500005
lastfm,cailp_social_multi,6,0.9,0.6214771359582503,0.08224029380902413,0.4753758424053914,0.6818181768595042,233.49407762500005
lastfm,cailp_social_multi,7,0.1,0.789213679952431,0.9933105981112277,0.9823742871954381,0.9090909024793389,243.66919929100004
lastfm,cailp_social_multi,7,0.2,0.7931546062509149,0.9805876180482687,0.9590461378952825,0.9090909024793389,243.66919929100004
lastfm,cailp_social_multi,7,0.3,0.7714063917173276,0.9660283315844701,0.9367547952306895,0.863636357355372,243.66919929100004
lastfm,cailp_social_multi,7,0.4,0.7022191571208146,0.9446484784889821,0.9212026956972524,0.7727272671074381,243.66919929100004
lastfm,cailp_social_multi,7,0.5,0.7624820575270765,0.9102833158447009,0.8890616899948159,0.6818181768595042,243.66919929100004
lastfm,cailp_social_multi,7,0.6,0.7173230630450699,0.8474554039874082,0.807153965785381,0.5909090866115703,243.66919929100004
lastfm,cailp_social_multi,7,0.7,0.6096240784272539,0.689401888772298,0.6697770865733541,0.3636363609917356,243.66919929100004
lastfm,cailp_social_multi,7,0.8,0.5932414511149393,0.4631427072402938,0.5075168481078279,0.27272727074380165,243.66919929100004
lastfm,cailp_social_multi,7,0.9,0.5159451850759633,0.2054039874081847,0.24624157594608606,0.13636363537190083,243.66919929100004
lastfm,cailp_social_multi,8,0.1,0.7794841061133415,0.9837355718782791,0.9434940383618455,0.9999999927272728,93.62060666600064
lastfm,cailp_social_multi,8,0.2,0.7932587946412292,0.9750786988457503,0.9123898392949715,0.9999999927272728,93.62060666600064
lastfm,cailp_social_multi,8,0.3,0.7907091886076124,0.9664218258132214,0.8854328667703474,0.9999999927272728,93.62060666600064
lastfm,cailp_social_multi,8,0.4,0.7708201796971222,0.9560598111227702,0.8600311041990669,0.9999999927272728,93.62060666600064
lastfm,cailp_social_multi,8,0.5,0.7607441017857961,0.9392707240293809,0.8263348885432866,0.9545454476033058,93.62060666600064
lastfm,cailp_social_multi,8,0.6,0.748862667671401,0.8993966421825813,0.7625712804561949,0.9545454476033058,93.62060666600064
lastfm,cailp_social_multi,8,0.7,0.7373158840500611,0.7683630640083945,0.6713322965266978,0.863636357355372,93.62060666600064
lastfm,cailp_social_multi,8,0.8,0.5805217071959053,0.5095750262329486,0.5132192846034215,0.7272727219834711,93.62060666600064
lastfm,cailp_social_multi,8,0.9,0.5383748191938548,0.1248688352570829,0.3260756868843961,0.5454545414876033,93.62060666600064
lastfm,cailp_social_multi,9,0.1,0.7689178056252133,0.9990818467995802,1.0,0.9999999927272728,112.47228583300057
lastfm,cailp_social_multi,9,0.2,0.7823795361925742,0.9964585519412382,0.9994815966822188,0.9999999927272728,112.47228583300057
lastfm,cailp_social_multi,9,0.3,0.7700371918191992,0.9918677859391396,0.9994815966822188,0.9999999927272728,112.47228583300057
lastfm,cailp_social_multi,9,0.4,0.7611550357646323,0.978488982161595,0.9989631933644375,0.9999999927272728,112.47228583300057
lastfm,cailp_social_multi,9,0.5,0.761527384258403,0.9488457502623295,0.9974079834110938,0.9999999927272728,112.47228583300057
lastfm,cailp_social_multi,9,0.6,0.7401430905966772,0.8971668415529905,0.9942975635044065,0.9999999927272728,112.47228583300057
lastfm,cailp_social_multi,9,0.7,0.7393793888891893,0.7364900314795383,0.9663037843442198,0.9545454476033058,112.47228583300057
lastfm,cailp_social_multi,9,0.8,0.7140552115820616,0.3782791185729276,0.8823224468636599,0.863636357355372,112.47228583300057
lastfm,cailp_social_multi,9,0.9,0.6212817682500789,0.051941238195173135,0.6086054950751685,0.6818181768595042,112.47228583300057
lastfm,neuralsparse,0,0.1,0.7678140047717067,0.9034627492130115,0.7542768273716952,0.6818181768595042,5.172496082999999
lastfm,neuralsparse,0,0.2,0.6963177915926758,0.8243704092339978,0.6101607050285122,0.4999999963636364,5.172496082999999
lastfm,neuralsparse,0,0.3,0.6726751445631963,0.7452780692549843,0.4904095386210472,0.45454545123966944,5.172496082999999
lastfm,neuralsparse,0,0.4,0.6361788061211184,0.6635624344176285,0.37791601866251945,0.3181818158677686,5.172496082999999
lastfm,neuralsparse,0,0.5,0.6026070919096513,0.5865687303252886,0.2944530844997408,0.27272727074380165,5.172496082999999
lastfm,neuralsparse,0,0.6,0.5579354327831284,0.505115424973767,0.2161741835147745,0.0909090902479339,5.172496082999999
lastfm,neuralsparse,0,0.7,0.5576289670181194,0.4176285414480588,0.16381544841886989,0.04545454512396695,5.172496082999999
lastfm,neuralsparse,0,0.8,0.5431535734909937,0.32555089192025183,0.10471747019180923,0.04545454512396695,5.172496082999999
lastfm,neuralsparse,0,0.9,0.4972960359390568,0.18717208814270725,0.047174701918092275,0.04545454512396695,5.172496082999999
lastfm,neuralsparse,1,0.1,0.7551825926785326,0.8982161594963274,0.749611197511664,0.7272727219834711,5.885490124999933
lastfm,neuralsparse,1,0.2,0.7092927887607124,0.8192549842602308,0.6003110419906688,0.4999999963636364,5.885490124999933
lastfm,neuralsparse,1,0.3,0.6903421090666112,0.7413431269674712,0.487817522032141,0.40909090611570254,5.885490124999933
lastfm,neuralsparse,1,0.4,0.6395381158747148,0.6633001049317944,0.3784344219803007,0.3636363609917356,5.885490124999933
lastfm,neuralsparse,1,0.5,0.6143393079230877,0.583420776495278,0.288232244686366,0.27272727074380165,5.885490124999933
lastfm,neuralsparse,1,0.6,0.5539072695989693,0.4998688352570829,0.2052877138413686,0.13636363537190083,5.885490124999933
lastfm,neuralsparse,1,0.7,0.5549262255076829,0.4118572927597062,0.144116122343183,0.04545454512396695,5.885490124999933
lastfm,neuralsparse,1,0.8,0.5484576282226105,0.31518887722980066,0.09694142042509073,0.04545454512396695,5.885490124999933
lastfm,neuralsparse,1,0.9,0.5490206071195822,0.19438614900314796,0.052358735095904614,0.04545454512396695,5.885490124999933
lastfm,neuralsparse,2,0.1,0.7687251826755259,0.9012329485834207,0.744945567651633,0.6818181768595042,3.025287749999734
lastfm,neuralsparse,2,0.2,0.7534349073739279,0.8241080797481637,0.5966822187662001,0.4999999963636364,3.025287749999734
lastfm,neuralsparse,2,0.3,0.6708906983724771,0.7413431269674712,0.47900466562986005,0.40909090611570254,3.025287749999734
lastfm,neuralsparse,2,0.4,0.6408143651234899,0.6638247639034628,0.374805598755832,0.3181818158677686,3.025287749999734
lastfm,neuralsparse,2,0.5,0.6060344157538077,0.5851259181532005,0.28615863141524106,0.22727272561983472,3.025287749999734
lastfm,neuralsparse,2,0.6,0.5701110552562837,0.505115424973767,0.2099533437013997,0.13636363537190083,3.025287749999734
lastfm,neuralsparse,2,0.7,0.5528742164359717,0.419202518363064,0.1472265422498704,0.04545454512396695,3.025287749999734
lastfm,neuralsparse,2,0.8,0.5349798663715992,0.3247639034627492,0.09745982374287196,0.04545454512396695,3.025287749999734
lastfm,neuralsparse,2,0.9,0.5247495024362334,0.20238719832109128,0.04613789528252981,0.0,3.025287749999734
lastfm,neuralsparse,3,0.1,0.7451370198270031,0.902806925498426,0.7511664074650077,0.7272727219834711,2.538587624999309
lastfm,neuralsparse,3,0.2,0.734500721204782,0.825682056663169,0.6034214618973561,0.5454545414876033,2.538587624999309
lastfm,neuralsparse,3,0.3,0.6500043496836366,0.7473767051416579,0.48833592534992226,0.5454545414876033,2.538587624999309
lastfm,neuralsparse,3,0.4,0.6436316745173785,0.6668415529905561,0.3701399688958009,0.40909090611570254,2.538587624999309
lastfm,neuralsparse,3,0.5,0.6254883157150757,0.5864375655823715,0.28304821150855364,0.27272727074380165,2.538587624999309
lastfm,neuralsparse,3,0.6,0.5729836925958266,0.5052465897166841,0.2089165370658372,0.1818181804958678,2.538587624999309
lastfm,neuralsparse,3,0.7,0.5943886522036439,0.4189401888772298,0.14152410575427682,0.04545454512396695,2.538587624999309
lastfm,neuralsparse,3,0.8,0.5638091054175904,0.3314533053515215,0.10005184033177812,0.04545454512396695,2.538587624999309
lastfm,neuralsparse,3,0.9,0.4724846259710248,0.19648478488982163,0.05391394504924832,0.0,2.538587624999309
lastfm,neuralsparse,4,0.1,0.7505623523031588,0.8992654774396642,0.7459823742871955,0.6363636317355372,3.696542167000189
lastfm,neuralsparse,4,0.2,0.6740729251719203,0.8238457502623295,0.6029030585795749,0.5454545414876033,3.696542167000189
lastfm,neuralsparse,4,0.3,0.6796197999063489,0.7426547743966422,0.4753758424053914,0.4999999963636364,3.696542167000189
lastfm,neuralsparse,4,0.4,0.6282550499771248,0.665398740818468,0.37221358216692585,0.3181818158677686,3.696542167000189
lastfm,neuralsparse,4,0.5,0.5817572704700033,0.579485834207765,0.2789009849663038,0.22727272561983472,3.696542167000189
lastfm,neuralsparse,4,0.6,0.5113827747030404,0.5047219307450157,0.2089165370658372,0.1818181804958678,3.696542167000189
lastfm,neuralsparse,4,0.7,0.5153989218764647,0.4213011542497377,0.1534473820632452,0.04545454512396695,3.696542167000189
lastfm,neuralsparse,4,0.8,0.49629144115304213,0.3225341028331584,0.09745982374287196,0.0,3.696542167000189
lastfm,neuralsparse,4,0.9,0.48484189774335995,0.18927072402938092,0.055469155002592016,0.0,3.696542167000189
lastfm,neuralsparse,5,0.1,0.7389494341931019,0.9018887722980063,0.7475375842405392,0.5909090866115703,6.614733291999983
lastfm,neuralsparse,5,0.2,0.71066895745587,0.8234522560335782,0.6029030585795749,0.4999999963636364,6.614733291999983
lastfm,neuralsparse,5,0.3,0.6986892411899968,0.743704092339979,0.47952306894764124,0.40909090611570254,6.614733291999983
lastfm,neuralsparse,5,0.4,0.6521209595580647,0.6664480587618048,0.37065837221358217,0.3181818158677686,6.614733291999983
lastfm,neuralsparse,5,0.5,0.6081646194905814,0.5839454354669464,0.28304821150855364,0.22727272561983472,6.614733291999983
lastfm,neuralsparse,5,0.6,0.581061279525072,0.49895068205666315,0.2099533437013997,0.0909090902479339,6.614733291999983
lastfm,neuralsparse,5,0.7,0.5518197795154128,0.41775970619097585,0.1472265422498704,0.0,6.614733291999983
lastfm,neuralsparse,5,0.8,0.5295979749833878,0.31991080797481636,0.08864696734059098,0.0,6.614733291999983
lastfm,neuralsparse,5,0.9,0.5236636829931496,0.1895330535152151,0.04769310523587351,0.0,6.614733291999983
lastfm,neuralsparse,6,0.1,0.7359860060293464,0.9050367261280168,0.7573872472783826,0.6363636317355372,4.68403304200001
lastfm,neuralsparse,6,0.2,0.7184981055881712,0.8209601259181531,0.6086054950751685,0.4999999963636364,4.68403304200001
lastfm,neuralsparse,6,0.3,0.653824795672701,0.7371458551941238,0.4857439087610161,0.40909090611570254,4.68403304200001
lastfm,neuralsparse,6,0.4,0.6476930223315113,0.6613326337880377,0.37532400207361327,0.3636363609917356,4.68403304200001
lastfm,neuralsparse,6,0.5,0.6040421303072024,0.5804039874081847,0.2871954380508035,0.22727272561983472,4.68403304200001
lastfm,neuralsparse,6,0.6,0.5624945792965239,0.49868835257082894,0.21513737687921203,0.0909090902479339,4.68403304200001
lastfm,neuralsparse,6,0.7,0.5656305814828188,0.41251311647429173,0.1518921721099015,0.0,4.68403304200001
lastfm,neuralsparse,6,0.8,0.5411745740672642,0.3239769150052466,0.10316226023846553,0.0,4.68403304200001
lastfm,neuralsparse,6,0.9,0.5335486456616522,0.18717208814270725,0.055469155002592016,0.0,4.68403304200001
lastfm,neuralsparse,7,0.1,0.7921534662840964,0.8984784889821616,0.749611197511664,0.6818181768595042,3.2963062079998053
lastfm,neuralsparse,7,0.2,0.708621338184683,0.8163693599160545,0.5956454121306376,0.4999999963636364,3.2963062079998053
lastfm,neuralsparse,7,0.3,0.627150752782033,0.7355718782791185,0.481078278900985,0.40909090611570254,3.2963062079998053
lastfm,neuralsparse,7,0.4,0.6434988769721719,0.6598898216159497,0.3711767755313634,0.3636363609917356,3.2963062079998053
lastfm,neuralsparse,7,0.5,0.5957993380411073,0.5823714585519413,0.28252980819077245,0.3181818158677686,3.2963062079998053
lastfm,neuralsparse,7,0.6,0.6100105091011996,0.5009181532004198,0.20165889061689996,0.13636363537190083,3.2963062079998053
lastfm,neuralsparse,7,0.7,0.5515350744035666,0.4135624344176285,0.12960082944530846,0.0,3.2963062079998053
lastfm,neuralsparse,7,0.8,0.5110604191438561,0.31348373557187825,0.08501814411612234,0.0,3.2963062079998053
lastfm,neuralsparse,7,0.9,0.5018877530932222,0.18441762854144805,0.04043545878693624,0.0,3.2963062079998053
lastfm,neuralsparse,8,0.1,0.7500370584082268,0.8996589716684156,0.7522032141005702,0.6818181768595042,2.8122872910007573
lastfm,neuralsparse,8,0.2,0.7131249912724248,0.8141395592864638,0.6003110419906688,0.4999999963636364,2.8122872910007573
lastfm,neuralsparse,8,0.3,0.6482174425361338,0.7357030430220357,0.48418869880767235,0.40909090611570254,2.8122872910007573
lastfm,neuralsparse,8,0.4,0.6298475374932263,0.656610703043022,0.37065837221358217,0.3181818158677686,2.8122872910007573
lastfm,neuralsparse,8,0.5,0.590904457224578,0.5790923399790137,0.2835666148263349,0.27272727074380165,2.8122872910007573
lastfm,neuralsparse,8,0.6,0.5609416340056106,0.4968520461699895,0.2052877138413686,0.0909090902479339,2.8122872910007573
lastfm,neuralsparse,8,0.7,0.5315355618336255,0.4096274921301154,0.13789528252980818,0.0,2.8122872910007573
lastfm,neuralsparse,8,0.8,0.5273241651140017,0.3191238195173137,0.08812856402280975,0.0,2.8122872910007573
lastfm,neuralsparse,8,0.9,0.4646339482149702,0.18809024134312696,0.04095386210471747,0.0,2.8122872910007573
lastfm,neuralsparse,9,0.1,0.731970150253888,0.9032004197271774,0.7537584240539139,0.6363636317355372,3.2104210839997904
lastfm,neuralsparse,9,0.2,0.6650817954249204,0.8192549842602308,0.6023846552617936,0.4999999963636364,3.2104210839997904
lastfm,neuralsparse,9,0.3,0.6613803330136437,0.7380640083945436,0.4909279419388284,0.40909090611570254,3.2104210839997904
lastfm,neuralsparse,9,0.4,0.6067342151725488,0.6567418677859391,0.3758424053913945,0.3181818158677686,3.2104210839997904
lastfm,neuralsparse,9,0.5,0.59049138483149,0.5751573976915005,0.28615863141524106,0.22727272561983472,3.2104210839997904
lastfm,neuralsparse,9,0.6,0.5540907610693844,0.49514690451206717,0.21669258683255574,0.04545454512396695,3.2104210839997904
lastfm,neuralsparse,9,0.7,0.5328884883866518,0.4121196222455404,0.14826334888543286,0.0,3.2104210839997904
lastfm,neuralsparse,9,0.8,0.5456583499767329,0.3210912906610703,0.09694142042509073,0.0,3.2104210839997904
lastfm,neuralsparse,9,0.9,0.496188437241544,0.19018887722980063,0.04561949196474858,0.0,3.2104210839997904
lastfm,original_ilp_gcn,0,0.1,0.762892912195428,1.0,1.0,0.9999999927272728,6.152388207999991
lastfm,original_ilp_gcn,0,0.2,0.8374217603269918,0.9943599160545645,0.9958527734577501,0.9999999927272728,6.152388207999991
lastfm,original_ilp_gcn,0,0.3,0.8011918856575908,0.9855718782791185,0.9906687402799378,0.9999999927272728,6.152388207999991
lastfm,original_ilp_gcn,0,0.4,0.7979177798277852,0.9512067156348374,0.9725246241575947,0.9999999927272728,6.152388207999991
lastfm,original_ilp_gcn,0,0.5,0.7710669852906639,0.8793284365162645,0.928978745463971,0.9545454476033058,6.152388207999991
lastfm,original_ilp_gcn,0,0.6,0.7390109568788118,0.7641657922350472,0.8501814411612234,0.9090909024793389,6.152388207999991
lastfm,original_ilp_gcn,0,0.7,0.7074530785397656,0.607292759706191,0.7273198548470711,0.7727272671074381,6.152388207999991
lastfm,original_ilp_gcn,0,0.8,0.6692801707765024,0.4366474291710388,0.5391394504924831,0.7272727219834711,6.152388207999991
lastfm,original_ilp_gcn,0,0.9,0.6360857226345987,0.22088142707240294,0.2711249351995853,0.3636363609917356,6.152388207999991
lastfm,original_ilp_gcn,1,0.1,0.7968618745436055,0.9990818467995802,0.9984447900466563,0.9999999927272728,7.394198875000029
lastfm,original_ilp_gcn,1,0.2,0.7503311308374241,0.994884575026233,0.995334370139969,0.9545454476033058,7.394198875000029
lastfm,original_ilp_gcn,1,0.3,0.7910058653663242,0.9805876180482687,0.9828926905132193,0.9545454476033058,7.394198875000029
lastfm,original_ilp_gcn,1,0.4,0.7717865164005033,0.9534365162644282,0.9631933644375325,0.9090909024793389,7.394198875000029
lastfm,original_ilp_gcn,1,0.5,0.7756913470572493,0.9029380902413431,0.9294971487817522,0.9090909024793389,7.394198875000029
lastfm,original_ilp_gcn,1,0.6,0.7593977726144168,0.8098111227701994,0.8729911871435977,0.863636357355372,7.394198875000029
lastfm,original_ilp_gcn,1,0.7,0.713323042221934,0.6698583420776495,0.7858994297563504,0.8181818122314051,7.394198875000029
lastfm,original_ilp_gcn,1,0.8,0.637757441467947,0.49803252885624344,0.6298600311041991,0.5909090866115703,7.394198875000029
lastfm,original_ilp_gcn,1,0.9,0.539417574222788,0.23137460650577124,0.3737687921202696,0.3636363609917356,7.394198875000029
lastfm,original_ilp_gcn,2,0.1,0.789250412545863,0.9992130115424974,0.9984447900466563,0.9999999927272728,4.096177416000046
lastfm,original_ilp_gcn,2,0.2,0.833648478206798,0.9927859391395593,0.9948159668221876,0.9999999927272728,4.096177416000046
lastfm,original_ilp_gcn,2,0.3,0.8249329503114745,0.9787513116474291,0.9860031104199067,0.9545454476033058,4.096177416000046
lastfm,original_ilp_gcn,2,0.4,0.8197366917589527,0.9555351521511017,0.9709694142042509,0.9545454476033058,4.096177416000046
lastfm,original_ilp_gcn,2,0.5,0.8085030189534383,0.9005771248688352,0.9403836184551582,0.9090909024793389,4.096177416000046
lastfm,original_ilp_gcn,2,0.6,0.7411017690295935,0.7999737670514165,0.8657335406946605,0.9090909024793389,4.096177416000046
lastfm,original_ilp_gcn,2,0.7,0.7564930703117116,0.6568730325288562,0.7506480041472265,0.863636357355372,4.096177416000046
lastfm,original_ilp_gcn,2,0.8,0.6343879555828482,0.47114375655823715,0.5749092794193883,0.4999999963636364,4.096177416000046
lastfm,original_ilp_gcn,2,0.9,0.5792137026625224,0.2577387198321091,0.32763089683773977,0.3181818158677686,4.096177416000046
lastfm,original_ilp_gcn,3,0.1,0.7931913131816898,1.0,1.0,0.9999999927272728,5.125942208000197
lastfm,original_ilp_gcn,3,0.2,0.7897026868089912,0.9951469045120671,0.9963711767755313,0.9999999927272728,5.125942208000197
lastfm,original_ilp_gcn,3,0.3,0.7906212427229868,0.9775708289611752,0.975635044064282,0.9545454476033058,5.125942208000197
lastfm,original_ilp_gcn,3,0.4,0.7893237822832813,0.9404512067156349,0.9481596682218766,0.9090909024793389,5.125942208000197
lastfm,original_ilp_gcn,3,0.5,0.7580245489085096,0.8638509968520461,0.8994297563504406,0.863636357355372,5.125942208000197
lastfm,original_ilp_gcn,3,0.6,0.7409784129875632,0.7496065057712487,0.8206324520476931,0.8181818122314051,5.125942208000197
lastfm,original_ilp_gcn,3,0.7,0.6742425835153919,0.5978488982161595,0.6946604458268533,0.7272727219834711,5.125942208000197
lastfm,original_ilp_gcn,3,0.8,0.6381885541127795,0.4274658971668416,0.4919647485743909,0.5454545414876033,5.125942208000197
lastfm,original_ilp_gcn,3,0.9,0.5243658441711243,0.22114375655823715,0.2498703991705547,0.3636363609917356,5.125942208000197
lastfm,original_ilp_gcn,4,0.1,0.7663380996479485,1.0,1.0,0.9999999927272728,2.6424427080000896
lastfm,original_ilp_gcn,4,0.2,0.6387163053203236,0.9968520461699895,0.997926386728875,0.9999999927272728,2.6424427080000896
lastfm,original_ilp_gcn,4,0.3,0.7902811678211545,0.9893756558237146,0.991187143597719,0.9999999927272728,2.6424427080000896
lastfm,original_ilp_gcn,4,0.4,0.7833243673508958,0.9586831059811123,0.9792638672887507,0.9999999927272728,2.6424427080000896
lastfm,original_ilp_gcn,4,0.5,0.7651475612820051,0.8856243441762854,0.942457231726283,0.9999999927272728,2.6424427080000896
lastfm,original_ilp_gcn,4,0.6,0.6494437978694714,0.7716421825813221,0.8683255572835666,0.9090909024793389,2.6424427080000896
lastfm,original_ilp_gcn,4,0.7,0.6306231641286361,0.6109653725078699,0.7340590979782271,0.863636357355372,2.6424427080000896
lastfm,original_ilp_gcn,4,0.8,0.5857694612892117,0.4262854144805876,0.5671332296526698,0.7727272671074381,2.6424427080000896
lastfm,original_ilp_gcn,4,0.9,0.5694641328114559,0.21996327387198322,0.2856402280974598,0.3636363609917356,2.6424427080000896
lastfm,original_ilp_gcn,5,0.1,0.8167798707754281,1.0,1.0,0.9999999927272728,7.45317858300001
lastfm,original_ilp_gcn,5,0.2,0.8143244772338565,0.9968520461699895,0.9963711767755313,0.9999999927272728,7.45317858300001
lastfm,original_ilp_gcn,5,0.3,0.807518956749928,0.9816369359916055,0.9854847071021254,0.9545454476033058,7.45317858300001
lastfm,original_ilp_gcn,5,0.4,0.7830029457903659,0.9464847848898216,0.9637117677553136,0.9545454476033058,7.45317858300001
lastfm,original_ilp_gcn,5,0.5,0.7440551324545406,0.8774921301154249,0.9186106791083463,0.9545454476033058,7.45317858300001
lastfm,original_ilp_gcn,5,0.6,0.7198166425238139,0.7653462749213011,0.8325557283566615,0.9090909024793389,7.45317858300001
lastfm,original_ilp_gcn,5,0.7,0.7148839182180375,0.6303777544596013,0.713841368584759,0.7727272671074381,7.45317858300001
lastfm,original_ilp_gcn,5,0.8,0.6281332789716321,0.4460912906610703,0.5095904613789528,0.6818181768595042,7.45317858300001
lastfm,original_ilp_gcn,5,0.9,0.5622654384410422,0.2362277019937041,0.24572317262830481,0.27272727074380165,7.45317858300001
lastfm,original_ilp_gcn,6,0.1,0.8365788044634602,1.0,1.0,0.9999999927272728,8.362083332999873
lastfm,original_ilp_gcn,6,0.2,0.7679843544337952,0.9984260230849947,0.9989631933644375,0.9999999927272728,8.362083332999873
lastfm,original_ilp_gcn,6,0.3,0.8329804918351822,0.9842602308499475,0.9849663037843442,0.9545454476033058,8.362083332999873
lastfm,original_ilp_gcn,6,0.4,0.8190847219767036,0.9463536201469045,0.9580093312597201,0.9090909024793389,8.362083332999873
lastfm,original_ilp_gcn,6,0.5,0.8131514439890271,0.8742130115424974,0.9015033696215656,0.863636357355372,8.362083332999873
lastfm,original_ilp_gcn,6,0.6,0.763411815384896,0.7631164742917104,0.8164852255054432,0.863636357355372,8.362083332999873
lastfm,original_ilp_gcn,6,0.7,0.7086969398730825,0.618572927597062,0.6879212026956972,0.7727272671074381,8.362083332999873
lastfm,original_ilp_gcn,6,0.8,0.6190445619206288,0.4498950682056663,0.5111456713322965,0.7727272671074381,8.362083332999873
lastfm,original_ilp_gcn,6,0.9,0.5935590607835883,0.22796432318992654,0.27786417833074134,0.5454545414876033,8.362083332999873
lastfm,original_ilp_gcn,7,0.1,0.8122252475101555,1.0,1.0,0.9999999927272728,3.170206374999907
lastfm,original_ilp_gcn,7,0.2,0.8057504791895361,0.9955403987408185,0.9958527734577501,0.9999999927272728,3.170206374999907
lastfm,original_ilp_gcn,7,0.3,0.8160425670467419,0.9824239244491081,0.9875583203732504,0.9545454476033058,3.170206374999907
lastfm,original_ilp_gcn,7,0.4,0.7852689838234697,0.9550104931794333,0.9709694142042509,0.9090909024793389,3.170206374999907
lastfm,original_ilp_gcn,7,0.5,0.7985657480259868,0.8937565582371458,0.9315707620528771,0.863636357355372,3.170206374999907
lastfm,original_ilp_gcn,7,0.6,0.7679756199614558,0.7843651626442812,0.8636599274235355,0.8181818122314051,3.170206374999907
lastfm,original_ilp_gcn,7,0.7,0.7037080550232898,0.6260493179433368,0.7459823742871955,0.7727272671074381,3.170206374999907
lastfm,original_ilp_gcn,7,0.8,0.6066676264275374,0.46038824763903463,0.5857957490927942,0.6363636317355372,3.170206374999907
lastfm,original_ilp_gcn,7,0.9,0.6089310688569937,0.24239244491080797,0.33851736651114567,0.45454545123966944,3.170206374999907
lastfm,original_ilp_gcn,8,0.1,0.7953522910756257,0.9996065057712487,0.9994815966822188,0.9999999927272728,4.581662584000696
lastfm,original_ilp_gcn,8,0.2,0.7925345884510075,0.9967208814270724,0.9958527734577501,0.9999999927272728,4.581662584000696
lastfm,original_ilp_gcn,8,0.3,0.7730397463127788,0.9821615949632738,0.9813374805598756,0.9090909024793389,4.581662584000696
lastfm,original_ilp_gcn,8,0.4,0.7840096564982653,0.9468782791185729,0.9543805080352514,0.9090909024793389,4.581662584000696
lastfm,original_ilp_gcn,8,0.5,0.7607662727572597,0.875,0.9097978227060654,0.863636357355372,4.581662584000696
lastfm,original_ilp_gcn,8,0.6,0.6669902418818895,0.7526232948583421,0.8180404354587869,0.863636357355372,4.581662584000696
lastfm,original_ilp_gcn,8,0.7,0.7158980212070513,0.6210650577124869,0.6811819595645412,0.863636357355372,4.581662584000696
lastfm,original_ilp_gcn,8,0.8,0.6835183341894536,0.4602570828961175,0.512182477967859,0.7272727219834711,4.581662584000696
lastfm,original_ilp_gcn,8,0.9,0.5424878495393137,0.24357292759706192,0.2773457750129601,0.4999999963636364,4.581662584000696
lastfm,original_ilp_gcn,9,0.1,0.7915894268354535,0.9994753410283316,0.9989631933644375,0.9999999927272728,3.021259874999487
lastfm,original_ilp_gcn,9,0.2,0.7961424816243426,0.9968520461699895,0.9958527734577501,0.9999999927272728,3.021259874999487
lastfm,original_ilp_gcn,9,0.3,0.7812388513785545,0.9808499475341028,0.9860031104199067,0.9999999927272728,3.021259874999487
lastfm,original_ilp_gcn,9,0.4,0.781836929848981,0.9365162644281217,0.9595645412130638,0.9999999927272728,3.021259874999487
lastfm,original_ilp_gcn,9,0.5,0.7692362033901586,0.8513903462749213,0.8989113530326595,0.9090909024793389,3.021259874999487
lastfm,original_ilp_gcn,9,0.6,0.6972650949308522,0.7368835257082896,0.813893208916537,0.863636357355372,3.021259874999487
lastfm,original_ilp_gcn,9,0.7,0.6973923948850076,0.5847324239244491,0.6770347330222913,0.8181818122314051,3.021259874999487
lastfm,original_ilp_gcn,9,0.8,0.6648936722546046,0.4083158447009444,0.48885432866770345,0.5909090866115703,3.021259874999487
lastfm,original_ilp_gcn,9,0.9,0.5402972775823955,0.23491605456453304,0.29341627786417834,0.22727272561983472,3.021259874999487
lastfm,ptdnet,0,0.1,0.7970485904657257,0.9879328436516265,0.9637117677553136,0.9999999927272728,3.8046587499999873
lastfm,ptdnet,0,0.2,0.8266789545003405,0.9732423924449108,0.9206842923794712,0.9999999927272728,3.8046587499999873
lastfm,ptdnet,0,0.3,0.8336800319547654,0.9479275970619098,0.8854328667703474,0.9999999927272728,3.8046587499999873
lastfm,ptdnet,0,0.4,0.8156040080774843,0.9104144805876181,0.8284085018144116,0.9999999927272728,3.8046587499999873
lastfm,ptdnet,0,0.5,0.7809639710102858,0.8315844700944386,0.7667185069984448,0.9090909024793389,3.8046587499999873
lastfm,ptdnet,0,0.6,0.7753676908567247,0.727308499475341,0.6868843960601347,0.6818181768595042,3.8046587499999873
lastfm,ptdnet,0,0.7,0.787393984845033,0.5865687303252886,0.5821669258683255,0.5454545414876033,3.8046587499999873
lastfm,ptdnet,0,0.8,0.759012439499697,0.36555613850996854,0.44219803006739244,0.4999999963636364,3.8046587499999873
lastfm,ptdnet,0,0.9,0.6803241417907444,0.12919727177334733,0.2592016588906169,0.3636363609917356,3.8046587499999873
lastfm,ptdnet,1,0.1,0.7946143015555406,0.9891133263378804,0.9652669777086573,0.9999999927272728,3.3376140000000305
lastfm,ptdnet,1,0.2,0.746105587955548,0.9724554039874082,0.9149818558838777,0.9999999927272728,3.3376140000000305
lastfm,ptdnet,1,0.3,0.7538792330008972,0.9487145855194123,0.8812856402280974,0.9999999927272728,3.3376140000000305
lastfm,ptdnet,1,0.4,0.7796533000474783,0.9005771248688352,0.8247796785899429,0.9999999927272728,3.3376140000000305
lastfm,ptdnet,1,0.5,0.7924767490346781,0.8183368310598111,0.7553136340072576,0.9545454476033058,3.3376140000000305
lastfm,ptdnet,1,0.6,0.7842493748621708,0.6901888772298006,0.6666666666666666,0.863636357355372,3.3376140000000305
lastfm,ptdnet,1,0.7,0.7471436552974668,0.5352833158447009,0.5526179367547952,0.6363636317355372,3.3376140000000305
lastfm,ptdnet,1,0.8,0.706732557449508,0.3330272822665268,0.4033177812337999,0.4999999963636364,3.3376140000000305
lastfm,ptdnet,1,0.9,0.6881003529920975,0.1495278069254984,0.2301710730948678,0.3181818158677686,3.3376140000000305
lastfm,ptdnet,2,0.1,0.8195237394547779,0.9905561385099685,0.966822187662001,0.9999999927272728,2.341565332999835
lastfm,ptdnet,2,0.2,0.7687406574445625,0.9749475341028332,0.9326075686884396,0.9999999927272728,2.341565332999835
lastfm,ptdnet,2,0.3,0.8177551157430447,0.9441238195173137,0.8854328667703474,0.9999999927272728,2.341565332999835
lastfm,ptdnet,2,0.4,0.8172174753814122,0.8924449108079748,0.8190772420943494,0.9545454476033058,2.341565332999835
lastfm,ptdnet,2,0.5,0.7906505513317804,0.8128279118572928,0.744945567651633,0.9545454476033058,2.341565332999835
lastfm,ptdnet,2,0.6,0.8029955995054692,0.6858604407135362,0.6573354069466044,0.8181818122314051,2.341565332999835
lastfm,ptdnet,2,0.7,0.7678321307870606,0.5331846799580273,0.5489891135303266,0.6363636317355372,2.341565332999835
lastfm,ptdnet,2,0.8,0.7492179657843839,0.3108604407135362,0.4048729911871436,0.5454545414876033,2.341565332999835
lastfm,ptdnet,2,0.9,0.7168555656595494,0.14310073452256034,0.22654224987039917,0.40909090611570254,2.341565332999835
lastfm,ptdnet,3,0.1,0.7594424528870185,0.9908184679958028,0.9709694142042509,0.9999999927272728,1.7237047079997865
lastfm,ptdnet,3,0.2,0.7684068757329509,0.9788824763903463,0.9362363919129082,0.9999999927272728,1.7237047079997865
lastfm,ptdnet,3,0.3,0.7561936676691479,0.9573714585519413,0.8973561430793157,0.9999999927272728,1.7237047079997865
lastfm,ptdnet,3,0.4,0.7737441788053321,0.9138247639034628,0.844997407983411,0.9999999927272728,1.7237047079997865
lastfm,ptdnet,3,0.5,0.7683843167774264,0.8453567681007346,0.7719025401762571,0.9090909024793389,1.7237047079997865
lastfm,ptdnet,3,0.6,0.7605054791361545,0.7328174186778594,0.6905132192846034,0.8181818122314051,1.7237047079997865
lastfm,ptdnet,3,0.7,0.767124118539087,0.5670251836306401,0.5904613789528252,0.6363636317355372,1.7237047079997865
lastfm,ptdnet,3,0.8,0.732540746726558,0.3551941238195173,0.4463452566096423,0.5454545414876033,1.7237047079997865
lastfm,ptdnet,3,0.9,0.6752575192123963,0.12381951731374606,0.25401762571280456,0.4999999963636364,1.7237047079997865
lastfm,ptdnet,4,0.1,0.7484529375237626,0.9888509968520461,0.9637117677553136,0.9999999927272728,1.9990067919998182
lastfm,ptdnet,4,0.2,0.7988331417741317,0.9712749213011542,0.9227579056505961,0.9999999927272728,1.9990067919998182
lastfm,ptdnet,4,0.3,0.7880402232190336,0.9304826862539349,0.8693623639191291,0.9999999927272728,1.9990067919998182
lastfm,ptdnet,4,0.4,0.7797944565981623,0.8725078698845751,0.8144116122343183,0.9545454476033058,1.9990067919998182
lastfm,ptdnet,4,0.5,0.7771588040777035,0.7720356768100735,0.7288750648004148,0.9090909024793389,1.9990067919998182
lastfm,ptdnet,4,0.6,0.7691858002931544,0.6518887722980063,0.6417833074131675,0.9090909024793389,1.9990067919998182
lastfm,ptdnet,4,0.7,0.7345591115209822,0.506295907660021,0.5344738206324521,0.6818181768595042,1.9990067919998182
lastfm,ptdnet,4,0.8,0.7351844631338944,0.30640083945435465,0.38621047174701917,0.4999999963636364,1.9990067919998182
lastfm,ptdnet,4,0.9,0.6521796900787625,0.16710388247639035,0.2223950233281493,0.3181818158677686,1.9990067919998182
lastfm,ptdnet,5,0.1,0.8040561030839231,0.9892444910807975,0.966822187662001,0.9999999927272728,3.1672024589999523
lastfm,ptdnet,5,0.2,0.8038466342613622,0.9787513116474291,0.9403836184551582,0.9999999927272728,3.1672024589999523
lastfm,ptdnet,5,0.3,0.8022108691576453,0.9666841552990556,0.9129082426127527,0.9999999927272728,3.1672024589999523
lastfm,ptdnet,5,0.4,0.7682796454582573,0.9328436516264428,0.8755832037325039,0.9999999927272728,3.1672024589999523
lastfm,ptdnet,5,0.5,0.8135357324026956,0.8726390346274921,0.800414722654225,0.9090909024793389,3.1672024589999523
lastfm,ptdnet,5,0.6,0.7808213384947275,0.7863326337880377,0.7112493519958528,0.6818181768595042,3.1672024589999523
lastfm,ptdnet,5,0.7,0.7513875084210361,0.6151626442812173,0.6065318818040435,0.5909090866115703,3.1672024589999523
lastfm,ptdnet,5,0.8,0.715362849761226,0.3919202518363064,0.4536029030585796,0.5909090866115703,3.1672024589999523
lastfm,ptdnet,5,0.9,0.6261308243082339,0.07135362014690451,0.28252980819077245,0.40909090611570254,3.1672024589999523
lastfm,ptdnet,6,0.1,0.8207902941715395,0.9914742917103883,0.9704510108864697,0.9999999927272728,3.0594765000000734
lastfm,ptdnet,6,0.2,0.795699635011992,0.9767838405036726,0.933644375324002,0.9999999927272728,3.0594765000000734
lastfm,ptdnet,6,0.3,0.8008758809657485,0.9439926547743966,0.8952825298081908,0.9999999927272728,3.0594765000000734
lastfm,ptdnet,6,0.4,0.8050112427360343,0.8809024134312696,0.8237428719543806,0.9999999927272728,3.0594765000000734
lastfm,ptdnet,6,0.5,0.8004698410662356,0.7885624344176285,0.7366511145671333,0.9090909024793389,3.0594765000000734
lastfm,ptdnet,6,0.6,0.7738904884612998,0.6722193074501573,0.647485743908761,0.9090909024793389,3.0594765000000734
lastfm,ptdnet,6,0.7,0.7902739822858825,0.5169202518363064,0.5391394504924831,0.6363636317355372,3.0594765000000734
lastfm,ptdnet,6,0.8,0.7356508298923238,0.34024134312696747,0.40072576464489373,0.4999999963636364,3.0594765000000734
lastfm,ptdnet,6,0.9,0.7048619286656934,0.1650052465897167,0.24209434940383617,0.3636363609917356,3.0594765000000734
lastfm,ptdnet,7,0.1,0.8043836735247704,0.9904249737670514,0.9714878175220322,0.9999999927272728,2.4409590830000525
lastfm,ptdnet,7,0.2,0.8205485965409083,0.9769150052465897,0.933644375324002,0.9999999927272728,2.4409590830000525
lastfm,ptdnet,7,0.3,0.8130878872123091,0.9580272822665268,0.8989113530326595,0.9999999927272728,2.4409590830000525
lastfm,ptdnet,7,0.4,0.8012107955706885,0.9087093389296957,0.8372213582166926,0.9999999927272728,2.4409590830000525
lastfm,ptdnet,7,0.5,0.7951458267771955,0.8353882476390346,0.7667185069984448,0.9545454476033058,2.4409590830000525
lastfm,ptdnet,7,0.6,0.7957634561132354,0.7137985309548793,0.6863659927423535,0.7272727219834711,2.4409590830000525
lastfm,ptdnet,7,0.7,0.7492197767582169,0.5393494228751312,0.5671332296526698,0.5909090866115703,2.4409590830000525
lastfm,ptdnet,7,0.8,0.750771222417733,0.3136149003147954,0.42198030067392434,0.5454545414876033,2.4409590830000525
lastfm,ptdnet,7,0.9,0.6746074908261036,0.14926547743966423,0.23691031622602385,0.3636363609917356,2.4409590830000525
lastfm,ptdnet,8,0.1,0.791112103551255,0.9908184679958028,0.9683773976153447,0.9999999927272728,1.8301170839995393
lastfm,ptdnet,8,0.2,0.7853341423746336,0.9756033578174187,0.9300155520995335,0.9999999927272728,1.8301170839995393
lastfm,ptdnet,8,0.3,0.7892329125325322,0.9454354669464848,0.8895800933125972,0.9999999927272728,1.8301170839995393
lastfm,ptdnet,8,0.4,0.7672951926709208,0.8892969569779643,0.8164852255054432,0.9090909024793389,1.8301170839995393
lastfm,ptdnet,8,0.5,0.7812701459189867,0.7997114375655824,0.7433903576982893,0.9090909024793389,1.8301170839995393
lastfm,ptdnet,8,0.6,0.7429124291536547,0.6772035676810073,0.6609642301710731,0.863636357355372,1.8301170839995393
lastfm,ptdnet,8,0.7,0.7438171150371049,0.525183630640084,0.5443234836702955,0.6363636317355372,1.8301170839995393
lastfm,ptdnet,8,0.8,0.7010193918841795,0.30417103882476393,0.39813374805598756,0.4999999963636364,1.8301170839995393
lastfm,ptdnet,8,0.9,0.5943154968839175,0.15621720881427073,0.21980300673924313,0.3636363609917356,1.8301170839995393
lastfm,ptdnet,9,0.1,0.7694065022211807,0.9889821615949633,0.9673405909797823,0.9999999927272728,2.0370803329997216
lastfm,ptdnet,9,0.2,0.7698665157071597,0.9686516264428122,0.9123898392949715,0.9999999927272728,2.0370803329997216
lastfm,ptdnet,9,0.3,0.7912027110543449,0.9493704092339978,0.87817522032141,0.9999999927272728,2.0370803329997216
lastfm,ptdnet,9,0.4,0.7811013766413573,0.9112014690451207,0.8392949714878175,0.9999999927272728,2.0370803329997216
lastfm,ptdnet,9,0.5,0.783195014501289,0.8466684155299056,0.773976153447382,0.8181818122314051,2.0370803329997216
lastfm,ptdnet,9,0.6,0.776660856502394,0.75,0.7003628823224468,0.7727272671074381,2.0370803329997216
lastfm,ptdnet,9,0.7,0.7570387943892549,0.6108342077649528,0.5966822187662001,0.6818181768595042,2.0370803329997216
lastfm,ptdnet,9,0.8,0.7416456408653299,0.4087093389296957,0.4525660964230171,0.5454545414876033,2.0370803329997216
lastfm,ptdnet,9,0.9,0.6877001750887116,0.09916054564533054,0.2763089683773976,0.45454545123966944,2.0370803329997216
lastfm,random,0,0.1,0.8334715283372492,0.9678646379853095,0.8989113530326595,0.9999999927272728,0.0240409580000005
lastfm,random,0,0.2,0.8078204244706391,0.9345487932843651,0.8030067392431312,0.863636357355372,0.0240409580000005
lastfm,random,0,0.3,0.792427567387176,0.8938877229800629,0.7081389320891653,0.6818181768595042,0.0240409580000005
lastfm,random,0,0.4,0.7610492621404782,0.8452256033578174,0.6106791083462935,0.6818181768595042,0.0240409580000005
lastfm,random,0,0.5,0.7540525428958307,0.7862014690451207,0.49818558838776567,0.5909090866115703,0.0240409580000005
lastfm,random,0,0.6,0.7034054780987615,0.7014690451206715,0.3929497148781752,0.4999999963636364,0.0240409580000005
lastfm,random,0,0.7,0.6809817936839824,0.6032266526757608,0.29341627786417834,0.40909090611570254,0.0240409580000005
lastfm,random,0,0.8,0.6728848346039833,0.4489769150052466,0.1902540176257128,0.1818181804958678,0.0240409580000005
lastfm,random,0,0.9,0.6038421854181324,0.2130115424973767,0.09383100051840332,0.13636363537190083,0.0240409580000005
lastfm,random,1,0.1,0.7990863032443553,0.9691762854144806,0.8994297563504406,0.9999999927272728,0.007763249999925392
lastfm,random,1,0.2,0.760109507221749,0.9311385099685204,0.7864178330741317,0.7727272671074381,0.007763249999925392
lastfm,random,1,0.3,0.7642779782285589,0.8902151101783841,0.6879212026956972,0.5454545414876033,0.007763249999925392
lastfm,random,1,0.4,0.7374486599432779,0.8385362014690452,0.5821669258683255,0.4999999963636364,0.007763249999925392
lastfm,random,1,0.5,0.7384292704509912,0.7775445960125918,0.4857439087610161,0.40909090611570254,0.007763249999925392
lastfm,random,1,0.6,0.7168789620858287,0.6991080797481637,0.3810264385692068,0.40909090611570254,0.007763249999925392
lastfm,random,1,0.7,0.6965999192519292,0.5988982161594963,0.2809745982374287,0.27272727074380165,0.007763249999925392
lastfm,random,1,0.8,0.6759167704363926,0.4550104931794334,0.1855883877656817,0.22727272561983472,0.007763249999925392
lastfm,random,1,0.9,0.5954677430245695,0.20422350472193074,0.09331259720062209,0.13636363537190083,0.007763249999925392
lastfm,random,2,0.1,0.8081086509868394,0.9698321091290661,0.9056505961638155,0.9090909024793389,0.0037572910000562842
lastfm,random,2,0.2,0.8054374458736014,0.9359916054564533,0.8097459823742872,0.9090909024793389,0.0037572910000562842
lastfm,random,2,0.3,0.7665305378420951,0.8921825813221406,0.7045101088646968,0.9090909024793389,0.0037572910000562842
lastfm,random,2,0.4,0.7694870473251467,0.8445697796432319,0.6070502851218248,0.863636357355372,0.0037572910000562842
lastfm,random,2,0.5,0.775303143137045,0.7767576075550892,0.48885432866770345,0.5909090866115703,0.0037572910000562842
lastfm,random,2,0.6,0.6619227608178003,0.7023871983210913,0.40176257128045617,0.5454545414876033,0.0037572910000562842
lastfm,random,2,0.7,0.7183583502618779,0.6020461699895068,0.2892690513219285,0.3636363609917356,0.0037572910000562842
lastfm,random,2,0.8,0.6622598295523289,0.4509443861490032,0.18973561430793157,0.13636363537190083,0.0037572910000562842
lastfm,random,2,0.9,0.5935779914578364,0.21694648478488981,0.09331259720062209,0.04545454512396695,0.0037572910000562842
lastfm,random,3,0.1,0.7691304671798744,0.9715372507869885,0.8973561430793157,0.9090909024793389,0.0024222499996540137
lastfm,random,3,0.2,0.7678413170350997,0.9379590766002098,0.8019699326075687,0.8181818122314051,0.0024222499996540137
lastfm,random,3,0.3,0.7726230704204314,0.8988719832109129,0.7019180922757906,0.6363636317355372,0.0024222499996540137
lastfm,random,3,0.4,0.776576918474373,0.8528331584470095,0.6044582685329186,0.6363636317355372,0.0024222499996540137
lastfm,random,3,0.5,0.753003455895074,0.791579223504722,0.5101088646967341,0.5909090866115703,0.0024222499996540137
lastfm,random,3,0.6,0.757089517500644,0.710781741867786,0.4085018144116122,0.3181818158677686,0.0024222499996540137
lastfm,random,3,0.7,0.7589053623874608,0.6012591815320042,0.2944530844997408,0.22727272561983472,0.0024222499996540137
lastfm,random,3,0.8,0.6763607609566519,0.43848373557187825,0.1933644375324002,0.13636363537190083,0.0024222499996540137
lastfm,random,3,0.9,0.5661676981790068,0.19543546694648478,0.09694142042509073,0.0909090902479339,0.0024222499996540137
lastfm,random,4,0.1,0.7972952293523161,0.9682581322140609,0.8916537065837221,0.9090909024793389,0.001051791999998386
lastfm,random,4,0.2,0.7722561414625395,0.9341552990556139,0.7916018662519441,0.7727272671074381,0.001051791999998386
lastfm,random,4,0.3,0.7714701943964443,0.8948058761804827,0.6956972524624158,0.6818181768595042,0.001051791999998386
lastfm,random,4,0.4,0.7465783156959823,0.8437827911857293,0.6029030585795749,0.4999999963636364,0.001051791999998386
lastfm,random,4,0.5,0.7114175331941677,0.7822665267576075,0.4997407983411094,0.3636363609917356,0.001051791999998386
lastfm,random,4,0.6,0.712092062767094,0.7126180482686254,0.4048729911871436,0.3636363609917356,0.001051791999998386
lastfm,random,4,0.7,0.6749078718276054,0.6027019937040924,0.31000518403317784,0.3181818158677686,0.001051791999998386
lastfm,random,4,0.8,0.633066364928236,0.45422350472193074,0.21358216692586832,0.22727272561983472,0.001051791999998386
lastfm,random,4,0.9,0.6067512539733539,0.2092077649527807,0.10938310005184033,0.1818181804958678,0.001051791999998386
lastfm,random,5,0.1,0.8178784214767683,0.9717995802728226,0.9087610160705029,0.9545454476033058,0.024041000000000423
lastfm,random,5,0.2,0.794467816520084,0.9346799580272823,0.80248833592535,0.9090909024793389,0.024041000000000423
lastfm,random,5,0.3,0.7893991184846468,0.8984784889821616,0.7102125453602903,0.7727272671074381,0.024041000000000423
lastfm,random,5,0.4,0.7761714123168352,0.8470619097586569,0.6132711249351996,0.7272727219834711,0.024041000000000423
lastfm,random,5,0.5,0.75851315970171,0.7873819517313746,0.514256091238984,0.5909090866115703,0.024041000000000423
lastfm,random,5,0.6,0.6532782847536915,0.7139296956977964,0.4121306376360809,0.5454545414876033,0.024041000000000423
lastfm,random,5,0.7,0.7190062483196282,0.6015215110178384,0.31259720062208396,0.45454545123966944,0.024041000000000423
lastfm,random,5,0.8,0.6704393721970776,0.4475341028331584,0.20165889061689996,0.27272727074380165,0.024041000000000423
lastfm,random,5,0.9,0.5543607011031503,0.20448583420776495,0.10679108346293416,0.13636363537190083,0.024041000000000423
lastfm,random,6,0.1,0.8266326870037052,0.9746852046169989,0.9129082426127527,0.9090909024793389,0.008044791999964218
lastfm,random,6,0.2,0.8166232314021751,0.9403200419727177,0.813893208916537,0.863636357355372,0.008044791999964218
lastfm,random,6,0.3,0.7884862250850387,0.8949370409233998,0.6993260756868844,0.7272727219834711,0.008044791999964218
lastfm,random,6,0.4,0.7743787984868846,0.8474554039874082,0.6054950751684811,0.6363636317355372,0.008044791999964218
lastfm,random,6,0.5,0.7883640653978534,0.7848898216159497,0.5018144116122343,0.40909090611570254,0.008044791999964218
lastfm,random,6,0.6,0.7305581214751089,0.7103882476390346,0.4022809745982374,0.3636363609917356,0.008044791999964218
lastfm,random,6,0.7,0.7167971559090475,0.6045383001049318,0.30430274753758424,0.3636363609917356,0.008044791999964218
lastfm,random,6,0.8,0.6557275534462802,0.4689139559286464,0.2130637636080871,0.27272727074380165,0.008044791999964218
lastfm,random,6,0.9,0.6038651277963465,0.2098635886673662,0.09227579056505962,0.13636363537190083,0.008044791999964218
lastfm,random,7,0.1,0.8115757955935312,0.9678646379853095,0.8932089165370658,0.9090909024793389,0.006210500000179309
lastfm,random,7,0.2,0.7983127644946408,0.9316631689401889,0.7983411093831001,0.8181818122314051,0.006210500000179309
lastfm,random,7,0.3,0.7850644982745754,0.887722980062959,0.6920684292379471,0.7727272671074381,0.006210500000179309
lastfm,random,7,0.4,0.7864379787248407,0.838405036726128,0.5904613789528252,0.6818181768595042,0.006210500000179309
lastfm,random,7,0.5,0.767281219650846,0.7808237145855194,0.4987039917055469,0.45454545123966944,0.006210500000179309
lastfm,random,7,0.6,0.7215868018627516,0.7056663168940189,0.39450492483151894,0.3181818158677686,0.006210500000179309
lastfm,random,7,0.7,0.6955725990893885,0.6061122770199371,0.30430274753758424,0.3181818158677686,0.006210500000179309
lastfm,random,7,0.8,0.6526094122052286,0.4568467995802728,0.21513737687921203,0.0909090902479339,0.006210500000179309
lastfm,random,7,0.9,0.5861802589593984,0.22179958027282268,0.11456713322965267,0.04545454512396695,0.006210500000179309
lastfm,random,8,0.1,0.7392777365898029,0.9698321091290661,0.9009849663037843,0.9090909024793389,0.007149874999868189
lastfm,random,8,0.2,0.7255412972839019,0.9311385099685204,0.7916018662519441,0.7727272671074381,0.007149874999868189
lastfm,random,8,0.3,0.7469333786869462,0.8891657922350472,0.6894764126490409,0.6818181768595042,0.007149874999868189
lastfm,random,8,0.4,0.7065697069572827,0.8397166841552991,0.5997926386728875,0.6363636317355372,0.007149874999868189
lastfm,random,8,0.5,0.6608262826519941,0.7804302203567681,0.5152928978745464,0.4999999963636364,0.007149874999868189
lastfm,random,8,0.6,0.6523893555371217,0.7103882476390346,0.4105754276827372,0.40909090611570254,0.007149874999868189
lastfm,random,8,0.7,0.6231390472836389,0.5988982161594963,0.3141524105754277,0.40909090611570254,0.007149874999868189
lastfm,random,8,0.8,0.5949162947389105,0.4518625393494229,0.21513737687921203,0.27272727074380165,0.007149874999868189
lastfm,random,8,0.9,0.5670483458295263,0.20842077649527807,0.10938310005184033,0.1818181804958678,0.007149874999868189
lastfm,random,9,0.1,0.7708280121438196,0.9707502623294858,0.9061689994815967,0.9999999927272728,0.0010865829999602283
lastfm,random,9,0.2,0.7683277942448825,0.9367785939139559,0.813893208916537,0.863636357355372,0.0010865829999602283
lastfm,random,9,0.3,0.7539439721378426,0.8958551941238195,0.709694142042509,0.7727272671074381,0.0010865829999602283
lastfm,random,9,0.4,0.7513806685283204,0.8452256033578174,0.60082944530845,0.6818181768595042,0.0010865829999602283
lastfm,random,9,0.5,0.7419517215235193,0.7883001049317944,0.49922239502332816,0.4999999963636364,0.0010865829999602283
lastfm,random,9,0.6,0.7101727086462302,0.7103882476390346,0.3976153447382063,0.40909090611570254,0.0010865829999602283
lastfm,random,9,0.7,0.6729054598348782,0.6013903462749213,0.2944530844997408,0.3181818158677686,0.0010865829999602283
lastfm,random,9,0.8,0.6371870267193058,0.4567156348373557,0.19906687402799378,0.22727272561983472,0.0010865829999602283
lastfm,random,9,0.9,0.5517904902471458,0.20487932843651627,0.09331259720062209,0.04545454512396695,0.0010865829999602283
lastfm,resistance_style_proxy,0,0.1,0.767995867349756,0.7275708289611752,0.04510108864696734,0.13636363537190083,0.15298437500000261
lastfm,resistance_style_proxy,0,0.2,0.7060791767572439,0.5737145855194123,0.0015552099533437014,0.04545454512396695,0.15298437500000261
lastfm,resistance_style_proxy,0,0.3,0.5969359935416282,0.4660283315844701,0.0005184033177812338,0.0,0.15298437500000261
lastfm,resistance_style_proxy,0,0.4,0.5791071888178595,0.37644281217208814,0.0,0.0,0.15298437500000261
lastfm,resistance_style_proxy,0,0.5,0.5665108274126907,0.2972193074501574,0.0,0.0,0.15298437500000261
lastfm,resistance_style_proxy,0,0.6,0.5132271776116712,0.23176810073452256,0.0,0.0,0.15298437500000261
lastfm,resistance_style_proxy,0,0.7,0.503930756743618,0.17274396642182582,0.0,0.0,0.15298437500000261
lastfm,resistance_style_proxy,0,0.8,0.5113751998923388,0.11411332633788038,0.0,0.0,0.15298437500000261
lastfm,resistance_style_proxy,0,0.9,0.4725444499868297,0.06361490031479539,0.0,0.0,0.15298437500000261
lastfm,resistance_style_proxy,1,0.1,0.7592948507991621,0.7275708289611752,0.04510108864696734,0.13636363537190083,0.16740454099999624
lastfm,resistance_style_proxy,1,0.2,0.6096397641074963,0.5737145855194123,0.0015552099533437014,0.04545454512396695,0.16740454099999624
lastfm,resistance_style_proxy,1,0.3,0.6446154274962228,0.4660283315844701,0.0005184033177812338,0.0,0.16740454099999624
lastfm,resistance_style_proxy,1,0.4,0.6134105448634786,0.37644281217208814,0.0,0.0,0.16740454099999624
lastfm,resistance_style_proxy,1,0.5,0.5702054078434775,0.2972193074501574,0.0,0.0,0.16740454099999624
lastfm,resistance_style_proxy,1,0.6,0.562479840238522,0.23176810073452256,0.0,0.0,0.16740454099999624
lastfm,resistance_style_proxy,1,0.7,0.5402559702613832,0.17274396642182582,0.0,0.0,0.16740454099999624
lastfm,resistance_style_proxy,1,0.8,0.4834937420510255,0.11411332633788038,0.0,0.0,0.16740454099999624
lastfm,resistance_style_proxy,1,0.9,0.4708823445550194,0.06361490031479539,0.0,0.0,0.16740454099999624
lastfm,resistance_style_proxy,2,0.1,0.7533308048534231,0.7275708289611752,0.04510108864696734,0.13636363537190083,0.20043504200020834
lastfm,resistance_style_proxy,2,0.2,0.6777626981059967,0.5737145855194123,0.0015552099533437014,0.04545454512396695,0.20043504200020834
lastfm,resistance_style_proxy,2,0.3,0.6471156138880243,0.4660283315844701,0.0005184033177812338,0.0,0.20043504200020834
lastfm,resistance_style_proxy,2,0.4,0.6177065807080613,0.37644281217208814,0.0,0.0,0.20043504200020834
lastfm,resistance_style_proxy,2,0.5,0.5895943693365375,0.2972193074501574,0.0,0.0,0.20043504200020834
lastfm,resistance_style_proxy,2,0.6,0.5547624210589017,0.23176810073452256,0.0,0.0,0.20043504200020834
lastfm,resistance_style_proxy,2,0.7,0.5548828459612891,0.17274396642182582,0.0,0.0,0.20043504200020834
lastfm,resistance_style_proxy,2,0.8,0.49848295955280986,0.11411332633788038,0.0,0.0,0.20043504200020834
lastfm,resistance_style_proxy,2,0.9,0.478634355260535,0.06361490031479539,0.0,0.0,0.20043504200020834
lastfm,resistance_style_proxy,3,0.1,0.7090674212000789,0.7275708289611752,0.04510108864696734,0.13636363537190083,0.13611716699961107
lastfm,resistance_style_proxy,3,0.2,0.6708619588196381,0.5737145855194123,0.0015552099533437014,0.04545454512396695,0.13611716699961107
lastfm,resistance_style_proxy,3,0.3,0.6187323472583771,0.4660283315844701,0.0005184033177812338,0.0,0.13611716699961107
lastfm,resistance_style_proxy,3,0.4,0.5901944440975461,0.37644281217208814,0.0,0.0,0.13611716699961107
lastfm,resistance_style_proxy,3,0.5,0.5381821205324786,0.2972193074501574,0.0,0.0,0.13611716699961107
lastfm,resistance_style_proxy,3,0.6,0.5659280148875264,0.23176810073452256,0.0,0.0,0.13611716699961107
lastfm,resistance_style_proxy,3,0.7,0.5290111382792843,0.17274396642182582,0.0,0.0,0.13611716699961107
lastfm,resistance_style_proxy,3,0.8,0.48707760294187324,0.11411332633788038,0.0,0.0,0.13611716699961107
lastfm,resistance_style_proxy,3,0.9,0.48022598366012836,0.06361490031479539,0.0,0.0,0.13611716699961107
lastfm,resistance_style_proxy,4,0.1,0.7083544935681715,0.7275708289611752,0.04510108864696734,0.13636363537190083,0.012059458999829076
lastfm,resistance_style_proxy,4,0.2,0.6277876078526334,0.5737145855194123,0.0015552099533437014,0.04545454512396695,0.012059458999829076
lastfm,resistance_style_proxy,4,0.3,0.6270980074079544,0.4660283315844701,0.0005184033177812338,0.0,0.012059458999829076
lastfm,resistance_style_proxy,4,0.4,0.5689347330477539,0.37644281217208814,0.0,0.0,0.012059458999829076
lastfm,resistance_style_proxy,4,0.5,0.5503798455877447,0.2972193074501574,0.0,0.0,0.012059458999829076
lastfm,resistance_style_proxy,4,0.6,0.5197882887761639,0.23176810073452256,0.0,0.0,0.012059458999829076
lastfm,resistance_style_proxy,4,0.7,0.4949909869483654,0.17274396642182582,0.0,0.0,0.012059458999829076
lastfm,resistance_style_proxy,4,0.8,0.47845152169199057,0.11411332633788038,0.0,0.0,0.012059458999829076
lastfm,resistance_style_proxy,4,0.9,0.48830959420922554,0.06361490031479539,0.0,0.0,0.012059458999829076
lastfm,resistance_style_proxy,5,0.1,0.7528747045918217,0.7275708289611752,0.04510108864696734,0.13636363537190083,0.15031275000001187
lastfm,resistance_style_proxy,5,0.2,0.6985920353505599,0.5737145855194123,0.0015552099533437014,0.04545454512396695,0.15031275000001187
lastfm,resistance_style_proxy,5,0.3,0.6526661574393684,0.4660283315844701,0.0005184033177812338,0.0,0.15031275000001187
lastfm,resistance_style_proxy,5,0.4,0.5978663549165755,0.37644281217208814,0.0,0.0,0.15031275000001187
lastfm,resistance_style_proxy,5,0.5,0.5960604057104006,0.2972193074501574,0.0,0.0,0.15031275000001187
lastfm,resistance_style_proxy,5,0.6,0.5142557546716943,0.23176810073452256,0.0,0.0,0.15031275000001187
lastfm,resistance_style_proxy,5,0.7,0.5333431192363997,0.17274396642182582,0.0,0.0,0.15031275000001187
lastfm,resistance_style_proxy,5,0.8,0.5057622964636607,0.11411332633788038,0.0,0.0,0.15031275000001187
lastfm,resistance_style_proxy,5,0.9,0.48013516680979546,0.06361490031479539,0.0,0.0,0.15031275000001187
lastfm,resistance_style_proxy,6,0.1,0.7618791024610221,0.7275708289611752,0.04510108864696734,0.13636363537190083,0.31341437500009306
lastfm,resistance_style_proxy,6,0.2,0.6570453553037416,0.5737145855194123,0.0015552099533437014,0.04545454512396695,0.31341437500009306
lastfm,resistance_style_proxy,6,0.3,0.6004609288086123,0.4660283315844701,0.0005184033177812338,0.0,0.31341437500009306
lastfm,resistance_style_proxy,6,0.4,0.6057440876781476,0.37644281217208814,0.0,0.0,0.31341437500009306
lastfm,resistance_style_proxy,6,0.5,0.5738249536015743,0.2972193074501574,0.0,0.0,0.31341437500009306
lastfm,resistance_style_proxy,6,0.6,0.5392150583239924,0.23176810073452256,0.0,0.0,0.31341437500009306
lastfm,resistance_style_proxy,6,0.7,0.5468472569874573,0.17274396642182582,0.0,0.0,0.31341437500009306
lastfm,resistance_style_proxy,6,0.8,0.5044777863140433,0.11411332633788038,0.0,0.0,0.31341437500009306
lastfm,resistance_style_proxy,6,0.9,0.4780089013529836,0.06361490031479539,0.0,0.0,0.31341437500009306
lastfm,resistance_style_proxy,7,0.1,0.753462566082309,0.7275708289611752,0.04510108864696734,0.13636363537190083,0.0790599580000162
lastfm,resistance_style_proxy,7,0.2,0.6750281919489037,0.5737145855194123,0.0015552099533437014,0.04545454512396695,0.0790599580000162
lastfm,resistance_style_proxy,7,0.3,0.6042384240905596,0.4660283315844701,0.0005184033177812338,0.0,0.0790599580000162
lastfm,resistance_style_proxy,7,0.4,0.5937734355445676,0.37644281217208814,0.0,0.0,0.0790599580000162
lastfm,resistance_style_proxy,7,0.5,0.5366560526163937,0.2972193074501574,0.0,0.0,0.0790599580000162
lastfm,resistance_style_proxy,7,0.6,0.5162358191211482,0.23176810073452256,0.0,0.0,0.0790599580000162
lastfm,resistance_style_proxy,7,0.7,0.5200469474772638,0.17274396642182582,0.0,0.0,0.0790599580000162
lastfm,resistance_style_proxy,7,0.8,0.49496146767034854,0.11411332633788038,0.0,0.0,0.0790599580000162
lastfm,resistance_style_proxy,7,0.9,0.5022828159483299,0.06361490031479539,0.0,0.0,0.0790599580000162
lastfm,resistance_style_proxy,8,0.1,0.7108684349665203,0.7275708289611752,0.04510108864696734,0.13636363537190083,0.186620958000276
lastfm,resistance_style_proxy,8,0.2,0.591544289764595,0.5737145855194123,0.0015552099533437014,0.04545454512396695,0.186620958000276
lastfm,resistance_style_proxy,8,0.3,0.5552343904551055,0.4660283315844701,0.0005184033177812338,0.0,0.186620958000276
lastfm,resistance_style_proxy,8,0.4,0.5281325057550964,0.37644281217208814,0.0,0.0,0.186620958000276
lastfm,resistance_style_proxy,8,0.5,0.5073240289336349,0.2972193074501574,0.0,0.0,0.186620958000276
lastfm,resistance_style_proxy,8,0.6,0.4837563205388055,0.23176810073452256,0.0,0.0,0.186620958000276
lastfm,resistance_style_proxy,8,0.7,0.5049770873712539,0.17274396642182582,0.0,0.0,0.186620958000276
lastfm,resistance_style_proxy,8,0.8,0.4861801074409957,0.11411332633788038,0.0,0.0,0.186620958000276
lastfm,resistance_style_proxy,8,0.9,0.4717772529342269,0.06361490031479539,0.0,0.0,0.186620958000276
lastfm,resistance_style_proxy,9,0.1,0.7335954849944186,0.7275708289611752,0.04510108864696734,0.13636363537190083,0.010563750000073924
lastfm,resistance_style_proxy,9,0.2,0.6677604483630647,0.5737145855194123,0.0015552099533437014,0.04545454512396695,0.010563750000073924
lastfm,resistance_style_proxy,9,0.3,0.5848687306345328,0.4660283315844701,0.0005184033177812338,0.0,0.010563750000073924
lastfm,resistance_style_proxy,9,0.4,0.6088593838691264,0.37644281217208814,0.0,0.0,0.010563750000073924
lastfm,resistance_style_proxy,9,0.5,0.555798400442809,0.2972193074501574,0.0,0.0,0.010563750000073924
lastfm,resistance_style_proxy,9,0.6,0.5331502149386727,0.23176810073452256,0.0,0.0,0.010563750000073924
lastfm,resistance_style_proxy,9,0.7,0.5166516247073638,0.17274396642182582,0.0,0.0,0.010563750000073924
lastfm,resistance_style_proxy,9,0.8,0.5238935250928128,0.11411332633788038,0.0,0.0,0.010563750000073924
lastfm,resistance_style_proxy,9,0.9,0.47514087273181704,0.06361490031479539,0.0,0.0,0.010563750000073924
