dataset,method,method_display,raw_method_key,seed,edge_removal_rate,test_macro_f1,val_macro_f1,test_accuracy,test_worst_class_f1,train_seconds,prune_seconds,giant_component_ratio,bridge_preservation,minority_degree_retention,minority_isolation_rate,clustering,num_components,degree_ks,retained_edge_ratio,source_file
facebook,cailp_a31,Task-only,cailp_a31,0,0.1,0.8997136386617895,0.9020316247178073,0.9072096128170895,0.8480509148766905,2444.039017667,0.14321125000014945,0.7090787716955941,0.02455432223343424,0.7953456525593977,0.41148181544935375,0.28386958110357335,6509.0,0.28945260347129503,0.9000017562037899,facebook_seed0_cailp_a31.json
facebook,cailp_a31,Task-only,cailp_a31,0,0.2,0.8861771481015106,0.890775745235433,0.892745883400089,0.84185303514377,2444.039017667,0.06390679100013585,0.5433466844681798,0.0010090817356205853,0.6491778771290536,0.5804027652539826,0.23074037191483393,10230.0,0.4549621717846017,0.7999976583949469,facebook_seed0_cailp_a31.json
facebook,cailp_a31,Task-only,cailp_a31,0,0.3,0.8850069184889109,0.8904538580353129,0.8918558077436582,0.8387609213661636,2444.039017667,0.051409624999905645,0.48718291054739654,0.0006727211570803902,0.55761263330524,0.6405169822663059,0.19520901950796973,11504.0,0.5117489986648865,0.6999994145987367,facebook_seed0_cailp_a31.json
facebook,cailp_a31,Task-only,cailp_a31,0,0.4,0.8869926839163228,0.8889577689202589,0.8931909212283045,0.8443735035913806,2444.039017667,0.3805390000002262,0.4817979528259902,0.0006727211570803902,0.42834021328671174,0.6519386834986475,0.15210381924392974,11626.0,0.5172229639519359,0.6000011708025266,facebook_seed0_cailp_a31.json
facebook,cailp_a31,Task-only,cailp_a31,0,0.5,0.8850930802805457,0.8910280740734601,0.8925233644859814,0.8348106365834005,2444.039017667,0.3584481660000165,0.4785046728971963,0.0006727211570803902,0.3951967653294123,0.6570483919446949,0.12319951647674396,11700.0,0.5205162438807298,0.4999970729936835,facebook_seed0_cailp_a31.json
facebook,cailp_a31,Task-only,cailp_a31,0,0.6,0.8882224353253322,0.8899757210927415,0.8958611481975968,0.8354430379746836,2444.039017667,0.07126849999986007,0.4712950600801068,0.0006727211570803902,0.33832856978935727,0.6675683799218515,0.09570038358238389,11858.0,0.5275033377837116,0.3999988291974734,facebook_seed0_cailp_a31.json
facebook,cailp_a31,Task-only,cailp_a31,0,0.7,0.8891734820254397,0.8909025224615729,0.8956386292834891,0.8454763811048839,2444.039017667,0.03352737499972136,0.4609701824655096,0.0003363605785401951,0.28320817140734034,0.6840997896002404,0.07274624937606433,12088.0,0.5376502002670227,0.3000005854012633,facebook_seed0_cailp_a31.json
facebook,cailp_a31,Task-only,cailp_a31,0,0.8,0.8885438098495144,0.889124558640389,0.8943035157988429,0.8483412322274881,2444.039017667,0.02640166599985605,0.4287939474855363,0.0003363605785401951,0.22918823029554652,0.7048391944694921,0.05277375592793419,12783.0,0.5682688028482421,0.20000234160505317,facebook_seed0_cailp_a31.json
facebook,cailp_a31,Task-only,cailp_a31,0,0.9,0.8874402952920257,0.8910082883221603,0.8936359590565198,0.8458498023715415,2444.039017667,0.029140749999896798,0.2820649755229194,0.0003363605785401951,0.14555281023906833,0.7769762548842801,0.0293685601693002,15761.0,0.6963951935914553,0.09999824379621011,facebook_seed0_cailp_a31.json
facebook,cailp_a31,Task-only,cailp_a31,1,0.1,0.9214881653390343,0.9224007336363538,0.9243435692033823,0.901689708141321,2034.740980833999,0.11955520899937255,0.8206497552291945,0.43760511268079383,0.9877653931430679,0.020138262699128343,0.27899292780483353,3943.0,0.1728526924788607,0.9000017562037899,facebook_seed1_cailp_a31.json
facebook,cailp_a31,Task-only,cailp_a31,1,0.2,0.9217087659326,0.9212524779063922,0.9243435692033823,0.9036697247706422,2034.740980833999,0.03912225000021863,0.8006675567423231,0.4150689539186007,0.9747540000366584,0.022242260294559665,0.24189883100063714,4360.0,0.19265687583444596,0.7999976583949469,facebook_seed1_cailp_a31.json
facebook,cailp_a31,Task-only,cailp_a31,1,0.3,0.9164680054971834,0.9208500836418212,0.9203382287494437,0.8899153194765204,2034.740980833999,0.027071458000136772,0.784913217623498,0.40228725193407333,0.9129336825960302,0.023444544634806132,0.2115020934560446,4711.0,0.21041388518024035,0.6999994145987367,facebook_seed1_cailp_a31.json
facebook,cailp_a31,Task-only,cailp_a31,1,0.4,0.9131387078518984,0.918211803063922,0.9176680017801513,0.8819875776397516,2034.740980833999,0.028305915999226272,0.7682688028482421,0.3888328287924655,0.8169665583436688,0.028253681995792004,0.1825797770687434,5073.0,0.22696929238985314,0.6000011708025266,facebook_seed1_cailp_a31.json
facebook,cailp_a31,Task-only,cailp_a31,1,0.5,0.911394996932833,0.9166262488766089,0.9154428126390743,0.8829787234042553,2034.740980833999,0.026105834000190953,0.7484201157098354,0.3713420787083754,0.7751812230119688,0.03216110610159303,0.15547280113904124,5525.0,0.24775255896751225,0.4999970729936835,facebook_seed1_cailp_a31.json
facebook,cailp_a31,Task-only,cailp_a31,1,0.6,0.9052979359788502,0.9130697178557399,0.9094348019581664,0.8766283524904215,2034.740980833999,0.024636999998620013,0.7176234979973297,0.3504877228388833,0.728087721139249,0.03486624586714758,0.13226989553761234,6176.0,0.2806853582554517,0.3999988291974734,facebook_seed1_cailp_a31.json
facebook,cailp_a31,Task-only,cailp_a31,1,0.7,0.9046271909194299,0.9113577131415338,0.9085447263017357,0.8761329305135952,2034.740980833999,0.022788958998717135,0.6640409434801958,0.33198789101917253,0.6750064665102936,0.04238052299368801,0.11210553209514983,7370.0,0.3410324877614597,0.3000005854012633,facebook_seed1_cailp_a31.json
facebook,cailp_a31,Task-only,cailp_a31,1,0.8,0.8936669783086499,0.8976906867917107,0.8974187805963507,0.8685800604229608,2034.740980833999,0.022609958999964874,0.5572318647085002,0.30272452068617556,0.6077161860674334,0.056807935076645624,0.09109374142310933,9661.0,0.44165554072096125,0.20000234160505317,facebook_seed1_cailp_a31.json
facebook,cailp_a31,Task-only,cailp_a31,1,0.9,0.8969476220585947,0.8978579867083337,0.8989764129951046,0.8829231916480239,2034.740980833999,0.022723750000295695,0.3538050734312417,0.2687521022536159,0.5075737785884696,0.0757439134355275,0.06283741885758669,13683.0,0.615086782376502,0.09999824379621011,facebook_seed1_cailp_a31.json
facebook,cailp_a31,Task-only,cailp_a31,2,0.1,0.9346807672413059,0.9401180380674912,0.9381397418780596,0.9083969465648855,1362.4714547080002,0.08621016699908068,1.0,1.0,0.9961806576416954,0.0,0.3359484013542542,1.0,0.017133956386292892,0.9000017562037899,facebook_seed2_cailp_a31.json
facebook,cailp_a31,Task-only,cailp_a31,2,0.2,0.9347721234464188,0.942228682642541,0.9374721851357365,0.9132075471698113,1362.4714547080002,0.04079045900107303,0.9993769470404984,1.0,0.966824176269323,0.0,0.30367195327331203,2.0,0.03324432576769032,0.7999976583949469,facebook_seed2_cailp_a31.json
facebook,cailp_a31,Task-only,cailp_a31,2,0.3,0.9348947092126823,0.9421311205675285,0.9374721851357365,0.9140271493212669,1362.4714547080002,0.02680816700012656,0.9993769470404984,1.0,0.8578132585401856,0.0,0.27254177654618567,2.0,0.06973742768135294,0.6999994145987367,facebook_seed2_cailp_a31.json
facebook,cailp_a31,Task-only,cailp_a31,2,0.4,0.9356502933455675,0.9403701347210098,0.9383622607921673,0.913767019667171,1362.4714547080002,0.02748362499914947,0.9987093902981753,1.0,0.805185095619811,0.004207995190862639,0.24619234427253156,17.0,0.1109479305740988,0.6000011708025266,facebook_seed2_cailp_a31.json
facebook,cailp_a31,Task-only,cailp_a31,2,0.5,0.9351470198908035,0.9398777140768143,0.9376947040498442,0.9147169811320754,1362.4714547080002,0.024234874999820022,0.9956386292834891,1.0,0.748511096911335,0.0066125638713555755,0.22295799024201995,82.0,0.1600356030262572,0.4999970729936835,facebook_seed2_cailp_a31.json
facebook,cailp_a31,Task-only,cailp_a31,2,0.6,0.9279981562016535,0.936248286748986,0.9299065420560748,0.9122541603630863,1362.4714547080002,0.02515750000020489,0.9773030707610146,1.0,0.6914810535624125,0.014727983168019236,0.1906294538530068,461.0,0.22171784601691147,0.3999988291974734,facebook_seed2_cailp_a31.json
facebook,cailp_a31,Task-only,cailp_a31,2,0.7,0.9289521274035984,0.9320237106277562,0.9303515798842902,0.9171686746987951,1362.4714547080002,0.023032834000332514,0.9309746328437917,1.0,0.5901087157008972,0.025247971145175834,0.1604654901850418,1454.0,0.30267022696929247,0.3000005854012633,facebook_seed2_cailp_a31.json
facebook,cailp_a31,Task-only,cailp_a31,2,0.8,0.925010268913385,0.9234520754584021,0.9265687583444593,0.9119638826185101,1362.4714547080002,0.021145624999917345,0.8132621272808189,0.9979818365287588,0.4413516320669488,0.04869251577998197,0.12154874437151378,3591.0,0.4124165554072096,0.20000234160505317,facebook_seed2_cailp_a31.json
facebook,cailp_a31,Task-only,cailp_a31,2,0.9,0.9180595397663525,0.9135236455555964,0.9203382287494437,0.9001512859304085,1362.4714547080002,0.022064208000301733,0.40565198041833556,0.9408005381769257,0.28828974074641445,0.11181244364292155,0.07055828684726013,9386.0,0.5698264352469959,0.09999824379621011,facebook_seed2_cailp_a31.json
facebook,cailp_a31,Task-only,cailp_a31,3,0.1,0.9109991290902999,0.9090132718170374,0.9174454828660437,0.8637083993660856,1214.818191208,0.07128937499874155,0.7834890965732088,0.39354187689202824,0.8189732760525362,0.2939585211902615,0.2936400454807991,4823.0,0.21437472185135736,0.9000017562037899,facebook_seed3_cailp_a31.json
facebook,cailp_a31,Task-only,cailp_a31,3,0.2,0.9018672332849235,0.8973594809297665,0.9083222073876279,0.8541996830427893,1214.818191208,0.03983012500066252,0.6897196261682244,0.3081062899428187,0.5601048430930549,0.5100691313495642,0.251521226865751,6906.0,0.3185135736537606,0.7999976583949469,facebook_seed3_cailp_a31.json
facebook,cailp_a31,Task-only,cailp_a31,3,0.3,0.8855166905738431,0.8901417450372919,0.8918558077436582,0.8417670682730923,1214.818191208,0.027482583000164595,0.5904761904761905,0.24587958291288262,0.3912156789343889,0.6684700931770363,0.21508169841282476,9120.0,0.4280818869603916,0.6999994145987367,facebook_seed3_cailp_a31.json
facebook,cailp_a31,Task-only,cailp_a31,3,0.4,0.879736313795567,0.8889758554409463,0.8865153538050734,0.833467417538214,1214.818191208,0.033943374999580556,0.49523809523809526,0.21459804910864447,0.29019936003949237,0.7679591223324316,0.18451698007462408,11168.0,0.514419225634179,0.6000011708025266,facebook_seed3_cailp_a31.json
facebook,cailp_a31,Task-only,cailp_a31,3,0.5,0.8831029923612138,0.887243180562716,0.8889630618602581,0.8416,1214.818191208,0.024411791999227717,0.45927903871829107,0.20484359233097882,0.23653546356814503,0.7908025247971145,0.13899330121616338,11896.0,0.5455273698264352,0.4999970729936835,facebook_seed3_cailp_a31.json
facebook,cailp_a31,Task-only,cailp_a31,3,0.6,0.882513130008283,0.8899350447420958,0.888295505117935,0.8420208500400962,1214.818191208,0.03479937500014785,0.4370271473075211,0.20215270770265725,0.2024210186160371,0.8058310790501954,0.10944416293551897,12380.0,0.5688028482421006,0.3999988291974734,facebook_seed3_cailp_a31.json
facebook,cailp_a31,Task-only,cailp_a31,3,0.7,0.8809497962175379,0.8902155143183017,0.8862928348909658,0.8437001594896332,1214.818191208,0.02517325000007986,0.41735647530040054,0.19677093844601412,0.09111211360449142,0.8250676284941388,0.0717864171188096,12815.0,0.5880284824210058,0.3000005854012633,facebook_seed3_cailp_a31.json
facebook,cailp_a31,Task-only,cailp_a31,3,0.8,0.8843916092332017,0.8910701716508898,0.890520694259012,0.841106719367589,1214.818191208,0.025394124999365886,0.3851357365376057,0.18903464513958965,0.04375970722708451,0.8563270213405471,0.025121443781095404,13441.0,0.6180685358255452,0.20000234160505317,facebook_seed3_cailp_a31.json
facebook,cailp_a31,Task-only,cailp_a31,3,0.9,0.8824172346117858,0.8865916312762119,0.8878504672897196,0.8445146014206788,1214.818191208,0.019170666999343666,0.2925678682688028,0.17490750084090145,0.01951708805499996,0.9044183949504058,0.00133704834513684,15312.0,0.6985758789497107,0.09999824379621011,facebook_seed3_cailp_a31.json
facebook,cailp_a31,Task-only,cailp_a31,4,0.1,0.928542475480888,0.9403677827618258,0.9307966177125055,0.9124423963133641,1127.7466088750007,0.09074316599799204,0.9685358255451714,0.9455095862764884,0.8242490422231893,0.0123234144875263,0.2993692018607362,541.0,0.11108144192256342,0.9000017562037899,facebook_seed4_cailp_a31.json
facebook,cailp_a31,Task-only,cailp_a31,4,0.2,0.9197223211073423,0.9318455408286926,0.9221183800623053,0.9023827824750192,1127.7466088750007,0.03537099999812199,0.919537160658656,0.9206189034645139,0.664034140135463,0.045987376014427414,0.26605111786002067,1369.0,0.22692478860703158,0.7999976583949469,facebook_seed4_cailp_a31.json
facebook,cailp_a31,Task-only,cailp_a31,4,0.3,0.9149888682004199,0.9232621552037437,0.9174454828660437,0.8973561430793157,1127.7466088750007,0.033680625001579756,0.8261682242990654,0.8990918264379415,0.5342115043187369,0.10129245566576495,0.2340047117556725,2757.0,0.32033822874944373,0.6999994145987367,facebook_seed4_cailp_a31.json
facebook,cailp_a31,Task-only,cailp_a31,4,0.4,0.9115236300086405,0.9228185896372263,0.9141076991544281,0.8930232558139535,1127.7466088750007,0.026284791998477885,0.7123720516243881,0.8819374369323916,0.45507506310659596,0.15238954012623984,0.2053310801942614,4294.0,0.3953271028037383,0.6000011708025266,facebook_seed4_cailp_a31.json
facebook,cailp_a31,Task-only,cailp_a31,4,0.5,0.9103639491469655,0.9197312200738553,0.9132176234979973,0.8900928792569659,1127.7466088750007,0.02980924999792478,0.6283934134401424,0.8731920618903465,0.39354606658716373,0.18575293056807934,0.1821754643790762,5473.0,0.4475745438362261,0.4999970729936835,facebook_seed4_cailp_a31.json
facebook,cailp_a31,Task-only,cailp_a31,4,0.6,0.912084453816291,0.9204027375434105,0.9145527369826435,0.8951048951048951,1127.7466088750007,0.02699620799830882,0.5701824655095683,0.8634376051126808,0.33959087486844797,0.21520889690411782,0.16628432415553493,6373.0,0.47979528259902093,0.3999988291974734,facebook_seed4_cailp_a31.json
facebook,cailp_a31,Task-only,cailp_a31,4,0.7,0.9094170402916051,0.9192797267854604,0.9121050289274588,0.8899082568807339,1127.7466088750007,0.022196249999979045,0.5160213618157543,0.8546922300706358,0.2252718676197736,0.22993688007213706,0.13796134110081698,7163.0,0.507832665776591,0.3000005854012633,facebook_seed4_cailp_a31.json
facebook,cailp_a31,Task-only,cailp_a31,4,0.8,0.9054822871091079,0.915213137399755,0.9076546506453048,0.8895705521472392,1127.7466088750007,0.020931874998495914,0.4508233199821985,0.849983181971073,0.1627718741055329,0.25819056206792906,0.08243500255084393,8198.0,0.5514463729417001,0.20000234160505317,facebook_seed4_cailp_a31.json
facebook,cailp_a31,Task-only,cailp_a31,4,0.9,0.9083817277174798,0.914533887147412,0.910547396528705,0.8917881811204912,1127.7466088750007,0.020515208001597784,0.3071651090342679,0.8405650857719476,0.13425685243107166,0.3174030658250676,0.03448219859990027,10673.0,0.6332443257676903,0.09999824379621011,facebook_seed4_cailp_a31.json
facebook,cailp_a31,Task-only,cailp_a31,5,0.1,0.928711441905063,0.9260286322752036,0.9307966177125055,0.9121466768525592,2441.2323028749997,0.11417854100000113,0.8610146862483311,0.6444668684830138,0.9722941392715551,0.027953110910730387,0.30520155882521494,2952.0,0.14294615042278597,0.9000017562037899,facebook_seed5_cailp_a31.json
facebook,cailp_a31,Task-only,cailp_a31,5,0.2,0.9232426569854557,0.9137270973326553,0.92456608811749,0.9128440366972477,2441.2323028749997,0.06339933300023404,0.7511348464619493,0.48133198789101916,0.922740776633732,0.06462278328824766,0.2697052928574152,5237.0,0.2411214953271028,0.7999976583949469,facebook_seed5_cailp_a31.json
facebook,cailp_a31,Task-only,cailp_a31,5,0.3,0.9143406768758982,0.9071923748100552,0.9172229639519359,0.8946135831381733,2441.2323028749997,0.04900570800009518,0.654161103693814,0.38647830474268413,0.8395908486562011,0.1145175834084761,0.2344428420851678,7197.0,0.3324432576769025,0.6999994145987367,facebook_seed5_cailp_a31.json
facebook,cailp_a31,Task-only,cailp_a31,5,0.4,0.9031701909265949,0.9013769644620797,0.9067645749888741,0.8784313725490196,2441.2323028749997,0.43861808299971017,0.5501557632398754,0.32593340060544906,0.7244303303619606,0.17703636910129245,0.19819193178782807,9369.0,0.4188251001335114,0.6000011708025266,facebook_seed5_cailp_a31.json
facebook,cailp_a31,Task-only,cailp_a31,5,0.5,0.9012879167830382,0.9019341055081196,0.9056519804183356,0.8714733542319749,2441.2323028749997,0.44542983300016203,0.4564307966177125,0.2885973763874874,0.6130567016311644,0.23143973549744515,0.16820489386044934,11268.0,0.49590565198041836,0.4999970729936835,facebook_seed5_cailp_a31.json
facebook,cailp_a31,Task-only,cailp_a31,5,0.6,0.8988344196769473,0.8985354500549966,0.9032042723631508,0.8684003152088259,2441.2323028749997,0.07054304200028128,0.37627948375611925,0.26538849646821394,0.5102278361851519,0.2921550946798918,0.1414491920896745,12887.0,0.5612817089452604,0.3999988291974734,facebook_seed5_cailp_a31.json
facebook,cailp_a31,Task-only,cailp_a31,5,0.7,0.8987171170474068,0.8961246430128038,0.9020916777926123,0.8753943217665615,2441.2323028749997,0.03771620899988193,0.3009790832220739,0.2462159434914228,0.4241649300601094,0.35617673579801623,0.11889979925759388,14379.0,0.6185135736537606,0.3000005854012633,facebook_seed5_cailp_a31.json
facebook,cailp_a31,Task-only,cailp_a31,5,0.8,0.8988434570832787,0.8972962459655148,0.9023141967067201,0.8753894080996885,2441.2323028749997,0.02888208400008807,0.21513128615932353,0.22939791456441305,0.33043112071856096,0.426209798617373,0.09107009401628748,16039.0,0.6871384067645749,0.20000234160505317,facebook_seed5_cailp_a31.json
facebook,cailp_a31,Task-only,cailp_a31,5,0.9,0.8984416968181896,0.8972561397075454,0.9020916777926123,0.8726415094339622,2441.2323028749997,0.08852066600002217,0.12438807298620383,0.21796165489404642,0.14995467783070238,0.5049594229035167,0.05685532735774089,17925.0,0.7700934579439253,0.09999824379621011,facebook_seed5_cailp_a31.json
facebook,cailp_a31,Task-only,cailp_a31,6,0.1,0.8945385735875261,0.8926817224649539,0.904539385847797,0.8250980392156863,2032.8650274170004,0.1490161250003439,0.7439252336448599,0.2065253952236798,0.6858168937286016,0.4773068830778479,0.2829539449469688,5723.0,0.2542056074766355,0.9000017562037899,facebook_seed6_cailp_a31.json
facebook,cailp_a31,Task-only,cailp_a31,6,0.2,0.8917629725903073,0.8886976392528886,0.9009790832220739,0.8300079808459697,2032.8650274170004,0.03986649999933434,0.6082331998219849,0.13353514968045746,0.5070558861391558,0.6660655244965434,0.2309721775028306,8773.0,0.38980863373386737,0.7999976583949469,facebook_seed6_cailp_a31.json
facebook,cailp_a31,Task-only,cailp_a31,6,0.3,0.8884385485918216,0.8833792862779389,0.8978638184245661,0.8253205128205128,2032.8650274170004,0.031451208000362385,0.5234534935469515,0.11234443323242516,0.359463983494681,0.7592425608656447,0.19648590465092033,10646.0,0.4730752113929684,0.6999994145987367,facebook_seed6_cailp_a31.json
facebook,cailp_a31,Task-only,cailp_a31,6,0.4,0.8886869075250543,0.8835980517893172,0.897196261682243,0.8321285140562249,2032.8650274170004,0.03258149999965099,0.4287939474855363,0.0961991254624958,0.2727861121783627,0.8551247370003006,0.16376610809156264,12704.0,0.5635514018691589,0.6000011708025266,facebook_seed6_cailp_a31.json
facebook,cailp_a31,Task-only,cailp_a31,6,0.5,0.8849570975490685,0.8832609347854626,0.8918558077436582,0.8390712570056045,2032.8650274170004,0.03022137500011013,0.34686248331108144,0.08678102926337034,0.23009449073419078,0.8981064021641119,0.12869882368988475,14522.0,0.6427236315086783,0.4999970729936835,facebook_seed6_cailp_a31.json
facebook,cailp_a31,Task-only,cailp_a31,6,0.6,0.8825533128626335,0.8832043325918111,0.8887405429461505,0.8415124698310539,2032.8650274170004,0.027997916999083827,0.2692923898531375,0.08139926000672722,0.2040069808021214,0.9185452359483017,0.09880873109944965,16127.0,0.7104583889630619,0.3999988291974734,facebook_seed6_cailp_a31.json
facebook,cailp_a31,Task-only,cailp_a31,6,0.7,0.8871349170521945,0.8834535555611643,0.8929684023141967,0.8477564102564102,2032.8650274170004,0.02882595799928822,0.18108589230084557,0.07467204843592332,0.16481096651093932,0.9422903516681695,0.07695727683322003,17874.0,0.7853582554517134,0.3000005854012633,facebook_seed6_cailp_a31.json
facebook,cailp_a31,Task-only,cailp_a31,6,0.8,0.8890361522205092,0.8853733506535277,0.8954161103693814,0.8485342019543974,2032.8650274170004,0.022245207999731065,0.1207832665776591,0.06525395223679785,0.07434619279426274,0.961526901112113,0.05436547484305935,19190.0,0.8435692033822875,0.20000234160505317,facebook_seed6_cailp_a31.json
facebook,cailp_a31,Task-only,cailp_a31,6,0.9,0.8892060239616557,0.8852654481819957,0.894971072541166,0.849445324881141,2032.8650274170004,0.0204647919999843,0.06515353805073432,0.048772283888328286,0.006699896192858557,0.9891794409377818,0.0297485869320773,20547.0,0.9048954161103694,0.09999824379621011,facebook_seed6_cailp_a31.json
facebook,cailp_a31,Task-only,cailp_a31,7,0.1,0.926045935941282,0.9222341029773821,0.9299065420560748,0.897138437741686,1351.6681134169994,0.09179441699961899,0.8854027592345349,0.5230406996300033,0.8502071303905853,0.15990381725278027,0.3140668361658837,2308.0,0.09434801958166444,0.9000017562037899,facebook_seed7_cailp_a31.json
facebook,cailp_a31,Task-only,cailp_a31,7,0.2,0.9252120501909412,0.9220189453965257,0.9294615042278593,0.8936825885978429,1351.6681134169994,0.06429670800025633,0.8759234534935469,0.5092499159098554,0.8080333500480722,0.1689209498046288,0.2946531081972945,2452.0,0.09973297730307076,0.7999976583949469,facebook_seed7_cailp_a31.json
facebook,cailp_a31,Task-only,cailp_a31,7,0.3,0.9253383176520741,0.9189777562215831,0.9296840231419671,0.8926640926640926,1351.6681134169994,0.03973008400134859,0.8716510903426792,0.49915909855364954,0.682612594659894,0.17733694018635407,0.2658649767300653,2550.0,0.10418335558522475,0.6999994145987367,facebook_seed7_cailp_a31.json
facebook,cailp_a31,Task-only,cailp_a31,7,0.4,0.9241072028322832,0.9191228013150787,0.9285714285714286,0.8906009244992296,1351.6681134169994,0.03107300000010582,0.8639964396973743,0.4863773965691221,0.632735587751991,0.18966035467388037,0.23353846672965806,2711.0,0.11357365376056965,0.6000011708025266,facebook_seed7_cailp_a31.json
facebook,cailp_a31,Task-only,cailp_a31,7,0.5,0.9214157024067593,0.9166474723279605,0.9263462394303515,0.8847641144624904,1351.6681134169994,0.028438875000574626,0.8481085892300846,0.46485031954254963,0.5489059708639339,0.2073940486925158,0.20085096929171956,3038.0,0.13573653760569648,0.4999970729936835,facebook_seed7_cailp_a31.json
facebook,cailp_a31,Task-only,cailp_a31,7,0.6,0.9171562792880145,0.9116098270453141,0.9221183800623053,0.88,1351.6681134169994,0.024860999999873457,0.811125945705385,0.4339051463168517,0.442290267202132,0.24586714758040276,0.16333982449750564,3766.0,0.1894526034712951,0.3999988291974734,facebook_seed7_cailp_a31.json
facebook,cailp_a31,Task-only,cailp_a31,7,0.7,0.9080930101395762,0.9067617133820539,0.9136626613262128,0.8668206312548113,1351.6681134169994,0.024061083000560757,0.739652870493992,0.37975109317188027,0.3149598411732206,0.30507965133754134,0.12476612919754508,5253.0,0.27943925233644856,0.3000005854012633,facebook_seed7_cailp_a31.json
facebook,cailp_a31,Task-only,cailp_a31,7,0.8,0.9026082351727115,0.8921006486121946,0.908989764129951,0.8571428571428571,1351.6681134169994,0.023079292001057183,0.6012016021361816,0.3286242852337706,0.16610563344965523,0.4337240757439134,0.0827996022899195,8003.0,0.4020026702269692,0.20000234160505317,facebook_seed7_cailp_a31.json
facebook,cailp_a31,Task-only,cailp_a31,7,0.9,0.8933849320580489,0.886311670460952,0.8998664886515354,0.8502802241793435,1351.6681134169994,0.028420457998436177,0.3369826435246996,0.22939791456441305,0.05444070305303379,0.6988277727682597,0.04307222443443083,13234.0,0.6071651090342679,0.09999824379621011,facebook_seed7_cailp_a31.json
facebook,cailp_a31,Task-only,cailp_a31,8,0.1,0.9441525240379979,0.9353185316709576,0.947485536270583,0.92,1214.3941317499994,0.08647108300101536,0.9888295505117936,0.9297006390850993,0.9959217627646936,0.003005710850616171,0.33002474725433534,243.0,0.013351134846461957,0.9000017562037899,facebook_seed8_cailp_a31.json
facebook,cailp_a31,Task-only,cailp_a31,8,0.2,0.9430631140414635,0.9363382447944735,0.9461504227859368,0.92,1214.3941317499994,0.03355679199921724,0.9874499332443257,0.9246552304069963,0.9737830158787637,0.003005710850616171,0.30488179217965306,261.0,0.029862038273253178,0.7999976583949469,facebook_seed8_cailp_a31.json
facebook,cailp_a31,Task-only,cailp_a31,8,0.3,0.9429892834099288,0.9347940747188892,0.9461504227859368,0.9197530864197531,1214.3941317499994,0.02618400000028487,0.9864708500222519,0.9186007399932727,0.908111008133958,0.003005710850616171,0.2766528993391202,285.0,0.06221628838451265,0.6999994145987367,facebook_seed8_cailp_a31.json
facebook,cailp_a31,Task-only,cailp_a31,8,0.4,0.9407497337065778,0.9338158237657375,0.9439252336448598,0.9176289453425712,1214.3941317499994,0.025304500000856933,0.9842456608811749,0.9142280524722503,0.8085188421270196,0.007213706041478809,0.24643017612201865,333.0,0.10596350689808631,0.6000011708025266,facebook_seed8_cailp_a31.json
facebook,cailp_a31,Task-only,cailp_a31,8,0.5,0.9394088734259467,0.9307064075975995,0.9425901201602136,0.9153846153846154,1214.3941317499994,0.02319833399997151,0.9785491766800178,0.9064917591658258,0.7543047041836468,0.009618274721971746,0.2156396040894395,458.0,0.15887850467289721,0.4999970729936835,facebook_seed8_cailp_a31.json
facebook,cailp_a31,Task-only,cailp_a31,8,0.6,0.9380037375943711,0.928991643061999,0.9403649310191367,0.9194528875379939,1214.3941317499994,0.025641750000431784,0.9585224744103249,0.8947191389169189,0.6781783652086346,0.018034265103697024,0.18337621435470583,900.0,0.22113929684023148,0.3999988291974734,facebook_seed8_cailp_a31.json
facebook,cailp_a31,Task-only,cailp_a31,8,0.7,0.9301914227905778,0.925131913144238,0.9332443257676902,0.90727969348659,1214.3941317499994,0.02194595900073182,0.9127725856697819,0.8718466195761857,0.5789422438421428,0.02855425308085362,0.1509265640902721,1866.0,0.3041388518024032,0.3000005854012633,facebook_seed8_cailp_a31.json
facebook,cailp_a31,Task-only,cailp_a31,8,0.8,0.9245590229291738,0.9186668771154703,0.9274588340008901,0.9016018306636155,1214.3941317499994,0.02130695900086721,0.8081441922563418,0.824083417423478,0.4262687461847663,0.0634204989480012,0.10599951372442454,3878.0,0.4140631953716066,0.20000234160505317,facebook_seed8_cailp_a31.json
facebook,cailp_a31,Task-only,cailp_a31,8,0.9,0.9145531228377615,0.9087144625670212,0.9183355585224744,0.8858654572940288,1214.3941317499994,0.021861457998966216,0.44058744993324434,0.6834846955936764,0.28638009577950896,0.13495641719266607,0.05068435170063897,9498.0,0.5727636849132176,0.09999824379621011,facebook_seed8_cailp_a31.json
facebook,cailp_a31,Task-only,cailp_a31,9,0.1,0.9040871657448109,0.9103465250708241,0.9127725856697819,0.8438228438228438,1129.3054212079987,0.08689754099759739,0.7451268357810414,0.13488059199461824,0.6945559051926192,0.4730988878869853,0.2936156122823237,5581.0,0.24477080551846908,0.9000017562037899,facebook_seed9_cailp_a31.json
facebook,cailp_a31,Task-only,cailp_a31,9,0.2,0.8945988208071389,0.9057117956637759,0.9040943480195817,0.8303362001563722,1129.3054212079987,0.03818804199909209,0.6226079216733422,0.06525395223679785,0.5200996796159317,0.6236850015028554,0.245282318909282,8278.0,0.3634623943035158,0.7999976583949469,facebook_seed9_cailp_a31.json
facebook,cailp_a31,Task-only,cailp_a31,9,0.3,0.8868530508762404,0.9013058864373222,0.8958611481975968,0.8268156424581006,1129.3054212079987,0.0280791249970207,0.49109924343569206,0.04002690884628322,0.4028676685459182,0.7318905921250376,0.20165865382959502,11264.0,0.496039163328883,0.6999994145987367,facebook_seed9_cailp_a31.json
facebook,cailp_a31,Task-only,cailp_a31,9,0.4,0.8830074062567486,0.8943950855763576,0.8925233644859814,0.8193343898573693,1129.3054212079987,0.026906957999017322,0.3817979528259902,0.02791792801883619,0.3001359271895227,0.8337841899609257,0.16917287100529502,13729.0,0.6058299955496217,0.6000011708025266,facebook_seed9_cailp_a31.json
facebook,cailp_a31,Task-only,cailp_a31,9,0.5,0.8797200213621406,0.8925790050203241,0.8889630618602581,0.8186195826645265,1129.3054212079987,0.024809458998788614,0.3186915887850467,0.023881601076353853,0.23281329772395104,0.8776675683799219,0.14934194609928808,15158.0,0.6697374276813529,0.4999970729936835,facebook_seed9_cailp_a31.json
facebook,cailp_a31,Task-only,cailp_a31,9,0.6,0.881454684587194,0.8961233784673037,0.890520694259012,0.8215701823949246,1129.3054212079987,0.027546332999918377,0.2708945260347129,0.020181634712411706,0.18199765568086487,0.9071235347159603,0.128024396936354,16260.0,0.7192256341789052,0.3999988291974734,facebook_seed9_cailp_a31.json
facebook,cailp_a31,Task-only,cailp_a31,9,0.7,0.8808443225828716,0.896841617638915,0.8887405429461505,0.8281868566904196,1129.3054212079987,0.022559291999641573,0.21570983533600355,0.01849983181971073,0.14276927953005758,0.9341749323715058,0.1037793158428526,17516.0,0.7757454383622608,0.3000005854012633,facebook_seed9_cailp_a31.json
facebook,cailp_a31,Task-only,cailp_a31,9,0.8,0.8838283672614775,0.8971020631860829,0.8909657320872274,0.8356807511737089,1129.3054212079987,0.02333599999838043,0.16617712505562973,0.01782711066263034,0.030262815623270815,0.9606251878569282,0.07775803818883897,18634.0,0.825634178905207,0.20000234160505317,facebook_seed9_cailp_a31.json
facebook,cailp_a31,Task-only,cailp_a31,9,0.9,0.8891581111185896,0.896243156689327,0.8963061860258122,0.8415300546448088,1129.3054212079987,0.02339758300149697,0.1070315976858033,0.017154389505549948,0.001197566015716707,0.9939885782987676,0.05047332386885859,19975.0,0.8858032932799288,0.09999824379621011,facebook_seed9_cailp_a31.json
facebook,cailp_social_multi,CILP,cailp_multi,0,0.1,0.9104380245818469,0.9160740750451329,0.9185580774365821,0.8531029065200314,2217.1305073750004,0.165863041999728,0.8694259012016021,0.49175916582576523,0.8454168562988796,0.29125338142470697,0.3008352408672394,2813.0,0.12229639519359145,0.9000017562037899,facebook_seed0_cailp_multi.json
facebook,cailp_social_multi,CILP,cailp_multi,0,0.2,0.9103826600688227,0.9141632127060257,0.917890520694259,0.8580491673275178,2217.1305073750004,0.04687987499983137,0.8537160658655986,0.4524049781365624,0.7747928293488109,0.3116922152088969,0.268787677369842,3163.0,0.1376502002670227,0.7999976583949469,facebook_seed0_cailp_multi.json
facebook,cailp_social_multi,CILP,cailp_multi,0,0.3,0.9118059210964988,0.9113244346585272,0.9187805963506898,0.8622568093385214,2217.1305073750004,0.03726487499989162,0.8375611927013796,0.41910528086108306,0.6618332255950167,0.33243162007814847,0.23891283160353918,3538.0,0.15447263017356475,0.6999994145987367,facebook_seed0_cailp_multi.json
facebook,cailp_social_multi,CILP,cailp_multi,0,0.4,0.9090071848196526,0.9108484386458299,0.9167779261237206,0.8540031397174255,2217.1305073750004,0.33593266699972446,0.8153983088562528,0.3703329969727548,0.5946400435679459,0.3579801623083859,0.20914306704123795,4026.0,0.17574543836226078,0.6000011708025266,facebook_seed0_cailp_multi.json
facebook,cailp_social_multi,CILP,cailp_multi,0,0.5,0.9066631697008103,0.90984952750272,0.9145527369826435,0.851764705882353,2217.1305073750004,0.3582050420000087,0.7862038273253227,0.29936091490077366,0.5212648606054054,0.39224526600541026,0.17653224329771727,4698.0,0.2061415220293725,0.4999970729936835,facebook_seed0_cailp_multi.json
facebook,cailp_social_multi,CILP,cailp_multi,0,0.6,0.8979384866519692,0.9049897370052894,0.9074321317311972,0.8324066719618745,2217.1305073750004,0.04697695799950452,0.7498442367601246,0.23578876555667674,0.4339719984239837,0.4382326420198377,0.14678913562036575,5532.0,0.2435692033822875,0.3999988291974734,facebook_seed0_cailp_multi.json
facebook,cailp_social_multi,CILP,cailp_multi,0,0.7,0.8948987251125012,0.8971816483059655,0.9032042723631508,0.8382470119521912,2217.1305073750004,0.02902737500062358,0.6894526034712951,0.15472586612848974,0.3051527471355188,0.5139765554553652,0.11490572957646897,6838.0,0.3018246550956831,0.3000005854012633,facebook_seed0_cailp_multi.json
facebook,cailp_social_multi,CILP,cailp_multi,0,0.8,0.8855941244117151,0.8872352752401578,0.8947485536270583,0.8241042345276873,2217.1305073750004,0.027300291999381443,0.5994659546061415,0.10090817356205853,0.16380760765650562,0.6140667267808837,0.07769475676367808,8768.0,0.39955496217178466,0.20000234160505317,facebook_seed0_cailp_multi.json
facebook,cailp_social_multi,CILP,cailp_multi,0,0.9,0.8792976079416464,0.8823040712373929,0.886070315976858,0.8342764753435732,2217.1305073750004,0.07262058299966156,0.4325767690253672,0.06289942818701648,0.054505433190741144,0.785692816351067,0.03262130754161548,12123.0,0.5689363595905652,0.09999824379621011,facebook_seed0_cailp_multi.json
facebook,cailp_social_multi,CILP,cailp_multi,1,0.1,0.9287775811687945,0.9344103913513817,0.9323542501112595,0.9034749034749034,1131.2917285830008,0.08206191700082854,0.9688918558077436,0.8920282542885973,0.997993229866639,0.0006011421701232341,0.3077555433673528,691.0,0.03684913217623499,0.9000017562037899,facebook_seed1_cailp_multi.json
facebook,cailp_social_multi,CILP,cailp_multi,1,0.2,0.9297695458295362,0.9338296834119585,0.9330218068535826,0.9068514241724404,1131.2917285830008,0.05838725000103295,0.9635959056519804,0.8832828792465524,0.9837518550300228,0.0012022843402464682,0.274688380919745,805.0,0.04445927903871828,0.7999976583949469,facebook_seed1_cailp_multi.json
facebook,cailp_social_multi,CILP,cailp_multi,1,0.3,0.9286232974331364,0.9318869839810978,0.9321317311971518,0.9040675364543361,1131.2917285830008,0.032689749999917694,0.9589230084557188,0.875882946518668,0.9452032191373969,0.0015028554253080854,0.2446403644776304,906.0,0.05656430796617706,0.6999994145987367,facebook_seed1_cailp_multi.json
facebook,cailp_social_multi,CILP,cailp_multi,1,0.4,0.9269191783441276,0.9307833128092058,0.9305740987983978,0.9020817270624518,1131.2917285830008,0.02695816699997522,0.9510903426791277,0.8708375378405651,0.8520196512678738,0.00510970844604749,0.21676502722156724,1075.0,0.09385847797062752,0.6000011708025266,facebook_seed1_cailp_multi.json
facebook,cailp_social_multi,CILP,cailp_multi,1,0.5,0.9190942090004195,0.9228889250752553,0.922340898976413,0.8984615384615384,1131.2917285830008,0.02726333399914438,0.9325767690253671,0.8597376387487387,0.8164487172420101,0.007514277126540427,0.19417905341465813,1482.0,0.14107699154428133,0.4999970729936835,facebook_seed1_cailp_multi.json
facebook,cailp_social_multi,CILP,cailp_multi,1,0.6,0.912185986508832,0.9172934771558262,0.915665331553182,0.8912875867386276,1131.2917285830008,0.025108333000389393,0.8951045838896307,0.8462832156071308,0.7620403824670583,0.010519987977156597,0.17205202793696825,2272.0,0.19741878059635065,0.3999988291974734,facebook_seed1_cailp_multi.json
facebook,cailp_social_multi,CILP,cailp_multi,1,0.7,0.9036019393723396,0.910930945966524,0.9076546506453048,0.8806201550387597,1131.2917285830008,0.02134045799903106,0.8174899866488652,0.8133198789101918,0.6854285000654436,0.022242260294559665,0.1483636301885547,3914.0,0.26800178015131293,0.3000005854012633,facebook_seed1_cailp_multi.json
facebook,cailp_social_multi,CILP,cailp_multi,1,0.8,0.9012321373402281,0.9111887270581358,0.9038718291054739,0.8853211009174312,1131.2917285830008,0.023214415999973426,0.6779706275033378,0.7564749411368987,0.5627912497124485,0.03396453261196273,0.12402214362646292,6683.0,0.3710725411659991,0.20000234160505317,facebook_seed1_cailp_multi.json
facebook,cailp_social_multi,CILP,cailp_multi,1,0.9,0.9027419917605435,0.9067300799615695,0.9054294615042279,0.8835098335854765,1131.2917285830008,0.019686333998834016,0.4255451713395639,0.6316851664984864,0.37917526998587414,0.09437932070934776,0.07604234785529976,11480.0,0.5438362260792168,0.09999824379621011,facebook_seed1_cailp_multi.json
facebook,cailp_social_multi,CILP,cailp_multi,2,0.1,0.934530863087528,0.9397921226938939,0.9376947040498442,0.9097801364670205,1409.8542479169992,0.07180066600085411,1.0,1.0,0.9973134896084577,0.0,0.32668855850307615,1.0,0.010858923008455812,0.9000017562037899,facebook_seed2_cailp_multi.json
facebook,cailp_social_multi,CILP,cailp_multi,2,0.2,0.9346932241403979,0.9422178612291443,0.9372496662216289,0.9140271493212669,1409.8542479169992,0.040610959000332514,1.0,1.0,0.9571788273451786,0.0,0.29659914358520806,1.0,0.03613707165109026,0.7999976583949469,facebook_seed2_cailp_multi.json
facebook,cailp_social_multi,CILP,cailp_multi,2,0.3,0.93389617501403,0.9415346271467531,0.9365821094793058,0.9119638826185101,1409.8542479169992,0.037546958001257735,0.9994659546061415,1.0,0.8406913316002519,0.0036068530207394047,0.2670711996899807,13.0,0.0746328437917223,0.6999994145987367,facebook_seed2_cailp_multi.json
facebook,cailp_social_multi,CILP,cailp_multi,2,0.4,0.9341557018602172,0.9411379660552035,0.9368046283934134,0.9129447388342165,1409.8542479169992,0.02795137500106648,0.9986203827325323,1.0,0.7883220635568792,0.004508566275924256,0.24469047193429833,19.0,0.11833555852247446,0.6000011708025266,facebook_seed2_cailp_multi.json
facebook,cailp_social_multi,CILP,cailp_multi,2,0.5,0.9342796426576556,0.9395851638195404,0.9365821094793058,0.9154078549848943,1409.8542479169992,0.035875749999831896,0.9956386292834891,1.0,0.7257897081830131,0.011121130147279832,0.217467146827618,81.0,0.16804628393413445,0.4999970729936835,facebook_seed2_cailp_multi.json
facebook,cailp_social_multi,CILP,cailp_multi,2,0.6,0.9295578752460429,0.936913396840334,0.9316866933689364,0.9120961682945155,1409.8542479169992,0.029490957998859813,0.9806408544726302,1.0,0.6561366653908391,0.017733694018635407,0.191501518561012,397.0,0.22843791722296392,0.3999988291974734,facebook_seed2_cailp_multi.json
facebook,cailp_social_multi,CILP,cailp_multi,2,0.7,0.92911359171295,0.9309773442124332,0.9303515798842902,0.918106686701728,1409.8542479169992,0.02541012500114448,0.9306186025812194,1.0,0.5730838871767528,0.029155395250976854,0.16043444990654449,1464.0,0.3037383177570093,0.3000005854012633,facebook_seed2_cailp_multi.json
facebook,cailp_social_multi,CILP,cailp_multi,2,0.8,0.9241840793561151,0.9226600906016356,0.9265687583444593,0.9052312357846853,1409.8542479169992,0.0230060419999063,0.8099688473520249,0.9989909182643795,0.43060587722023613,0.05320108205590622,0.12119867859287005,3620.0,0.412772585669782,0.20000234160505317,facebook_seed2_cailp_multi.json
facebook,cailp_social_multi,CILP,cailp_multi,2,0.9,0.9194573619055074,0.9134427812245058,0.9221183800623053,0.8990129081245254,1409.8542479169992,0.022421415998906014,0.41157098353360033,0.9549276824756139,0.2834347429354583,0.11241358581304478,0.07004152750716774,9282.0,0.57311971517579,0.09999824379621011,facebook_seed2_cailp_multi.json
facebook,cailp_social_multi,CILP,cailp_multi,3,0.1,0.9357551585220509,0.938334299601628,0.9381397418780596,0.9170506912442397,1200.6430043750024,0.078119957997842,1.0,1.0,0.9936560988311692,0.0,0.32178111628610667,1.0,0.015042278593680458,0.9000017562037899,facebook_seed3_cailp_multi.json
facebook,cailp_social_multi,CILP,cailp_multi,3,0.2,0.9372539706302342,0.9385813309845636,0.9396973742768135,0.9177555726364335,1200.6430043750024,0.04200466700058314,1.0,1.0,0.8798873587283478,0.0,0.2951620271179869,1.0,0.039697374276813635,0.7999976583949469,facebook_seed3_cailp_multi.json
facebook,cailp_social_multi,CILP,cailp_multi,3,0.3,0.9390697050196956,0.9368542809444518,0.9417000445037829,0.918007662835249,1200.6430043750024,0.025726458999997703,0.9994659546061415,1.0,0.8334087963730763,0.0036068530207394047,0.26811065493601766,13.0,0.07534490431686691,0.6999994145987367,facebook_seed3_cailp_multi.json
facebook,cailp_social_multi,CILP,cailp_multi,3,0.4,0.9397163300224638,0.9385514409424225,0.9425901201602136,0.917246713070379,1200.6430043750024,0.02505599999858532,0.9989764129951045,1.0,0.788516260388458,0.0063119927862939585,0.2445802633538598,24.0,0.11829105473965285,0.6000011708025266,facebook_seed3_cailp_multi.json
facebook,cailp_social_multi,CILP,cailp_multi,3,0.5,0.9377827581169389,0.9381165239865561,0.9396973742768135,0.9215384615384615,1200.6430043750024,0.02365470900258515,0.9932799287939474,1.0,0.7295765977464577,0.012022843402464683,0.21918575674285654,132.0,0.16751223854027597,0.4999970729936835,facebook_seed3_cailp_multi.json
facebook,cailp_social_multi,CILP,cailp_multi,3,0.6,0.9343023756631179,0.935719487397407,0.936359590565198,0.9167303284950343,1200.6430043750024,0.022939750000659842,0.9763684913217624,1.0,0.6415393486090867,0.022242260294559665,0.18850701605460854,488.0,0.22612372051624385,0.3999988291974734,facebook_seed3_cailp_multi.json
facebook,cailp_social_multi,CILP,cailp_multi,3,0.7,0.9287709408606449,0.9303011127827054,0.9310191366266133,0.9100609756097561,1200.6430043750024,0.021912457999860635,0.9274588340008901,0.9996636394214599,0.5129466431749122,0.0405770964833183,0.1560460303529645,1481.0,0.30574098798397864,0.3000005854012633,facebook_seed3_cailp_multi.json
facebook,cailp_social_multi,CILP,cailp_multi,3,0.8,0.919308913389415,0.9255476665187194,0.9221183800623053,0.8979278587874137,1200.6430043750024,0.020675542000390124,0.8137961726746773,0.989572822065254,0.38729931625861597,0.07363991584009619,0.11572494158744631,3631.0,0.4166444147752559,0.20000234160505317,facebook_seed3_cailp_multi.json
facebook,cailp_social_multi,CILP,cailp_multi,3,0.9,0.9004549551522627,0.9115071627000155,0.9043168669336894,0.8713178294573644,1200.6430043750024,0.020839832999627106,0.4786381842456609,0.8318197107299025,0.21109528068697672,0.22572888488127443,0.04448169270586941,8660.0,0.5893635959056519,0.09999824379621011,facebook_seed3_cailp_multi.json
facebook,cailp_social_multi,CILP,cailp_multi,4,0.1,0.9300196720919769,0.9398106740142833,0.9323542501112595,0.9128440366972477,1221.6435537500001,0.11537833299735212,0.9722741433021806,0.9354187689202825,0.7724947650449199,0.015028554253080854,0.299044224261833,509.0,0.10356030262572319,0.9000017562037899,facebook_seed4_cailp_multi.json
facebook,cailp_social_multi,CILP,cailp_multi,4,0.2,0.9227877599911629,0.9350419800237262,0.9250111259457053,0.9062980030721967,1221.6435537500001,0.035437750000710366,0.9344459279038718,0.9206189034645139,0.6381084523384336,0.03997595431319507,0.2690990351869664,1111.0,0.21201602136181574,0.7999976583949469,facebook_seed4_cailp_multi.json
facebook,cailp_social_multi,CILP,cailp_multi,4,0.3,0.920169711558323,0.930122303543998,0.9221183800623053,0.9049079754601227,1221.6435537500001,0.03474870900026872,0.8838451268357811,0.9128826101580895,0.5409761470965986,0.07905019537120529,0.24616808365970044,1924.0,0.2978638184245661,0.6999994145987367,facebook_seed4_cailp_multi.json
facebook,cailp_social_multi,CILP,cailp_multi,4,0.4,0.9190130750427761,0.9270018290960529,0.9205607476635514,0.9069946195234435,1221.6435537500001,0.027415042000939138,0.8318647085002225,0.9061553985872856,0.47494819740665656,0.11121130147279831,0.22108878237024177,2780.0,0.3608811748998665,0.6000011708025266,facebook_seed4_cailp_multi.json
facebook,cailp_social_multi,CILP,cailp_multi,4,0.5,0.9159138503306763,0.9270881635502277,0.9187805963506898,0.8951048951048951,1221.6435537500001,0.025499332998151658,0.7929238985313751,0.9024554322233435,0.4159761600681171,0.12774271115118727,0.2033995021436103,3390.0,0.4041833555852248,0.4999970729936835,facebook_seed4_cailp_multi.json
facebook,cailp_social_multi,CILP,cailp_multi,4,0.6,0.9140253944008694,0.9256987015989222,0.9163328882955051,0.8973561430793157,1221.6435537500001,0.027111625000543427,0.7616377392078326,0.8994281870164816,0.3694976490605008,0.1424706943192065,0.18140406077501076,3881.0,0.43199821984868714,0.3999988291974734,facebook_seed4_cailp_multi.json
facebook,cailp_social_multi,CILP,cailp_multi,4,0.7,0.9105072449033389,0.9247507430034456,0.9123275478415666,0.8964451313755796,1221.6435537500001,0.023946958001033636,0.7295060080106809,0.8970736629667003,0.24304116012134977,0.15689810640216412,0.14614404500773667,4419.0,0.46279483756119266,0.3000005854012633,facebook_seed4_cailp_multi.json
facebook,cailp_social_multi,CILP,cailp_multi,4,0.8,0.9096747958734263,0.9210440845650405,0.9125500667556742,0.8885448916408669,1221.6435537500001,0.024663792002684204,0.6623943035157989,0.8953918600739993,0.20022007840176317,0.1920649233543733,0.08031389157839751,5420.0,0.5097463284379172,0.20000234160505317,facebook_seed4_cailp_multi.json
facebook,cailp_social_multi,CILP,cailp_multi,4,0.9,0.9082337509932854,0.9201673162590771,0.9101023587004895,0.892802450229709,1221.6435537500001,0.024345375000848435,0.4484201157098353,0.8920282542885973,0.17940833464034686,0.23624887285843102,0.052713015458509344,8996.0,0.6003560302625723,0.09999824379621011,facebook_seed4_cailp_multi.json
facebook,cailp_social_multi,CILP,cailp_multi,5,0.1,0.9417074805255696,0.9401457625582623,0.9441477525589675,0.9224924012158054,2212.755114375,0.1478200410001591,0.988206497552292,0.9458459468550285,0.9955980671469586,0.003005710850616171,0.31948189204619243,254.0,0.020738762794837565,0.9000017562037899,facebook_seed5_cailp_multi.json
facebook,cailp_social_multi,CILP,cailp_multi,5,0.2,0.9415441927702257,0.9415310488882184,0.9437027147307521,0.9244851258581236,2212.755114375,0.046418542000537855,0.9871829105473965,0.9445005045408678,0.9641053179319077,0.0033062819356777877,0.29067802944438154,272.0,0.038985313751668915,0.7999976583949469,facebook_seed5_cailp_multi.json
facebook,cailp_social_multi,CILP,cailp_multi,5,0.3,0.9415122626922771,0.9405921727482567,0.9437027147307521,0.9241274658573596,2212.755114375,0.0549682920000123,0.9861148197596795,0.9408005381769257,0.8656459838917315,0.004809137360985873,0.26155512825102495,293.0,0.07076101468624829,0.6999994145987367,facebook_seed5_cailp_multi.json
facebook,cailp_social_multi,CILP,cailp_multi,5,0.4,0.9395595208234118,0.9403313698301027,0.9417000445037829,0.9228418640183346,2212.755114375,0.277388957999392,0.9842456608811749,0.9387823747056845,0.8442840243321175,0.008115419296663661,0.23997348564649565,333.0,0.10698709390298178,0.6000011708025266,facebook_seed5_cailp_multi.json
facebook,cailp_social_multi,CILP,cailp_multi,5,0.5,0.9393328477662166,0.9376760481214255,0.9412550066755674,0.9243697478991597,2212.755114375,0.27661512499980745,0.9774365821094793,0.9337369660275816,0.818164139703509,0.009017132551848512,0.21512865862272063,461.0,0.15549621717846018,0.4999970729936835,facebook_seed5_cailp_multi.json
facebook,cailp_social_multi,CILP,cailp_multi,5,0.6,0.9367731637694705,0.9327987383785865,0.937917222963952,0.926829268292683,2212.755114375,0.05694962500001566,0.9516688918558077,0.9300369996636394,0.7665069609410291,0.011722272317403066,0.1867684564378385,996.0,0.2212283044058745,0.3999988291974734,facebook_seed5_cailp_multi.json
facebook,cailp_social_multi,CILP,cailp_multi,5,0.7,0.930477658757338,0.9295255130975342,0.931909212283044,0.9192073170731707,2212.755114375,0.02582370800064382,0.8866933689363596,0.9246552304069963,0.6838425250424456,0.02043883378418996,0.15853492779553244,2363.0,0.2919893190921229,0.3000005854012633,facebook_seed5_cailp_multi.json
facebook,cailp_social_multi,CILP,cailp_multi,5,0.8,0.9256935839213154,0.9244013770038049,0.9265687583444593,0.917557251908397,2212.755114375,0.03047124999920925,0.7412105028927459,0.905146316851665,0.5330786723519747,0.038172527802825366,0.1224341755299612,5065.0,0.3915442812639074,0.20000234160505317,facebook_seed5_cailp_multi.json
facebook,cailp_social_multi,CILP,cailp_multi,5,0.9,0.9146696906538486,0.9171339896451982,0.9170004450378282,0.8969230769230769,2212.755114375,0.25283295799999905,0.4113039608366711,0.8291288261015809,0.3499805594008866,0.1073038773669973,0.07083757914061042,10375.0,0.5568758344459279,0.09999824379621011,facebook_seed5_cailp_multi.json
facebook,cailp_social_multi,CILP,cailp_multi,6,0.1,0.935661700526412,0.9320673234159603,0.9383622607921673,0.9141989369779803,1137.2987121669994,0.07941016699987813,0.9730307076101469,0.8913555331315169,0.9714202021817947,0.020138262699128343,0.32131580461930204,515.0,0.03466844681797954,0.9000017562037899,facebook_seed6_cailp_multi.json
facebook,cailp_social_multi,CILP,cailp_multi,6,0.2,0.9345229185759012,0.9325222254530728,0.9368046283934134,0.9162264150943397,1137.2987121669994,0.034839957999793114,0.9684023141967067,0.8812647157753112,0.9453650669462643,0.024045686804929366,0.2952810106442259,596.0,0.060080106809078715,0.7999976583949469,facebook_seed6_cailp_multi.json
facebook,cailp_social_multi,CILP,cailp_multi,6,0.3,0.9354779101900897,0.9318464638237294,0.9381397418780596,0.9142419601837672,1137.2987121669994,0.026138958000956336,0.9641299510458389,0.8731920618903465,0.8393319024315442,0.027051397655545536,0.2701558229207408,679.0,0.09999999999999998,0.6999994145987367,facebook_seed6_cailp_multi.json
facebook,cailp_social_multi,CILP,cailp_multi,6,0.4,0.9331088991692135,0.9311521075032454,0.9352469959946595,0.9154607768469155,1137.2987121669994,0.029848000000129105,0.9583444592790387,0.8647830474268415,0.7599365149947463,0.03186053501653141,0.24637918514650956,788.0,0.14263462394303517,0.6000011708025266,facebook_seed6_cailp_multi.json
facebook,cailp_social_multi,CILP,cailp_multi,6,0.5,0.9297820194025596,0.9304977450438807,0.9316866933689364,0.9133738601823708,1137.2987121669994,0.02615058300034434,0.9460614152202937,0.8560376723847966,0.7050426881408474,0.04809137360985873,0.21657611317696873,989.0,0.18032932799287937,0.4999970729936835,facebook_seed6_cailp_multi.json
facebook,cailp_social_multi,CILP,cailp_multi,6,0.6,0.9261716941623094,0.9258079685778555,0.9283489096573209,0.9081163859111792,1137.2987121669994,0.024186667000321904,0.9197596795727637,0.8415741675075681,0.6635486480565157,0.05831079050195371,0.18339555922445916,1535.0,0.22024922118380064,0.3999988291974734,facebook_seed6_cailp_multi.json
facebook,cailp_social_multi,CILP,cailp_multi,6,0.7,0.9166857761526307,0.9191907126173181,0.9196706720071206,0.8924485125858124,1137.2987121669994,0.02657299999918905,0.8585669781931464,0.8092835519677094,0.5967439110402579,0.08025247971145176,0.145487120571332,2737.0,0.2798397863818425,0.3000005854012633,facebook_seed6_cailp_multi.json
facebook,cailp_social_multi,CILP,cailp_multi,6,0.8,0.9092320474255419,0.9089305603050563,0.9116599910992434,0.8892307692307693,1137.2987121669994,0.022250500000154716,0.7088562527814865,0.7204843592330978,0.45387748174675574,0.13525698827772767,0.10177185108535877,5588.0,0.39265687583444586,0.20000234160505317,facebook_seed6_cailp_multi.json
facebook,cailp_social_multi,CILP,cailp_multi,6,0.9,0.9041658254265297,0.8985517893428341,0.9069870939029817,0.8829953198127926,1137.2987121669994,0.022621291000177735,0.42563417890520694,0.5993945509586277,0.21737441854897727,0.30327622482717165,0.05161767862318562,10401.0,0.5646194926568758,0.09999824379621011,facebook_seed6_cailp_multi.json
facebook,cailp_social_multi,CILP,cailp_multi,7,0.1,0.9428490701900203,0.9363309512143088,0.945260347129506,0.9240121580547113,1408.786120708999,0.0704159590004565,0.9958611481975967,0.9693911873528422,0.9976371852261926,0.0006011421701232341,0.33317574122855126,94.0,0.011659991099243427,0.9000017562037899,facebook_seed7_cailp_multi.json
facebook,cailp_social_multi,CILP,cailp_multi,7,0.2,0.9424816413539848,0.9381516424837817,0.9448153093012907,0.9233105542900532,1408.786120708999,0.032804957998450845,0.9951045838896306,0.9650184998318198,0.9757249841945531,0.0006011421701232341,0.30618280349314225,111.0,0.034401424121050295,0.7999976583949469,facebook_seed7_cailp_multi.json
facebook,cailp_social_multi,CILP,cailp_multi,7,0.3,0.9416517633995494,0.9360234744313395,0.9439252336448598,0.9230769230769231,1408.786120708999,0.026520499999605818,0.9930574098798398,0.9606458123107972,0.8638010626440765,0.003907424105801022,0.28025384891387956,144.0,0.06435246995994659,0.6999994145987367,facebook_seed7_cailp_multi.json
facebook,cailp_social_multi,CILP,cailp_multi,7,0.4,0.9408423193813488,0.9367280491175924,0.9434801958166444,0.919908466819222,1408.786120708999,0.024669791000633268,0.9894971072541165,0.9492095526404305,0.8192969716702713,0.004809137360985873,0.25538416709395445,224.0,0.10560747663551395,0.6000011708025266,facebook_seed7_cailp_multi.json
facebook,cailp_social_multi,CILP,cailp_multi,7,0.5,0.9401144051744703,0.9332548992070405,0.9421450823319982,0.9236641221374046,1408.786120708999,0.02368824999939534,0.978237650200267,0.9394550958627649,0.757541403622721,0.008415990381725278,0.23111138012769147,467.0,0.1517133956386293,0.4999970729936835,facebook_seed7_cailp_multi.json
facebook,cailp_social_multi,CILP,cailp_multi,7,0.6,0.9386066397830028,0.9310033316591797,0.940809968847352,0.921092564491654,1408.786120708999,0.022586084000067785,0.9451713395638629,0.9239825092499159,0.6922578408887283,0.01743312293357379,0.19809400030621235,1188.0,0.20640854472630177,0.3999988291974734,facebook_seed7_cailp_multi.json
facebook,cailp_social_multi,CILP,cailp_multi,7,0.7,0.9299866936471334,0.9205078169451855,0.9312416555407209,0.9192452830188679,1408.786120708999,0.021944915999483783,0.8646194926568759,0.8752102253615877,0.6162933497225835,0.02855425308085362,0.16359768304586253,2879.0,0.27721406319537156,0.3000005854012633,facebook_seed7_cailp_multi.json
facebook,cailp_social_multi,CILP,cailp_multi,7,0.8,0.917321870718244,0.9159397680862438,0.9183355585224744,0.9045521292217328,1408.786120708999,0.02105383300113317,0.7268802848242101,0.7928018836192399,0.4927498646047717,0.04718966035467388,0.12083966075037478,5728.0,0.3789942145082332,0.20000234160505317,facebook_seed7_cailp_multi.json
facebook,cailp_social_multi,CILP,cailp_multi,7,0.9,0.9116662261819357,0.9085308525750491,0.913440142412105,0.8986384266263238,1408.786120708999,0.02002925000124378,0.4330663106364041,0.5967036663303061,0.32059165198432016,0.12623985572587917,0.07149133655161276,11045.0,0.5415665331553182,0.09999824379621011,facebook_seed7_cailp_multi.json
facebook,cailp_social_multi,CILP,cailp_multi,8,0.1,0.9424917249762721,0.936969150224185,0.9461504227859368,0.9158301158301159,1204.307902999999,0.07960237500083167,0.9977303070761014,0.9835183316515305,0.9982844737663523,0.0006011421701232341,0.3289781395736226,52.0,0.010903426791277315,0.9000017562037899,facebook_seed8_cailp_multi.json
facebook,cailp_social_multi,CILP,cailp_multi,8,0.2,0.9435626521230543,0.9373766490106312,0.9465954606141522,0.9208301306687163,1204.307902999999,0.03345620899926871,0.9976412995104584,0.9828456104944501,0.9747540000366584,0.0006011421701232341,0.3003311626591283,54.0,0.03408989764129955,0.7999976583949469,facebook_seed8_cailp_multi.json
facebook,cailp_social_multi,CILP,cailp_multi,8,0.3,0.9420930142639309,0.9365841969777271,0.945260347129506,0.9183359013867488,1204.307902999999,0.028289625002798857,0.9974187805963507,0.9818365287588294,0.9127394857644513,0.0006011421701232341,0.27035701293833153,59.0,0.07031597685803292,0.6999994145987367,facebook_seed8_cailp_multi.json
facebook,cailp_social_multi,CILP,cailp_multi,8,0.4,0.9396438414267614,0.9363488107644236,0.9425901201602136,0.9176289453425712,1204.307902999999,0.0258350000003702,0.9946150422785937,0.9808274470232089,0.8317904723273668,0.004207995190862639,0.24165900328670867,105.0,0.11691143747218513,0.6000011708025266,facebook_seed8_cailp_multi.json
facebook,cailp_social_multi,CILP,cailp_multi,8,0.5,0.9389174396835487,0.9324460715828045,0.9414775255896751,0.9182098765432098,1204.307902999999,0.027192709003429627,0.9860258121940365,0.9791456441305079,0.7890017524674054,0.00510970844604749,0.21394521365214805,294.0,0.16666666666666674,0.4999970729936835,facebook_seed8_cailp_multi.json
facebook,cailp_social_multi,CILP,cailp_multi,8,0.6,0.9382072465443997,0.9305937260150074,0.9403649310191367,0.9206106870229007,1204.307902999999,0.027965915996901458,0.9677792612372051,0.9771274806592667,0.6833893819862097,0.012924556657649534,0.18437705043509614,684.0,0.22745883400089006,0.3999988291974734,facebook_seed8_cailp_multi.json
facebook,cailp_social_multi,CILP,cailp_multi,8,0.7,0.9361516528923322,0.9275876687287186,0.9383622607921673,0.9188361408882083,1204.307902999999,0.025785958001506515,0.9313751668891855,0.9720820719811638,0.5621439611722888,0.028854824165915238,0.1548073360494627,1441.0,0.3105919003115265,0.3000005854012633,facebook_seed8_cailp_multi.json
facebook,cailp_social_multi,CILP,cailp_multi,8,0.8,0.9291621556410782,0.9187528651602996,0.9312416555407209,0.9127105666156202,1204.307902999999,0.024562708000303246,0.8188251001335114,0.944836865119408,0.4165264015401425,0.057709648331830475,0.11602920735737164,3519.0,0.4191366266132622,0.20000234160505317,facebook_seed8_cailp_multi.json
facebook,cailp_social_multi,CILP,cailp_multi,8,0.9,0.9166867591883775,0.9115197954468852,0.920115709835336,0.8904109589041096,1204.307902999999,0.021917582998867147,0.432977303070761,0.8109653548604103,0.2747928298872301,0.1304478509167418,0.05590577870165058,9021.0,0.5824210057854917,0.09999824379621011,facebook_seed8_cailp_multi.json
facebook,cailp_social_multi,CILP,cailp_multi,9,0.1,0.9152392037197584,0.9125201970396856,0.9236760124610592,0.8573692551505546,1221.437656582999,0.06967987499956507,0.8741878059635069,0.5509586276488395,0.5580333759911094,0.3856327021340547,0.29936091284534283,2641.0,0.11940364931019136,0.9000017562037899,facebook_seed9_cailp_multi.json
facebook,cailp_social_multi,CILP,cailp_multi,9,0.2,0.9125640979647346,0.9111433311686491,0.9212283044058746,0.8533123028391167,1221.437656582999,0.03438320900022518,0.8611927013796172,0.5227043390514632,0.4274015781515285,0.4132852419597235,0.2678365021002066,2885.0,0.13266577659101025,0.7999976583949469,facebook_seed9_cailp_multi.json
facebook,cailp_social_multi,CILP,cailp_multi,9,0.3,0.9110076369055555,0.9078391128030949,0.9194481530930129,0.8524072612470402,1221.437656582999,0.024930708001193125,0.8517133956386292,0.5116044399596368,0.30732131265325374,0.4352269311692215,0.24211209671234293,3065.0,0.14232309746328442,0.6999994145987367,facebook_seed9_cailp_multi.json
facebook,cailp_social_multi,CILP,cailp_multi,9,0.4,0.9110858401210252,0.909241312545765,0.9187805963506898,0.8566929133858268,1221.437656582999,0.031546666999929585,0.8477525589675122,0.506895391860074,0.23611469520844813,0.44755034565674784,0.2147891816708435,3146.0,0.15278148642634623,0.6000011708025266,facebook_seed9_cailp_multi.json
facebook,cailp_social_multi,CILP,cailp_multi,9,0.5,0.9115609239243543,0.9083974120277646,0.9196706720071206,0.8553359683794466,1221.437656582999,0.027006708998669637,0.841967067200712,0.5042045072317525,0.21879854576310787,0.4667868951006913,0.1739632236336872,3262.0,0.16933689363595905,0.4999970729936835,facebook_seed9_cailp_multi.json
facebook,cailp_social_multi,CILP,cailp_multi,9,0.6,0.9109094764125072,0.9076811739001788,0.9190031152647975,0.8551068883610451,1221.437656582999,0.021850458997505484,0.8315976858032933,0.49848637739656915,0.2068876099269216,0.4758040276525398,0.14509558875276438,3478.0,0.21633288829550512,0.3999988291974734,facebook_seed9_cailp_multi.json
facebook,cailp_social_multi,CILP,cailp_multi,9,0.7,0.9062844443538713,0.9031316232224695,0.914997774810859,0.846031746031746,1221.437656582999,0.020669290999649093,0.803871829105474,0.4877228388832829,0.18769419021121483,0.489029155395251,0.11147431902420932,4051.0,0.27596795727636847,0.3000005854012633,facebook_seed9_cailp_multi.json
facebook,cailp_social_multi,CILP,cailp_multi,9,0.8,0.899457785019756,0.9018006767509387,0.9078771695594126,0.841686555290374,1221.437656582999,0.020137374998739688,0.7079216733422341,0.4406323578876556,0.12438502183720558,0.573790201382627,0.07695533431640696,5816.0,0.38780596350689805,0.20000234160505317,facebook_seed9_cailp_multi.json
facebook,cailp_social_multi,CILP,cailp_multi,9,0.9,0.890821840692484,0.901658189111808,0.8991989319092123,0.8329374505146476,1221.437656582999,0.01867987500008894,0.43248776145972406,0.3686511940800538,0.03592697866631021,0.8136459272617974,0.03275951129209014,10795.0,0.5621272808188696,0.09999824379621011,facebook_seed9_cailp_multi.json
facebook,neuralsparse,NeuralSparse,neuralsparse,0,0.1,0.9303556503994095,0.9310566040912982,0.9330218068535826,0.9102167182662538,8.618867916999989,0.2267406660000688,0.9630618602581219,0.8705011772620249,0.9444911298565041,0.05199879771565975,0.34951331451978723,806.0,0.06479750778816196,0.9000017562037899,facebook_seed0_neuralsparse.json
facebook,neuralsparse,NeuralSparse,neuralsparse,0,0.2,0.9236345297090717,0.920262591244829,0.9272363150867824,0.8964980544747082,8.618867916999989,0.17749229200001082,0.9228304405874499,0.7685839219643458,0.8886910168901332,0.1036970243462579,0.329278795877392,1727.0,0.1275033377837116,0.7999976583949469,facebook_seed0_neuralsparse.json
facebook,neuralsparse,NeuralSparse,neuralsparse,0,0.3,0.9182781230580317,0.9156560384026293,0.9216733422340899,0.8926905132192846,8.618867916999989,0.09058108299996093,0.8703604806408545,0.6851664984863775,0.83120788183263,0.1602043883378419,0.3039009462432242,2866.0,0.18954161103693815,0.6999994145987367,facebook_seed0_neuralsparse.json
facebook,neuralsparse,NeuralSparse,neuralsparse,0,0.4,0.906611896445435,0.908733004254633,0.9107699154428126,0.8763693270735524,8.618867916999989,0.4177620829999569,0.8115264797507789,0.5963673057517659,0.7712001366169453,0.21881574992485722,0.2822738882613523,4171.0,0.2563417890520694,0.6000011708025266,facebook_seed0_neuralsparse.json
facebook,neuralsparse,NeuralSparse,neuralsparse,0,0.5,0.8970247677981884,0.899951763478275,0.9014241210502892,0.8658823529411764,8.618867916999989,0.376898041000004,0.7418335558522474,0.5045408678102926,0.7067581106023464,0.2819356777877968,0.2581237346173005,5729.0,0.32474410324877623,0.4999970729936835,facebook_seed0_neuralsparse.json
facebook,neuralsparse,NeuralSparse,neuralsparse,0,0.6,0.8896389652526009,0.8918741574644923,0.8951935914552737,0.85,8.618867916999989,0.13151470800005427,0.6616377392078326,0.4140598721829802,0.6333505786170944,0.35317102494740005,0.22754452841647554,7518.0,0.4025367156208278,0.3999988291974734,facebook_seed0_neuralsparse.json
facebook,neuralsparse,NeuralSparse,neuralsparse,0,0.7,0.8854385843098198,0.889796128311837,0.8920783266577659,0.8401898734177216,8.618867916999989,0.3006063750000294,0.569247886070316,0.3148335015136226,0.5305541135414484,0.45686804929365793,0.19188769581593162,9567.0,0.49764129951045843,0.3000005854012633,facebook_seed0_neuralsparse.json
facebook,neuralsparse,NeuralSparse,neuralsparse,0,0.8,0.8797532381115377,0.888584830415768,0.8851802403204272,0.8431214802896219,8.618867916999989,0.2828524170000719,0.4583444592790387,0.20887991927346114,0.3258026687618952,0.5656747820859633,0.14480078288903384,12062.0,0.5963061860258122,0.20000234160505317,facebook_seed0_neuralsparse.json
facebook,neuralsparse,NeuralSparse,neuralsparse,0,0.9,0.8779369248550495,0.8887998864622013,0.883177570093458,0.8428686543110395,8.618867916999989,0.3139254999999821,0.3020026702269693,0.09350824083417424,0.13105255336236402,0.7246768860835587,0.08670483916792693,15591.0,0.7159768580329328,0.09999824379621011,facebook_seed0_neuralsparse.json
facebook,neuralsparse,NeuralSparse,neuralsparse,1,0.1,0.9300325300108907,0.9324291490879737,0.9341344014241211,0.9006211180124224,8.451735832999475,0.17227504200036492,0.9739652870493992,0.9112008072653885,0.9501876387130265,0.04268109407874963,0.35552333318757706,566.0,0.05727636849132173,0.9000017562037899,facebook_seed1_neuralsparse.json
facebook,neuralsparse,NeuralSparse,neuralsparse,1,0.2,0.9206238842961405,0.9252749702645253,0.9247886070315977,0.8899297423887588,8.451735832999475,0.09320050000042102,0.9336003560302626,0.8082744702320888,0.9047773129744044,0.0898707544334235,0.33095879872265255,1472.0,0.11659991099243433,0.7999976583949469,facebook_seed1_neuralsparse.json
facebook,neuralsparse,NeuralSparse,neuralsparse,1,0.3,0.9165254614097036,0.9169317198985657,0.9216733422340899,0.8794992175273866,8.451735832999475,0.0606960839995736,0.8821539830885625,0.727547931382442,0.852958286403057,0.13796212804328223,0.3052217231560595,2633.0,0.17935024477080555,0.6999994145987367,facebook_seed1_neuralsparse.json
facebook,neuralsparse,NeuralSparse,neuralsparse,1,0.4,0.9059551458444115,0.912422534123878,0.9118825100133512,0.8640625,8.451735832999475,0.030762249999497726,0.8207387627948376,0.6468213925327951,0.7903935306588246,0.1992786293958521,0.28116116388115375,3971.0,0.24663996439697375,0.6000011708025266,facebook_seed1_neuralsparse.json
facebook,neuralsparse,NeuralSparse,neuralsparse,1,0.5,0.8926822218397763,0.9056360119170535,0.8989764129951046,0.8479623824451411,8.451735832999475,0.33646479199978785,0.7492656875834446,0.5452404978136562,0.722682507530095,0.2663059813645927,0.2568037992891168,5552.0,0.3168669336893636,0.4999970729936835,facebook_seed1_neuralsparse.json
facebook,neuralsparse,NeuralSparse,neuralsparse,1,0.6,0.8818784290646249,0.8971884630800693,0.8887405429461505,0.8343848580441641,8.451735832999475,0.16462658399996144,0.6729862038273253,0.451732256979482,0.649339673590266,0.3381424706943192,0.22875383656422804,7250.0,0.3927458834000891,0.3999988291974734,facebook_seed1_neuralsparse.json
facebook,neuralsparse,NeuralSparse,neuralsparse,1,0.7,0.877951318736995,0.8852842886167023,0.8847352024922118,0.8321513002364066,8.451735832999475,0.04655462499977148,0.5812639074321317,0.34712411705348134,0.5260874837198226,0.43582807333934476,0.19331739319854085,9321.0,0.4826435246995995,0.3000005854012633,facebook_seed1_neuralsparse.json
facebook,neuralsparse,NeuralSparse,neuralsparse,1,0.8,0.8787599154824023,0.8857930733216081,0.8851802403204272,0.8354430379746836,8.451735832999475,0.023231625000335043,0.4604361370716511,0.24150689539186007,0.3231809858617519,0.5530507965133754,0.14314680817771233,12025.0,0.5907432131731197,0.20000234160505317,facebook_seed1_neuralsparse.json
facebook,neuralsparse,NeuralSparse,neuralsparse,1,0.9,0.8825544901285411,0.8863732672185018,0.8887405429461505,0.839622641509434,8.451735832999475,0.16218937500070751,0.3063640409434802,0.1096535486041036,0.13309165860468422,0.7177637511271415,0.08337361540119875,15455.0,0.716733422340899,0.09999824379621011,facebook_seed1_neuralsparse.json
facebook,neuralsparse,NeuralSparse,neuralsparse,2,0.1,0.9226719491376472,0.929333840035416,0.9276813529149978,0.8853211009174312,4.378506583001581,0.031158417001279304,0.9559857587894971,0.8513286242852338,0.8624093358003124,0.12563871355575593,0.3486410821959318,969.0,0.07000445037828215,0.9000017562037899,facebook_seed2_neuralsparse.json
facebook,neuralsparse,NeuralSparse,neuralsparse,2,0.2,0.9182847135390744,0.9242900162814124,0.9227859368046284,0.884437596302003,4.378506583001581,0.03199466700061748,0.9130396083667112,0.7470568449377732,0.7902317341976122,0.20288548241659152,0.3285786296797584,1934.0,0.1309746328437917,0.7999976583949469,facebook_seed2_neuralsparse.json
facebook,neuralsparse,NeuralSparse,neuralsparse,2,0.3,0.913291033717103,0.9145130620188348,0.9185580774365821,0.874325366229761,4.378506583001581,0.031190833000437124,0.8621717846016912,0.6643121426168853,0.7205139420123601,0.2690111211301473,0.30445886645503,3039.0,0.19581664441477528,0.6999994145987367,facebook_seed2_neuralsparse.json
facebook,neuralsparse,NeuralSparse,neuralsparse,2,0.4,0.9054632125404769,0.9015418262366189,0.9114374721851357,0.8622568093385214,4.378506583001581,0.027936000000408967,0.8062305295950156,0.5798856374032964,0.6065186047075932,0.33363390441839497,0.28233094875689424,4287.0,0.2565198041833556,0.6000011708025266,facebook_seed2_neuralsparse.json
facebook,neuralsparse,NeuralSparse,neuralsparse,2,0.5,0.894149717377805,0.8941909306631135,0.900089007565643,0.8507692307692307,4.378506583001581,0.023910665999210323,0.7408099688473521,0.49108644466868484,0.4858881234111206,0.4015629696423204,0.2569055819226976,5744.0,0.32616822429906545,0.4999970729936835,facebook_seed2_neuralsparse.json
facebook,neuralsparse,NeuralSparse,neuralsparse,2,0.6,0.8908488881083242,0.8916540530473943,0.8965287049399199,0.8505034856700232,4.378506583001581,0.023482292001062888,0.6666221628838451,0.41035990581903803,0.34357196126347134,0.48692515779981965,0.22876888911370813,7412.0,0.40080106809078775,0.3999988291974734,facebook_seed2_neuralsparse.json
facebook,neuralsparse,NeuralSparse,neuralsparse,2,0.7,0.8873130386286993,0.8855219231398396,0.8923008455718736,0.8524844720496895,4.378506583001581,0.02263229100026365,0.5731642189586115,0.31079717457114026,0.21404064636794118,0.6077547339945897,0.19179687179191032,9526.0,0.49141076991544286,0.3000005854012633,facebook_seed2_neuralsparse.json
facebook,neuralsparse,NeuralSparse,neuralsparse,2,0.8,0.8826022005401843,0.8835071052511259,0.8876279483756119,0.8474051123160341,4.378506583001581,0.02144679200137034,0.45068980863373387,0.18970736629667004,0.1173938332050535,0.7222723174030659,0.142919352523162,12214.0,0.5993769470404985,0.20000234160505317,facebook_seed2_neuralsparse.json
facebook,neuralsparse,NeuralSparse,neuralsparse,2,0.9,0.8841192353172446,0.8859636736824138,0.8887405429461505,0.8526398739164697,4.378506583001581,0.020266540999728022,0.28954161103693815,0.08947191389169189,0.04227084345678967,0.8683498647430117,0.0870487428540812,15872.0,0.7251891410769915,0.09999824379621011,facebook_seed2_neuralsparse.json
facebook,neuralsparse,NeuralSparse,neuralsparse,3,0.1,0.9278255645203607,0.9304793621109336,0.9316866933689364,0.8994544037412315,5.116760124999928,0.02923670899872377,0.9652425456163773,0.8782374705684494,0.9202809158686287,0.07063420498948002,0.35152612612382433,765.0,0.06435246995994659,0.9000017562037899,facebook_seed3_neuralsparse.json
facebook,neuralsparse,NeuralSparse,neuralsparse,3,0.2,0.9206859877211664,0.9232357849324118,0.9250111259457053,0.8890625,5.116760124999928,0.026975165999829187,0.9242545616377392,0.774302051799529,0.8618914433509985,0.12022843402464684,0.33199464771571013,1678.0,0.12447708055184686,0.7999976583949469,facebook_seed3_neuralsparse.json
facebook,neuralsparse,NeuralSparse,neuralsparse,3,0.3,0.911753038684295,0.9201569622913178,0.9165554072096128,0.8762645914396887,5.116760124999928,0.02612016599960043,0.8750333778371161,0.6898755465859401,0.8003624725053938,0.18545235948301772,0.3087943330385252,2764.0,0.18584779706275031,0.6999994145987367,facebook_seed3_neuralsparse.json
facebook,neuralsparse,NeuralSparse,neuralsparse,3,0.4,0.9023698976664746,0.9083257491093109,0.9078771695594126,0.863849765258216,5.116760124999928,0.024944082999354578,0.8181575433911883,0.6118398923646149,0.744562359539023,0.2377517282837391,0.2850544969280278,4007.0,0.25166889185580776,0.6000011708025266,facebook_seed3_neuralsparse.json
facebook,neuralsparse,NeuralSparse,neuralsparse,3,0.5,0.8943718462659715,0.8966100759335376,0.89942145082332,0.8591660110149488,5.116760124999928,0.02532358299868065,0.7497997329773031,0.519004372687521,0.6796672418158433,0.3083859332732191,0.2603051812435942,5545.0,0.3233199821984869,0.4999970729936835,facebook_seed3_neuralsparse.json
facebook,neuralsparse,NeuralSparse,neuralsparse,3,0.6,0.8852018205372659,0.8925428514076408,0.8911882510013351,0.8437747819191118,5.116760124999928,0.023233290999996825,0.6705384957721406,0.422468886646485,0.6037997977178329,0.3856327021340547,0.22702423433469193,7317.0,0.40022251891410776,0.3999988291974734,facebook_seed3_neuralsparse.json
facebook,neuralsparse,NeuralSparse,neuralsparse,3,0.7,0.8820575057581079,0.8844107082487869,0.8876279483756119,0.8439490445859873,5.116760124999928,0.022184708001077524,0.5752558967512239,0.3232425159771275,0.4343280430644301,0.48091373609858734,0.1904566492920384,9440.0,0.4902981753449044,0.3000005854012633,facebook_seed3_neuralsparse.json
facebook,neuralsparse,NeuralSparse,neuralsparse,3,0.8,0.8825419936887547,0.8893460490759835,0.8885180240320427,0.8432,5.116760124999928,0.02113137500055018,0.45536270582999555,0.21863437605112682,0.2552757402276159,0.5927261797415089,0.14451574063985023,12086.0,0.5914552736982643,0.20000234160505317,facebook_seed3_neuralsparse.json
facebook,neuralsparse,NeuralSparse,neuralsparse,3,0.9,0.8788304436384095,0.8894395022787964,0.8847352024922118,0.8396825396825397,5.116760124999928,0.01990483299960033,0.2965287049399199,0.09889001009081735,0.1002718741728353,0.7601442741208295,0.08297307761533863,15691.0,0.7252781486426346,0.09999824379621011,facebook_seed3_neuralsparse.json
facebook,neuralsparse,NeuralSparse,neuralsparse,4,0.1,0.9229714444414772,0.9374935550540662,0.9263462394303515,0.8975535168195719,5.680259333999857,0.03884212500270223,0.9523809523809523,0.8254288597376388,0.8981420662873886,0.10309588217613466,0.34694244422019244,1059.0,0.07227414330218071,0.9000017562037899,facebook_seed4_neuralsparse.json
facebook,neuralsparse,NeuralSparse,neuralsparse,4,0.2,0.9216199107689222,0.9312070017432957,0.9254561637739208,0.8931297709923665,5.680259333999857,0.02724204100013594,0.9082331998219849,0.7305751765893037,0.8323730628221035,0.1602043883378419,0.32527934533144326,2031.0,0.1340898976412995,0.7999976583949469,facebook_seed4_neuralsparse.json
facebook,neuralsparse,NeuralSparse,neuralsparse,4,0.3,0.9143456884673262,0.9240686929399329,0.9185580774365821,0.882262996941896,5.680259333999857,0.02611708300173632,0.8544281263907432,0.6411032626976119,0.7659243704462922,0.23174030658250677,0.3045593169672335,3219.0,0.1966622162883845,0.6999994145987367,facebook_seed4_neuralsparse.json
facebook,neuralsparse,NeuralSparse,neuralsparse,4,0.4,0.9004898988632346,0.9142302828670602,0.906097018246551,0.8595810705973623,5.680259333999857,0.026266709002811695,0.7936359590565198,0.5486041035990582,0.6959800324067498,0.2996693718064322,0.2794519844241879,4564.0,0.2659991099243436,0.6000011708025266,facebook_seed4_neuralsparse.json
facebook,neuralsparse,NeuralSparse,neuralsparse,4,0.5,0.8918277294777789,0.9041249920553014,0.8976412995104583,0.8494623655913979,5.680259333999857,0.025480000000243308,0.72514463729417,0.4665321224352506,0.6157754572732697,0.3781184250075143,0.25486937311564295,6095.0,0.33569203382287494,0.4999970729936835,facebook_seed4_neuralsparse.json
facebook,neuralsparse,NeuralSparse,neuralsparse,4,0.6,0.8882224944073218,0.8994746019208198,0.8936359590565198,0.8487199379363848,5.680259333999857,0.02304595800160314,0.6554962171784602,0.3787420114362597,0.4571141811858299,0.4541629095281034,0.2305387625895122,7674.0,0.4079661771250557,0.3999988291974734,facebook_seed4_neuralsparse.json
facebook,neuralsparse,NeuralSparse,neuralsparse,4,0.7,0.886882088701006,0.892061000757043,0.8920783266577659,0.850828729281768,5.680259333999857,0.021892958000535145,0.5700934579439252,0.28523377060208543,0.29673743128923613,0.5509467989179441,0.19757623171490968,9577.0,0.4930129060970183,0.3000005854012633,facebook_seed4_neuralsparse.json
facebook,neuralsparse,NeuralSparse,neuralsparse,4,0.8,0.879213289042944,0.8930169422085645,0.8845126835781041,0.8417770849571318,5.680259333999857,0.02151945799778332,0.4509568313306631,0.17490750084090145,0.14675037876199476,0.6831980763450556,0.14873374226237845,12180.0,0.6001780151312862,0.20000234160505317,facebook_seed4_neuralsparse.json
facebook,neuralsparse,NeuralSparse,neuralsparse,4,0.9,0.8829954347970062,0.8894388385299361,0.8871829105473965,0.8541666666666666,5.680259333999857,0.023294750000786735,0.2903426791277259,0.08308106289942818,0.05113930235930825,0.8415990381725278,0.0885568608202443,15855.0,0.7194481530930129,0.09999824379621011,facebook_seed4_neuralsparse.json
facebook,neuralsparse,NeuralSparse,neuralsparse,5,0.1,0.929436633558319,0.9287673726358225,0.9336893635959056,0.8985959438377535,9.192506833000039,0.22096795799996016,0.9213173119715176,0.7551294988227379,0.8583635000122111,0.14667868951006913,0.3310677654894766,1728.0,0.09942145082331998,0.9000017562037899,facebook_seed5_neuralsparse.json
facebook,neuralsparse,NeuralSparse,neuralsparse,5,0.2,0.9232082211687047,0.9140732626023564,0.9283489096573209,0.8849420849420849,9.192506833000039,0.191371833000062,0.8647085002225189,0.6273124789774639,0.7694523137850797,0.23294259092275324,0.3151337466677159,2997.0,0.1654205607476636,0.7999976583949469,facebook_seed5_neuralsparse.json
facebook,neuralsparse,NeuralSparse,neuralsparse,5,0.3,0.9136197216592923,0.9089626236071908,0.9198931909212283,0.8679245283018868,9.192506833000039,0.35039166699993984,0.8087672452158433,0.5237134207870837,0.6848135605479954,0.31950706342049895,0.29678308292123845,4232.0,0.23012906097018246,0.6999994145987367,facebook_seed5_neuralsparse.json
facebook,neuralsparse,NeuralSparse,neuralsparse,5,0.4,0.905715633829949,0.8986155066674257,0.9123275478415666,0.8582677165354331,9.192506833000039,0.4687536250000903,0.7510903426791278,0.4392869155734948,0.5949960882083923,0.39675383228133454,0.2727816685196612,5539.0,0.2995994659546062,0.6000011708025266,facebook_seed5_neuralsparse.json
facebook,neuralsparse,NeuralSparse,neuralsparse,5,0.5,0.8999272598772621,0.893589128285158,0.9065420560747663,0.8535031847133758,9.192506833000039,0.23510695800007397,0.6877614597240765,0.3716784392869156,0.425621431970779,0.4743011722272317,0.24873510957074169,6939.0,0.36573208722741435,0.4999970729936835,facebook_seed5_neuralsparse.json
facebook,neuralsparse,NeuralSparse,neuralsparse,5,0.6,0.8963263299286998,0.8904697021842777,0.9018691588785047,0.8593996840442338,9.192506833000039,0.10432829199999105,0.6127725856697819,0.29263370332996974,0.2900051632079135,0.5509467989179441,0.22230000769234987,8609.0,0.44348019581664444,0.3999988291974734,facebook_seed5_neuralsparse.json
facebook,neuralsparse,NeuralSparse,neuralsparse,5,0.7,0.8949557020620353,0.8834346708409213,0.9005340453938585,0.8569169960474309,9.192506833000039,0.42687225000008766,0.5244770805518469,0.21459804910864447,0.1692775706587376,0.6552449654343252,0.18835464647212877,10576.0,0.5250556297285269,0.3000005854012633,facebook_seed5_neuralsparse.json
facebook,neuralsparse,NeuralSparse,neuralsparse,5,0.8,0.8956406086082046,0.8806985566677419,0.900089007565643,0.8657187993680885,9.192506833000039,0.3968291249999538,0.4153983088562528,0.1358896737302388,0.07913645404905469,0.7883979561166216,0.14650492789443814,13044.0,0.6203382287494437,0.20000234160505317,facebook_seed5_neuralsparse.json
facebook,neuralsparse,NeuralSparse,neuralsparse,5,0.9,0.8943985375580962,0.8807218892344091,0.8996439697374277,0.8598879103282626,9.192506833000039,0.40793158399992535,0.2638629283489097,0.07299024554322234,0.025634384526589917,0.9002103997595431,0.08986901398864136,16458.0,0.7319092122830441,0.09999824379621011,facebook_seed5_neuralsparse.json
facebook,neuralsparse,NeuralSparse,neuralsparse,6,0.1,0.926051390778286,0.9223609057247302,0.9307966177125055,0.891640866873065,8.602882916999988,0.22342612499960524,0.9604806408544726,0.8698284561049445,0.8802109516507726,0.10519987977156597,0.35018965093094323,877.0,0.06920338228749442,0.9000017562037899,facebook_seed6_neuralsparse.json
facebook,neuralsparse,NeuralSparse,neuralsparse,6,0.2,0.9239330918100287,0.9128680782687697,0.9283489096573209,0.8919540229885058,8.602882916999988,0.2938172089998261,0.9194926568758345,0.7753111335351497,0.8171931041979592,0.1653140967838894,0.3337067481203492,1791.0,0.12759234534935465,0.7999976583949469,facebook_seed6_neuralsparse.json
facebook,neuralsparse,NeuralSparse,neuralsparse,6,0.3,0.9156364983112626,0.9119090976398945,0.9203382287494437,0.8819875776397516,8.602882916999988,0.057714417000170215,0.872630173564753,0.6895391860073999,0.7622345792986372,0.22963630898707543,0.30956560302888525,2809.0,0.1898086337338674,0.6999994145987367,facebook_seed6_neuralsparse.json
facebook,neuralsparse,NeuralSparse,neuralsparse,6,0.4,0.9057586935438994,0.90269647664858,0.9112149532710281,0.8662519440124417,8.602882916999988,0.24095887500061508,0.8152647975077881,0.6088126471577531,0.6989253852508005,0.2939585211902615,0.2841924223754154,4081.0,0.25407209612817094,0.6000011708025266,facebook_seed6_neuralsparse.json
facebook,neuralsparse,NeuralSparse,neuralsparse,6,0.5,0.8991052428223518,0.8926424277999109,0.9040943480195817,0.8642358417377812,8.602882916999988,0.228902083000321,0.7495327102803738,0.5297679112008072,0.6286574029411781,0.3612864442440637,0.25446291370721,5565.0,0.3265242545616378,0.4999970729936835,facebook_seed6_neuralsparse.json
facebook,neuralsparse,NeuralSparse,neuralsparse,6,0.6,0.8878298363453501,0.888657754983786,0.8947485536270583,0.8400315208825847,8.602882916999988,0.3191718750003929,0.670983533600356,0.43760511268079383,0.4713878536975025,0.43552750225428316,0.22489716747889235,7311.0,0.3979528259902092,0.3999988291974734,facebook_seed6_neuralsparse.json
facebook,neuralsparse,NeuralSparse,neuralsparse,6,0.7,0.8895411614782116,0.8805640587512512,0.8958611481975968,0.8457234212629896,8.602882916999988,0.048886667000260786,0.5777926123720516,0.33837874201143625,0.31460382220660177,0.527502254283138,0.18862944718162794,9402.0,0.4878949710725412,0.3000005854012633,facebook_seed6_neuralsparse.json
facebook,neuralsparse,NeuralSparse,neuralsparse,6,0.8,0.8857503548459739,0.8799117584477659,0.8909657320872274,0.8490118577075099,8.602882916999988,0.027390874999582593,0.45763239875389405,0.2250252270433905,0.16697953202867424,0.6669672377517283,0.14346773099813206,12047.0,0.5937249666221629,0.20000234160505317,facebook_seed6_neuralsparse.json
facebook,neuralsparse,NeuralSparse,neuralsparse,6,0.9,0.8820948127736961,0.8773543856229754,0.8887405429461505,0.8372093023255814,8.602882916999988,0.07687020899993513,0.2976858032932799,0.10023545240497814,0.060428532830752155,0.8277727682596934,0.08262993918500658,15667.0,0.719626168224299,0.09999824379621011,facebook_seed6_neuralsparse.json
facebook,neuralsparse,NeuralSparse,neuralsparse,7,0.1,0.9316377170510137,0.9254770363767383,0.9350244770805518,0.9056024558710668,4.068526708000718,0.02879137499985518,0.9549621717846017,0.8472922973427515,0.8974947777472289,0.09227532311391644,0.3463032139340704,1001.0,0.07534490431686694,0.9000017562037899,facebook_seed7_neuralsparse.json
facebook,neuralsparse,NeuralSparse,neuralsparse,7,0.2,0.923716462508359,0.9182637880078277,0.9279038718291055,0.8923315259488769,4.068526708000718,0.026768457999423845,0.9131731197151758,0.753447695930037,0.8355773618908112,0.1547941088067328,0.32953532605033403,1926.0,0.13208722741433024,0.7999976583949469,facebook_seed7_neuralsparse.json
facebook,neuralsparse,NeuralSparse,neuralsparse,7,0.3,0.9203895541335827,0.9118308645017199,0.92456608811749,0.8894044856921887,4.068526708000718,0.027227083999605384,0.8645749888740543,0.6720484359233098,0.7784502714737543,0.21550946798917944,0.3060492855471541,2991.0,0.19523809523809524,0.6999994145987367,facebook_seed7_neuralsparse.json
facebook,neuralsparse,NeuralSparse,neuralsparse,7,0.4,0.9120406548176794,0.8994587254279778,0.9167779261237206,0.8777089783281734,4.068526708000718,0.027027584001189098,0.8010235870048954,0.5778674739320552,0.7233621964406213,0.2819356777877968,0.2805895393852022,4404.0,0.2589230084557187,0.6000011708025266,facebook_seed7_neuralsparse.json
facebook,neuralsparse,NeuralSparse,neuralsparse,7,0.5,0.9000302925661205,0.8975836738906072,0.9054294615042279,0.8618012422360248,4.068526708000718,0.025434041999687906,0.7325767690253672,0.4860410359905819,0.656848754671732,0.3468590321611061,0.25419525829619954,5925.0,0.33328882955051187,0.4999970729936835,facebook_seed7_neuralsparse.json
facebook,neuralsparse,NeuralSparse,neuralsparse,7,0.6,0.891582848596493,0.8876013552844368,0.8980863373386738,0.846875,4.068526708000718,0.026776832999530598,0.6533155318202047,0.40699630003363607,0.5145649672206217,0.42170123234144874,0.22304011353148082,7716.0,0.41045838896306186,0.3999988291974734,facebook_seed7_neuralsparse.json
facebook,neuralsparse,NeuralSparse,neuralsparse,7,0.7,0.8938263981656319,0.8874440661797874,0.8989764129951046,0.8589540412044374,4.068526708000718,0.024440499999400345,0.5546951490876725,0.30306088126471575,0.37496761206273277,0.5169822663059813,0.18562950077412174,9892.0,0.5041833555852248,0.3000005854012633,facebook_seed7_neuralsparse.json
facebook,neuralsparse,NeuralSparse,neuralsparse,7,0.8,0.8868061689535178,0.8828764363379531,0.8929684023141967,0.8456057007125891,4.068526708000718,0.025357458000144106,0.4487316421895861,0.19138916918937102,0.21054503921495135,0.6215810039074241,0.13972565485948582,12289.0,0.603382287494437,0.20000234160505317,facebook_seed7_neuralsparse.json
facebook,neuralsparse,NeuralSparse,neuralsparse,7,0.9,0.8869799741202553,0.8821636397595259,0.8929684023141967,0.8464598249801114,4.068526708000718,0.0233899159993598,0.2877614597240766,0.08543558694920955,0.07619108836809023,0.802224226029456,0.07899053631329883,15912.0,0.7268357810413886,0.09999824379621011,facebook_seed7_neuralsparse.json
facebook,neuralsparse,NeuralSparse,neuralsparse,8,0.1,0.9390282794750975,0.9354118129171979,0.943035157988429,0.9097918272937549,5.856626041999334,0.0343377919998602,0.9801958166444148,0.9364278506559032,0.9685395987308221,0.01743312293357379,0.3582736533909142,430.0,0.0519804183355585,0.9000017562037899,facebook_seed8_neuralsparse.json
facebook,neuralsparse,NeuralSparse,neuralsparse,8,0.2,0.9341902624804473,0.9286532396253346,0.9383622607921673,0.9038759689922481,5.856626041999334,0.03061212500142574,0.9471740097908322,0.8631012445341406,0.9254271832531258,0.05921250375713856,0.3392692969863415,1179.0,0.10609701824655093,0.7999976583949469,facebook_seed8_neuralsparse.json
facebook,neuralsparse,NeuralSparse,neuralsparse,8,0.3,0.9296765301745471,0.9227184340401732,0.933466844681798,0.9021739130434783,5.856626041999334,0.029723708001256455,0.9028927458834001,0.7847292297342752,0.8784308311438506,0.10640216411181244,0.31815720243473444,2162.0,0.1661771250556297,0.6999994145987367,facebook_seed8_neuralsparse.json
facebook,neuralsparse,NeuralSparse,neuralsparse,8,0.4,0.9103858265757333,0.9119463081442076,0.914997774810859,0.8779342723004695,5.856626041999334,0.02857537500131002,0.84971072541166,0.7093844601412714,0.8228573153794253,0.15449353772167118,0.29187546204387466,3344.0,0.22857142857142854,0.6000011708025266,facebook_seed8_neuralsparse.json
facebook,neuralsparse,NeuralSparse,neuralsparse,8,0.5,0.9071162700462136,0.9048214654782879,0.9125500667556742,0.8691588785046729,5.856626041999334,0.029971500000101514,0.7828215398308856,0.6246215943491423,0.7606162039052726,0.21971746318004207,0.26179811881592896,4822.0,0.30186915887850474,0.4999970729936835,facebook_seed8_neuralsparse.json
facebook,neuralsparse,NeuralSparse,neuralsparse,8,0.6,0.8996421851242281,0.8964670680250276,0.906097018246551,0.8544600938967136,5.856626041999334,0.025067582999326987,0.6990209167779261,0.5216952573158425,0.6900569263482819,0.29786594529606253,0.22774693807592464,6679.0,0.37966177125055633,0.3999988291974734,facebook_seed8_neuralsparse.json
facebook,neuralsparse,NeuralSparse,neuralsparse,8,0.7,0.8969547781828073,0.8938397056085735,0.9020916777926123,0.8611764705882353,5.856626041999334,0.022802333000072394,0.5940364931019136,0.40195089135553314,0.5919859859712636,0.397956116621581,0.18702791294850454,9040.0,0.4714285714285714,0.3000005854012633,facebook_seed8_neuralsparse.json
facebook,neuralsparse,NeuralSparse,neuralsparse,8,0.8,0.8887094455803503,0.888804232430915,0.8931909212283045,0.8575949367088608,5.856626041999334,0.024626583999634022,0.46809078771695595,0.28422468886646485,0.3933842444521238,0.517282837391043,0.14429693768904536,11846.0,0.582109479305741,0.20000234160505317,facebook_seed8_neuralsparse.json
facebook,neuralsparse,NeuralSparse,neuralsparse,8,0.9,0.8956122919425727,0.8868243566013032,0.9003115264797508,0.8638867033831629,5.856626041999334,0.021497667001312948,0.30623052959501557,0.16078035654221326,0.17762816278576984,0.6729786594529606,0.07819433198499029,15466.0,0.7157098353360036,0.09999824379621011,facebook_seed8_neuralsparse.json
facebook,neuralsparse,NeuralSparse,neuralsparse,9,0.1,0.9349548358469797,0.9322288403059396,0.9376947040498442,0.9139784946236559,5.615755750000972,0.0356685419974383,0.9768135291499778,0.9179280188361923,0.948569366014972,0.040276525398256685,0.3567682790356372,511.0,0.05491766800178011,0.9000017562037899,facebook_seed9_neuralsparse.json
facebook,neuralsparse,NeuralSparse,neuralsparse,9,0.2,0.9260318351925239,0.9273630952462245,0.9301290609701824,0.8954996186117468,5.615755750000972,0.03118654200079618,0.9385402759234535,0.8287924655230406,0.8952291138137045,0.0934776074541629,0.3348752609218705,1358.0,0.11014686248331107,0.7999976583949469,facebook_seed9_neuralsparse.json
facebook,neuralsparse,NeuralSparse,neuralsparse,9,0.3,0.9157904905159558,0.9197446148956597,0.920115709835336,0.884437596302003,5.615755750000972,0.029658583000127692,0.8911437472185135,0.7463841237806929,0.8393319024315442,0.14457469191463782,0.31162375388486163,2419.0,0.17521139296840227,0.6999994145987367,facebook_seed9_neuralsparse.json
facebook,neuralsparse,NeuralSparse,neuralsparse,9,0.4,0.9060664577892152,0.913826906072042,0.9096573208722741,0.8805620608899297,5.615755750000972,0.02724287499950151,0.831330663106364,0.6653212243525058,0.7756019656978381,0.20318605350165314,0.2828574786168357,3740.0,0.24183355585224744,0.6000011708025266,facebook_seed9_neuralsparse.json
facebook,neuralsparse,NeuralSparse,neuralsparse,9,0.5,0.8998187770610202,0.9066651291052102,0.9034267912772586,0.8727833461835004,5.615755750000972,0.026821666997420834,0.7598130841121495,0.56878573831147,0.7126164672677362,0.2777276825969342,0.2583935645602973,5305.0,0.3123720516243881,0.4999970729936835,facebook_seed9_neuralsparse.json
facebook,neuralsparse,NeuralSparse,neuralsparse,9,0.6,0.8968988146250845,0.9003104865132318,0.901646639964397,0.8642358417377812,5.615755750000972,0.02708458300185157,0.6772585669781932,0.4584594685502859,0.6322824446957551,0.355575593627893,0.22656797914351595,7162.0,0.39052069425901204,0.3999988291974734,facebook_seed9_neuralsparse.json
facebook,neuralsparse,NeuralSparse,neuralsparse,9,0.7,0.8859331458477835,0.8956030196495098,0.892745883400089,0.8391608391608392,5.615755750000972,0.027371583000785904,0.584334668446818,0.3602421796165489,0.47009317392187283,0.45476405169822665,0.1920556844219893,9249.0,0.4777926123720516,0.3000005854012633,facebook_seed9_neuralsparse.json
facebook,neuralsparse,NeuralSparse,neuralsparse,9,0.8,0.8814039378284372,0.8937418327150961,0.8891855807743658,0.8305489260143198,5.615755750000972,0.022564082999451784,0.4631953716065866,0.24386141944164144,0.2850530669811678,0.5722873459573189,0.14459884735207776,11954.0,0.5869158878504673,0.20000234160505317,facebook_seed9_neuralsparse.json
facebook,neuralsparse,NeuralSparse,neuralsparse,9,0.9,0.8761264215144645,0.8920901653068762,0.8847352024922118,0.8194112967382657,5.615755750000972,0.025215082998329308,0.3054739652870494,0.11133535149680457,0.11499869615920065,0.7427111511872558,0.08432258272365363,15442.0,0.7138851802403204,0.09999824379621011,facebook_seed9_neuralsparse.json
facebook,original_ilp_gcn,ILP-GCN,original_ilp,0,0.1,0.9395881734694154,0.9384816509910907,0.9412550066755674,0.9264136328427576,11.924116666000032,0.3213775420000502,0.9995549621717846,0.9983181971072991,0.9986405184067988,0.0,0.33189463178956,11.0,0.009479305740987987,0.9000017562037899,facebook_seed0_original_ilp.json
facebook,original_ilp_gcn,ILP-GCN,original_ilp,0,0.2,0.9383916593763055,0.9358793206442635,0.9399198931909212,0.9265274555297757,11.924116666000032,0.5072741249999808,0.9985313751668892,0.9949545913218971,0.9947889307979314,0.0,0.30945287283411743,34.0,0.03364485981308418,0.7999976583949469,facebook_seed0_original_ilp.json
facebook,original_ilp_gcn,ILP-GCN,original_ilp,0,0.3,0.9380080008945273,0.935006183769413,0.9396973742768135,0.9249806651198763,11.924116666000032,0.19784395799996446,0.9958611481975967,0.9919273461150353,0.9905812985486175,0.00030057108506161706,0.2915620466857446,79.0,0.07151757899421451,0.6999994145987367,facebook_seed0_original_ilp.json
facebook,original_ilp_gcn,ILP-GCN,original_ilp,0,0.4,0.93662819470383,0.9349097085245982,0.9383622607921673,0.9233152594887684,11.924116666000032,0.19957629199996063,0.9906097018246551,0.9858728557013118,0.9849818367602295,0.00030057108506161706,0.2764950369972259,184.0,0.11891410769915445,0.6000011708025266,facebook_seed0_original_ilp.json
facebook,original_ilp_gcn,ILP-GCN,original_ilp,0,0.5,0.9318414182158291,0.9312418784957192,0.9332443257676902,0.9203402938901779,11.924116666000032,0.1227447910000592,0.9664441477525589,0.9767911200807265,0.9733298214748727,0.0006011421701232341,0.257011209966523,692.0,0.17111704494882063,0.4999970729936835,facebook_seed0_original_ilp.json
facebook,original_ilp_gcn,ILP-GCN,original_ilp,0,0.6,0.922587009473981,0.9265612111553753,0.9238985313751669,0.9111969111969112,11.924116666000032,0.3169425419999925,0.8393413440142412,0.9502186343760511,0.9267542120514669,0.0015028554253080854,0.22672246400743895,3125.0,0.23831775700934577,0.3999988291974734,facebook_seed0_original_ilp.json
facebook,original_ilp_gcn,ILP-GCN,original_ilp,0,0.7,0.9163459388464458,0.9226745024931836,0.9176680017801513,0.9028697571743929,11.924116666000032,0.2027525839999953,0.6916332888295506,0.874201143625967,0.6988606872053775,0.032461677186654644,0.1954853891525259,6707.0,0.3304850912327548,0.3000005854012633,facebook_seed0_original_ilp.json
facebook,original_ilp_gcn,ILP-GCN,original_ilp,0,0.8,0.9084529691510995,0.9167975413498862,0.9103248776145972,0.8955223880597015,11.924116666000032,0.04033437499992942,0.5086337338673788,0.7245206861755802,0.5168629801768576,0.18364893297264803,0.1570358246808253,10769.0,0.481619937694704,0.20000234160505317,facebook_seed0_original_ilp.json
facebook,original_ilp_gcn,ILP-GCN,original_ilp,0,0.9,0.8900423331351821,0.8995206198330835,0.8943035157988429,0.8610441767068273,11.924116666000032,0.16561020899996493,0.30124610591900314,0.3847965018499832,0.2589655570490984,0.4842200180342651,0.08782166949806966,15434.0,0.6842456608811749,0.09999824379621011,facebook_seed0_original_ilp.json
facebook,original_ilp_gcn,ILP-GCN,original_ilp,1,0.1,0.9346518877496646,0.9418496196663376,0.937917222963952,0.9104938271604939,9.216024542000014,0.04431387499971606,0.9995994659546061,0.9983181971072991,0.9990937128106897,0.0,0.3327912290705125,10.0,0.010191366266132595,0.9000017562037899,facebook_seed1_original_ilp.json
facebook,original_ilp_gcn,ILP-GCN,original_ilp,1,0.2,0.9346724695810511,0.940032083318181,0.9376947040498442,0.9117647058823529,9.216024542000014,0.3191180000003442,0.9991989319092123,0.9976454759502187,0.9972487915630347,0.0,0.31099364989867656,19.0,0.0375611927013797,0.7999976583949469,facebook_seed1_original_ilp.json
facebook,original_ilp_gcn,ILP-GCN,original_ilp,1,0.3,0.9320534150949924,0.9399662825943769,0.9350244770805518,0.9090909090909091,9.216024542000014,0.1925131660000261,0.9975522919448153,0.9952909519004373,0.9937855976173252,0.0,0.29261827447149014,56.0,0.07387627948375619,0.6999994145987367,facebook_seed1_original_ilp.json
facebook,original_ilp_gcn,ILP-GCN,original_ilp,1,0.4,0.9296709782320246,0.9363175924567214,0.9330218068535826,0.9038311180609852,9.216024542000014,0.06016508400080056,0.9913662661326212,0.9889001009081736,0.989092421941409,0.00030057108506161706,0.27774279206360825,168.0,0.11878059635068983,0.6000011708025266,facebook_seed1_original_ilp.json
facebook,original_ilp_gcn,ILP-GCN,original_ilp,1,0.5,0.9290907388145221,0.9299575837710348,0.9314641744548287,0.9106317411402157,9.216024542000014,0.24182616699999926,0.9611036938139742,0.9804910864446686,0.9813891440283641,0.0006011421701232341,0.2570818144793955,797.0,0.17129506008010686,0.4999970729936835,facebook_seed1_original_ilp.json
facebook,original_ilp_gcn,ILP-GCN,original_ilp,1,0.6,0.9223097206565487,0.9258613725428071,0.9241210502892746,0.9061784897025171,9.216024542000014,0.31929191700055526,0.8372051624388073,0.9539186007399932,0.9529064970504418,0.0015028554253080854,0.22754374723227047,3331.0,0.234134401424121,0.3999988291974734,facebook_seed1_original_ilp.json
facebook,original_ilp_gcn,ILP-GCN,original_ilp,1,0.7,0.9147423933943336,0.9217453206263778,0.9174454828660437,0.8946135831381733,9.216024542000014,0.110310875000323,0.6927013796172675,0.8728557013118062,0.7557288827454326,0.026450255485422302,0.19697046411944072,6747.0,0.334045393858478,0.3000005854012633,facebook_seed1_original_ilp.json
facebook,original_ilp_gcn,ILP-GCN,original_ilp,1,0.8,0.9036529949728832,0.9082748130940738,0.9080996884735203,0.8713178294573644,9.216024542000014,0.044384333999914816,0.4995104583889631,0.6532122435250589,0.5111341222976237,0.20348662458671476,0.14911386206789376,11077.0,0.5023587004895417,0.20000234160505317,facebook_seed1_original_ilp.json
facebook,original_ilp_gcn,ILP-GCN,original_ilp,1,0.9,0.886970329354122,0.897129653083534,0.8923008455718736,0.8515318146111548,9.216024542000014,0.03194191700004012,0.29439252336448596,0.31752438614194417,0.24689279907787223,0.5187856928163511,0.07992411075365742,15622.0,0.6934134401424121,0.09999824379621011,facebook_seed1_original_ilp.json
facebook,original_ilp_gcn,ILP-GCN,original_ilp,2,0.1,0.9340773852822126,0.9399923439139543,0.9368046283934134,0.9118311981914092,7.059103792000315,0.038232749999224325,0.9995994659546061,0.9986545576858392,0.9988995159791108,0.0,0.33231456598862547,10.0,0.010636404094347962,0.9000017562037899,facebook_seed2_original_ilp.json
facebook,original_ilp_gcn,ILP-GCN,original_ilp,2,0.2,0.933578457196856,0.938803890119124,0.9361370716510904,0.9128127369219106,7.059103792000315,0.032454124999276246,0.9989764129951045,0.9979818365287588,0.9963101564278515,0.0,0.311185338707907,23.0,0.03328882955051182,0.7999976583949469,facebook_seed2_original_ilp.json
facebook,original_ilp_gcn,ILP-GCN,original_ilp,2,0.3,0.934131982807028,0.9400305922823011,0.9368046283934134,0.9120961682945155,7.059103792000315,0.030886749998899177,0.9965287049399199,0.9926000672721157,0.9920377234378046,0.0,0.29219536825018094,79.0,0.06858032932799285,0.6999994145987367,facebook_seed2_original_ilp.json
facebook,original_ilp_gcn,ILP-GCN,original_ilp,2,0.4,0.9316602904685162,0.9361379303244372,0.9339118825100133,0.9125188536953243,7.059103792000315,0.024639916999149136,0.9901646639964397,0.9865455768583922,0.987182802648331,0.0006011421701232341,0.27592598143846575,195.0,0.11401869158878508,0.6000011708025266,facebook_seed2_original_ilp.json
facebook,original_ilp_gcn,ILP-GCN,original_ilp,2,0.5,0.929894140297867,0.9349407021125522,0.9314641744548287,0.9160997732426304,7.059103792000315,0.025091041999985464,0.967601246105919,0.9815001681802893,0.9759838790715549,0.0006011421701232341,0.25553521194355855,663.0,0.16546506453048504,0.4999970729936835,facebook_seed2_original_ilp.json
facebook,original_ilp_gcn,ILP-GCN,original_ilp,2,0.6,0.9205912812282269,0.9238356352788013,0.9221183800623053,0.905802562170309,7.059103792000315,0.022263625000050524,0.8783266577659101,0.9673730238816011,0.8512104635711915,0.0012022843402464682,0.23019161801247162,2394.0,0.2299065420560748,0.3999988291974734,facebook_seed2_original_ilp.json
facebook,original_ilp_gcn,ILP-GCN,original_ilp,2,0.7,0.9153202992774272,0.918328803754455,0.9170004450378282,0.8993993993993994,7.059103792000315,0.021586584000033326,0.6990654205607477,0.8920282542885973,0.7334282367029801,0.027351968740607153,0.19476112069328894,6556.0,0.3314641744548287,0.3000005854012633,facebook_seed2_original_ilp.json
facebook,original_ilp_gcn,ILP-GCN,original_ilp,2,0.8,0.9086324632149568,0.9088943872196511,0.9107699154428126,0.89209726443769,7.059103792000315,0.023104957999748876,0.5214508233199822,0.7403296333669694,0.4850789357144383,0.18064322212203185,0.15494518163421755,10527.0,0.4765465064530485,0.20000234160505317,facebook_seed2_original_ilp.json
facebook,original_ilp_gcn,ILP-GCN,original_ilp,2,0.9,0.8964191006297959,0.8939376475574197,0.9005340453938585,0.8667687595712098,7.059103792000315,0.019636875000287546,0.3111704494882065,0.42852337706020854,0.25440185448551067,0.4670874661857529,0.09210587544271451,15136.0,0.6711615487316422,0.09999824379621011,facebook_seed2_original_ilp.json
facebook,original_ilp_gcn,ILP-GCN,original_ilp,3,0.1,0.9356331040041834,0.9364828220039693,0.9381397418780596,0.9159599074787972,7.351368667001225,0.029683374999876833,0.9994659546061415,0.9983181971072991,0.9984139725525083,0.0,0.3313925242928308,13.0,0.009434801958166483,0.9000017562037899,facebook_seed3_original_ilp.json
facebook,original_ilp_gcn,ILP-GCN,original_ilp,3,0.2,0.9388264526092593,0.9383524332103377,0.9412550066755674,0.9192928516525749,7.351368667001225,0.027221666001423728,0.9985758789497107,0.9952909519004373,0.9942710383486175,0.0,0.3080270886268019,33.0,0.03480195816644416,0.7999976583949469,facebook_seed3_original_ilp.json
facebook,original_ilp_gcn,ILP-GCN,original_ilp,3,0.3,0.9373148939565239,0.9410613013117901,0.9399198931909212,0.9163468917881811,7.351368667001225,0.02561391599920171,0.9962616822429906,0.9902455432223344,0.9902576029308826,0.00030057108506161706,0.2908104667999533,84.0,0.07071651090342679,0.6999994145987367,facebook_seed3_original_ilp.json
facebook,original_ilp_gcn,ILP-GCN,original_ilp,3,0.4,0.936343561803678,0.9358696797356296,0.9390298175344904,0.9148119723714505,7.351368667001225,0.025610916998630273,0.9906987093902981,0.9848637739656912,0.9845610940743602,0.00030057108506161706,0.27619872358789616,184.0,0.11691143747218513,0.6000011708025266,facebook_seed3_original_ilp.json
facebook,original_ilp_gcn,ILP-GCN,original_ilp,3,0.5,0.9339769592016551,0.9339169765156451,0.936359590565198,0.913937547600914,7.351368667001225,0.0238889169995673,0.9664441477525589,0.9737638748738647,0.9747216510139469,0.0009017132551848512,0.2564641256132771,700.0,0.1689808633733868,0.4999970729936835,facebook_seed3_original_ilp.json
facebook,original_ilp_gcn,ILP-GCN,original_ilp,3,0.6,0.9253534059923075,0.9262426664989571,0.9272363150867824,0.9088122605363985,7.351368667001225,0.022614292000071146,0.8500222518914108,0.9498822737975109,0.9236147137234924,0.0015028554253080854,0.22770748862788787,2931.0,0.2374721851357366,0.3999988291974734,facebook_seed3_original_ilp.json
facebook,original_ilp_gcn,ILP-GCN,original_ilp,3,0.7,0.9237096372698754,0.9192156901303624,0.9247886070315977,0.9136745607333843,7.351368667001225,0.022967791001065052,0.6955496217178461,0.8822737975109317,0.709962409671054,0.028854824165915238,0.1962222615856787,6582.0,0.3272808188696039,0.3000005854012633,facebook_seed3_original_ilp.json
facebook,original_ilp_gcn,ILP-GCN,original_ilp,3,0.8,0.9094452409779537,0.9142793996572953,0.9116599910992434,0.8933231005372217,7.351368667001225,0.021325083000192535,0.5120160213618158,0.7288933736966028,0.5080592706674171,0.18815749924857228,0.16066544928123966,10709.0,0.4762794837561193,0.20000234160505317,facebook_seed3_original_ilp.json
facebook,original_ilp_gcn,ILP-GCN,original_ilp,3,0.9,0.8979243311948839,0.9019751710206736,0.9012016021361816,0.8766692851531814,7.351368667001225,0.019424041000092984,0.3034712950600801,0.4130507904473596,0.26877265108680026,0.47099489029155395,0.09231479726712434,15314.0,0.6780596350689808,0.09999824379621011,facebook_seed3_original_ilp.json
facebook,original_ilp_gcn,ILP-GCN,original_ilp,4,0.1,0.93547891410629,0.9475418653254882,0.9374721851357365,0.9196969696969697,7.084558250000555,0.033455042001151014,0.9996439697374276,0.9986545576858392,0.9988023662156662,0.0,0.32944835027330327,9.0,0.00952380952380949,0.9000017562037899,facebook_seed4_original_ilp.json
facebook,original_ilp_gcn,ILP-GCN,original_ilp,4,0.2,0.933925121282311,0.9447042105846454,0.9356920338228749,0.9201520912547528,7.084558250000555,0.02656595799999195,0.998931909212283,0.9956273124789775,0.9955657181242471,0.0,0.3114613367209749,25.0,0.035113484646194904,0.7999976583949469,facebook_seed4_original_ilp.json
facebook,original_ilp_gcn,ILP-GCN,original_ilp,4,0.3,0.9326281439446189,0.94617996833943,0.9345794392523364,0.9172361427486713,7.084558250000555,0.026026916999398964,0.9966622162883845,0.9926000672721157,0.9913580858749333,0.00030057108506161706,0.2925060920376588,76.0,0.06902536715620833,0.6999994145987367,facebook_seed4_original_ilp.json
facebook,original_ilp_gcn,ILP-GCN,original_ilp,4,0.4,0.9308491888449281,0.943349896043014,0.9330218068535826,0.9140684410646388,7.084558250000555,0.02525433299888391,0.9893635959056519,0.9892364614867137,0.9771167110383171,0.0006011421701232341,0.27323835812331876,215.0,0.10854472630173562,0.6000011708025266,facebook_seed4_original_ilp.json
facebook,original_ilp_gcn,ILP-GCN,original_ilp,4,0.5,0.9322728182165243,0.9405611479165306,0.9348019581664442,0.9128440366972477,7.084558250000555,0.024506915997335454,0.9692923898531375,0.9835183316515305,0.8745792435349832,0.0006011421701232341,0.253994215250104,635.0,0.15718736092567864,0.4999970729936835,facebook_seed4_original_ilp.json
facebook,original_ilp_gcn,ILP-GCN,original_ilp,4,0.6,0.9279483165510509,0.9353275157883529,0.9296840231419671,0.9130763416477702,7.084558250000555,0.022849707998830127,0.8973297730307076,0.9704002690884629,0.8356097622611778,0.007213706041478809,0.22760662528042785,2021.0,0.23079661771250554,0.3999988291974734,facebook_seed4_original_ilp.json
facebook,original_ilp_gcn,ILP-GCN,original_ilp,4,0.7,0.9147632055633258,0.92428362335937,0.9161103693813974,0.9018126888217523,7.084558250000555,0.021967832999507664,0.7048954161103694,0.8933736966027581,0.7249481714636195,0.024947400060114217,0.19594513131873684,6408.0,0.3324432576769025,0.3000005854012633,facebook_seed4_original_ilp.json
facebook,original_ilp_gcn,ILP-GCN,original_ilp,4,0.8,0.9059164453321431,0.9151394040037787,0.9080996884735203,0.8895705521472392,7.084558250000555,0.021732249999331543,0.5177570093457944,0.7359569458459468,0.4618720549071691,0.20048091373609858,0.15300233205899025,10614.0,0.4803293279928794,0.20000234160505317,facebook_seed4_original_ilp.json
facebook,original_ilp_gcn,ILP-GCN,original_ilp,4,0.9,0.8923719315404265,0.9035122741624267,0.8963061860258122,0.8634294385432474,7.084558250000555,0.02018987499832292,0.3107254116599911,0.4332324251597713,0.24588941454961097,0.4773068830778479,0.09738558214552855,15144.0,0.670894526034713,0.09999824379621011,facebook_seed4_original_ilp.json
facebook,original_ilp_gcn,ILP-GCN,original_ilp,5,0.1,0.9435762441671168,0.9427553824866826,0.9457053849577214,0.926829268292683,11.749299208000025,0.25423245799998995,0.9995994659546061,0.9986545576858392,0.9988023662156662,0.0,0.33072450112080937,10.0,0.009701824655095725,0.9000017562037899,facebook_seed5_original_ilp.json
facebook,original_ilp_gcn,ILP-GCN,original_ilp,5,0.2,0.9423961146092777,0.9408435155351724,0.9443702714730752,0.9262672811059908,11.749299208000025,0.36315516600001274,0.9990654205607477,0.9976454759502187,0.9955980671469586,0.0,0.30931838718995786,22.0,0.0350689808633734,0.7999976583949469,facebook_seed5_original_ilp.json
facebook,original_ilp_gcn,ILP-GCN,original_ilp,5,0.3,0.9428632813677813,0.9398312531615712,0.9443702714730752,0.9299847792998478,11.749299208000025,0.3254196670000056,0.9965287049399199,0.9912546249579549,0.9906136475713291,0.00030057108506161706,0.2903633584988908,79.0,0.06969292389853143,0.6999994145987367,facebook_seed5_original_ilp.json
facebook,original_ilp_gcn,ILP-GCN,original_ilp,5,0.4,0.9371998763187712,0.9386537915050617,0.9394748553627058,0.9190839694656489,11.749299208000025,0.45025095899995904,0.9912772585669782,0.9868819374369324,0.985661577018411,0.0006011421701232341,0.2751330931485658,181.0,0.11566533155318204,0.6000011708025266,facebook_seed5_original_ilp.json
facebook,original_ilp_gcn,ILP-GCN,original_ilp,5,0.5,0.9344575980021448,0.9351177512705511,0.9361370716510904,0.9201228878648233,11.749299208000025,0.18348774999992656,0.9674232309746329,0.9784729229734275,0.9775699054422081,0.0006011421701232341,0.2547099665951206,679.0,0.16751223854027597,0.4999970729936835,facebook_seed5_original_ilp.json
facebook,original_ilp_gcn,ILP-GCN,original_ilp,5,0.6,0.9318402301286455,0.9295039036598275,0.9332443257676902,0.9184615384615384,11.749299208000025,0.3802267920000304,0.8623497997329773,0.9545913218970736,0.9212842490492349,0.0015028554253080854,0.22848252818763665,2680.0,0.23511348464619491,0.3999988291974734,facebook_seed5_original_ilp.json
facebook,original_ilp_gcn,ILP-GCN,original_ilp,5,0.7,0.9306141773820232,0.9194016098613778,0.9314641744548287,0.9226053639846743,11.749299208000025,0.15108362499995565,0.6863818424566088,0.8782374705684494,0.7553728381049861,0.028854824165915238,0.19499685651536797,6830.0,0.33520249221183807,0.3000005854012633,facebook_seed5_original_ilp.json
facebook,original_ilp_gcn,ILP-GCN,original_ilp,5,0.8,0.9124416348251159,0.91597621171448,0.9141076991544281,0.9007633587786259,11.749299208000025,0.039731833000018923,0.5127725856697819,0.7383114698957283,0.5105514804552318,0.17793808235647732,0.15586549938044858,10678.0,0.4782821539830886,0.20000234160505317,facebook_seed5_original_ilp.json
facebook,original_ilp_gcn,ILP-GCN,original_ilp,5,0.9,0.9042873617025289,0.8979564706887767,0.9087672452158434,0.8745128604832424,11.749299208000025,0.3325008340000295,0.3063640409434802,0.41843255970400267,0.27275373748182363,0.47099489029155395,0.08904805614351272,15289.0,0.6773920783266578,0.09999824379621011,facebook_seed5_original_ilp.json
facebook,original_ilp_gcn,ILP-GCN,original_ilp,6,0.1,0.9426905433654531,0.9331088032422837,0.9450378282153983,0.9242540168324407,9.326664750000418,0.032529375000194705,0.9995549621717846,0.9983181971072991,0.9986729701248204,0.0,0.3317223847638753,11.0,0.010013351134846471,0.9000017562037899,facebook_seed6_original_ilp.json
facebook,original_ilp_gcn,ILP-GCN,original_ilp,6,0.2,0.9423999890374875,0.932195836520832,0.9445927903871829,0.9242540168324407,9.326664750000418,0.3053726660000393,0.9987093902981753,0.9956273124789775,0.9945947339663525,0.0,0.308430010166846,30.0,0.03515798842901641,0.7999976583949469,facebook_seed6_original_ilp.json
facebook,original_ilp_gcn,ILP-GCN,original_ilp,6,0.3,0.9404866503761924,0.9328379062289175,0.942367601246106,0.9244712990936556,9.326664750000418,0.2294379580007444,0.997196261682243,0.9932727884291961,0.990807844402908,0.00030057108506161706,0.29042008548033454,64.0,0.07182910547396537,0.6999994145987367,facebook_seed6_original_ilp.json
facebook,original_ilp_gcn,ILP-GCN,original_ilp,6,0.4,0.9394183129038548,0.9310855308704479,0.9414775255896751,0.9222560975609756,9.326664750000418,0.04340545800005202,0.9918113039608367,0.987891019172553,0.9853055323779645,0.00030057108506161706,0.2752536160254211,167.0,0.117400979083222,0.6000011708025266,facebook_seed6_original_ilp.json
facebook,original_ilp_gcn,ILP-GCN,original_ilp,6,0.5,0.9341908666564431,0.9316847338622964,0.9356920338228749,0.9201520912547528,9.326664750000418,0.2594366249995801,0.967601246105919,0.9794820047090481,0.9765988185890032,0.0006011421701232341,0.2560102083850504,679.0,0.1689808633733868,0.4999970729936835,facebook_seed6_original_ilp.json
facebook,original_ilp_gcn,ILP-GCN,original_ilp,6,0.6,0.927822827828986,0.9229064399885264,0.9287939474855362,0.9173616376042456,9.326664750000418,0.36019437499999185,0.854739652870494,0.9593003699966364,0.9004401819389346,0.0012022843402464682,0.22693235810521423,2826.0,0.2343124165554072,0.3999988291974734,facebook_seed6_original_ilp.json
facebook,original_ilp_gcn,ILP-GCN,original_ilp,6,0.7,0.9179204695081227,0.9189744574497553,0.9194481530930129,0.9040060468631897,9.326664750000418,0.05656920799992804,0.6917222963951936,0.8836192398250925,0.7240742857215141,0.029756537421100092,0.19562146412755924,6711.0,0.33190921228304404,0.3000005854012633,facebook_seed6_original_ilp.json
facebook,original_ilp_gcn,ILP-GCN,original_ilp,6,0.8,0.9082798897345814,0.9050455198005571,0.9109924343569203,0.8870229007633588,9.326664750000418,0.04760412500036182,0.5118380062305296,0.7376387487386479,0.5173161232330935,0.18034265103697025,0.1577888257232207,10703.0,0.47877169559412547,0.20000234160505317,facebook_seed6_original_ilp.json
facebook,original_ilp_gcn,ILP-GCN,original_ilp,6,0.9,0.8993001036484055,0.8963052717887583,0.9040943480195817,0.8677751385589866,9.326664750000418,0.02223920899996301,0.30364931019136626,0.3972418432559704,0.26980838463777296,0.4688908926961226,0.08704762041374284,15385.0,0.6822874944370272,0.09999824379621011,facebook_seed6_original_ilp.json
facebook,original_ilp_gcn,ILP-GCN,original_ilp,7,0.1,0.9422965980610775,0.9374476320030036,0.9445927903871829,0.923896499238965,6.605457957999533,0.028496791999714333,0.9995994659546061,0.9986545576858392,0.9990613637879783,0.0,0.3323907214550253,10.0,0.010146862483311092,0.9000017562037899,facebook_seed7_original_ilp.json
facebook,original_ilp_gcn,ILP-GCN,original_ilp,7,0.2,0.9421239997434203,0.9367190775355234,0.9439252336448598,0.9262357414448669,6.605457957999533,0.026712666000094032,0.998931909212283,0.9973091153716784,0.9966662010682978,0.0,0.3094405057403632,25.0,0.03515798842901641,0.7999976583949469,facebook_seed7_original_ilp.json
facebook,original_ilp_gcn,ILP-GCN,original_ilp,7,0.3,0.9413842348577515,0.9348984770072544,0.9434801958166444,0.9237804878048781,6.605457957999533,0.029538624999986496,0.9974632843791722,0.9949545913218971,0.9927174636959859,0.0,0.2902870609428726,58.0,0.07249666221628837,0.6999994145987367,facebook_seed7_original_ilp.json
facebook,original_ilp_gcn,ILP-GCN,original_ilp,7,0.4,0.9421645515367348,0.9331282617543406,0.9439252336448598,0.9264594389689158,6.605457957999533,0.027960666999206296,0.9916332888295505,0.9885637403296333,0.9876035453342004,0.0006011421701232341,0.27592862739308943,165.0,0.11878059635068983,0.6000011708025266,facebook_seed7_original_ilp.json
facebook,original_ilp_gcn,ILP-GCN,original_ilp,7,0.5,0.9353296370331934,0.9254789341301606,0.9365821094793058,0.9224924012158054,6.605457957999533,0.026749458000267623,0.9652425456163773,0.9798183652875883,0.9796413725441536,0.0006011421701232341,0.2557807066394431,719.0,0.16849132176234982,0.4999970729936835,facebook_seed7_original_ilp.json
facebook,original_ilp_gcn,ILP-GCN,original_ilp,7,0.6,0.9320424130867219,0.9233399617319924,0.9330218068535826,0.9214501510574018,6.605457957999533,0.02537795799980813,0.8445927903871829,0.955264043054154,0.9463684001268705,0.0018034265103697023,0.22810207453674555,3155.0,0.23524699599465954,0.3999988291974734,facebook_seed7_original_ilp.json
facebook,original_ilp_gcn,ILP-GCN,original_ilp,7,0.7,0.9256545688822482,0.9170000366019254,0.9279038718291055,0.9078446306169079,6.605457957999533,0.028950833000635612,0.6907432131731197,0.8785738311469896,0.7508415102379373,0.03125939284640818,0.19527475726687268,6757.0,0.33319982198486875,0.3000005854012633,facebook_seed7_original_ilp.json
facebook,original_ilp_gcn,ILP-GCN,original_ilp,7,0.8,0.909269148302994,0.9055482550853786,0.9121050289274588,0.88871834228703,6.605457957999533,0.024160417000530288,0.501068090787717,0.6992936427850656,0.5022656633951051,0.2025849113315299,0.15334582611938855,11016.0,0.491588785046729,0.20000234160505317,facebook_seed7_original_ilp.json
facebook,original_ilp_gcn,ILP-GCN,original_ilp,7,0.9,0.8992633299169934,0.8941382062068561,0.9036493101913663,0.8694968553459119,6.605457957999533,0.022802666000643512,0.2980863373386738,0.35385132862428526,0.2537545145976958,0.5055605650736399,0.08057873698863255,15553.0,0.6901201602136181,0.09999824379621011,facebook_seed7_original_ilp.json
facebook,original_ilp_gcn,ILP-GCN,original_ilp,8,0.1,0.9415903796835168,0.9379232517373843,0.9450378282153983,0.9158301158301159,7.448631749999549,0.029559333999714,0.9996439697374276,0.9986545576858392,0.9987376681702433,0.0,0.3279000150295154,9.0,0.009167779261237241,0.9000017562037899,facebook_seed8_original_ilp.json
facebook,original_ilp_gcn,ILP-GCN,original_ilp,8,0.2,0.9441399813636855,0.9383246718009997,0.9470404984423676,0.9223674096848578,7.448631749999549,0.028450874999180087,0.9991099243435692,0.9969727547931383,0.9950154766522218,0.0,0.30890540145665496,21.0,0.033422340898976444,0.7999976583949469,facebook_seed8_original_ilp.json
facebook,original_ilp_gcn,ILP-GCN,original_ilp,8,0.3,0.9422522878606543,0.9371067015327792,0.9450378282153983,0.9211935730680949,7.448631749999549,0.02656600000045728,0.9965287049399199,0.9909182643794148,0.9900957551220151,0.0,0.2903471676247139,78.0,0.06889185580774371,0.6999994145987367,facebook_seed8_original_ilp.json
facebook,original_ilp_gcn,ILP-GCN,original_ilp,8,0.4,0.9380520154762023,0.9345867941510453,0.9414775255896751,0.913312693498452,7.448631749999549,0.028915124999912223,0.9889185580774366,0.986209216279852,0.983428262107598,0.0006011421701232341,0.27312138296788213,220.0,0.1116154873164219,0.6000011708025266,facebook_seed8_original_ilp.json
facebook,original_ilp_gcn,ILP-GCN,original_ilp,8,0.5,0.9363573370751765,0.9336453679925442,0.9390298175344904,0.9163468917881811,7.448631749999549,0.026612957999532227,0.968758344459279,0.9804910864446686,0.9421931169002682,0.0006011421701232341,0.25311755846200495,645.0,0.1638629283489096,0.4999970729936835,facebook_seed8_original_ilp.json
facebook,original_ilp_gcn,ILP-GCN,original_ilp,8,0.6,0.9336701300688088,0.9261395081166479,0.9356920338228749,0.9166029074215761,7.448631749999549,0.027982208999674185,0.8965732087227415,0.9650184998318198,0.829168763753396,0.005710850616170725,0.22766146116353692,2050.0,0.22906097018246557,0.3999988291974734,facebook_seed8_original_ilp.json
facebook,original_ilp_gcn,ILP-GCN,original_ilp,8,0.7,0.9242653620637643,0.9223053847189289,0.926791277258567,0.9043611323641928,7.448631749999549,0.027644750000035856,0.7104583889630619,0.8990918264379415,0.6963360770471962,0.03306281935677788,0.19509864631311152,6187.0,0.3246550956831331,0.3000005854012633,facebook_seed8_original_ilp.json
facebook,original_ilp_gcn,ILP-GCN,original_ilp,8,0.8,0.913424037811188,0.9082305882180879,0.9163328882955051,0.892802450229709,7.448631749999549,0.024096166000163066,0.5299065420560748,0.7541204170871174,0.4935914013241655,0.1704238052299369,0.1557547787506346,10308.0,0.4662661326212728,0.20000234160505317,facebook_seed8_original_ilp.json
facebook,original_ilp_gcn,ILP-GCN,original_ilp,8,0.9,0.9058591724108002,0.8947386408497892,0.9092122830440588,0.8829953198127926,7.448631749999549,0.02342095800122479,0.3149532710280374,0.4880591994618231,0.2663127903216969,0.4409377817853922,0.09926856877803047,15034.0,0.6660436137071651,0.09999824379621011,facebook_seed8_original_ilp.json
facebook,original_ilp_gcn,ILP-GCN,original_ilp,9,0.1,0.9412965978110599,0.9382764051645286,0.9441477525589675,0.9196633511859219,7.711999250001099,0.030472959002509015,0.9995549621717846,0.9983181971072991,0.9989318650018223,0.0,0.3338000619860086,11.0,0.010324877614597217,0.9000017562037899,facebook_seed9_original_ilp.json
facebook,original_ilp_gcn,ILP-GCN,original_ilp,9,0.2,0.9408438765017173,0.9389090478398283,0.9437027147307521,0.9188361408882083,7.711999250001099,0.029155584001273382,0.9991099243435692,0.9976454759502187,0.9967632481364322,0.0,0.31083982301304486,21.0,0.03431241655540729,0.7999976583949469,facebook_seed9_original_ilp.json
facebook,original_ilp_gcn,ILP-GCN,original_ilp,9,0.3,0.9391551982909335,0.9378130756501462,0.9421450823319982,0.9159021406727829,7.711999250001099,0.027820208000775892,0.9970182465509568,0.9952909519004373,0.9931382063818552,0.00030057108506161706,0.29205133352979,68.0,0.07165109034267914,0.6999994145987367,facebook_seed9_original_ilp.json
facebook,original_ilp_gcn,ILP-GCN,original_ilp,9,0.4,0.936797674789043,0.9352871642113931,0.9401424121050289,0.9114703618167821,7.711999250001099,0.029646416998730274,0.9917222963951936,0.9899091826437941,0.988445030705939,0.00030057108506161706,0.27671372412271406,169.0,0.11824655095683134,0.6000011708025266,facebook_seed9_original_ilp.json
facebook,original_ilp_gcn,ILP-GCN,original_ilp,9,0.5,0.9328738502641309,0.9291787043293293,0.9352469959946595,0.913937547600914,7.711999250001099,0.02807533300074283,0.9639964396973743,0.9791456441305079,0.981065448410629,0.0006011421701232341,0.25699238677190117,743.0,0.16942590120160217,0.4999970729936835,facebook_seed9_original_ilp.json
facebook,original_ilp_gcn,ILP-GCN,original_ilp,9,0.6,0.929560412290544,0.9279807228519729,0.9316866933689364,0.9114307342922029,7.711999250001099,0.027784500001871493,0.8486426346239431,0.9542549613185335,0.9255243330165703,0.0012022843402464682,0.22903702535927256,3077.0,0.2320872274143302,0.3999988291974734,facebook_seed9_original_ilp.json
facebook,original_ilp_gcn,ILP-GCN,original_ilp,9,0.7,0.9162410226306473,0.9248065468009555,0.9187805963506898,0.8963414634146342,7.711999250001099,0.025695083000755403,0.6915887850467289,0.8768920282542886,0.7559230795770115,0.02675082657048392,0.19642118213260074,6764.0,0.333466844681798,0.3000005854012633,facebook_seed9_original_ilp.json
facebook,original_ilp_gcn,ILP-GCN,original_ilp,9,0.8,0.9071691613625966,0.914255029246745,0.9107699154428126,0.8821233411397346,7.711999250001099,0.02406383300331072,0.5042723631508679,0.7040026908846283,0.5115225159607816,0.18755635707844906,0.1564308303998669,10922.0,0.4877614597240766,0.20000234160505317,facebook_seed9_original_ilp.json
facebook,original_ilp_gcn,ILP-GCN,original_ilp,9,0.9,0.8932974232569459,0.8993122200338477,0.8987538940809969,0.8567026194144838,7.711999250001099,0.021397332999185892,0.3012016021361816,0.35788765556676755,0.2645326184671199,0.48842801322512774,0.08114865457776535,15518.0,0.6884735202492211,0.09999824379621011,facebook_seed9_original_ilp.json
facebook,ptdnet,PTDNet,ptdnet,0,0.1,0.937226091842918,0.934729193423375,0.9394748553627058,0.9206842923794712,5.622234792000086,0.1677676250000104,0.9862928348909658,0.9384460141271443,0.9732974724521612,0.00510970844604749,0.31054462854865156,243.0,0.023141967067200675,0.9000017562037899,facebook_seed0_ptdnet.json
facebook,ptdnet,PTDNet,ptdnet,0,0.2,0.9373387887272713,0.9365996898396259,0.9392523364485982,0.9227202472952086,5.622234792000086,0.24189279100005479,0.9582109479305742,0.882610158089472,0.9461095052498687,0.0063119927862939585,0.27637116913529697,763.0,0.061682242990654224,0.7999976583949469,facebook_seed0_ptdnet.json
facebook,ptdnet,PTDNet,ptdnet,0,0.3,0.9344331649463793,0.9305884905487447,0.936359590565198,0.9198767334360555,5.622234792000086,0.3848251670000309,0.9105919003115265,0.7914564413050791,0.9045506644248039,0.010820559062218215,0.24664619570530683,1649.0,0.10858923008455718,0.6999994145987367,facebook_seed0_ptdnet.json
facebook,ptdnet,PTDNet,ptdnet,0,0.4,0.9270132272394382,0.927510392998859,0.9292389853137517,0.9104938271604939,5.622234792000086,0.381753250000088,0.8483756119270138,0.6915573494786411,0.851372311380059,0.018935978358881875,0.2203212382010756,2850.0,0.1627058299955496,0.6000011708025266,facebook_seed0_ptdnet.json
facebook,ptdnet,PTDNet,ptdnet,0,0.5,0.921540013409704,0.923726536313442,0.9243435692033823,0.9008455034588778,5.622234792000086,0.16201879200002622,0.7724521584334668,0.6030945173225698,0.7925620961765595,0.039374812143071834,0.1920759628165412,4335.0,0.2206497552291945,0.4999970729936835,facebook_seed0_ptdnet.json
facebook,ptdnet,PTDNet,ptdnet,0,0.6,0.914948353284581,0.917752374077394,0.9185580774365821,0.890272373540856,5.622234792000086,0.042938124999977845,0.6706720071206053,0.5169862092162798,0.7220028186195687,0.0703336339044184,0.16402821775108117,6161.0,0.28660436137071654,0.3999988291974734,facebook_seed0_ptdnet.json
facebook,ptdnet,PTDNet,ptdnet,0,0.7,0.9113651827789071,0.9112266989542341,0.9147752558967512,0.8868360277136259,5.622234792000086,0.2679731250000259,0.5730307076101468,0.4117053481331988,0.6324766415273341,0.12984670874661858,0.13271233483157432,8361.0,0.3769470404984424,0.3000005854012633,facebook_seed0_ptdnet.json
facebook,ptdnet,PTDNet,ptdnet,0,0.8,0.9026869285551071,0.9084697157258003,0.9067645749888741,0.8744038155802861,5.622234792000086,0.22247812499995234,0.43333333333333335,0.31146989572822065,0.5292594337658187,0.21941689209498047,0.09993272854824058,11201.0,0.4919003115264797,0.20000234160505317,facebook_seed0_ptdnet.json
facebook,ptdnet,PTDNet,ptdnet,0,0.9,0.8978390149661843,0.9051748557189618,0.9003115264797508,0.8822134387351779,5.622234792000086,0.6437013340000703,0.24873164218958613,0.19609821728893373,0.3841273662126198,0.37902013826269915,0.061028509779886504,15201.0,0.6468624833110814,0.09999824379621011,facebook_seed0_ptdnet.json
facebook,ptdnet,PTDNet,ptdnet,1,0.1,0.9337807318838636,0.9410000256259498,0.9370271473075211,0.9100691775557264,6.867277166999884,0.04229570900042745,0.9935024477080552,0.9613185334678775,0.9926851146732745,0.0,0.3197327052928942,137.0,0.011481975967957303,0.9000017562037899,facebook_seed1_ptdnet.json
facebook,ptdnet,PTDNet,ptdnet,1,0.2,0.9306131537216855,0.9393469681394641,0.933466844681798,0.9096525096525097,6.867277166999884,0.06050950000008015,0.9845126835781042,0.9374369323915237,0.9829103696582842,0.0006011421701232341,0.2864147600469794,274.0,0.030173564753004034,0.7999976583949469,facebook_seed1_ptdnet.json
facebook,ptdnet,PTDNet,ptdnet,1,0.3,0.9266161593822295,0.9378222443358425,0.9299065420560748,0.9028749028749029,6.867277166999884,0.03666454099948169,0.9716510903426792,0.9041372351160444,0.9699636745972976,0.0006011421701232341,0.2586849527647368,511.0,0.059457053849577224,0.6999994145987367,facebook_seed1_ptdnet.json
facebook,ptdnet,PTDNet,ptdnet,1,0.4,0.9267021971167747,0.9366215771696089,0.9299065420560748,0.9031758326878389,6.867277166999884,0.05965204200037988,0.9480195816644414,0.8610830810628994,0.9552368590293892,0.0012022843402464682,0.2336544783662852,965.0,0.09977748108589235,0.6000011708025266,facebook_seed1_ptdnet.json
facebook,ptdnet,PTDNet,ptdnet,1,0.5,0.9272529467011704,0.9339190096241438,0.9312416555407209,0.8985282726568552,6.867277166999884,0.23400929200033715,0.9117489986648866,0.8025563403969055,0.9341337943467768,0.0018034265103697023,0.206829207769648,1691.0,0.14948820649755223,0.4999970729936835,facebook_seed1_ptdnet.json
facebook,ptdnet,PTDNet,ptdnet,1,0.6,0.9252332361827705,0.9246670973583052,0.9279038718291055,0.9053435114503817,6.867277166999884,0.36529054200036626,0.8500222518914108,0.7366296670030272,0.9053599034691413,0.008115419296663661,0.18144759806650204,2814.0,0.21789052069425907,0.3999988291974734,facebook_seed1_ptdnet.json
facebook,ptdnet,PTDNet,ptdnet,1,0.7,0.913601354103445,0.9215158013929357,0.9163328882955051,0.8931297709923665,6.867277166999884,0.1748991250005929,0.7490431686693368,0.6606121762529431,0.8690768288147296,0.015329125338142471,0.1542047683842637,4740.0,0.3090342679127726,0.3000005854012633,facebook_seed1_ptdnet.json
facebook,ptdnet,PTDNet,ptdnet,1,0.8,0.9121369129384025,0.917768174840786,0.9147752558967512,0.8926123381568926,6.867277166999884,0.024186916999497043,0.5773920783266577,0.5354860410359906,0.8204945016824563,0.03366396152690111,0.1202598184035516,8145.0,0.43471295060080106,0.20000234160505317,facebook_seed1_ptdnet.json
facebook,ptdnet,PTDNet,ptdnet,1,0.9,0.9032997938069406,0.9091625787111101,0.9058744993324432,0.8852963818321786,6.867277166999884,0.19867983299991465,0.22113929684023143,0.34611503531786075,0.7162415603699683,0.1036970243462579,0.07335218930752183,15079.0,0.6623052959501557,0.09999824379621011,facebook_seed1_ptdnet.json
facebook,ptdnet,PTDNet,ptdnet,2,0.1,0.9333779601912335,0.9377175033139435,0.9368046283934134,0.9066059225512528,3.319251124999937,0.028863083998658112,0.9809523809523809,0.9384460141271443,0.9666946774831671,0.005710850616170725,0.31685116907710253,345.0,0.029906542056074792,0.9000017562037899,facebook_seed2_ptdnet.json
facebook,ptdnet,PTDNet,ptdnet,2,0.2,0.9302424295597106,0.9349188105351651,0.933466844681798,0.9052312357846853,3.319251124999937,0.029510541999115958,0.9343124165554072,0.8425832492431887,0.9234204141966033,0.008716561466786895,0.2819644227590483,1234.0,0.07133956386292833,0.7999976583949469,facebook_seed2_ptdnet.json
facebook,ptdnet,PTDNet,ptdnet,2,0.3,0.9256117119570058,0.9325249237494261,0.929016466399644,0.8987915407854985,3.319251124999937,0.03877825000017765,0.8812639074321317,0.7514295324587958,0.8580722047648426,0.020138262699128343,0.24975824496484622,2256.0,0.11953716065865594,0.6999994145987367,facebook_seed2_ptdnet.json
facebook,ptdnet,PTDNet,ptdnet,2,0.4,0.9226839387070221,0.9260836096416705,0.9261237205162439,0.8957703927492447,3.319251124999937,0.02843724999911501,0.8093012906097018,0.649848637739657,0.7747928293488109,0.042981665163811245,0.21841045790726663,3637.0,0.17138406764574987,0.6000011708025266,facebook_seed2_ptdnet.json
facebook,ptdnet,PTDNet,ptdnet,2,0.5,0.9166122527269491,0.9218054681605188,0.9207832665776591,0.885145482388974,3.319251124999937,0.02440874999956577,0.7204717400979084,0.536158762193071,0.6801203848720792,0.0844604749023144,0.18800118662706058,5241.0,0.23520249221183803,0.4999970729936835,facebook_seed2_ptdnet.json
facebook,ptdnet,PTDNet,ptdnet,2,0.6,0.9100483710499561,0.9191572655819027,0.9138851802403204,0.8803680981595092,3.319251124999937,0.022579833001145744,0.6439252336448598,0.4453414059872183,0.5873575596884254,0.16321009918845808,0.1567650493823036,6944.0,0.308900756564308,0.3999988291974734,facebook_seed2_ptdnet.json
facebook,ptdnet,PTDNet,ptdnet,2,0.7,0.9044163086773346,0.9095603701862496,0.9092122830440588,0.8678380443086325,3.319251124999937,0.021644750000632484,0.5387182910547397,0.3562058526740666,0.505825955756604,0.246468289750526,0.12478204192300696,9073.0,0.39902091677792617,0.3000005854012633,facebook_seed2_ptdnet.json
facebook,ptdnet,PTDNet,ptdnet,2,0.8,0.9038104476903829,0.9042272593967334,0.9080996884735203,0.8720306513409962,3.319251124999937,0.020556540999677964,0.4217178460169114,0.2694248234106963,0.40361210684952253,0.3537721671175233,0.0932871829813103,11673.0,0.5032487761459724,0.20000234160505317,facebook_seed2_ptdnet.json
facebook,ptdnet,PTDNet,ptdnet,2,0.9,0.900610168558213,0.9023032367275416,0.9052069425901201,0.8675445391169636,3.319251124999937,0.020204291000482044,0.24931019136626614,0.17995290951900436,0.26226695453359555,0.49263600841599037,0.058452877919920855,15083.0,0.6429016466399644,0.09999824379621011,facebook_seed2_ptdnet.json
facebook,ptdnet,PTDNet,ptdnet,3,0.1,0.9361756084777805,0.9342887789807924,0.9388072986203827,0.9163468917881811,4.092488457999934,0.03244145800090337,0.9670672007120605,0.9112008072653885,0.9592827461651456,0.006011421701232342,0.297949321523309,626.0,0.043079661771250555,0.9000017562037899,facebook_seed3_ptdnet.json
facebook,ptdnet,PTDNet,ptdnet,3,0.2,0.9291147746786829,0.9313153074114604,0.9323542501112595,0.9058913542463657,4.092488457999934,0.027326792000167188,0.9052069425901201,0.7975109317188026,0.8779452877172481,0.01142170123234145,0.2633595338628068,1868.0,0.108411214953271,0.7999976583949469,facebook_seed3_ptdnet.json
facebook,ptdnet,PTDNet,ptdnet,3,0.3,0.9228842932438385,0.9257418630959925,0.9263462394303515,0.89745566692367,4.092488457999934,0.026393459000246366,0.824076546506453,0.6777665657584931,0.7552433393188301,0.0351668169522092,0.2330736797532989,3493.0,0.1773475745438362,0.6999994145987367,facebook_seed3_ptdnet.json
facebook,ptdnet,PTDNet,ptdnet,3,0.4,0.9162020349390217,0.9211719801491847,0.920115709835336,0.8883720930232558,4.092488457999934,0.02609149999989313,0.7171339563862928,0.5576858392196434,0.6211807222300787,0.0934776074541629,0.20516367322906615,5556.0,0.2551846906987094,0.6000011708025266,facebook_seed3_ptdnet.json
facebook,ptdnet,PTDNet,ptdnet,3,0.5,0.9106377526097058,0.9192957128024636,0.914997774810859,0.880123743232792,4.092488457999934,0.02418516599936993,0.5950155763239875,0.44870501177262023,0.4988024181017406,0.21190261496844004,0.17395258416304357,7955.0,0.35006675567423234,0.4999970729936835,facebook_seed3_ptdnet.json
facebook,ptdnet,PTDNet,ptdnet,3,0.6,0.9088112559666883,0.9080087221055749,0.9125500667556742,0.8821705426356589,4.092488457999934,0.023499333001382183,0.4842011570983534,0.3481331987891019,0.3728314212415369,0.3465584610760445,0.14095008502087775,10454.0,0.44534935469514914,0.3999988291974734,facebook_seed3_ptdnet.json
facebook,ptdnet,PTDNet,ptdnet,3,0.7,0.9035663653609063,0.9031653892969452,0.9067645749888741,0.8824451410658307,4.092488457999934,0.021582708001005813,0.3806408544726302,0.2542885973763875,0.23394612969071324,0.48391944694920347,0.10950989661643094,12868.0,0.5532710280373832,0.3000005854012633,facebook_seed3_ptdnet.json
facebook,ptdnet,PTDNet,ptdnet,3,0.8,0.8970163400897031,0.9018589078893925,0.9018691588785047,0.865814696485623,4.092488457999934,0.021828749999258434,0.28264352469959947,0.17356205852674067,0.16717374169716695,0.6158701532912534,0.07828891098919473,15116.0,0.658032932799288,0.20000234160505317,facebook_seed3_ptdnet.json
facebook,ptdnet,PTDNet,ptdnet,3,0.9,0.8976380080839402,0.8989714501169658,0.9014241210502892,0.8727556596409055,4.092488457999934,0.020041249999849242,0.18375611927013796,0.10427177934746047,0.10328197640996398,0.7457168620378719,0.046746827900870584,17451.0,0.7656875834445928,0.09999824379621011,facebook_seed3_ptdnet.json
facebook,ptdnet,PTDNet,ptdnet,4,0.1,0.9320546430263088,0.94485912720449,0.9341344014241211,0.9165402124430956,4.657515124999918,0.029630792003445094,0.9809078771695594,0.9418096199125463,0.967018373100902,0.005710850616170725,0.3029444524712783,361.0,0.03582554517133962,0.9000017562037899,facebook_seed4_ptdnet.json
facebook,ptdnet,PTDNet,ptdnet,4,0.2,0.9296052509467085,0.9387886634066024,0.9321317311971518,0.9115853658536586,4.657515124999918,0.03377362500032177,0.9329327992879395,0.8654557685839219,0.8915717230364161,0.007514277126540427,0.2664421937658378,1305.0,0.08918558077436578,0.7999976583949469,facebook_seed4_ptdnet.json
facebook,ptdnet,PTDNet,ptdnet,4,0.3,0.9267323645372432,0.9361231237189419,0.9287939474855362,0.9119878603945372,4.657515124999918,0.03087624999898253,0.8636404094348019,0.7527749747729566,0.7494820810692296,0.024346257889990983,0.23645039071929586,2654.0,0.1517578994214508,0.6999994145987367,facebook_seed4_ptdnet.json
facebook,ptdnet,PTDNet,ptdnet,4,0.4,0.9135526072134689,0.9312364831412786,0.9170004450378282,0.8907435508345979,4.657515124999918,0.03470699999888893,0.7727191811303961,0.6458123107971746,0.561431871891396,0.08566275924256087,0.20870165600224902,4452.0,0.22109479305740987,0.6000011708025266,facebook_seed4_ptdnet.json
facebook,ptdnet,PTDNet,ptdnet,4,0.5,0.909354385940173,0.9225711300815119,0.9127725856697819,0.8858447488584474,4.657515124999918,0.027189583001018036,0.6583889630618602,0.531113353514968,0.37875450162617724,0.19597234746017433,0.17732139029053218,6792.0,0.31535380507343125,0.4999970729936835,facebook_seed4_ptdnet.json
facebook,ptdnet,PTDNet,ptdnet,4,0.6,0.903034855944866,0.9153475139792053,0.9072096128170895,0.8756674294431731,4.657515124999918,0.026551082999503706,0.5067645749888741,0.40766902119071646,0.2682871333340254,0.3654944394349264,0.1449293504459556,9687.0,0.4248776145972408,0.3999988291974734,facebook_seed4_ptdnet.json
facebook,ptdnet,PTDNet,ptdnet,4,0.7,0.903281963060654,0.9130545940858321,0.9078771695594126,0.8730407523510971,4.657515124999918,0.024623249999422114,0.3822429906542056,0.3003699966363942,0.1863671614128737,0.5244965434325218,0.10861857666628906,12347.0,0.5219848687138406,0.3000005854012633,facebook_seed4_ptdnet.json
facebook,ptdnet,PTDNet,ptdnet,4,0.8,0.8955622414078531,0.9078219205534565,0.9005340453938585,0.8619631901840491,4.657515124999918,0.022023917001206428,0.285491766800178,0.2058526740665994,0.1225725009599171,0.6579501051998797,0.07497217280686674,14695.0,0.6315531820204717,0.20000234160505317,facebook_seed4_ptdnet.json
facebook,ptdnet,PTDNet,ptdnet,4,0.9,0.8902303085691292,0.9023952067056491,0.894971072541166,0.8575875486381322,4.657515124999918,0.022534750001796056,0.1919448153093013,0.11133535149680457,0.06725789290940741,0.7917042380522994,0.044933697217507944,17275.0,0.7547396528704939,0.09999824379621011,facebook_seed4_ptdnet.json
facebook,ptdnet,PTDNet,ptdnet,5,0.1,0.9415300047055907,0.939324265373601,0.9439252336448598,0.9235474006116208,6.179292042000043,0.09422299999994266,0.9842011570983533,0.9455095862764884,0.8984657619051236,0.0063119927862939585,0.3046008858890512,263.0,0.024966622162883867,0.9000017562037899,facebook_seed5_ptdnet.json
facebook,ptdnet,PTDNet,ptdnet,5,0.2,0.9394437893225901,0.935253078213873,0.9421450823319982,0.9188361408882083,6.179292042000043,0.38642704199992295,0.9546951490876725,0.8721829801547258,0.7401928794808418,0.025849113315299068,0.27102261049328014,836.0,0.06831330663106372,0.7999976583949469,facebook_seed5_ptdnet.json
facebook,ptdnet,PTDNet,ptdnet,5,0.3,0.9355610290293865,0.9351816447153932,0.9385847797062751,0.9124423963133641,6.179292042000043,0.2974704160000101,0.9017356475300401,0.7901109989909183,0.5822112409562733,0.07183648932972649,0.24161151889515112,1830.0,0.12487761459724073,0.6999994145987367,facebook_seed5_ptdnet.json
facebook,ptdnet,PTDNet,ptdnet,5,0.4,0.9285871231550034,0.9299034410603271,0.931909212283044,0.9040675364543361,6.179292042000043,0.3242744579999908,0.8310636404094348,0.6838210561722167,0.4228702502844797,0.15389239555154793,0.21338606757440565,3249.0,0.1848687138406765,0.6000011708025266,facebook_seed5_ptdnet.json
facebook,ptdnet,PTDNet,ptdnet,5,0.5,0.9254162325596785,0.924800476031538,0.9292389853137517,0.8980544747081712,6.179292042000043,0.11584020800000872,0.7336448598130841,0.5711402623612513,0.3311755333483377,0.2693116922152089,0.18303935753927117,5098.0,0.25469514908767243,0.4999970729936835,facebook_seed5_ptdnet.json
facebook,ptdnet,PTDNet,ptdnet,5,0.6,0.9146233762851439,0.9143503300618269,0.9198931909212283,0.8766485647788984,6.179292042000043,0.22843375000002197,0.6145972407654651,0.46451395896400943,0.25262168263093365,0.40066125638713557,0.1532389346504264,7398.0,0.3359590565198042,0.3999988291974734,facebook_seed5_ptdnet.json
facebook,ptdnet,PTDNet,ptdnet,5,0.7,0.9105063305516987,0.9065689295115853,0.9158878504672897,0.8742038216560509,6.179292042000043,0.20309033299997736,0.49078771695594126,0.35889673730238814,0.1811237571018459,0.5220919747520288,0.11961058373160567,9941.0,0.4343569203382288,0.3000005854012633,facebook_seed5_ptdnet.json
facebook,ptdnet,PTDNet,ptdnet,5,0.8,0.9105569179249096,0.9025861284680754,0.9163328882955051,0.8703125,6.179292042000043,0.280314374999989,0.3554072096128171,0.2697611839892365,0.11872086200339464,0.6375112714156899,0.08542950460086722,12704.0,0.5416555407209613,0.20000234160505317,facebook_seed5_ptdnet.json
facebook,ptdnet,PTDNet,ptdnet,5,0.9,0.9037366713567175,0.8989369863119137,0.9087672452158434,0.8697711128650355,6.179292042000043,0.8436597909999364,0.21753449043168668,0.15607130844265052,0.06476566386622197,0.7664562669071235,0.04708449788494883,15990.0,0.6820649755229194,0.09999824379621011,facebook_seed5_ptdnet.json
facebook,ptdnet,PTDNet,ptdnet,6,0.1,0.9409571473954739,0.9325522543340025,0.9428126390743213,0.9257842387146136,7.5280988329996035,0.05095566699947085,0.9932799287939474,0.9599730911537168,0.9947889307979314,0.0,0.31994756742224045,142.0,0.010769915442812694,0.9000017562037899,facebook_seed6_ptdnet.json
facebook,ptdnet,PTDNet,ptdnet,6,0.2,0.9398951499355677,0.9341340856544161,0.9414775255896751,0.9270516717325228,7.5280988329996035,0.0654696250003326,0.9877614597240766,0.9438277833837874,0.9872151516710425,0.00030057108506161706,0.2885028731961427,238.0,0.030040053404539413,0.7999976583949469,facebook_seed6_ptdnet.json
facebook,ptdnet,PTDNet,ptdnet,6,0.3,0.9360842208405995,0.9309897316587457,0.937917222963952,0.9216730038022813,7.5280988329996035,0.03607150000061665,0.9746328437917223,0.9165825765220316,0.9765017715208688,0.0009017132551848512,0.26312964554248175,472.0,0.05580774365821095,0.6999994145987367,facebook_seed6_ptdnet.json
facebook,ptdnet,PTDNet,ptdnet,6,0.4,0.9371689794428826,0.9312711491871422,0.9385847797062751,0.9255079006772009,7.5280988329996035,0.23185887500039826,0.9550956831330664,0.87924655230407,0.9619691527845393,0.0009017132551848512,0.23793662780832953,866.0,0.09149977748108595,0.6000011708025266,facebook_seed6_ptdnet.json
facebook,ptdnet,PTDNet,ptdnet,6,0.5,0.9326068811195029,0.9294253412191658,0.9336893635959056,0.9240030097817908,7.5280988329996035,0.22622170799968444,0.9217623497997329,0.8358560376723848,0.9452032191373969,0.0012022843402464682,0.21495221057072045,1494.0,0.1409879839786382,0.4999970729936835,facebook_seed6_ptdnet.json
facebook,ptdnet,PTDNet,ptdnet,6,0.6,0.9282340855524781,0.923524309398964,0.9292389853137517,0.9195751138088012,7.5280988329996035,0.23290795800039632,0.8699154428126391,0.7837201479986545,0.9230968212741785,0.002705139765554554,0.18864753173399684,2467.0,0.20712060525144638,0.3999988291974734,facebook_seed6_ptdnet.json
facebook,ptdnet,PTDNet,ptdnet,6,0.7,0.9225089906434059,0.916449866197947,0.9225634178905207,0.9108416547788873,7.5280988329996035,0.10955083299995749,0.7778816199376947,0.7184661957618567,0.8945493735555231,0.008415990381725278,0.16260991718589873,4314.0,0.29452603471295064,0.3000005854012633,facebook_seed6_ptdnet.json
facebook,ptdnet,PTDNet,ptdnet,6,0.8,0.918240855947753,0.9116085053543883,0.9192256341789052,0.9093655589123867,7.5280988329996035,0.036926208000295446,0.6108144192256342,0.6104944500504541,0.8488800502445891,0.027351968740607153,0.12788418153049338,7591.0,0.4299955496217178,0.20000234160505317,facebook_seed6_ptdnet.json
facebook,ptdnet,PTDNet,ptdnet,6,0.9,0.9059987569187262,0.9034337930303713,0.9078771695594126,0.89209726443769,7.5280988329996035,0.241794542000207,0.2266132621272808,0.37436932391523714,0.7407107205825005,0.10790501953712053,0.0749351810182825,15621.0,0.6762349799732977,0.09999824379621011,facebook_seed6_ptdnet.json
facebook,ptdnet,PTDNet,ptdnet,7,0.1,0.9443238675816108,0.9335278857094972,0.9463729417000445,0.9277566539923955,3.275633958000981,0.028389166998749715,0.9824210057854917,0.9411368987554659,0.9463684001268705,0.006011421701232342,0.30502433089139397,314.0,0.030574098798397842,0.9000017562037899,facebook_seed7_ptdnet.json
facebook,ptdnet,PTDNet,ptdnet,7,0.2,0.9385888281887749,0.9337046675127467,0.9419225634178905,0.9129770992366413,3.275633958000981,0.02683904200057441,0.9450823319982199,0.8718466195761857,0.8627977294634703,0.009317703636910129,0.2714635347016817,1034.0,0.07004895416110374,0.7999976583949469,facebook_seed7_ptdnet.json
facebook,ptdnet,PTDNet,ptdnet,7,0.3,0.9339698374055546,0.9270867271933146,0.9368046283934134,0.9115853658536586,3.275633958000981,0.026202916998954606,0.8936359590565198,0.7658930373360242,0.737506421513793,0.029155395250976854,0.24503314330996456,2051.0,0.12710280373831773,0.6999994145987367,facebook_seed7_ptdnet.json
facebook,ptdnet,PTDNet,ptdnet,7,0.4,0.9262836519628299,0.9216520498258697,0.9301290609701824,0.8969230769230769,3.275633958000981,0.02677308400052425,0.820694259012016,0.6713757147662294,0.5944458467363669,0.07183648932972649,0.21659521144748725,3402.0,0.18455718736092563,0.6000011708025266,facebook_seed7_ptdnet.json
facebook,ptdnet,PTDNet,ptdnet,7,0.5,0.9234067837131817,0.9189893565962285,0.926791277258567,0.897138437741686,3.275633958000981,0.024572874999648775,0.7231419670672007,0.5647494113689876,0.47022267270802887,0.16621581003907424,0.18917982818067072,5223.0,0.2520694259012016,0.4999970729936835,facebook_seed7_ptdnet.json
facebook,ptdnet,PTDNet,ptdnet,7,0.6,0.9171561339095252,0.9098192431507693,0.9214508233199822,0.8847352024922118,3.275633958000981,0.0283747499997844,0.6120160213618158,0.4678775647494114,0.3354155659680181,0.281033964532612,0.15702238996252935,7332.0,0.3302180685358256,0.3999988291974734,facebook_seed7_ptdnet.json
facebook,ptdnet,PTDNet,ptdnet,7,0.7,0.9098463591041814,0.9084069448781704,0.9147752558967512,0.8744113029827315,3.275633958000981,0.023330916999839246,0.5021806853582554,0.37403296333669694,0.26320558966877877,0.4132852419597235,0.12441086980504927,9708.0,0.42305295950155763,0.3000005854012633,facebook_seed7_ptdnet.json
facebook,ptdnet,PTDNet,ptdnet,7,0.8,0.9040180561672524,0.9022797390310877,0.9094348019581664,0.8663522012578616,3.275633958000981,0.02462329100126226,0.3692923898531375,0.274133871510259,0.1978249541928241,0.5386233844304178,0.08988662723952423,12544.0,0.5352914997774811,0.20000234160505317,facebook_seed7_ptdnet.json
facebook,ptdnet,PTDNet,ptdnet,7,0.9,0.9034884842183766,0.899307232561541,0.9085447263017357,0.8686708860759493,3.275633958000981,0.021988541999235167,0.21237205162438808,0.1718802556340397,0.13490419231888648,0.6462278328824768,0.05162090171180834,15772.0,0.6734312416555407,0.09999824379621011,facebook_seed7_ptdnet.json
facebook,ptdnet,PTDNet,ptdnet,8,0.1,0.9452110138396406,0.9350337130022648,0.9483756119270138,0.9224865694551037,4.596757249999428,0.03545200000007753,0.9799287939474856,0.9340733266061217,0.9365289570664572,0.0063119927862939585,0.30939577076321517,357.0,0.030618602581219456,0.9000017562037899,facebook_seed8_ptdnet.json
facebook,ptdnet,PTDNet,ptdnet,8,0.2,0.9414429898736355,0.9321040468694851,0.9450378282153983,0.9157733537519143,4.596757249999428,0.03194000000075903,0.9347129506008011,0.8419105280861083,0.8374870325315443,0.014427412082957619,0.2737871044009451,1205.0,0.07481085892300843,0.7999976583949469,facebook_seed8_ptdnet.json
facebook,ptdnet,PTDNet,ptdnet,8,0.3,0.9326004139946146,0.9257612547554332,0.9370271473075211,0.9011320754716982,4.596757249999428,0.032572625001193956,0.8805963506898087,0.7460477632021527,0.7090561749062373,0.04177938082356477,0.24665180284997715,2269.0,0.12656875834445924,0.6999994145987367,facebook_seed8_ptdnet.json
facebook,ptdnet,PTDNet,ptdnet,8,0.4,0.9252787308730255,0.9225936632234835,0.9301290609701824,0.8911042944785276,4.596757249999428,0.025675917000626214,0.8010680907877169,0.6347124117053481,0.5704297782324155,0.10850616170724377,0.2161692457925728,3721.0,0.18513573653760568,0.6000011708025266,facebook_seed8_ptdnet.json
facebook,ptdnet,PTDNet,ptdnet,8,0.5,0.9188596218697711,0.9177656024110541,0.9238985313751669,0.8821292775665399,4.596757249999428,0.026003834000221104,0.7124165554072096,0.5327951564076691,0.4607392229404069,0.1989780583107905,0.1862229966276605,5416.0,0.2489541611036938,0.4999970729936835,facebook_seed8_ptdnet.json
facebook,ptdnet,PTDNet,ptdnet,8,0.6,0.9124994973309208,0.9099838596766731,0.9170004450378282,0.8813033359193173,4.596757249999428,0.024778584000159753,0.6148642634623943,0.4453414059872183,0.3423096561843807,0.31229335737902014,0.1568816977040114,7308.0,0.32438807298620387,0.3999988291974734,facebook_seed8_ptdnet.json
facebook,ptdnet,PTDNet,ptdnet,8,0.7,0.9132056648807337,0.9052410880359184,0.9174454828660437,0.8823529411764706,4.596757249999428,0.025367415999426157,0.5188251001335114,0.3420787083753784,0.2751164998311375,0.4349263600841599,0.1240211362838505,9497.0,0.4107699154428126,0.3000005854012633,facebook_seed8_ptdnet.json
facebook,ptdnet,PTDNet,ptdnet,8,0.8,0.9071926031269645,0.9035165144197357,0.9109924343569203,0.8795088257866462,4.596757249999428,0.024379874999794993,0.4017801513128616,0.2542885973763875,0.21718019604357078,0.5371205290051098,0.09277265846150837,12104.0,0.5137961726746774,0.20000234160505317,facebook_seed8_ptdnet.json
facebook,ptdnet,PTDNet,ptdnet,8,0.9,0.9140048200514919,0.8977167724653646,0.9183355585224744,0.8829953198127926,4.596757249999428,0.023122291000618134,0.25291499777481086,0.16313488059199463,0.15069911613430667,0.6429215509467989,0.05151475723610254,15389.0,0.6578994214508234,0.09999824379621011,facebook_seed8_ptdnet.json
facebook,ptdnet,PTDNet,ptdnet,9,0.1,0.9412990912932404,0.9383436777065524,0.9441477525589675,0.9197860962566845,4.719508834001317,0.03139883399853716,0.9923898531375167,0.9609821728893374,0.9769548632294497,0.003907424105801022,0.32927580289129915,147.0,0.01468624833110821,0.9000017562037899,facebook_seed9_ptdnet.json
facebook,ptdnet,PTDNet,ptdnet,9,0.2,0.9395441489002924,0.9373231277516664,0.9421450823319982,0.92003046458492,4.719508834001317,0.027627958002995,0.9720071206052514,0.9091826437941474,0.9548161163435198,0.0066125638713555755,0.2963190836311214,507.0,0.04521584334668444,0.7999976583949469,facebook_seed9_ptdnet.json
facebook,ptdnet,PTDNet,ptdnet,9,0.3,0.938162737838711,0.9370670468897992,0.9403649310191367,0.921092564491654,4.719508834001317,0.02601591699931305,0.9325767690253671,0.8348469559367642,0.9168500709456306,0.009017132551848512,0.26627681787015844,1267.0,0.08914107699154433,0.6999994145987367,facebook_seed9_ptdnet.json
facebook,ptdnet,PTDNet,ptdnet,9,0.4,0.9321906351173437,0.9317384368951398,0.9352469959946595,0.9083910700538876,4.719508834001317,0.025555832999089034,0.8718736092567868,0.7416750756811302,0.864416104856835,0.016831980763450556,0.23467960496607984,2394.0,0.14147752558967508,0.6000011708025266,facebook_seed9_ptdnet.json
facebook,ptdnet,PTDNet,ptdnet,9,0.5,0.9241195356667984,0.9283794872792422,0.926791277258567,0.90187265917603,4.719508834001317,0.02369479199842317,0.7907877169559413,0.6474941136898755,0.8046025051250743,0.03606853020739405,0.2039840618100427,3890.0,0.2065865598575879,0.4999970729936835,facebook_seed9_ptdnet.json
facebook,ptdnet,PTDNet,ptdnet,9,0.6,0.9161472127699299,0.9188961711171468,0.9198931909212283,0.8871951219512195,4.719508834001317,0.024617499999294523,0.6857587894971072,0.5502859064917591,0.7332340398714011,0.0793507664562669,0.1711852717892443,5856.0,0.27716955941255006,0.3999988291974734,facebook_seed9_ptdnet.json
facebook,ptdnet,PTDNet,ptdnet,9,0.7,0.9165387981535152,0.9174431904256931,0.9207832665776591,0.8832565284178188,4.719508834001317,0.023816834000172094,0.5878059635068981,0.44635048772283886,0.645585184397188,0.12623985572587917,0.13807774727304745,7953.0,0.3582554517133957,0.3000005854012633,facebook_seed9_ptdnet.json
facebook,ptdnet,PTDNet,ptdnet,9,0.8,0.9059632590484382,0.9102458630326993,0.9107699154428126,0.8695652173913043,4.719508834001317,0.021588167001027614,0.434623943035158,0.3440968718466196,0.542853417366965,0.21731289449954913,0.10314950075396662,10859.0,0.4807298620382733,0.20000234160505317,facebook_seed9_ptdnet.json
facebook,ptdnet,PTDNet,ptdnet,9,0.9,0.9020683902464997,0.90600364473895,0.9078771695594126,0.860015467904099,4.719508834001317,0.020383750001201406,0.2230084557187361,0.21594349142280525,0.3946788985539259,0.35317102494740005,0.060107801616952124,15388.0,0.6521584334668447,0.09999824379621011,facebook_seed9_ptdnet.json
facebook,random,Random,random,0,0.1,0.9349586057200187,0.9362447703202016,0.936359590565198,0.9235474006116208,0.003786582999999233,0.19025208299999985,0.9835336003560302,0.9048099562731248,0.8994367460630183,0.018635407273820258,0.31668863916339296,310.0,0.03097463284379176,0.9000017562037899,facebook_seed0_random.json
facebook,random,Random,random,0,0.2,0.9317524011122731,0.9291559688659247,0.9339118825100133,0.9144634525660964,0.003786582999999233,0.3991992499999988,0.9644414775255897,0.8079381096535486,0.79984458005608,0.0405770964833183,0.27414657717664404,678.0,0.06755674232309744,0.7999976583949469,facebook_seed0_random.json
facebook,random,Random,random,0,0.3,0.9298520399154546,0.927912299329442,0.9321317311971518,0.9120622568093385,0.003786582999999233,0.6109032079999963,0.9413440142412105,0.7130844265052136,0.6999287697790617,0.06251878569281635,0.23101259493967907,1132.0,0.10582999554962169,0.6999994145987367,facebook_seed0_random.json
facebook,random,Random,random,0,0.4,0.9219218300664305,0.9208983910230594,0.9250111259457053,0.8978955572876072,0.003786582999999233,0.11591891599999826,0.9097018246550956,0.6152034981500168,0.5990742730192052,0.09768560264502554,0.18650142968239197,1750.0,0.14944370271473073,0.6000011708025266,facebook_seed0_random.json
facebook,random,Random,random,0,0.5,0.9190966904847966,0.9158461523918572,0.9225634178905207,0.8932496075353218,0.003786582999999233,0.10719287500000974,0.8698709390298175,0.5109317188025564,0.4966015035612942,0.14337240757439135,0.14435892641974288,2523.0,0.20525144637294168,0.4999970729936835,facebook_seed0_random.json
facebook,random,Random,random,0,0.6,0.9113741762441615,0.9065276496646976,0.9152202937249666,0.8836104513064132,0.003786582999999233,0.05260091600000294,0.8130841121495327,0.4150689539186007,0.3963943466892525,0.19837691614066727,0.1054259081676475,3564.0,0.2639964396973743,0.3999988291974734,facebook_seed0_random.json
facebook,random,Random,random,0,0.7,0.9010926489914071,0.9038514502882906,0.9067645749888741,0.8616852146263911,0.003786582999999233,0.2213551249999881,0.7339563862928349,0.31853346787756476,0.2969640028173541,0.27141568981064024,0.06895030159833929,5063.0,0.3387627948375612,0.3000005854012633,facebook_seed0_random.json
facebook,random,Random,random,0,0.8,0.892677545736211,0.8992864234797289,0.8985313751668892,0.8508977361436377,0.003786582999999233,0.5534096250000005,0.6129951045838896,0.20820719811638075,0.19653028725410818,0.3823264201983769,0.03606446790146382,7328.0,0.4426346239430351,0.20000234160505317,facebook_seed0_random.json
facebook,random,Random,random,0,0.9,0.8853448554517895,0.8959937109780529,0.8918558077436582,0.84185303514377,0.003786582999999233,0.31559641699999474,0.40431686693368935,0.11066263033972419,0.0992685088999447,0.5548542230237451,0.011314359882335357,11464.0,0.5914552736982643,0.09999824379621011,facebook_seed0_random.json
facebook,random,Random,random,1,0.1,0.930038391795548,0.9371441723592027,0.9327992879394749,0.9095127610208816,0.006210125000507105,0.039717832999485836,0.9821984868713841,0.8964009418096199,0.8980450192192543,0.014727983168019236,0.31351053751268626,337.0,0.032176234979973295,0.9000017562037899,facebook_seed1_random.json
facebook,random,Random,random,1,0.2,0.928508143232808,0.9331061383863957,0.9323542501112595,0.9013209013209014,0.006210125000507105,0.16540162499950384,0.9587449933244325,0.7867473932055163,0.7993914883474992,0.03186053501653141,0.27065389946616947,768.0,0.06675567423230971,0.7999976583949469,facebook_seed1_random.json
facebook,random,Random,random,1,0.3,0.9244907189920741,0.9257042316357157,0.9283489096573209,0.8963367108339828,0.006210125000507105,0.03310991600028501,0.9356030262572319,0.6962663975782039,0.7000906175879292,0.05831079050195371,0.22734002473333437,1220.0,0.10587449933244325,0.6999994145987367,facebook_seed1_random.json
facebook,random,Random,random,1,0.4,0.9174891163585359,0.9228408340106578,0.9214508233199822,0.8888888888888888,0.006210125000507105,0.20258716700027435,0.9037383177570093,0.5906491759165826,0.6033467060092521,0.09287646528403967,0.18637787075852758,1835.0,0.15037828215398308,0.6000011708025266,facebook_seed1_random.json
facebook,random,Random,random,1,0.5,0.91258789026337,0.9158812926720813,0.917890520694259,0.8746081504702194,0.006210125000507105,0.302514417000566,0.8630173564753004,0.496468213925328,0.5024922092493955,0.12263300270513977,0.1444305911483561,2600.0,0.2014686248331108,0.4999970729936835,facebook_seed1_random.json
facebook,random,Random,random,1,0.6,0.9085068264177311,0.911364609777736,0.9145527369826435,0.8666666666666667,0.006210125000507105,0.0570390419998148,0.8069425901201602,0.39455095862764883,0.4057482976707184,0.17583408476104598,0.1056715448772541,3672.0,0.2621272808188696,0.3999988291974734,facebook_seed1_random.json
facebook,random,Random,random,1,0.7,0.8924034695637393,0.9039492121662056,0.8991989319092123,0.8469468675654243,0.006210125000507105,0.025900250000631786,0.7285714285714285,0.2949882273797511,0.3052174965285968,0.24256086564472498,0.0721763903369135,5123.0,0.33631508678237654,0.3000005854012633,facebook_seed1_random.json
facebook,random,Random,random,1,0.8,0.8889517236213947,0.8965477853635845,0.8945260347129506,0.8512330946698489,0.006210125000507105,0.06446575000063604,0.608322207387628,0.20047090480995627,0.2055929429882057,0.345356176735798,0.03767112329956638,7341.0,0.43920783266577657,0.20000234160505317,facebook_seed1_random.json
facebook,random,Random,random,1,0.9,0.8857534101011824,0.8894947090481728,0.8916332888295505,0.8466453674121406,0.006210125000507105,0.2089879999994082,0.40026702269692926,0.1029263370332997,0.10169600780542279,0.529005109708446,0.011733470430948743,11415.0,0.5913217623497997,0.09999824379621011,facebook_seed1_random.json
facebook,random,Random,random,2,0.1,0.929173918747886,0.9350898199603285,0.9327992879394749,0.9009146341463414,0.0017407079994882224,0.03338966699993762,0.9838006230529595,0.9075008409014463,0.8991131531405935,0.019837691614066726,0.3162849801013204,304.0,0.031953716065865556,0.9000017562037899,facebook_seed2_random.json
facebook,random,Random,random,2,0.2,0.9259527649264931,0.9309039282051064,0.9292389853137517,0.8991660348749052,0.0017407079994882224,0.03530916599993361,0.9599910992434357,0.8039017827110663,0.797740763931423,0.04087766756837992,0.2710887965165641,717.0,0.06613262127280817,0.7999976583949469,facebook_seed2_random.json
facebook,random,Random,random,2,0.3,0.9236210888260469,0.9240256357084797,0.9274588340008901,0.8927756653992396,0.0017407079994882224,0.03370362499845214,0.9356920338228749,0.7006390850992263,0.6973070612050909,0.06432221220318605,0.22906603393182093,1196.0,0.1064975522919448,0.6999994145987367,facebook_seed2_random.json
facebook,random,Random,random,2,0.4,0.9131326633110592,0.9211243724708257,0.9181130396083668,0.8752869166029075,0.0017407079994882224,0.02635391700096079,0.9018691588785047,0.5899764547595022,0.5966144122541018,0.1021941689209498,0.18725123769705176,1829.0,0.15331553182020474,0.6000011708025266,facebook_seed2_random.json
facebook,random,Random,random,2,0.5,0.910925345465222,0.9145613135161299,0.9165554072096128,0.8688271604938271,0.0017407079994882224,0.025401458000487764,0.8631063640409434,0.49915909855364954,0.49902896395603097,0.14006612563871357,0.14780061971006306,2555.0,0.2054294615042278,0.4999970729936835,facebook_seed2_random.json
facebook,random,Random,random,2,0.6,0.9051372536429872,0.9063290086670044,0.9101023587004895,0.86875,0.0017407079994882224,0.02348662500116916,0.8089007565643079,0.3975782038345106,0.39992229002804,0.18875864141869553,0.1080679974279559,3626.0,0.2642189586114819,0.3999988291974734,facebook_seed2_random.json
facebook,random,Random,random,2,0.7,0.9011732057389432,0.9026417267509921,0.9076546506453048,0.8544891640866873,0.0017407079994882224,0.022241667000344023,0.7312861593235425,0.2949882273797511,0.2963490376260782,0.26540426810940787,0.07212165044391307,5073.0,0.3392968402314196,0.3000005854012633,facebook_seed2_random.json
facebook,random,Random,random,2,0.8,0.8932990948583377,0.8947836763270847,0.8996439697374277,0.8476411446249034,0.0017407079994882224,0.021913874999881955,0.6123720516243881,0.19609821728893373,0.1948148519556954,0.3802224226029456,0.039608929449328464,7317.0,0.441878059635069,0.20000234160505317,facebook_seed2_random.json
facebook,random,Random,random,2,0.9,0.891121117214531,0.8917574305154151,0.8967512238540276,0.8517940717628705,0.0017407079994882224,0.020459125000343192,0.3975522919448153,0.0961991254624958,0.09871827384637621,0.5449353772167117,0.012291849635599653,11465.0,0.5905206942590121,0.09999824379621011,facebook_seed2_random.json
facebook,random,Random,random,3,0.1,0.9356634351387002,0.9354878143923049,0.9381397418780596,0.9155145929339478,0.0021025839996582363,0.03040350000082981,0.9848242100578549,0.9132189707366297,0.8985305626458567,0.015028554253080854,0.3151856609285193,284.0,0.0331553182020472,0.9000017562037899,facebook_seed3_random.json
facebook,random,Random,random,3,0.2,0.9347217315323314,0.9315935524095595,0.937917222963952,0.9106317411402157,0.0021025839996582363,0.029154915999242803,0.9616377392078327,0.8139926000672721,0.7990030946843413,0.03757138563270213,0.2728505908906102,674.0,0.06671117044948821,0.7999976583949469,facebook_seed3_random.json
facebook,random,Random,random,3,0.3,0.9304265988933048,0.9258949115395378,0.9339118825100133,0.9036237471087124,0.0021025839996582363,0.027106042000013986,0.9366266132621273,0.7097208207198117,0.6961742292383287,0.06191764352269312,0.23076164885473419,1153.0,0.10569648420115707,0.6999994145987367,facebook_seed3_random.json
facebook,random,Random,random,3,0.4,0.9242072321132321,0.9217483913914084,0.9276813529149978,0.8979278587874137,0.0021025839996582363,0.025029459000506904,0.902803738317757,0.5970400269088463,0.5970999043330493,0.0898707544334235,0.19013519426714967,1787.0,0.15060080106809082,0.6000011708025266,facebook_seed3_random.json
facebook,random,Random,random,3,0.5,0.9166672275710661,0.9169847751890774,0.9210057854917668,0.8850931677018633,0.0021025839996582363,0.024100542001178837,0.8605696484201157,0.5038681466532122,0.4982521766297152,0.1304478509167418,0.14800623352771441,2563.0,0.20226969292389851,0.4999970729936835,facebook_seed3_random.json
facebook,random,Random,random,3,0.6,0.9102950775901519,0.908491707333231,0.9152202937249666,0.8740399385560675,0.0021025839996582363,0.024443166999844834,0.806097018246551,0.3905146316851665,0.399987039421118,0.19176435226931168,0.10643153874561231,3633.0,0.2642189586114819,0.3999988291974734,facebook_seed3_random.json
facebook,random,Random,random,3,0.7,0.9042142804063562,0.9018088567731144,0.9103248776145972,0.8605015673981191,0.0021025839996582363,0.02254229100071825,0.7251891410769915,0.2946518668012109,0.29774079014366983,0.27201683198076343,0.07096493864273254,5138.0,0.33956386292834884,0.3000005854012633,facebook_seed3_random.json
facebook,random,Random,random,3,0.8,0.8985302814898731,0.8963525294136735,0.9029817534490432,0.8675654242664552,0.0021025839996582363,0.020769875000041793,0.6056074766355141,0.19576185671039353,0.20041428807025588,0.3802224226029456,0.03573927805822458,7457.0,0.4380062305295951,0.20000234160505317,facebook_seed3_random.json
facebook,random,Random,random,3,0.9,0.891105887751563,0.891739001298565,0.8956386292834891,0.8595810705973623,0.0021025839996582363,0.020450209000046016,0.4036938139741878,0.1096535486041036,0.10121050930801855,0.5503456567478209,0.011648236581986965,11493.0,0.589942145082332,0.09999824379621011,facebook_seed3_random.json
facebook,random,Random,random,4,0.1,0.9281510462320144,0.9416516698034112,0.9307966177125055,0.908675799086758,0.0015365830004157033,0.030379166000784608,0.982599020916778,0.900100908173562,0.8989836543544375,0.01562969642320409,0.31374129602634626,330.0,0.03342234089897639,0.9000017562037899,facebook_seed4_random.json
facebook,random,Random,random,4,0.2,0.9264276341712449,0.9364782825038137,0.9285714285714286,0.9100609756097561,0.0015365830004157033,0.027877084001374897,0.9625278148642634,0.8032290615539859,0.7973200212455537,0.036369101292455665,0.268679643287058,717.0,0.06742323097463282,0.7999976583949469,facebook_seed4_random.json
facebook,random,Random,random,4,0.3,0.9206853306307802,0.9288119088631882,0.9236760124610592,0.8988593155893536,0.0015365830004157033,0.0266467500005092,0.9362260792167334,0.6962663975782039,0.6970805153508005,0.06552449654343252,0.22594986008975848,1209.0,0.10814419225634175,0.6999994145987367,facebook_seed4_random.json
facebook,random,Random,random,4,0.4,0.9149654999927038,0.9294326306186707,0.9183355585224744,0.8892261001517451,0.0015365830004157033,0.025552166000125,0.9026702269692924,0.5906491759165826,0.5970999043330493,0.09798617373008717,0.18470092238533944,1843.0,0.1518469069870939,0.6000011708025266,facebook_seed4_random.json
facebook,random,Random,random,4,0.5,0.9093822329821345,0.9227410904915648,0.9132176234979973,0.880184331797235,0.0015365830004157033,0.024489625000569504,0.8584334668446818,0.49209552640430543,0.4990613643263975,0.1442741208295762,0.14448513449056746,2649.0,0.203382287494437,0.4999970729936835,facebook_seed4_random.json
facebook,random,Random,random,4,0.6,0.9020864786156623,0.914913376061227,0.9065420560747663,0.8690386071158214,0.0015365830004157033,0.0232442920023459,0.8042278593680463,0.3962327615203498,0.40325606220907606,0.19446949203486624,0.10527467064433763,3674.0,0.2620827770360481,0.3999988291974734,facebook_seed4_random.json
facebook,random,Random,random,4,0.7,0.8997450267072005,0.908598397173488,0.904539385847797,0.864329268292683,0.0015365830004157033,0.022219208000024082,0.7291499777481086,0.29229734275142955,0.3041493882810851,0.2636008415990382,0.06855965548639295,5146.0,0.3392523364485981,0.3000005854012633,facebook_seed4_random.json
facebook,random,Random,random,4,0.8,0.8970721343966559,0.9041616828267096,0.9007565643079661,0.8703703703703703,0.0015365830004157033,0.021354083000915125,0.6122385402759235,0.1984527413387151,0.20115871353694642,0.3639915840096183,0.03823704397654615,7358.0,0.4386292834890966,0.20000234160505317,facebook_seed4_random.json
facebook,random,Random,random,4,0.9,0.8902174704133661,0.8993871497339445,0.894971072541166,0.8562644119907763,0.0015365830004157033,0.0202709999975923,0.39964396973742766,0.10191725529767912,0.09894484537449416,0.5605650736399158,0.012061269821528737,11520.0,0.5925233644859813,0.09999824379621011,facebook_seed4_random.json
facebook,random,Random,random,5,0.1,0.9383799448619199,0.936667722541576,0.9417000445037829,0.9137134052388289,0.002992541999999432,0.20285675000000047,0.9843346684468179,0.9058190380087454,0.9021556044004336,0.015329125338142471,0.31530638832225094,306.0,0.03155318202047175,0.9000017562037899,facebook_seed5_random.json
facebook,random,Random,random,5,0.2,0.9344069653376079,0.9324613153948054,0.937917222963952,0.9089506172839507,0.002992541999999432,0.35911462500000013,0.9646639964396974,0.8039017827110663,0.8010745104386316,0.0351668169522092,0.2707262983816866,699.0,0.067601246105919,0.7999976583949469,facebook_seed5_random.json
facebook,random,Random,random,5,0.3,0.931803933397809,0.9283489042773407,0.9354695149087673,0.9045771916214119,0.002992541999999432,0.5733836249999982,0.9395193591455274,0.701648166834847,0.7023562815214536,0.061316501352569885,0.22762588084836793,1179.0,0.1068535825545171,0.6999994145987367,facebook_seed5_random.json
facebook,random,Random,random,5,0.4,0.9293884619151694,0.925283791489468,0.933466844681798,0.8987538940809969,0.002992541999999432,0.47902966700000604,0.903960836671117,0.5987218298015473,0.6007249974352813,0.09588217613465584,0.18403886848958137,1802.0,0.15255896751223852,0.6000011708025266,facebook_seed5_random.json
facebook,random,Random,random,5,0.5,0.9226722522125266,0.9225856631788197,0.9274588340008901,0.8873348873348873,0.002992541999999432,0.20452379099999973,0.863239875389408,0.5008409014463505,0.49792853235963536,0.1337541328524196,0.14381846683636204,2577.0,0.20324877614597237,0.4999970729936835,facebook_seed5_random.json
facebook,random,Random,random,5,0.6,0.9219155022140366,0.9173491263477217,0.9263462394303515,0.8894080996884736,0.002992541999999432,0.0415173330000016,0.8103693813974188,0.4053144971409351,0.4010874966913412,0.18515178839795612,0.10718232552244499,3618.0,0.2613707165109034,0.3999988291974734,facebook_seed5_random.json
facebook,random,Random,random,5,0.7,0.9073430601548397,0.9082818727359019,0.9127725856697819,0.8683385579937304,0.002992541999999432,0.2288560829999966,0.7326212728081887,0.2959973091153717,0.3002330256053122,0.25398256687706644,0.06872342388390007,5105.0,0.3388518024032042,0.3000005854012633,facebook_seed5_random.json
facebook,random,Random,random,5,0.8,0.904353158194402,0.9016902490002531,0.9092122830440588,0.870992963252541,0.002992541999999432,0.5209459159999881,0.6121940364931019,0.20282542885973764,0.19879595118763257,0.3754132852419597,0.0379168081845764,7350.0,0.4360480640854473,0.20000234160505317,facebook_seed5_random.json
facebook,random,Random,random,5,0.9,0.8945274020218563,0.8929319091217879,0.9003115264797508,0.8560126582278481,0.002992541999999432,0.26415683399997647,0.4039163328882955,0.10057181298351833,0.09871827384637621,0.5605650736399158,0.011189663617175062,11495.0,0.5902981753449044,0.09999824379621011,facebook_seed5_random.json
facebook,random,Random,random,6,0.1,0.936545306687328,0.9285709721460805,0.9394748553627058,0.9140684410646388,0.0025587499994799145,0.0773166669996499,0.9820204717400979,0.8994281870164816,0.9018642578054101,0.018935978358881875,0.31622546964447207,333.0,0.031820204717401046,0.9000017562037899,facebook_seed6_random.json
facebook,random,Random,random,6,0.2,0.9316304291243026,0.9237789110278848,0.9352469959946595,0.9046529366895499,0.0025587499994799145,0.1946057920004023,0.9621272808188696,0.8022199798183652,0.801948447528392,0.034265103697024346,0.2705428988152308,714.0,0.06835781041388517,0.7999976583949469,facebook_seed6_random.json
facebook,random,Random,random,6,0.3,0.9214729460039175,0.921462182859884,0.9256786826880284,0.8900763358778626,0.0025587499994799145,0.03191279200018471,0.9354250111259457,0.6929027917928019,0.6990548840369565,0.06582506762849413,0.2270108320012819,1217.0,0.10787716955941251,0.6999994145987367,facebook_seed6_random.json
facebook,random,Random,random,6,0.4,0.9188918948272994,0.9154606304068493,0.922340898976413,0.8931297709923665,0.0025587499994799145,0.3225871249996999,0.9019581664441477,0.5903128153380424,0.5995921654685191,0.09708446047490231,0.18517018570521832,1813.0,0.15135736537605693,0.6000011708025266,facebook_seed6_random.json
facebook,random,Random,random,6,0.5,0.9105323363868982,0.9130068101075846,0.9161103693813974,0.8698315467075038,0.0025587499994799145,0.2545465000002878,0.8621717846016912,0.5042045072317525,0.49896426591060805,0.1340547039374812,0.14496631920822994,2547.0,0.2046728971962617,0.4999970729936835,facebook_seed6_random.json
facebook,random,Random,random,6,0.6,0.9042082796250831,0.9077064665119838,0.9107699154428126,0.8575875486381322,0.0025587499994799145,0.057522791999872425,0.8080551846906987,0.4026236125126135,0.39976046789300007,0.18515178839795612,0.10534357716399464,3592.0,0.2657765910102359,0.3999988291974734,facebook_seed6_random.json
facebook,random,Random,random,6,0.7,0.8945950523818713,0.9035894163855873,0.9018691588785047,0.8448275862068966,0.0025587499994799145,0.03520291699987865,0.7347574543836226,0.2956609485368315,0.30262816265116504,0.2521791403666967,0.06954705328167092,5069.0,0.338495772140632,0.3000005854012633,facebook_seed6_random.json
facebook,random,Random,random,6,0.8,0.891179447803995,0.8928528720490424,0.8974187805963507,0.8479623824451411,0.0025587499994799145,0.13607970800057956,0.614508233199822,0.1846619576185671,0.20157948189664332,0.35888187556357076,0.03677892596438986,7398.0,0.4400089007565643,0.20000234160505317,facebook_seed6_random.json
facebook,random,Random,random,6,0.9,0.8905484336583644,0.8832771791504924,0.8965287049399199,0.8484375,0.0025587499994799145,0.15447516699987318,0.3972852692478861,0.09115371678439287,0.09865354370866887,0.5464382326420198,0.010378021183107097,11544.0,0.5916332888295506,0.09999824379621011,facebook_seed6_random.json
facebook,random,Random,random,7,0.1,0.9416654140203593,0.9383001169989964,0.9439252336448598,0.9233105542900532,0.0023555829993711086,0.028370959000312723,0.9829550511793502,0.906828119744366,0.9008932736475155,0.018635407273820258,0.31406512620418153,300.0,0.03222073876279491,0.9000017562037899,facebook_seed7_random.json
facebook,random,Random,random,7,0.2,0.9398909985481989,0.9296133558216086,0.9421450823319982,0.9208523592085236,0.0023555829993711086,0.02818870900046022,0.9607031597685803,0.7998654557685839,0.8011716602020762,0.04328223624887286,0.27370528568754443,724.0,0.06671117044948821,0.7999976583949469,facebook_seed7_random.json
facebook,random,Random,random,7,0.3,0.9336092724564535,0.9242356960240409,0.9368046283934134,0.9082498072474943,0.0023555829993711086,0.02623495900115813,0.9365821094793058,0.7083753784056509,0.7013205479704809,0.06251878569281635,0.2290457366521683,1170.0,0.1068535825545171,0.6999994145987367,facebook_seed7_random.json
facebook,random,Random,random,7,0.4,0.9307143152842003,0.9188146896365047,0.9339118825100133,0.9050535987748851,0.0023555829993711086,0.027548250000108965,0.9044058744993324,0.6081399260006727,0.5979090920297315,0.09618274721971747,0.18517674630145717,1780.0,0.15162438807298617,0.6000011708025266,facebook_seed7_random.json
facebook,random,Random,random,7,0.5,0.9252372002099599,0.9157670812982486,0.929016466399644,0.8960244648318043,0.0023555829993711086,0.027573999999731313,0.8648865153538051,0.5058863101244534,0.4971516936856645,0.13285241959723473,0.1458828701789005,2542.0,0.20262572318647087,0.4999970729936835,facebook_seed7_random.json
facebook,random,Random,random,7,0.6,0.9194113017717189,0.9112263727742825,0.9238985313751669,0.8850931677018633,0.0023555829993711086,0.027727249998861225,0.8076546506453048,0.40935082408341744,0.39717113401556825,0.18575293056807934,0.1069061674717601,3550.0,0.26693368936359585,0.3999988291974734,facebook_seed7_random.json
facebook,random,Random,random,7,0.7,0.9131334087882459,0.9002877575399241,0.9170004450378282,0.8842268842268842,0.0023555829993711086,0.027925750000576954,0.7287939474855363,0.31180625630676084,0.2996180604140363,0.25939284640817556,0.06919469835293048,5036.0,0.3417445482866044,0.3000005854012633,facebook_seed7_random.json
facebook,random,Random,random,7,0.8,0.9026239008951898,0.8942065515804029,0.9072096128170895,0.8699763593380615,0.0023555829993711086,0.021661458000380662,0.6132176234979974,0.20955264043054153,0.1995727513508621,0.3654944394349264,0.03679509695940039,7283.0,0.4420115709835336,0.20000234160505317,facebook_seed7_random.json
facebook,random,Random,random,7,0.9,0.8965715499675424,0.8885377951825569,0.9034267912772586,0.8486274509803922,0.0023555829993711086,0.020732917000714224,0.4055629728526925,0.10696266397578204,0.10337907482575345,0.5425308085362188,0.010523594592060972,11430.0,0.5937694704049844,0.09999824379621011,facebook_seed7_random.json
facebook,random,Random,random,8,0.1,0.9412560970640574,0.9343632423039773,0.9445927903871829,0.9164750957854406,0.0014859999992040684,0.028426457998648402,0.985002225189141,0.9071644803229062,0.8999222894896207,0.017733694018635407,0.31345087737892735,296.0,0.031063640409434823,0.9000017562037899,facebook_seed8_random.json
facebook,random,Random,random,8,0.2,0.9390654927020032,0.9325893886750034,0.9428126390743213,0.9120122417750574,0.0014859999992040684,0.028921334000187926,0.9639964396973743,0.8089471913891692,0.7996827835948676,0.03787195671776375,0.26886404711753464,687.0,0.06644414775255897,0.7999976583949469,facebook_seed8_random.json
facebook,random,Random,random,8,0.3,0.9337608521873806,0.9293985110051666,0.9372496662216289,0.9085318985395849,0.0014859999992040684,0.028153875000498374,0.9382287494437027,0.7100571812983518,0.7009321029596679,0.05801021941689209,0.22676931253106428,1171.0,0.10436137071651092,0.6999994145987367,facebook_seed8_random.json
facebook,random,Random,random,8,0.4,0.9273438684425273,0.9235093642991465,0.9312416555407209,0.8992248062015504,0.0014859999992040684,0.029142458000933402,0.906097018246551,0.6165489404641776,0.6030230103915172,0.08506161707243763,0.1844856897800621,1768.0,0.15042278593680458,0.6000011708025266,facebook_seed8_random.json
facebook,random,Random,random,8,0.5,0.9226461424324672,0.9203036603772282,0.926791277258567,0.8940448569218871,0.0014859999992040684,0.027445334000731236,0.8634623943035158,0.49882273797510934,0.49873766870866254,0.12894499549143373,0.14472535318972646,2540.0,0.20369381397418784,0.4999970729936835,facebook_seed8_random.json
facebook,random,Random,random,8,0.6,0.9141106582361018,0.9130174754103916,0.9190031152647975,0.8798751950078003,0.0014859999992040684,0.028046916999301175,0.8082777036048064,0.39656912209889,0.40086092516322325,0.18154493537721672,0.10545359956847673,3603.0,0.2646194926568758,0.3999988291974734,facebook_seed8_random.json
facebook,random,Random,random,8,0.7,0.9087431693751749,0.9079544428798967,0.9127725856697819,0.8811959087332809,0.0014859999992040684,0.02668774999983725,0.7333778371161549,0.29868819374369326,0.30143058129132483,0.2533814247069432,0.06840949353046388,5077.0,0.3405874499332443,0.3000005854012633,facebook_seed8_random.json
facebook,random,Random,random,8,0.8,0.9008382357824496,0.901960820784993,0.9058744993324432,0.8670886075949367,0.0014859999992040684,0.02167337500031863,0.610057854917668,0.19508913555331314,0.20264757730724126,0.3576795912233243,0.03701625665767943,7369.0,0.4407654650645304,0.20000234160505317,facebook_seed8_random.json
facebook,random,Random,random,8,0.9,0.8983399762856602,0.8935880613220264,0.9036493101913663,0.862776025236593,0.0014859999992040684,0.02095145900057105,0.3967512238540276,0.0961991254624958,0.10153417283346908,0.5347159603246168,0.011823347726409838,11493.0,0.5935024477080553,0.09999824379621011,facebook_seed8_random.json
facebook,random,Random,random,9,0.1,0.9358556345177539,0.9321856426481937,0.9388072986203827,0.9133738601823708,0.003734959002031246,0.032662624998920364,0.9824655095683134,0.8937100571812984,0.9049715098059834,0.018034265103697024,0.31711841660275497,351.0,0.03342234089897639,0.9000017562037899,facebook_seed9_random.json
facebook,random,Random,random,9,0.2,0.9326372396132245,0.9268064513601708,0.9356920338228749,0.9084027252081757,0.003734959002031246,0.0304294999987178,0.9626168224299065,0.7917928018836192,0.808939636160544,0.0369702434625789,0.27333044595075784,733.0,0.06559857587894968,0.7999976583949469,facebook_seed9_random.json
facebook,random,Random,random,9,0.3,0.9285780346244309,0.9285665860298941,0.931909212283044,0.9026819923371647,0.003734959002031246,0.029591499998787185,0.938495772140632,0.7009754456777666,0.7100271590641319,0.05831079050195371,0.2287548279524121,1202.0,0.10534045393858477,0.6999994145987367,facebook_seed9_random.json
facebook,random,Random,random,9,0.4,0.92355405804821,0.9219096598420505,0.9270137961726747,0.8973966309341501,0.003734959002031246,0.028056791998096742,0.9073876279483756,0.6064581231079718,0.6104349930571936,0.09197475202885483,0.1879087949871199,1793.0,0.15095683133066307,0.6000011708025266,facebook_seed9_random.json
facebook,random,Random,random,9,0.5,0.9180980390413161,0.9154121405284221,0.9227859368046284,0.8829787234042553,0.003734959002031246,0.02921500000229571,0.8661771250556297,0.5048772283888329,0.508512413723653,0.13134956417192667,0.15016497310134713,2559.0,0.20182465509568315,0.4999970729936835,facebook_seed9_random.json
facebook,random,Random,random,9,0.6,0.909893024847634,0.9154190284907031,0.9152202937249666,0.8713629402756509,0.003734959002031246,0.025933459000953007,0.8114374721851357,0.3989236461486714,0.40409759892846986,0.18605350165314097,0.10934368872510325,3610.0,0.26315086782376496,0.3999988291974734,facebook_seed9_random.json
facebook,random,Random,random,9,0.7,0.9026955274632187,0.9099035687041365,0.9080996884735203,0.8632872503840245,0.003734959002031246,0.024483041997882538,0.7343124165554072,0.29868819374369326,0.30314602942665136,0.2569882777276826,0.07010746183889027,5027.0,0.3378282153983089,0.3000005854012633,facebook_seed9_random.json
facebook,random,Random,random,9,0.8,0.8991227695504473,0.9037899955501837,0.9052069425901201,0.8553654743390358,0.003734959002031246,0.02348020800127415,0.6184690698709391,0.20686175580222,0.20203261211596543,0.35978358881875566,0.03761405029051794,7261.0,0.4393858477970627,0.20000234160505317,facebook_seed9_random.json
facebook,random,Random,random,9,0.9,0.8876591530827866,0.8954920816950671,0.894971072541166,0.8368462138953943,0.003734959002031246,0.02217683300114004,0.4020026702269693,0.10124453414059872,0.10179310622121225,0.5380222422602946,0.012316505881577568,11392.0,0.5914107699154428,0.09999824379621011,facebook_seed9_random.json
facebook,resistance_style_proxy,Resistance proxy,dspar,0,0.1,0.8987154563161147,0.8987999504585893,0.9052069425901201,0.8535233570863024,0.044132708999995884,0.028922624999978552,0.6618602581219404,0.0023545240497813654,0.7893254480851404,0.45175834084761046,0.27719238736576113,7574.0,0.33684913217623497,0.9000017562037899,facebook_seed0_dspar.json
facebook,resistance_style_proxy,Resistance proxy,dspar,0,0.2,0.8869071748410781,0.8940398039466543,0.8945260347129506,0.8342674139311449,0.044132708999995884,0.12081391600000302,0.5106364040943481,0.0006727211570803902,0.6190121567123438,0.628794709948903,0.2195427553185561,10967.0,0.487716955941255,0.7999976583949469,facebook_seed0_dspar.json
facebook,resistance_style_proxy,Resistance proxy,dspar,0,0.3,0.8843781736635028,0.8921932713211861,0.8916332888295505,0.8353413654618473,0.044132708999995884,0.22812504199998784,0.40017801513128615,0.0,0.48125969712828237,0.7424105801021942,0.17807269865190195,13438.0,0.5977303070761014,0.6999994145987367,facebook_seed0_dspar.json
facebook,resistance_style_proxy,Resistance proxy,dspar,0,0.4,0.8817966956310177,0.8950079503022694,0.8887405429461505,0.835725677830941,0.044132708999995884,0.5817018749999932,0.3170894526034713,0.0,0.36283013037225614,0.8235647730688308,0.1453739151691336,15345.0,0.6828215398308857,0.6000011708025266,facebook_seed0_dspar.json
facebook,resistance_style_proxy,Resistance proxy,dspar,0,0.5,0.8832498120196655,0.8892318436433083,0.890520694259012,0.8348106365834005,0.044132708999995884,0.1888550830000213,0.25202492211838007,0.0,0.28608880053214053,0.8779681394649834,0.12150437495614813,16803.0,0.7477080551846907,0.4999970729936835,facebook_seed0_dspar.json
facebook,resistance_style_proxy,Resistance proxy,dspar,0,0.6,0.8809949007793888,0.8883636610021447,0.8876279483756119,0.8372469635627531,0.044132708999995884,0.3440092910000203,0.19857587894971074,0.0,0.2227149084388808,0.9146378118425007,0.09891725670261313,18007.0,0.8012906097018246,0.3999988291974734,facebook_seed0_dspar.json
facebook,resistance_style_proxy,Resistance proxy,dspar,0,0.7,0.8876593820516878,0.889797918958086,0.8936359590565198,0.848,0.044132708999995884,0.3345185000000015,0.14882064975522918,0.0,0.16762687191648906,0.9407874962428614,0.07608620066497167,19125.0,0.8510458388963061,0.3000005854012633,facebook_seed0_dspar.json
facebook,resistance_style_proxy,Resistance proxy,dspar,0,0.8,0.8861403532543812,0.8912832540817783,0.8916332888295505,0.8498402555910544,0.044132708999995884,0.3610913329999903,0.09928793947485537,0.0,0.11027317146057294,0.9633303276224827,0.05116416524388209,20238.0,0.90057854917668,0.20000234160505317,facebook_seed0_dspar.json
facebook,resistance_style_proxy,Resistance proxy,dspar,0,0.9,0.888273701366819,0.8924672711005134,0.8936359590565198,0.8527755430410298,0.044132708999995884,0.11729095800001232,0.05558522474410325,0.0,0.006926462505980284,0.9906822963630899,0.029109036416247798,21222.0,0.9444147752558968,0.09999824379621011,facebook_seed0_dspar.json
facebook,resistance_style_proxy,Resistance proxy,dspar,1,0.1,0.8929226733176532,0.902277069877377,0.9009790832220739,0.8382004735595896,0.04455883299942798,0.043306000000484346,0.6618602581219404,0.0023545240497813654,0.7893254480851404,0.45175834084761046,0.27719238736576113,7574.0,0.33684913217623497,0.9000017562037899,facebook_seed1_dspar.json
facebook,resistance_style_proxy,Resistance proxy,dspar,1,0.2,0.8816470544642696,0.8892364528819763,0.8914107699154428,0.8158102766798419,0.04455883299942798,0.0588551250002638,0.5106364040943481,0.0006727211570803902,0.6190121567123438,0.628794709948903,0.2195427553185561,10967.0,0.487716955941255,0.7999976583949469,facebook_seed1_dspar.json
facebook,resistance_style_proxy,Resistance proxy,dspar,1,0.3,0.8777263726832717,0.8881249827882179,0.8849577214063196,0.8293075684380032,0.04455883299942798,0.037171666999711306,0.40017801513128615,0.0,0.48125969712828237,0.7424105801021942,0.17807269865190195,13438.0,0.5977303070761014,0.6999994145987367,facebook_seed1_dspar.json
facebook,resistance_style_proxy,Resistance proxy,dspar,1,0.4,0.8784580197132136,0.8895888751592407,0.8862928348909658,0.8257028112449799,0.04455883299942798,0.07715750000079424,0.3170894526034713,0.0,0.36283013037225614,0.8235647730688308,0.1453739151691336,15345.0,0.6828215398308857,0.6000011708025266,facebook_seed1_dspar.json
facebook,resistance_style_proxy,Resistance proxy,dspar,1,0.5,0.8752218921902752,0.8882967726451487,0.8834000890075656,0.8200161420500404,0.04455883299942798,0.06842800000049465,0.25202492211838007,0.0,0.28608880053214053,0.8779681394649834,0.12150437495614813,16803.0,0.7477080551846907,0.4999970729936835,facebook_seed1_dspar.json
facebook,resistance_style_proxy,Resistance proxy,dspar,1,0.6,0.8785170344218852,0.8914255603448684,0.8849577214063196,0.8360128617363344,0.04455883299942798,0.039934125000399945,0.19857587894971074,0.0,0.2227149084388808,0.9146378118425007,0.09891725670261313,18007.0,0.8012906097018246,0.3999988291974734,facebook_seed1_dspar.json
facebook,resistance_style_proxy,Resistance proxy,dspar,1,0.7,0.8766622216819948,0.8899934996349089,0.8838451268357811,0.8293877551020408,0.04455883299942798,0.19301508299940906,0.14882064975522918,0.0,0.16762687191648906,0.9407874962428614,0.07608620066497167,19125.0,0.8510458388963061,0.3000005854012633,facebook_seed1_dspar.json
facebook,resistance_style_proxy,Resistance proxy,dspar,1,0.8,0.8811263709090604,0.8924453115340721,0.8871829105473965,0.8400954653937948,0.04455883299942798,0.08796833300038998,0.09928793947485537,0.0,0.11027317146057294,0.9633303276224827,0.05116416524388209,20238.0,0.90057854917668,0.20000234160505317,facebook_seed1_dspar.json
facebook,resistance_style_proxy,Resistance proxy,dspar,1,0.9,0.8822015707194544,0.894213407553759,0.8880729862038274,0.8436246992782679,0.04455883299942798,0.1334047919999648,0.05558522474410325,0.0,0.006926462505980284,0.9906822963630899,0.029109036416247798,21222.0,0.9444147752558968,0.09999824379621011,facebook_seed1_dspar.json
facebook,resistance_style_proxy,Resistance proxy,dspar,2,0.1,0.9004387284934043,0.8988098486524536,0.9072096128170895,0.8527370855821126,0.036053083998922375,0.025135957999737002,0.6618602581219404,0.0023545240497813654,0.7893254480851404,0.45175834084761046,0.27719238736576113,7574.0,0.33684913217623497,0.9000017562037899,facebook_seed2_dspar.json
facebook,resistance_style_proxy,Resistance proxy,dspar,2,0.2,0.8848458195574184,0.8863007338302484,0.8918558077436582,0.8381410256410257,0.036053083998922375,0.029654834001121344,0.5106364040943481,0.0006727211570803902,0.6190121567123438,0.628794709948903,0.2195427553185561,10967.0,0.487716955941255,0.7999976583949469,facebook_seed2_dspar.json
facebook,resistance_style_proxy,Resistance proxy,dspar,2,0.3,0.8850518676543537,0.8829562273977789,0.8914107699154428,0.8421052631578947,0.036053083998922375,0.026530208000622224,0.40017801513128615,0.0,0.48125969712828237,0.7424105801021942,0.17807269865190195,13438.0,0.5977303070761014,0.6999994145987367,facebook_seed2_dspar.json
facebook,resistance_style_proxy,Resistance proxy,dspar,2,0.4,0.8888390447273838,0.8850515496792706,0.8940809968847352,0.8529182879377432,0.036053083998922375,0.025760083000932354,0.3170894526034713,0.0,0.36283013037225614,0.8235647730688308,0.1453739151691336,15345.0,0.6828215398308857,0.6000011708025266,facebook_seed2_dspar.json
facebook,resistance_style_proxy,Resistance proxy,dspar,2,0.5,0.8827907993358817,0.8835738541548619,0.8887405429461505,0.8414442700156985,0.036053083998922375,0.021032458000263432,0.25202492211838007,0.0,0.28608880053214053,0.8779681394649834,0.12150437495614813,16803.0,0.7477080551846907,0.4999970729936835,facebook_seed2_dspar.json
facebook,resistance_style_proxy,Resistance proxy,dspar,2,0.6,0.8858210577204287,0.8817266459489819,0.8911882510013351,0.8484848484848485,0.036053083998922375,0.02022804099942732,0.19857587894971074,0.0,0.2227149084388808,0.9146378118425007,0.09891725670261313,18007.0,0.8012906097018246,0.3999988291974734,facebook_seed2_dspar.json
facebook,resistance_style_proxy,Resistance proxy,dspar,2,0.7,0.884953551931631,0.8891528803110708,0.8898531375166889,0.8502715283165244,0.036053083998922375,0.0189937920004013,0.14882064975522918,0.0,0.16762687191648906,0.9407874962428614,0.07608620066497167,19125.0,0.8510458388963061,0.3000005854012633,facebook_seed2_dspar.json
facebook,resistance_style_proxy,Resistance proxy,dspar,2,0.8,0.8869983633747044,0.887903308678548,0.8920783266577659,0.8522012578616353,0.036053083998922375,0.017202000000906992,0.09928793947485537,0.0,0.11027317146057294,0.9633303276224827,0.05116416524388209,20238.0,0.90057854917668,0.20000234160505317,facebook_seed2_dspar.json
facebook,resistance_style_proxy,Resistance proxy,dspar,2,0.9,0.8895350294078695,0.887623948229382,0.894971072541166,0.8534827862289832,0.036053083998922375,0.016448042000774876,0.05558522474410325,0.0,0.006926462505980284,0.9906822963630899,0.029109036416247798,21222.0,0.9444147752558968,0.09999824379621011,facebook_seed2_dspar.json
facebook,resistance_style_proxy,Resistance proxy,dspar,3,0.1,0.8939787053834355,0.8988131154651039,0.89942145082332,0.8571428571428571,0.0311592500002007,0.024223000000347383,0.6618602581219404,0.0023545240497813654,0.7893254480851404,0.45175834084761046,0.27719238736576113,7574.0,0.33684913217623497,0.9000017562037899,facebook_seed3_dspar.json
facebook,resistance_style_proxy,Resistance proxy,dspar,3,0.2,0.8905459386416688,0.8867704038256848,0.8960836671117045,0.8535433070866142,0.0311592500002007,0.023508333000791026,0.5106364040943481,0.0006727211570803902,0.6190121567123438,0.628794709948903,0.2195427553185561,10967.0,0.487716955941255,0.7999976583949469,facebook_seed3_dspar.json
facebook,resistance_style_proxy,Resistance proxy,dspar,3,0.3,0.8838460355595069,0.8919770164577886,0.8894080996884736,0.8471337579617835,0.0311592500002007,0.023372208001092076,0.40017801513128615,0.0,0.48125969712828237,0.7424105801021942,0.17807269865190195,13438.0,0.5977303070761014,0.6999994145987367,facebook_seed3_dspar.json
facebook,resistance_style_proxy,Resistance proxy,dspar,3,0.4,0.8865447657654142,0.8919214760722404,0.8923008455718736,0.8489208633093526,0.0311592500002007,0.022232917001019814,0.3170894526034713,0.0,0.36283013037225614,0.8235647730688308,0.1453739151691336,15345.0,0.6828215398308857,0.6000011708025266,facebook_seed3_dspar.json
facebook,resistance_style_proxy,Resistance proxy,dspar,3,0.5,0.8841956773151444,0.8885495823467325,0.8896306186025812,0.8491620111731844,0.0311592500002007,0.019948125000155414,0.25202492211838007,0.0,0.28608880053214053,0.8779681394649834,0.12150437495614813,16803.0,0.7477080551846907,0.4999970729936835,facebook_seed3_dspar.json
facebook,resistance_style_proxy,Resistance proxy,dspar,3,0.6,0.8835017941677464,0.8884584435916566,0.8891855807743658,0.8451816745655608,0.0311592500002007,0.019257207999544335,0.19857587894971074,0.0,0.2227149084388808,0.9146378118425007,0.09891725670261313,18007.0,0.8012906097018246,0.3999988291974734,facebook_seed3_dspar.json
facebook,resistance_style_proxy,Resistance proxy,dspar,3,0.7,0.8861194417980126,0.8899588468043812,0.8909657320872274,0.8555466879489226,0.0311592500002007,0.01839841599939973,0.14882064975522918,0.0,0.16762687191648906,0.9407874962428614,0.07608620066497167,19125.0,0.8510458388963061,0.3000005854012633,facebook_seed3_dspar.json
facebook,resistance_style_proxy,Resistance proxy,dspar,3,0.8,0.8862933093841894,0.8894620426800834,0.8916332888295505,0.8514694201747418,0.0311592500002007,0.017770124999515247,0.09928793947485537,0.0,0.11027317146057294,0.9633303276224827,0.05116416524388209,20238.0,0.90057854917668,0.20000234160505317,facebook_seed3_dspar.json
facebook,resistance_style_proxy,Resistance proxy,dspar,3,0.9,0.8895738733829348,0.892724180381103,0.8938584779706275,0.8609794628751974,0.0311592500002007,0.015999875000488828,0.05558522474410325,0.0,0.006926462505980284,0.9906822963630899,0.029109036416247798,21222.0,0.9444147752558968,0.09999824379621011,facebook_seed3_dspar.json
facebook,resistance_style_proxy,Resistance proxy,dspar,4,0.1,0.8961800444681396,0.9053295827989846,0.9025367156208278,0.851195065535852,0.030324249997647712,0.02415416700023343,0.6618602581219404,0.0023545240497813654,0.7893254480851404,0.45175834084761046,0.27719238736576113,7574.0,0.33684913217623497,0.9000017562037899,facebook_seed4_dspar.json
facebook,resistance_style_proxy,Resistance proxy,dspar,4,0.2,0.890786996012671,0.898179084921023,0.8967512238540276,0.8503184713375797,0.030324249997647712,0.02411733400003868,0.5106364040943481,0.0006727211570803902,0.6190121567123438,0.628794709948903,0.2195427553185561,10967.0,0.487716955941255,0.7999976583949469,facebook_seed4_dspar.json
facebook,resistance_style_proxy,Resistance proxy,dspar,4,0.3,0.8843650663155215,0.8922152768085139,0.8896306186025812,0.8492501973164956,0.030324249997647712,0.02256774999841582,0.40017801513128615,0.0,0.48125969712828237,0.7424105801021942,0.17807269865190195,13438.0,0.5977303070761014,0.6999994145987367,facebook_seed4_dspar.json
facebook,resistance_style_proxy,Resistance proxy,dspar,4,0.4,0.8867673681033301,0.8921703819003652,0.8916332888295505,0.8544303797468354,0.030324249997647712,0.02160245899722213,0.3170894526034713,0.0,0.36283013037225614,0.8235647730688308,0.1453739151691336,15345.0,0.6828215398308857,0.6000011708025266,facebook_seed4_dspar.json
facebook,resistance_style_proxy,Resistance proxy,dspar,4,0.5,0.8808627889231971,0.8906727206496707,0.8869603916332889,0.839410395655547,0.030324249997647712,0.020198958001856226,0.25202492211838007,0.0,0.28608880053214053,0.8779681394649834,0.12150437495614813,16803.0,0.7477080551846907,0.4999970729936835,facebook_seed4_dspar.json
facebook,resistance_style_proxy,Resistance proxy,dspar,4,0.6,0.8845137715743285,0.892514739586337,0.8902981753449043,0.8442367601246106,0.030324249997647712,0.020236874999682186,0.19857587894971074,0.0,0.2227149084388808,0.9146378118425007,0.09891725670261313,18007.0,0.8012906097018246,0.3999988291974734,facebook_seed4_dspar.json
facebook,resistance_style_proxy,Resistance proxy,dspar,4,0.7,0.8850562616452118,0.8941347501793608,0.8900756564307967,0.8513618677042801,0.030324249997647712,0.017835000002378365,0.14882064975522918,0.0,0.16762687191648906,0.9407874962428614,0.07608620066497167,19125.0,0.8510458388963061,0.3000005854012633,facebook_seed4_dspar.json
facebook,resistance_style_proxy,Resistance proxy,dspar,4,0.8,0.8853769680554321,0.8969491685156903,0.890520694259012,0.8501960784313726,0.030324249997647712,0.01771904099950916,0.09928793947485537,0.0,0.11027317146057294,0.9633303276224827,0.05116416524388209,20238.0,0.90057854917668,0.20000234160505317,facebook_seed4_dspar.json
facebook,resistance_style_proxy,Resistance proxy,dspar,4,0.9,0.8876844364252837,0.8976912064303125,0.8931909212283045,0.8498402555910544,0.030324249997647712,0.016788875000202097,0.05558522474410325,0.0,0.006926462505980284,0.9906822963630899,0.029109036416247798,21222.0,0.9444147752558968,0.09999824379621011,facebook_seed4_dspar.json
facebook,resistance_style_proxy,Resistance proxy,dspar,5,0.1,0.908052967903238,0.9034143283881966,0.9136626613262128,0.8691514670896114,0.07498212499999113,0.036322124999998096,0.6618602581219404,0.0023545240497813654,0.7893254480851404,0.45175834084761046,0.27719238736576113,7574.0,0.33684913217623497,0.9000017562037899,facebook_seed5_dspar.json
facebook,resistance_style_proxy,Resistance proxy,dspar,5,0.2,0.8989616804897004,0.8894652717366842,0.9054294615042279,0.8557692307692307,0.07498212499999113,0.13975099999998974,0.5106364040943481,0.0006727211570803902,0.6190121567123438,0.628794709948903,0.2195427553185561,10967.0,0.487716955941255,0.7999976583949469,facebook_seed5_dspar.json
facebook,resistance_style_proxy,Resistance proxy,dspar,5,0.3,0.8977034223590634,0.888170111583826,0.904539385847797,0.8523274478330658,0.07498212499999113,0.3263614169999869,0.40017801513128615,0.0,0.48125969712828237,0.7424105801021942,0.17807269865190195,13438.0,0.5977303070761014,0.6999994145987367,facebook_seed5_dspar.json
facebook,resistance_style_proxy,Resistance proxy,dspar,5,0.4,0.8944258247349728,0.8872596628874456,0.8996439697374277,0.8603531300160514,0.07498212499999113,0.5850846250000075,0.3170894526034713,0.0,0.36283013037225614,0.8235647730688308,0.1453739151691336,15345.0,0.6828215398308857,0.6000011708025266,facebook_seed5_dspar.json
facebook,resistance_style_proxy,Resistance proxy,dspar,5,0.5,0.8942311543665931,0.8856146853510269,0.900089007565643,0.8553259141494436,0.07498212499999113,0.13152820799999176,0.25202492211838007,0.0,0.28608880053214053,0.8779681394649834,0.12150437495614813,16803.0,0.7477080551846907,0.4999970729936835,facebook_seed5_dspar.json
facebook,resistance_style_proxy,Resistance proxy,dspar,5,0.6,0.8962704788001626,0.8853068919744574,0.9005340453938585,0.8672427336999214,0.07498212499999113,0.3410115830000109,0.19857587894971074,0.0,0.2227149084388808,0.9146378118425007,0.09891725670261313,18007.0,0.8012906097018246,0.3999988291974734,facebook_seed5_dspar.json
facebook,resistance_style_proxy,Resistance proxy,dspar,5,0.7,0.8986755761756432,0.8855337117613662,0.9018691588785047,0.8770555990602976,0.07498212499999113,0.374900499999967,0.14882064975522918,0.0,0.16762687191648906,0.9407874962428614,0.07608620066497167,19125.0,0.8510458388963061,0.3000005854012633,facebook_seed5_dspar.json
facebook,resistance_style_proxy,Resistance proxy,dspar,5,0.8,0.9004275652605738,0.8854489198006007,0.9043168669336894,0.8740157480314961,0.07498212499999113,0.3439449159999981,0.09928793947485537,0.0,0.11027317146057294,0.9633303276224827,0.05116416524388209,20238.0,0.90057854917668,0.20000234160505317,facebook_seed5_dspar.json
facebook,resistance_style_proxy,Resistance proxy,dspar,5,0.9,0.8995133160461578,0.8874732956763816,0.9036493101913663,0.8713496448303079,0.07498212499999113,0.23971287500000926,0.05558522474410325,0.0,0.006926462505980284,0.9906822963630899,0.029109036416247798,21222.0,0.9444147752558968,0.09999824379621011,facebook_seed5_dspar.json
facebook,resistance_style_proxy,Resistance proxy,dspar,6,0.1,0.89459783965003,0.893244353808968,0.901646639964397,0.8449612403100775,0.06850937499984866,0.0498190420003084,0.6618602581219404,0.0023545240497813654,0.7893254480851404,0.45175834084761046,0.27719238736576113,7574.0,0.33684913217623497,0.9000017562037899,facebook_seed6_dspar.json
facebook,resistance_style_proxy,Resistance proxy,dspar,6,0.2,0.8873119272337665,0.8836158823904379,0.8956386292834891,0.8314785373608903,0.06850937499984866,0.0660236250005255,0.5106364040943481,0.0006727211570803902,0.6190121567123438,0.628794709948903,0.2195427553185561,10967.0,0.487716955941255,0.7999976583949469,facebook_seed6_dspar.json
facebook,resistance_style_proxy,Resistance proxy,dspar,6,0.3,0.8890129906746522,0.8804142449233798,0.8956386292834891,0.8457792207792207,0.06850937499984866,0.08035262499925011,0.40017801513128615,0.0,0.48125969712828237,0.7424105801021942,0.17807269865190195,13438.0,0.5977303070761014,0.6999994145987367,facebook_seed6_dspar.json
facebook,resistance_style_proxy,Resistance proxy,dspar,6,0.4,0.8842170683702361,0.8827756855547372,0.8914107699154428,0.8359872611464968,0.06850937499984866,0.34367858299992804,0.3170894526034713,0.0,0.36283013037225614,0.8235647730688308,0.1453739151691336,15345.0,0.6828215398308857,0.6000011708025266,facebook_seed6_dspar.json
facebook,resistance_style_proxy,Resistance proxy,dspar,6,0.5,0.8862085845887511,0.8828118955615909,0.8936359590565198,0.8366854384553499,0.06850937499984866,0.17854549999992742,0.25202492211838007,0.0,0.28608880053214053,0.8779681394649834,0.12150437495614813,16803.0,0.7477080551846907,0.4999970729936835,facebook_seed6_dspar.json
facebook,resistance_style_proxy,Resistance proxy,dspar,6,0.6,0.8811633317299864,0.8819011202821542,0.8876279483756119,0.8381410256410257,0.06850937499984866,0.046936374999859254,0.19857587894971074,0.0,0.2227149084388808,0.9146378118425007,0.09891725670261313,18007.0,0.8012906097018246,0.3999988291974734,facebook_seed6_dspar.json
facebook,resistance_style_proxy,Resistance proxy,dspar,6,0.7,0.8865778977146199,0.8834717624710792,0.892745883400089,0.8449799196787149,0.06850937499984866,0.053571750000628526,0.14882064975522918,0.0,0.16762687191648906,0.9407874962428614,0.07608620066497167,19125.0,0.8510458388963061,0.3000005854012633,facebook_seed6_dspar.json
facebook,resistance_style_proxy,Resistance proxy,dspar,6,0.8,0.8874330497089777,0.886508719977801,0.8931909212283045,0.8497576736672051,0.06850937499984866,0.2083190419998573,0.09928793947485537,0.0,0.11027317146057294,0.9633303276224827,0.05116416524388209,20238.0,0.90057854917668,0.20000234160505317,facebook_seed6_dspar.json
facebook,resistance_style_proxy,Resistance proxy,dspar,6,0.9,0.893004263760717,0.886897272967189,0.8989764129951046,0.8516746411483254,0.06850937499984866,0.27438633400015533,0.05558522474410325,0.0,0.006926462505980284,0.9906822963630899,0.029109036416247798,21222.0,0.9444147752558968,0.09999824379621011,facebook_seed6_dspar.json
facebook,resistance_style_proxy,Resistance proxy,dspar,7,0.1,0.9062607423358532,0.8988663697575456,0.9121050289274588,0.8646558391337974,0.030823917000816436,0.024575458000981598,0.6618602581219404,0.0023545240497813654,0.7893254480851404,0.45175834084761046,0.27719238736576113,7574.0,0.33684913217623497,0.9000017562037899,facebook_seed7_dspar.json
facebook,resistance_style_proxy,Resistance proxy,dspar,7,0.2,0.8962627151805436,0.8870616887819691,0.9029817534490432,0.8491008600469117,0.030823917000816436,0.023126790998503566,0.5106364040943481,0.0006727211570803902,0.6190121567123438,0.628794709948903,0.2195427553185561,10967.0,0.487716955941255,0.7999976583949469,facebook_seed7_dspar.json
facebook,resistance_style_proxy,Resistance proxy,dspar,7,0.3,0.8938737422871275,0.8861776579372088,0.8991989319092123,0.856687898089172,0.030823917000816436,0.02221958299924154,0.40017801513128615,0.0,0.48125969712828237,0.7424105801021942,0.17807269865190195,13438.0,0.5977303070761014,0.6999994145987367,facebook_seed7_dspar.json
facebook,resistance_style_proxy,Resistance proxy,dspar,7,0.4,0.8935438609698539,0.8827066631449154,0.89942145082332,0.8539325842696629,0.030823917000816436,0.026741958999991766,0.3170894526034713,0.0,0.36283013037225614,0.8235647730688308,0.1453739151691336,15345.0,0.6828215398308857,0.6000011708025266,facebook_seed7_dspar.json
facebook,resistance_style_proxy,Resistance proxy,dspar,7,0.5,0.8928220899811348,0.8821827454836104,0.8985313751668892,0.8534827862289832,0.030823917000816436,0.02158895800130267,0.25202492211838007,0.0,0.28608880053214053,0.8779681394649834,0.12150437495614813,16803.0,0.7477080551846907,0.4999970729936835,facebook_seed7_dspar.json
facebook,resistance_style_proxy,Resistance proxy,dspar,7,0.6,0.891575711231414,0.8819609655101959,0.8965287049399199,0.8585131894484412,0.030823917000816436,0.021969999999782885,0.19857587894971074,0.0,0.2227149084388808,0.9146378118425007,0.09891725670261313,18007.0,0.8012906097018246,0.3999988291974734,facebook_seed7_dspar.json
facebook,resistance_style_proxy,Resistance proxy,dspar,7,0.7,0.8975887764374595,0.8852625824562639,0.9018691588785047,0.868943606036537,0.030823917000816436,0.021151749999262393,0.14882064975522918,0.0,0.16762687191648906,0.9407874962428614,0.07608620066497167,19125.0,0.8510458388963061,0.3000005854012633,facebook_seed7_dspar.json
facebook,resistance_style_proxy,Resistance proxy,dspar,7,0.8,0.8948317985628468,0.8852174643762329,0.8996439697374277,0.8620961386918834,0.030823917000816436,0.01913145899925439,0.09928793947485537,0.0,0.11027317146057294,0.9633303276224827,0.05116416524388209,20238.0,0.90057854917668,0.20000234160505317,facebook_seed7_dspar.json
facebook,resistance_style_proxy,Resistance proxy,dspar,7,0.9,0.8992585134691619,0.8853803965953054,0.9036493101913663,0.8688783570300158,0.030823917000816436,0.017046999999365653,0.05558522474410325,0.0,0.006926462505980284,0.9906822963630899,0.029109036416247798,21222.0,0.9444147752558968,0.09999824379621011,facebook_seed7_dspar.json
facebook,resistance_style_proxy,Resistance proxy,dspar,8,0.1,0.9021660067486896,0.8957852693302111,0.9101023587004895,0.849445324881141,0.04084804199919745,0.03316325000014331,0.6618602581219404,0.0023545240497813654,0.7893254480851404,0.45175834084761046,0.27719238736576113,7574.0,0.33684913217623497,0.9000017562037899,facebook_seed8_dspar.json
facebook,resistance_style_proxy,Resistance proxy,dspar,8,0.2,0.8903406942138491,0.894253082676488,0.8965287049399199,0.8486274509803922,0.04084804199919745,0.030759082999793463,0.5106364040943481,0.0006727211570803902,0.6190121567123438,0.628794709948903,0.2195427553185561,10967.0,0.487716955941255,0.7999976583949469,facebook_seed8_dspar.json
facebook,resistance_style_proxy,Resistance proxy,dspar,8,0.3,0.8930149821016239,0.8905076083546957,0.8980863373386738,0.8589440504334122,0.04084804199919745,0.025430749999941327,0.40017801513128615,0.0,0.48125969712828237,0.7424105801021942,0.17807269865190195,13438.0,0.5977303070761014,0.6999994145987367,facebook_seed8_dspar.json
facebook,resistance_style_proxy,Resistance proxy,dspar,8,0.4,0.8958291214437422,0.8879555410476847,0.9005340453938585,0.8633879781420765,0.04084804199919745,0.02721370899962494,0.3170894526034713,0.0,0.36283013037225614,0.8235647730688308,0.1453739151691336,15345.0,0.6828215398308857,0.6000011708025266,facebook_seed8_dspar.json
facebook,resistance_style_proxy,Resistance proxy,dspar,8,0.5,0.895982864834959,0.8896008494817543,0.9005340453938585,0.865979381443299,0.04084804199919745,0.022807041999840294,0.25202492211838007,0.0,0.28608880053214053,0.8779681394649834,0.12150437495614813,16803.0,0.7477080551846907,0.4999970729936835,facebook_seed8_dspar.json
facebook,resistance_style_proxy,Resistance proxy,dspar,8,0.6,0.8936334207811195,0.8865369314548525,0.8978638184245661,0.865414710485133,0.04084804199919745,0.023544209001556737,0.19857587894971074,0.0,0.2227149084388808,0.9146378118425007,0.09891725670261313,18007.0,0.8012906097018246,0.3999988291974734,facebook_seed8_dspar.json
facebook,resistance_style_proxy,Resistance proxy,dspar,8,0.7,0.895456879184652,0.8878777866768869,0.8987538940809969,0.8739232576350823,0.04084804199919745,0.02083587500055728,0.14882064975522918,0.0,0.16762687191648906,0.9407874962428614,0.07608620066497167,19125.0,0.8510458388963061,0.3000005854012633,facebook_seed8_dspar.json
facebook,resistance_style_proxy,Resistance proxy,dspar,8,0.8,0.900665333980964,0.8875409216530212,0.9043168669336894,0.8753894080996885,0.04084804199919745,0.021102458000314073,0.09928793947485537,0.0,0.11027317146057294,0.9633303276224827,0.05116416524388209,20238.0,0.90057854917668,0.20000234160505317,facebook_seed8_dspar.json
facebook,resistance_style_proxy,Resistance proxy,dspar,8,0.9,0.8992884150774417,0.8880958568346463,0.9025367156208278,0.8770555990602976,0.04084804199919745,0.018016209000052186,0.05558522474410325,0.0,0.006926462505980284,0.9906822963630899,0.029109036416247798,21222.0,0.9444147752558968,0.09999824379621011,facebook_seed8_dspar.json
facebook,resistance_style_proxy,Resistance proxy,dspar,9,0.1,0.8975294232181549,0.9032216453580455,0.9043168669336894,0.85062893081761,0.0348002919999999,0.026667833000828978,0.6618602581219404,0.0023545240497813654,0.7893254480851404,0.45175834084761046,0.27719238736576113,7574.0,0.33684913217623497,0.9000017562037899,facebook_seed9_dspar.json
facebook,resistance_style_proxy,Resistance proxy,dspar,9,0.2,0.8864139099742671,0.8975229530082938,0.8938584779706275,0.8364779874213837,0.0348002919999999,0.028876791999209672,0.5106364040943481,0.0006727211570803902,0.6190121567123438,0.628794709948903,0.2195427553185561,10967.0,0.487716955941255,0.7999976583949469,facebook_seed9_dspar.json
facebook,resistance_style_proxy,Resistance proxy,dspar,9,0.3,0.8875220287607395,0.8964561385398793,0.8940809968847352,0.8424336973478939,0.0348002919999999,0.028102374999434687,0.40017801513128615,0.0,0.48125969712828237,0.7424105801021942,0.17807269865190195,13438.0,0.5977303070761014,0.6999994145987367,facebook_seed9_dspar.json
facebook,resistance_style_proxy,Resistance proxy,dspar,9,0.4,0.8863271203456254,0.8941662199910141,0.8940809968847352,0.834920634920635,0.0348002919999999,0.025919584000803297,0.3170894526034713,0.0,0.36283013037225614,0.8235647730688308,0.1453739151691336,15345.0,0.6828215398308857,0.6000011708025266,facebook_seed9_dspar.json
facebook,resistance_style_proxy,Resistance proxy,dspar,9,0.5,0.8819220045768993,0.8961707065937499,0.8911882510013351,0.8211189913317573,0.0348002919999999,0.02537879199735471,0.25202492211838007,0.0,0.28608880053214053,0.8779681394649834,0.12150437495614813,16803.0,0.7477080551846907,0.4999970729936835,facebook_seed9_dspar.json
facebook,resistance_style_proxy,Resistance proxy,dspar,9,0.6,0.8800170665064884,0.894155499874746,0.8889630618602581,0.8213716108452951,0.0348002919999999,0.025191917000483954,0.19857587894971074,0.0,0.2227149084388808,0.9146378118425007,0.09891725670261313,18007.0,0.8012906097018246,0.3999988291974734,facebook_seed9_dspar.json
facebook,resistance_style_proxy,Resistance proxy,dspar,9,0.7,0.879704343971133,0.8948507475048263,0.8876279483756119,0.8288,0.0348002919999999,0.02145516600285191,0.14882064975522918,0.0,0.16762687191648906,0.9407874962428614,0.07608620066497167,19125.0,0.8510458388963061,0.3000005854012633,facebook_seed9_dspar.json
facebook,resistance_style_proxy,Resistance proxy,dspar,9,0.8,0.8811408579643167,0.8958664681368903,0.8887405429461505,0.831230283911672,0.0348002919999999,0.020643833002395695,0.09928793947485537,0.0,0.11027317146057294,0.9633303276224827,0.05116416524388209,20238.0,0.90057854917668,0.20000234160505317,facebook_seed9_dspar.json
facebook,resistance_style_proxy,Resistance proxy,dspar,9,0.9,0.8856067279297372,0.8949493212442428,0.8931909212283045,0.8350116189000775,0.0348002919999999,0.020912457999656908,0.05558522474410325,0.0,0.006926462505980284,0.9906822963630899,0.029109036416247798,21222.0,0.9444147752558968,0.09999824379621011,facebook_seed9_dspar.json
github,cailp_a31,Task-only,cailp_a31,0,0.1,0.810016846220361,0.8056414629888472,0.8647214854111406,0.7080709788208357,542.4184604999999,0.09764279199998782,0.7711140583554377,0.14100362526235452,0.7974400552910551,0.3318615874319745,0.15788124511727197,8628.0,0.22877984084880637,0.9000010380515081,github_seed0_cailp_a31.json
github,cailp_a31,Task-only,cailp_a31,0,0.2,0.8020662295508898,0.8067823037673161,0.859681697612732,0.6952764976958525,542.4184604999999,0.05476904200008903,0.6507692307692308,0.09578324747185651,0.644818239929664,0.4823903891569976,0.14636330452496324,13167.0,0.34923076923076923,0.7999986159313225,github_seed0_cailp_a31.json
github,cailp_a31,Task-only,cailp_a31,0,0.3,0.7970431458130325,0.8016866518628176,0.8549071618037135,0.688673875924872,542.4184604999999,0.04378462500017122,0.5486737400530504,0.07918336195382561,0.5155000888958532,0.6007803675942088,0.13361541074783723,17016.0,0.4513262599469496,0.6999996539828306,github_seed0_cailp_a31.json
github,cailp_a31,Task-only,cailp_a31,0,0.4,0.8024496122939706,0.8068681135399364,0.8578249336870026,0.6978579481397971,542.4184604999999,0.04205883300005553,0.39854111405835546,0.05189849265407365,0.41088931758677105,0.7283088612793921,0.10547292533551605,22676.0,0.6014588859416445,0.6000006920343387,github_seed0_cailp_a31.json
github,cailp_a31,Task-only,cailp_a31,0,0.5,0.8006169194019714,0.8083555626883392,0.8563660477453581,0.6951871657754011,542.4184604999999,0.10859974999993938,0.3044031830238727,0.0,0.3118457334708573,0.8129171372830886,0.08976553749370673,26225.0,0.6955968169761273,0.49999826991415314,github_seed0_cailp_a31.json
github,cailp_a31,Task-only,cailp_a31,0,0.6,0.8029474724580248,0.8114422541903458,0.8584880636604775,0.6983319197059655,542.4184604999999,0.04165854200005015,0.22058355437665783,0.0,0.2262918626079339,0.8784269432179895,0.06674666545998562,29385.0,0.7794164456233422,0.39999930796566124,github_seed0_cailp_a31.json
github,cailp_a31,Task-only,cailp_a31,0,0.7,0.8036938605343951,0.8091541090189858,0.8588859416445623,0.6996047430830039,542.4184604999999,0.037714333000167244,0.15477453580901857,0.0,0.1498025350215343,0.9208337611664442,0.0509654183154957,31866.0,0.8452254641909814,0.30000034601716935,github_seed0_cailp_a31.json
github,cailp_a31,Task-only,cailp_a31,0,0.8,0.8057484881658386,0.8102460091185777,0.8578249336870026,0.7051705170517052,542.4184604999999,0.036228292000032525,0.09312997347480106,0.0,0.0863508770977889,0.959441421090461,0.032435255465941164,34190.0,0.906870026525199,0.20000138406867748,github_seed0_cailp_a31.json
github,cailp_a31,Task-only,cailp_a31,0,0.9,0.806111487947281,0.8101030227049834,0.8579575596816976,0.7058500411974732,542.4184604999999,0.03361004199996387,0.0486737400530504,0.0,0.03629377698541286,0.9816202895574494,0.018974350588466218,35866.0,0.9513262599469496,0.09999896194849188,github_seed0_cailp_a31.json
github,cailp_a31,Task-only,cailp_a31,1,0.1,0.803232770453565,0.8043901815222527,0.8608753315649867,0.6967331598727956,652.8607751669997,0.09919641699980275,0.893315649867374,0.5949246327036825,0.8107988849271743,0.16962727179381867,0.1814578253298921,3901.0,0.15106100795755967,0.9000010380515081,github_seed1_cailp_a31.json
github,cailp_a31,Task-only,cailp_a31,1,0.2,0.8107057004957768,0.8043279031162733,0.8636604774535809,0.7105855855855856,652.8607751669997,0.05754091700009667,0.8649867374005306,0.5216561724861668,0.7274576335791321,0.20956977102371907,0.0701403305830908,4987.0,0.18888594164456235,0.7999986159313225,github_seed1_cailp_a31.json
github,cailp_a31,Task-only,cailp_a31,1,0.3,0.8013797772118656,0.8019599454796893,0.860079575596817,0.6934030804998547,652.8607751669997,0.04373429099996429,0.8590981432360743,0.5088723526044648,0.6732846048648985,0.21737344696580757,0.0330937513095131,5213.0,0.19763925729442972,0.6999996539828306,github_seed1_cailp_a31.json
github,cailp_a31,Task-only,cailp_a31,1,0.4,0.8055994435720779,0.8024415598820568,0.8619363395225464,0.7009480034472853,652.8607751669997,0.04418904100020882,0.8548010610079576,0.499141385231826,0.6166016269547013,0.22466372317486394,0.014272748524035685,5386.0,0.2055968169761273,0.6000006920343387,github_seed1_cailp_a31.json
github,cailp_a31,Task-only,cailp_a31,1,0.5,0.8045852779776272,0.8012032949930131,0.8607427055702918,0.6998284734133791,652.8607751669997,0.042034500000227126,0.8489920424403183,0.49055523755008584,0.5565997266775121,0.23205667933052676,0.006037367041766355,5608.0,0.21721485411140584,0.49999826991415314,github_seed1_cailp_a31.json
github,cailp_a31,Task-only,cailp_a31,1,0.6,0.8043407772586243,0.7981965686892707,0.859681697612732,0.7002832861189802,652.8607751669997,0.038053166000281635,0.8289655172413793,0.48292310627742796,0.4790040962390015,0.2396549953794024,0.0024216189889891978,6368.0,0.263315649867374,0.39999930796566124,github_seed1_cailp_a31.json
github,cailp_a31,Task-only,cailp_a31,1,0.7,0.7997323733743522,0.7988542000360007,0.856631299734748,0.6929849474581085,652.8607751669997,0.03660375000072236,0.7713262599469496,0.4695668765502767,0.3522316363870634,0.2638874627785194,0.000463808654607878,8532.0,0.35217506631299733,0.30000034601716935,github_seed1_cailp_a31.json
github,cailp_a31,Task-only,cailp_a31,1,0.8,0.7991086012311416,0.7966986685630753,0.8557029177718833,0.6924816280384398,652.8607751669997,0.03587933400012844,0.6608488063660477,0.45029574508681547,0.22064141095068235,0.3600985727487422,2.9210066636475387e-05,12681.0,0.48339522546419095,0.20000138406867748,github_seed1_cailp_a31.json
github,cailp_a31,Task-only,cailp_a31,1,0.9,0.7896288709374354,0.7918399251482154,0.8490716180371353,0.6778029445073612,652.8607751669997,0.04111270800058264,0.46583554376657826,0.41576035107803855,0.1089764933031891,0.5341410822466373,0.0,19962.0,0.6480636604774536,0.09999896194849188,github_seed1_cailp_a31.json
github,cailp_a31,Task-only,cailp_a31,2,0.1,0.81277408537666,0.8167723482498221,0.86657824933687,0.7124070897655803,681.4282615420007,0.1058134169998084,0.9920689655172413,0.9952299179545888,0.9210244625822129,0.00503131738371496,0.11567847312413518,269.0,0.06408488063660478,0.9000010380515081,github_seed2_cailp_a31.json
github,cailp_a31,Task-only,cailp_a31,2,0.2,0.8115801343538389,0.8141539431512561,0.8659151193633953,0.7103981667144085,681.4282615420007,0.0573701670000446,0.9888594164456234,0.994466704827323,0.8379448956039578,0.0070849163158435155,0.10370877469253556,381.0,0.08435013262599478,0.7999986159313225,github_seed2_cailp_a31.json
github,cailp_a31,Task-only,cailp_a31,2,0.3,0.810174640079995,0.8153094528266671,0.8644562334217507,0.7086659064994298,681.4282615420007,0.0443283340000562,0.98684350132626,0.9942759015455066,0.764679293510952,0.00821439572851422,0.0936549776593877,446.0,0.09395225464190982,0.6999996539828306,github_seed2_cailp_a31.json
github,cailp_a31,Task-only,cailp_a31,2,0.4,0.808526782269148,0.8163833726931662,0.8636604774535809,0.7057813394390383,681.4282615420007,0.042004333000477345,0.9859151193633953,0.9940850982636902,0.6987890253511405,0.009138515247972072,0.08334556485428107,478.0,0.10029177718832893,0.6000006920343387,github_seed2_cailp_a31.json
github,cailp_a31,Task-only,cailp_a31,2,0.5,0.8088572014939603,0.8138270525440134,0.8627320954907162,0.7073791348600509,681.4282615420007,0.04008216700003686,0.9849867374005306,0.9940850982636902,0.6318280996505131,0.00965191498100421,0.07066596182853219,512.0,0.11806366047745365,0.49999826991415314,github_seed2_cailp_a31.json
github,cailp_a31,Task-only,cailp_a31,2,0.6,0.8093822450138483,0.8127857374860155,0.8624668435013263,0.7087896658242067,681.4282615420007,0.03854966700055229,0.9842705570291778,0.9940850982636902,0.5713979584540523,0.009857274874217066,0.053510180123150945,538.0,0.17281167108753326,0.39999930796566124,github_seed2_cailp_a31.json
github,cailp_a31,Task-only,cailp_a31,2,0.7,0.8080466860539122,0.808793695380774,0.8620689655172413,0.7062146892655368,681.4282615420007,0.036472583999966446,0.9754907161803713,0.9935126884182408,0.4922083017351515,0.012732313379197042,0.03931429749917934,809.0,0.2411671087533157,0.30000034601716935,github_seed2_cailp_a31.json
github,cailp_a31,Task-only,cailp_a31,2,0.8,0.8017517138197026,0.8056304771435252,0.8578249336870026,0.6963172804532578,681.4282615420007,0.037684707999687816,0.8773474801061008,0.8610952108376264,0.3642105878237467,0.049902454050723896,0.03782172599465412,3292.0,0.3537931034482759,0.20000138406867748,github_seed2_cailp_a31.json
github,cailp_a31,Task-only,cailp_a31,2,0.9,0.7995390036182397,0.8039091844658031,0.8489389920424403,0.7000263365815117,681.4282615420007,0.034621416999470966,0.5306631299734748,0.7960312917382178,0.18366958584308932,0.16706027312865798,0.024237758410172332,11162.0,0.5667108753315651,0.09999896194849188,github_seed2_cailp_a31.json
github,cailp_a31,Task-only,cailp_a31,3,0.1,0.8191913588204518,0.8121740758472493,0.8680371352785146,0.7252140292736813,511.06782204199953,0.09344512499956181,0.9007427055702918,0.7893531768746422,0.8810191814324906,0.08276003696478078,0.10272352361733439,3468.0,0.1746419098143236,0.9000010380515081,github_seed3_cailp_a31.json
github,cailp_a31,Task-only,cailp_a31,3,0.2,0.8145496079424631,0.8086392653341424,0.8648541114058356,0.7179629117077221,511.06782204199953,0.05298854200009373,0.8707161803713528,0.7710360618202633,0.7732084803957495,0.10401478591231132,0.08128507658236847,4471.0,0.23472148541114057,0.7999986159313225,github_seed3_cailp_a31.json
github,cailp_a31,Task-only,cailp_a31,3,0.3,0.8195788865353065,0.8077541469399467,0.8671087533156498,0.726975476839237,511.06782204199953,0.04244329200082575,0.8502917771883289,0.7635947338294219,0.6707627232594197,0.11489886025259267,0.06816587982442159,5093.0,0.273342175066313,0.6999996539828306,github_seed3_cailp_a31.json
github,cailp_a31,Task-only,cailp_a31,3,0.4,0.8194513508984574,0.8042921628643166,0.8659151193633953,0.7278600269179004,511.06782204199953,0.04566599999998289,0.8348541114058355,0.7611142911658081,0.5834245014222051,0.12085429715576548,0.059390519208390606,5570.0,0.30164456233421755,0.6000006920343387,github_seed3_cailp_a31.json
github,cailp_a31,Task-only,cailp_a31,3,0.5,0.8163508067673295,0.8038789838014178,0.8640583554376657,0.7227481741952935,511.06782204199953,0.03872770900125033,0.8202917771883289,0.7599694714749093,0.49191093062209174,0.12465345518020331,0.05218032877171209,5987.0,0.32806366047745356,0.49999826991415314,github_seed3_cailp_a31.json
github,cailp_a31,Task-only,cailp_a31,3,0.6,0.8153715868135909,0.801734652748274,0.8620689655172413,0.7225186766275347,511.06782204199953,0.03719670899954508,0.8041114058355437,0.7597786681930929,0.4053815990919509,0.12763117363178972,0.04724842723925342,6396.0,0.35774535809018565,0.39999930796566124,github_seed3_cailp_a31.json
github,cailp_a31,Task-only,cailp_a31,3,0.7,0.8120694873466257,0.8002388013041251,0.860079575596817,0.7170823277017967,511.06782204199953,0.03504237500055751,0.7788594164456233,0.7584430452203778,0.3280714625996214,0.13379197042817537,0.04556476200665469,7056.0,0.399814323607427,0.30000034601716935,github_seed3_cailp_a31.json
github,cailp_a31,Task-only,cailp_a31,3,0.8,0.8070674547165373,0.7988256189233277,0.8559681697612732,0.7099358974358975,511.06782204199953,0.07405675000154588,0.7163129973474801,0.7571074222476627,0.2618124222188865,0.14960468220556525,0.042186377859467,8629.0,0.4554111405835544,0.20000138406867748,github_seed3_cailp_a31.json
github,cailp_a31,Task-only,cailp_a31,3,0.9,0.8080252704728563,0.799910602575512,0.8539787798408488,0.714100233705531,511.06782204199953,0.03496162500050559,0.5392838196286472,0.6557908796031292,0.19567234685616658,0.198993736523257,0.026665834165834366,12535.0,0.5457294429708224,0.09999896194849188,github_seed3_cailp_a31.json
github,cailp_a31,Task-only,cailp_a31,4,0.1,0.8145620511197526,0.8204567689861808,0.8680371352785146,0.7149813806932112,430.31303545800074,0.09279008299927227,0.9468965517241379,0.7908796031291738,0.8077535793394847,0.08152787760550365,0.15235126509555186,1937.0,0.13384615384615384,0.9000010380515081,github_seed4_cailp_a31.json
github,cailp_a31,Task-only,cailp_a31,4,0.2,0.8095163740482614,0.8173283433987655,0.8635278514588859,0.7080851063829787,430.31303545800074,0.05490645899953961,0.8989655172413793,0.7101698149208167,0.6609725679505645,0.15453331964267378,0.1446333303994751,3744.0,0.2136870026525199,0.7999986159313225,github_seed4_cailp_a31.json
github,cailp_a31,Task-only,cailp_a31,4,0.3,0.8103298710432862,0.8133110466101217,0.8619363395225464,0.7113945106736901,430.31303545800074,0.04380104099982418,0.7875331564986737,0.6697195191757298,0.54258660325297,0.2770304959441421,0.10484546154123685,7839.0,0.35936339522546423,0.6999996539828306,github_seed4_cailp_a31.json
github,cailp_a31,Task-only,cailp_a31,4,0.4,0.8108292061745628,0.8080700735578784,0.8618037135278515,0.7126309983452841,430.31303545800074,0.04949704099999508,0.5864721485411141,0.6210646823125358,0.4255567071784176,0.46103296026286067,0.08132986093002924,14894.0,0.5175331564986737,0.6000006920343387,github_seed4_cailp_a31.json
github,cailp_a31,Task-only,cailp_a31,4,0.5,0.8074097841431779,0.8094414564976145,0.8583554376657825,0.7083560895685418,430.31303545800074,0.039382833001582185,0.42572944297082227,0.5754626979584049,0.3216834803111822,0.6343567101345108,0.07316598449373218,21506.0,0.6145623342175066,0.49999826991415314,github_seed4_cailp_a31.json
github,cailp_a31,Task-only,cailp_a31,4,0.6,0.809602049766085,0.8087875069620087,0.8627320954907162,0.709024458813607,430.31303545800074,0.03874145800000406,0.33511936339522547,0.5390192711314634,0.23266795391883524,0.7221480644830065,0.0648389659786404,25018.0,0.6707161803713528,0.39999930796566124,github_seed4_cailp_a31.json
github,cailp_a31,Task-only,cailp_a31,4,0.7,0.8095471886375301,0.8120017637286606,0.8576923076923076,0.7137903440917578,430.31303545800074,0.03678429199862876,0.2627055702917772,0.5102079755771799,0.15817709776636263,0.7813943936749153,0.05090930229267937,27751.0,0.7350663129973475,0.30000034601716935,github_seed4_cailp_a31.json
github,cailp_a31,Task-only,cailp_a31,4,0.8,0.8111306314090642,0.815398121756603,0.8582228116710875,0.7168211920529801,430.31303545800074,0.03546049999931711,0.16803713527851458,0.48635756535012403,0.0943447835494856,0.8692884279700175,0.03471019686910996,31311.0,0.8293103448275863,0.20000138406867748,github_seed4_cailp_a31.json
github,cailp_a31,Task-only,cailp_a31,4,0.9,0.8082323489599692,0.8169122107983037,0.8541114058355438,0.7144340602284528,430.31303545800074,0.03199950000089302,0.12172413793103448,0.47071169624117537,0.044775406865388695,0.8952664544614437,0.023043010715573183,33047.0,0.8751193633952254,0.09999896194849188,github_seed4_cailp_a31.json
github,cailp_a31,Task-only,cailp_a31,5,0.1,0.8021743407636818,0.8110869364961771,0.8602122015915119,0.6950231481481481,458.47637704200133,0.09635012499893492,0.8769230769230769,0.4581186796412898,0.7545798346795216,0.215319848033679,0.18355253363004545,4641.0,0.15082228116710877,0.9000010380515081,github_seed5_cailp_a31.json
github,cailp_a31,Task-only,cailp_a31,5,0.2,0.8006925437666814,0.8063920986530291,0.859681697612732,0.6922629435718441,458.47637704200133,0.05319891699946311,0.7555702917771884,0.14310246136233543,0.6117243650505917,0.37550056473970633,0.18683089392869923,9216.0,0.24909814323607427,0.7999986159313225,github_seed5_cailp_a31.json
github,cailp_a31,Task-only,cailp_a31,5,0.3,0.7962440236274226,0.8084070737324683,0.8554376657824934,0.6864211737629459,458.47637704200133,0.043364417000702815,0.656472148541114,0.10112573936271704,0.5007494210294644,0.48495738782215836,0.16496919877339805,12952.0,0.3593103448275862,0.6999996539828306,github_seed5_cailp_a31.json
github,cailp_a31,Task-only,cailp_a31,5,0.4,0.7977550782125197,0.8092718142447545,0.8557029177718833,0.6894977168949772,458.47637704200133,0.04998712499946123,0.563315649867374,0.0045792787635947334,0.3911781371628486,0.5918472122394496,0.13966648676626622,16464.0,0.45084880636604774,0.6000006920343387,github_seed5_cailp_a31.json
github,cailp_a31,Task-only,cailp_a31,5,0.5,0.7950739925962025,0.805520500175827,0.8518567639257294,0.6872024642957155,458.47637704200133,0.03888479200031725,0.5022811671087534,0.003816065636328945,0.29836791119540484,0.6568436184413184,0.12324954481663411,18765.0,0.5174535809018568,0.49999826991415314,github_seed5_cailp_a31.json
github,cailp_a31,Task-only,cailp_a31,5,0.6,0.7968416135816574,0.8074558942109988,0.8570291777188329,0.6862630966239813,458.47637704200133,0.044830415999967954,0.4512466843501326,0.003243655790879603,0.2149076810186885,0.7090050313173837,0.10285516658647564,20689.0,0.5736870026525199,0.39999930796566124,github_seed5_cailp_a31.json
github,cailp_a31,Task-only,cailp_a31,5,0.7,0.7980666024283551,0.8070611258186049,0.8550397877984085,0.6908062234794908,458.47637704200133,0.035502167000231566,0.4210079575596817,0.0030528525090631558,0.1597116415377453,0.7377554163671834,0.04697459848929214,21829.0,0.5996021220159151,0.30000034601716935,github_seed5_cailp_a31.json
github,cailp_a31,Task-only,cailp_a31,5,0.8,0.7993323501329812,0.8107053634181132,0.8549071618037135,0.6937290033594625,458.47637704200133,0.03418920799958869,0.39286472148541113,0.0028620492272467086,0.10758469650489699,0.766197761577164,0.004066649653449305,22890.0,0.6207957559681697,0.20000138406867748,github_seed5_cailp_a31.json
github,cailp_a31,Task-only,cailp_a31,5,0.9,0.8027751762216995,0.8121518703608339,0.8557029177718833,0.7006053935057788,458.47637704200133,0.03238395900007163,0.28445623342175064,0.0022896393817973667,0.049105442116223,0.8400246431871855,0.0,26977.0,0.7155437665782494,0.09999896194849188,github_seed5_cailp_a31.json
github,cailp_a31,Task-only,cailp_a31,6,0.1,0.8220198180432986,0.8095279936296988,0.8714854111405835,0.7281907433380084,418.7299587920006,0.09511195799859706,0.913474801061008,0.9173821789734783,0.7769318341056194,0.08881815381456001,0.12067036890449291,2974.0,0.17360742705570292,0.9000010380515081,github_seed6_cailp_a31.json
github,cailp_a31,Task-only,cailp_a31,6,0.2,0.8141011030883933,0.8064891929024319,0.8664456233421751,0.715456343599887,418.7299587920006,0.05473758399966755,0.8148541114058355,0.714176683838962,0.6432004040728799,0.17558270869699147,0.09925812816835432,6230.0,0.2635809018567639,0.7999986159313225,github_seed6_cailp_a31.json
github,cailp_a31,Task-only,cailp_a31,6,0.3,0.8117318265826308,0.8058226446539722,0.8614058355437666,0.7150259067357513,418.7299587920006,0.04433325000172772,0.7290716180371353,0.6542644533485976,0.5309406820513008,0.23934695553958313,0.08267592480276514,8449.0,0.3430238726790451,0.6999996539828306,github_seed6_cailp_a31.json
github,cailp_a31,Task-only,cailp_a31,6,0.4,0.8162919782744289,0.8056396358384791,0.8660477453580901,0.7206858407079646,418.7299587920006,0.05065854200074682,0.6159946949602122,0.6161037969853081,0.43106442567323777,0.29274052777492554,0.06883551142857694,10905.0,0.41575596816976124,0.6000006920343387,github_seed6_cailp_a31.json
github,cailp_a31,Task-only,cailp_a31,6,0.5,0.8105571646275531,0.802680460832796,0.8628647214854112,0.7110117384013416,418.7299587920006,0.040655708999111084,0.47148541114058357,0.5867200915855753,0.32961789734854186,0.3407947427867338,0.05744982328647108,13502.0,0.48159151193633953,0.49999826991415314,github_seed6_cailp_a31.json
github,cailp_a31,Task-only,cailp_a31,6,0.6,0.8084541872295801,0.8005234363168257,0.8563660477453581,0.7126558768904219,418.7299587920006,0.043735999999626074,0.31716180371352787,0.5737454684220569,0.2534259546858612,0.3761166444193449,0.04832230073500892,16018.0,0.5394429708222812,0.39999930796566124,github_seed6_cailp_a31.json
github,cailp_a31,Task-only,cailp_a31,6,0.7,0.8081963850948712,0.801310131664202,0.8554376657824934,0.7130068457082676,418.7299587920006,0.03706154199971934,0.20477453580901855,0.560580041976722,0.19513703189641782,0.4056884690419961,0.04510341615277886,17832.0,0.5783289124668435,0.30000034601716935,github_seed6_cailp_a31.json
github,cailp_a31,Task-only,cailp_a31,6,0.8,0.8097259062776305,0.8024484435034893,0.8572944297082228,0.7145888594164457,418.7299587920006,0.037486791999981506,0.07612732095490717,0.5468422056859378,0.1423558276017946,0.43731389259677583,0.037192270194535644,19835.0,0.62,0.20000138406867748,github_seed6_cailp_a31.json
github,cailp_a31,Task-only,cailp_a31,6,0.9,0.8077928891086629,0.8020109791384014,0.8554376657824934,0.7120972002113048,418.7299587920006,0.03350358300122025,0.027824933687002652,0.531577943140622,0.09872240342645995,0.4710955950302906,0.026115890921273137,21968.0,0.6613527851458886,0.09999896194849188,github_seed6_cailp_a31.json
github,cailp_a31,Task-only,cailp_a31,7,0.1,0.8129603644171499,0.810553640532815,0.8640583554376657,0.7151986662961934,445.2769985420018,0.0932991250010673,0.9510875331564986,0.7546269795840489,0.9061072381663395,0.06222404764349523,0.13096117926130238,1788.0,0.066657824933687,0.9000010380515081,github_seed7_cailp_a31.json
github,cailp_a31,Task-only,cailp_a31,7,0.2,0.8170420821643763,0.8147241614575115,0.8659151193633953,0.7224814713148504,445.2769985420018,0.05442283299998962,0.9488594164456233,0.7471856515932074,0.83600587905772,0.06633124550775234,0.11370993214373884,1871.0,0.07055702917771883,0.7999986159313225,github_seed7_cailp_a31.json
github,cailp_a31,Task-only,cailp_a31,7,0.3,0.8126182177949406,0.8133509850541227,0.8648541114058356,0.7136836189940995,445.2769985420018,0.042074917000718415,0.946923076923077,0.7410799465750811,0.7714122660652388,0.06992504363897731,0.07072505817892596,1945.0,0.07344827586206895,0.6999996539828306,github_seed7_cailp_a31.json
github,cailp_a31,Task-only,cailp_a31,7,0.4,0.810926281163739,0.8146769662921348,0.8640583554376657,0.7106971493084956,445.2769985420018,0.04481337499964866,0.9449867374005305,0.735928257966037,0.696290898079419,0.0736215217168087,0.05481777446383025,2020.0,0.07785145888594164,0.6000006920343387,github_seed7_cailp_a31.json
github,cailp_a31,Task-only,cailp_a31,7,0.5,0.8122519310162798,0.8107039257131474,0.8647214854111406,0.7129994372537986,445.2769985420018,0.03856312499920023,0.9409549071618037,0.7267697004388476,0.6100470881167777,0.08070643803265222,0.04535396527034179,2171.0,0.10350132625994701,0.49999826991415314,github_seed7_cailp_a31.json
github,cailp_a31,Task-only,cailp_a31,7,0.6,0.8082892272490285,0.81040192938744,0.8604774535809019,0.7082640044370494,445.2769985420018,0.03663925000000745,0.9288594164456233,0.7113146346117153,0.49059052112100404,0.10319334633945991,0.037893557222698604,2614.0,0.16586206896551714,0.39999930796566124,github_seed7_cailp_a31.json
github,cailp_a31,Task-only,cailp_a31,7,0.7,0.8026375521088374,0.8061352538556503,0.8584880636604775,0.6976480589402096,445.2769985420018,0.034523749996878905,0.9012732095490716,0.6891814539210075,0.36192660863297943,0.13892596775849678,0.026971565189029423,3595.0,0.253448275862069,0.30000034601716935,github_seed7_cailp_a31.json
github,cailp_a31,Task-only,cailp_a31,7,0.8,0.8031444215486059,0.8060384562442187,0.8557029177718833,0.7014270032930845,445.2769985420018,0.03327208400150994,0.8291777188328913,0.6649494371303186,0.2471688145823156,0.2071054523051648,0.015797054844411296,5940.0,0.39143236074270554,0.20000138406867748,github_seed7_cailp_a31.json
github,cailp_a31,Task-only,cailp_a31,7,0.9,0.7988840825206935,0.8033749369980346,0.8523872679045092,0.695152013147083,445.2769985420018,0.031899042001896305,0.5752785145888594,0.6244991413852318,0.1333507806449374,0.39264811582297976,0.00647429676690824,13748.0,0.5722281167108754,0.09999896194849188,github_seed7_cailp_a31.json
github,cailp_a31,Task-only,cailp_a31,8,0.1,0.802059268132683,0.8097994219146887,0.8619363395225464,0.6931918656056587,462.8347807909995,0.09446991599907051,0.8257294429708223,0.19805380652547225,0.7633945707531369,0.28791457028442347,0.17612932685380966,6562.0,0.17379310344827587,0.9000010380515081,github_seed8_cailp_a31.json
github,cailp_a31,Task-only,cailp_a31,8,0.2,0.7982071466318423,0.8093082353811123,0.8559681697612732,0.6902452937820879,462.8347807909995,0.05191945800106623,0.6549336870026525,0.00019080328181644724,0.6121288516361061,0.4920423041380019,0.16256240960667298,13009.0,0.3450132625994695,0.7999986159313225,github_seed8_cailp_a31.json
github,cailp_a31,Task-only,cailp_a31,8,0.3,0.8012171672584207,0.8087226976257179,0.856631299734748,0.6962629952233773,462.8347807909995,0.04149495800083969,0.5462334217506631,0.00019080328181644724,0.48426197990959485,0.6008830475408152,0.1350339163626382,17107.0,0.4537135278514589,0.6999996539828306,github_seed8_cailp_a31.json
github,cailp_a31,Task-only,cailp_a31,8,0.4,0.801101041992092,0.8094439183799096,0.8580901856763926,0.694634703196347,462.8347807909995,0.0425346250012808,0.5321750663129974,0.00019080328181644724,0.4118647644433293,0.6171064791046309,0.047567929318890395,17637.0,0.46777188328912467,0.6000006920343387,github_seed8_cailp_a31.json
github,cailp_a31,Task-only,cailp_a31,8,0.5,0.8002113611224939,0.8083374336579006,0.8574270557029178,0.6932952924393724,462.8347807909995,0.03736712500176509,0.5269761273209549,0.00019080328181644724,0.34129947767216534,0.6217270767019201,0.028872836649865733,17833.0,0.4729708222811671,0.49999826991415314,github_seed8_cailp_a31.json
github,cailp_a31,Task-only,cailp_a31,8,0.6,0.7984361054431248,0.8077029559432811,0.8553050397877984,0.6913719943422914,462.8347807909995,0.037729708001279505,0.5185145888594165,0.00019080328181644724,0.266487440830239,0.6304548721634665,0.01578983789756023,18152.0,0.48143236074270557,0.39999930796566124,github_seed8_cailp_a31.json
github,cailp_a31,Task-only,cailp_a31,8,0.7,0.8038102988236788,0.8097500984014858,0.8580901856763926,0.7006155567991047,462.8347807909995,0.034287833997950656,0.48342175066313,0.00019080328181644724,0.19957413428239962,0.6631070951843105,0.006577777080349965,19475.0,0.5165251989389921,0.30000034601716935,github_seed8_cailp_a31.json
github,cailp_a31,Task-only,cailp_a31,8,0.8,0.7991265548030674,0.8064011698966422,0.853448275862069,0.694667035092567,462.8347807909995,0.03204674999869894,0.4587267904509284,0.00019080328181644724,0.13235153802264432,0.7004825957490503,0.0017869675882610516,20400.0,0.5409283819628647,0.20000138406867748,github_seed8_cailp_a31.json
github,cailp_a31,Task-only,cailp_a31,8,0.9,0.7993254358315757,0.8055844951767506,0.849867374005305,0.6986155484558041,462.8347807909995,0.0306835420014977,0.3130503978779841,0.00019080328181644724,0.0714574622583095,0.7850908717527467,0.0,25882.0,0.6860742705570292,0.09999896194849188,github_seed8_cailp_a31.json
github,cailp_a31,Task-only,cailp_a31,9,0.1,0.8083536884827127,0.8128927793735382,0.8616710875331565,0.7072691552062869,438.12262429100156,0.09431804199994076,0.9462599469496021,0.7735165044838771,0.8976731791018446,0.0632508471095595,0.19488999589617365,2019.0,0.11244031830238727,0.9000010380515081,github_seed9_cailp_a31.json
github,cailp_a31,Task-only,cailp_a31,9,0.2,0.8073258917723635,0.8164769655580364,0.8608753315649867,0.705750350631136,438.12262429100156,0.05332487499981653,0.9316180371352785,0.721427208547987,0.8232061049044477,0.08399219632405791,0.08347911670560033,2563.0,0.13496021220159155,0.7999986159313225,github_seed9_cailp_a31.json
github,cailp_a31,Task-only,cailp_a31,9,0.3,0.8048349080395889,0.8161422475349246,0.8604774535809019,0.7006260671599317,438.12262429100156,0.042569208999339025,0.9290450928381963,0.7143674871207785,0.767665102778975,0.08738063456207003,0.052511648759744727,2653.0,0.13904509283819627,0.6999996539828306,github_seed9_cailp_a31.json
github,cailp_a31,Task-only,cailp_a31,9,0.4,0.8058750372735406,0.8175120034919249,0.8591511936339522,0.7041782729805014,438.12262429100156,0.041756332997465506,0.9261803713527852,0.7053997328754055,0.7045346462606721,0.09159051237293357,0.029588756392542638,2760.0,0.14450928381962863,0.6000006920343387,github_seed9_cailp_a31.json
github,cailp_a31,Task-only,cailp_a31,9,0.5,0.8012591632931454,0.8124687659671908,0.8580901856763926,0.6949828962371721,438.12262429100156,0.03861354100081371,0.916657824933687,0.6916618965846213,0.6240007704642897,0.09939418831502207,0.01657667902838315,3086.0,0.17350132625994696,0.49999826991415314,github_seed9_cailp_a31.json
github,cailp_a31,Task-only,cailp_a31,9,0.6,0.8026603532455285,0.8110463615205294,0.8567639257294429,0.6993318485523385,438.12262429100156,0.040687000000616536,0.8785145888594165,0.667239076512116,0.5096592849233823,0.11325598110688982,0.01062521562409826,4389.0,0.2484880636604775,0.39999930796566124,github_seed9_cailp_a31.json
github,cailp_a31,Task-only,cailp_a31,9,0.7,0.7958758538059139,0.8098815588064001,0.8557029177718833,0.6853672643146327,438.12262429100156,0.03474583400020492,0.806604774535809,0.6233543216943331,0.38848972662920367,0.15155560119108738,0.005711758409232739,6902.0,0.3447214854111406,0.30000034601716935,github_seed9_cailp_a31.json
github,cailp_a31,Task-only,cailp_a31,9,0.8,0.7913239180179806,0.8043601265410436,0.8527851458885941,0.6780742459396751,438.12262429100156,0.035818708998704096,0.6790185676392573,0.5592444190040069,0.26257374861580896,0.23934695553958313,0.0029920662017733535,11485.0,0.4690716180371353,0.20000138406867748,github_seed9_cailp_a31.json
github,cailp_a31,Task-only,cailp_a31,9,0.9,0.7884518737278166,0.8029299074093775,0.85,0.674344946731932,438.12262429100156,0.03261395899971831,0.4226259946949602,0.32608280862430833,0.13333887585674042,0.4833145086764555,0.0007976204027628647,20999.0,0.6347214854111406,0.09999896194849188,github_seed9_cailp_a31.json
github,cailp_social_multi,CILP,cailp_multi,0,0.1,0.8137036407073268,0.8132108522775857,0.8649867374005306,0.7159598214285714,625.2312147079999,0.09955916699982481,0.940053050397878,0.6952871589391337,0.9324562633242462,0.0614026080706438,0.08312498981924633,2198.0,0.07419098143236075,0.9000010380515081,github_seed0_cailp_multi.json
github,cailp_social_multi,CILP,cailp_multi,0,0.2,0.8118083659597228,0.8138857394457824,0.8641909814323607,0.712521055586749,625.2312147079999,0.055259916999602865,0.9387002652519894,0.6924251097118871,0.88705035153084,0.062326727590101653,0.06762927802442158,2247.0,0.07618037135278513,0.7999986159313225,github_seed0_cailp_multi.json
github,cailp_social_multi,CILP,cailp_multi,0,0.3,0.8144730869702154,0.8148779689425296,0.8647214854111406,0.7179203539823009,625.2312147079999,0.044591749999653985,0.9370026525198939,0.6887998473573745,0.8310453665001863,0.0639696067358045,0.05989507716590551,2307.0,0.07917771883289124,0.6999996539828306,github_seed0_cailp_multi.json
github,cailp_social_multi,CILP,cailp_multi,0,0.4,0.811588043528635,0.8137357216247416,0.8640583554376657,0.7121595057568099,625.2312147079999,0.04961066700025185,0.9341644562334217,0.6828849456210647,0.7597187809534184,0.06674196529417804,0.053671047803902104,2407.0,0.08413793103448275,0.6000006920343387,github_seed0_cailp_multi.json
github,cailp_social_multi,CILP,cailp_multi,0,0.5,0.8143595533150916,0.8143884689686216,0.8653846153846154,0.7170337329244494,625.2312147079999,0.040272834000006696,0.929973474801061,0.676206830757489,0.6752117442442577,0.07054112331861588,0.047984796802818315,2555.0,0.09,0.49999826991415314,github_seed0_cailp_multi.json
github,cailp_social_multi,CILP,cailp_multi,0,0.6,0.8148011691597279,0.8147963641891207,0.8643236074270557,0.7190332326283988,625.2312147079999,0.04195758299965746,0.923289124668435,0.6628506010303378,0.5766558973672823,0.07742067974124653,0.04335196931005446,2784.0,0.14323607427055707,0.39999930796566124,github_seed0_cailp_multi.json
github,cailp_social_multi,CILP,cailp_multi,0,0.7,0.8135385675305721,0.8133479788930437,0.8643236074270557,0.7162274618585298,625.2312147079999,0.036557207999976526,0.9129708222811671,0.6540736500667812,0.45835315570179347,0.08460827600369648,0.039865960712453574,3144.0,0.23018567639257292,0.30000034601716935,github_seed0_cailp_multi.json
github,cailp_social_multi,CILP,cailp_multi,0,0.8,0.812085774001045,0.8077067797295154,0.8615384615384616,0.7156862745098039,625.2312147079999,0.04162674999997762,0.856419098143236,0.6376645678305667,0.3174605121954954,0.11551493993223123,0.034912821307465536,4955.0,0.36153846153846153,0.20000138406867748,github_seed0_cailp_multi.json
github,cailp_social_multi,CILP,cailp_multi,0,0.9,0.8025717755647316,0.8013883711276537,0.8570291777188329,0.6988826815642458,625.2312147079999,0.03564825000012206,0.5545092838196286,0.6134325510398779,0.19940759154357426,0.19806961700379916,0.021301893320669583,12934.0,0.5647214854111406,0.09999896194849188,github_seed0_cailp_multi.json
github,cailp_social_multi,CILP,cailp_multi,1,0.1,0.8083300898769998,0.8060595462582437,0.8627320954907162,0.70621629293216,645.64877875,0.09222275000047375,0.999708222811671,1.0,0.9313141770542486,0.0,0.15017241023048927,11.0,0.058116710875331656,0.9000010380515081,github_seed1_cailp_multi.json
github,cailp_social_multi,CILP,cailp_multi,1,0.2,0.8126085905427662,0.8085074538901056,0.8643236074270557,0.7141659681475272,645.64877875,0.053115290999812714,0.9995225464190981,1.0,0.8627355259821105,0.0,0.14144455382865173,18.0,0.07074270557029183,0.7999986159313225,github_seed1_cailp_multi.json
github,cailp_social_multi,CILP,cailp_multi,1,0.3,0.8086928835088464,0.8058202420808653,0.863262599469496,0.7065186450327355,645.64877875,0.042502917000092566,0.9993633952254642,1.0,0.8000808742932305,0.00010267994660642776,0.1308496154026603,23.0,0.0765517241379311,0.6999996539828306,github_seed1_cailp_multi.json
github,cailp_social_multi,CILP,cailp_multi,1,0.4,0.8117382139748344,0.8085705963303245,0.8648541114058356,0.7117397454031117,645.64877875,0.04316137499972683,0.9992572944297082,1.0,0.7481085464950218,0.00010267994660642776,0.11252062124386364,27.0,0.08392572944297083,0.6000006920343387,github_seed1_cailp_multi.json
github,cailp_social_multi,CILP,cailp_multi,1,0.5,0.8086285209277976,0.8044511873442979,0.8628647214854112,0.7067498581962564,645.64877875,0.08046741700036364,0.9989389920424403,1.0,0.6858465042247776,0.00020535989321285552,0.08648630630561632,38.0,0.12358090185676396,0.49999826991415314,github_seed1_cailp_multi.json
github,cailp_social_multi,CILP,cailp_multi,1,0.6,0.8034376023591007,0.8026115936222311,0.8592838196286472,0.6986651519454701,645.64877875,0.0386243339999055,0.9973209549071618,1.0,0.5964622056115072,0.0003080398398192833,0.04079708848553407,96.0,0.19286472148541123,0.39999930796566124,github_seed1_cailp_multi.json
github,cailp_social_multi,CILP,cailp_multi,1,0.7,0.8063025244428045,0.8049276509081099,0.859946949602122,0.7043673012318029,645.64877875,0.03675799999928131,0.9890716180371353,1.0,0.490673771774428,0.0019509189855221275,0.035622433349443816,391.0,0.29034482758620683,0.30000034601716935,github_seed1_cailp_multi.json
github,cailp_social_multi,CILP,cailp_multi,1,0.8,0.8054446752051933,0.8032660708398456,0.8584880636604775,0.7038578961976131,645.64877875,0.03409079199991538,0.9431564986737401,0.9998091967181836,0.3538256626674535,0.01560735188417702,0.03282698176321699,1873.0,0.4183289124668435,0.20000138406867748,github_seed1_cailp_multi.json
github,cailp_social_multi,CILP,cailp_multi,1,0.9,0.8029211294670174,0.7998798613201448,0.8515915119363395,0.7049828631689955,645.64877875,0.032094416999825626,0.5384615384615384,0.9923678687273421,0.192924440002855,0.13255981106889825,0.02433297545366523,10929.0,0.5810344827586207,0.09999896194849188,github_seed1_cailp_multi.json
github,cailp_social_multi,CILP,cailp_multi,2,0.1,0.8123992899247188,0.8167864261388327,0.86657824933687,0.7115825688073395,604.2419493749994,0.09915308300060133,0.9930238726790451,0.9956115245182218,0.920501038600002,0.004517917650682822,0.11607861932556843,236.0,0.06328912466843506,0.9000010380515081,github_seed2_cailp_multi.json
github,cailp_social_multi,CILP,cailp_multi,2,0.2,0.8111343941837705,0.8141498492499837,0.8655172413793103,0.7097882083571837,604.2419493749994,0.056024874999820895,0.9903448275862069,0.9946575081091394,0.8384920739199261,0.0059554369031728106,0.10411042016216415,329.0,0.08236074270557037,0.7999986159313225,github_seed2_cailp_multi.json
github,cailp_social_multi,CILP,cailp_multi,2,0.3,0.8109906551270477,0.8161179774360692,0.8651193633952254,0.7098430813124108,604.2419493749994,0.04386845800036099,0.9884615384615385,0.994466704827323,0.7658688332058278,0.0070849163158435155,0.09419347998041652,392.0,0.09140583554376658,0.6999996539828306,github_seed2_cailp_multi.json
github,cailp_social_multi,CILP,cailp_multi,2,0.4,0.8085982175879254,0.8176822383180837,0.8637931034482759,0.7058149527356058,604.2419493749994,0.04461212499973044,0.9875331564986738,0.9942759015455066,0.7000023746224102,0.007700995995482083,0.0835247648693272,422.0,0.0970291777188329,0.6000006920343387,github_seed2_cailp_multi.json
github,cailp_social_multi,CILP,cailp_multi,2,0.5,0.8091490379309076,0.8143382695418911,0.863129973474801,0.7076487252124646,604.2419493749994,0.04220466700007819,0.9867639257294429,0.9942759015455066,0.6285806060127029,0.008522435568333504,0.07222104888323348,450.0,0.12607427055702924,0.49999826991415314,github_seed2_cailp_multi.json
github,cailp_social_multi,CILP,cailp_multi,2,0.6,0.8098968086766541,0.8143901380615881,0.8628647214854112,0.7095505617977528,604.2419493749994,0.037329249999856984,0.9859151193633953,0.9942759015455066,0.5709816499442959,0.008625115514939932,0.05363490997264686,477.0,0.17848806366047754,0.39999930796566124,github_seed2_cailp_multi.json
github,cailp_social_multi,CILP,cailp_multi,2,0.7,0.8063260158653036,0.809942030507878,0.8586206896551725,0.7056874654886803,604.2419493749994,0.03588004099947284,0.9780901856763926,0.9938942949818736,0.4916491910096679,0.011192114180100627,0.03901068701430946,730.0,0.2437665782493369,0.30000034601716935,github_seed2_cailp_multi.json
github,cailp_social_multi,CILP,cailp_multi,2,0.8,0.8026666572035143,0.8033168305227707,0.8591511936339522,0.6970907016543069,604.2419493749994,0.033973665999837976,0.8812466843501326,0.8639572600648732,0.36171248817334356,0.04856761474484033,0.037290361112725476,3147.0,0.35580901856763936,0.20000138406867748,github_seed2_cailp_multi.json
github,cailp_social_multi,CILP,cailp_multi,2,0.9,0.799117064859976,0.8048133448025181,0.8488063660477454,0.6992084432717678,604.2419493749994,0.03563600000052247,0.5383819628647215,0.7435603892386949,0.1895936404689842,0.16860047232775438,0.025250263146815027,11403.0,0.5628647214854112,0.09999896194849188,github_seed2_cailp_multi.json
github,cailp_social_multi,CILP,cailp_multi,3,0.1,0.82161349545618,0.810959901584851,0.870026525198939,0.7286821705426356,436.6106423330002,0.10040195799956564,0.9192838196286472,0.8042358328563252,0.897054627299331,0.0676660848136359,0.10105125477520756,2836.0,0.14488063660477452,0.9000010380515081,github_seed3_cailp_multi.json
github,cailp_social_multi,CILP,cailp_multi,3,0.2,0.8192920118626823,0.8077068448506937,0.8684350132625994,0.7250554323725056,436.6106423330002,0.06052454199925705,0.9087002652519894,0.797366914710933,0.8166872528097966,0.07526440086251156,0.08146039380809363,3199.0,0.16946949602122013,0.7999986159313225,github_seed3_cailp_multi.json
github,cailp_social_multi,CILP,cailp_multi,3,0.3,0.8188279243658195,0.8053828301527172,0.8677718832891247,0.7246616956641811,436.6106423330002,0.0697515409992775,0.9011671087533156,0.793932455638237,0.7329772568621493,0.08019303829962009,0.07059583068395141,3455.0,0.19668435013262597,0.6999996539828306,github_seed3_cailp_multi.json
github,cailp_social_multi,CILP,cailp_multi,3,0.4,0.8165750745305994,0.8055988510911187,0.8643236074270557,0.7229894394800975,436.6106423330002,0.04099187499923573,0.8954376657824934,0.7904979965655409,0.6467810108096592,0.08317075675120648,0.06426976532574558,3654.0,0.21339522546419099,0.6000006920343387,github_seed3_cailp_multi.json
github,cailp_social_multi,CILP,cailp_multi,3,0.5,0.8121440884521995,0.8012264663654578,0.8629973474801061,0.714404202377661,436.6106423330002,0.039417917001628666,0.8907957559681697,0.7885899637473764,0.5556123750327568,0.08584043536297362,0.0583975611283762,3806.0,0.22819628647214857,0.49999826991415314,github_seed3_cailp_multi.json
github,cailp_social_multi,CILP,cailp_multi,3,0.6,0.8162949004380298,0.8028778250411226,0.8641909814323607,0.7224932249322493,436.6106423330002,0.03756862499903946,0.8843766578249337,0.7855371112383133,0.4749952485829505,0.0891261936543793,0.054272238486317674,4005.0,0.2506100795755968,0.39999930796566124,github_seed3_cailp_multi.json
github,cailp_social_multi,CILP,cailp_multi,3,0.7,0.8108143557756309,0.7992887136815532,0.8612732095490716,0.7131102578167855,436.6106423330002,0.036042916999576846,0.8702387267904509,0.7817210456019843,0.40068279852552274,0.09559503029058425,0.05114863059114079,4437.0,0.2982758620689655,0.30000034601716935,github_seed3_cailp_multi.json
github,cailp_social_multi,CILP,cailp_multi,3,0.8,0.809958207744633,0.7990295710876607,0.8590185676392573,0.7133998382313292,436.6106423330002,0.03707424999993236,0.8256763925729443,0.7775233734020225,0.33599400247010236,0.10586302495122703,0.04369765191762999,5658.0,0.3655437665782493,0.20000138406867748,github_seed3_cailp_multi.json
github,cailp_social_multi,CILP,cailp_multi,3,0.9,0.8100346890046869,0.7991795283763832,0.8561007957559682,0.7164881107917429,436.6106423330002,0.03384112499952607,0.5435809018567639,0.6109521083762641,0.1989079771377573,0.20628401273231337,0.027757514516135364,12742.0,0.5426525198938992,0.09999896194849188,github_seed3_cailp_multi.json
github,cailp_social_multi,CILP,cailp_multi,4,0.1,0.8146214522264941,0.8184244780939514,0.8669761273209549,0.7161052929521653,448.8342567079999,0.09844383299969195,0.99342175066313,0.9988551803091014,0.8447016224920021,0.004825957490502105,0.14497106133403911,223.0,0.10671087533156498,0.9000010380515081,github_seed4_cailp_multi.json
github,cailp_social_multi,CILP,cailp_multi,4,0.2,0.8200327383660033,0.8195317997888811,0.8676392572944297,0.7274713271436374,448.8342567079999,0.057599792000473826,0.9731564986737401,0.9969471474909368,0.7313118570952138,0.015401991990964165,0.11733595449813142,914.0,0.19986737400530502,0.7999986159313225,github_seed4_cailp_multi.json
github,cailp_social_multi,CILP,cailp_multi,4,0.3,0.8159193376851256,0.816751799565615,0.8645888594164456,0.7212667212667213,448.8342567079999,0.043114792000778834,0.9521220159151194,0.9956115245182218,0.626724840119889,0.027004825957490503,0.10088357823538514,1613.0,0.2720954907161804,0.6999996539828306,github_seed4_cailp_multi.json
github,cailp_social_multi,CILP,cailp_multi,4,0.4,0.8136466718497355,0.8167208378475984,0.8623342175066313,0.7183939229517091,448.8342567079999,0.0410507080014213,0.9187267904509284,0.9933218851364244,0.5273600753145216,0.04240681794845467,0.08387306556777137,2642.0,0.32679045092838194,0.6000006920343387,github_seed4_cailp_multi.json
github,cailp_social_multi,CILP,cailp_multi,4,0.5,0.8132827929963373,0.8148059316302125,0.8610079575596817,0.7188841201716738,448.8342567079999,0.040311709000889095,0.8774270557029178,0.9896966227819118,0.4365007430601943,0.05986240887154739,0.07525976745633604,3762.0,0.3817241379310345,0.49999826991415314,github_seed4_cailp_multi.json
github,cailp_social_multi,CILP,cailp_multi,4,0.6,0.8113035031620603,0.8117146700505279,0.8587533156498673,0.7166799680766162,448.8342567079999,0.03791158300009556,0.8316710875331566,0.9835909177637855,0.3547892047358148,0.0776260396344594,0.06556474073418993,4915.0,0.43416445623342176,0.39999930796566124,github_seed4_cailp_multi.json
github,cailp_social_multi,CILP,cailp_multi,4,0.7,0.8113537362635164,0.811150921750283,0.8607427055702918,0.714828897338403,448.8342567079999,0.036090792000322836,0.7709814323607427,0.9784392291547415,0.28610343819122214,0.09959954820823493,0.0556573375004561,6309.0,0.48469496021220165,0.30000034601716935,github_seed4_cailp_multi.json
github,cailp_social_multi,CILP,cailp_multi,4,0.8,0.808868221595694,0.8086506557658245,0.8603448275862069,0.7096774193548387,448.8342567079999,0.03552312499959953,0.6854111405835543,0.9727151307002481,0.22773125093769564,0.1256802546462676,0.04346048364430474,8093.0,0.5320689655172415,0.20000138406867748,github_seed4_cailp_multi.json
github,cailp_social_multi,CILP,cailp_multi,4,0.9,0.8077917461138222,0.8033240665278683,0.8543766578249337,0.713166144200627,448.8342567079999,0.032414666000477155,0.5395490716180371,0.9614577370730777,0.17393889923258235,0.1735291097648629,0.020407487638098222,10777.0,0.5825464190981433,0.09999896194849188,github_seed4_cailp_multi.json
github,cailp_social_multi,CILP,cailp_multi,5,0.1,0.8016515934723006,0.8105097539926223,0.859814323607427,0.6942435637836274,475.6052425830003,0.11360741700082144,0.8715119363395225,0.3302804808242702,0.7365578635989286,0.20813225177122907,0.17757852259431622,4845.0,0.12848806366047746,0.9000010380515081,github_seed5_cailp_multi.json
github,cailp_social_multi,CILP,cailp_multi,5,0.2,0.8017041818862265,0.8076050453299777,0.860079575596817,0.6941142360104378,475.6052425830003,0.05452558300021337,0.7835809018567639,0.267506201106659,0.6053245055952738,0.33114282780572957,0.15394883085825195,8160.0,0.23952254641909815,0.7999986159313225,github_seed5_cailp_multi.json
github,cailp_social_multi,CILP,cailp_multi,5,0.3,0.804576295571577,0.8140395389164314,0.8608753315649867,0.6996850844546235,475.6052425830003,0.04515633299888577,0.7262068965517241,0.2365960694523946,0.5002141198803748,0.40948762706643393,0.14493397544162348,10322.0,0.31583554376657824,0.6999996539828306,github_seed5_cailp_multi.json
github,cailp_social_multi,CILP,cailp_multi,5,0.4,0.8012353113143865,0.8130692055865993,0.8583554376657825,0.6946826758147513,475.6052425830003,0.04729087499981688,0.6556498673740053,0.2140812821980538,0.3995527275289953,0.4898860252592669,0.12863050846097818,12961.0,0.40843501326259946,0.6000006920343387,github_seed5_cailp_multi.json
github,cailp_social_multi,CILP,cailp_multi,5,0.5,0.7951674205889316,0.807186392748025,0.8554376657824934,0.6840579710144927,475.6052425830003,0.03939291599999706,0.586684350132626,0.2011066590345354,0.3108345998710264,0.562172707670192,0.11540712470894898,15525.0,0.4919628647214854,0.49999826991415314,github_seed5_cailp_multi.json
github,cailp_social_multi,CILP,cailp_multi,5,0.6,0.7974322667104947,0.8074453191429529,0.8557029177718833,0.6887871853546911,475.6052425830003,0.037274583000908024,0.5189389920424403,0.19404693760732686,0.2295988663760699,0.6271691138720608,0.09621393463973486,18075.0,0.5583554376657824,0.39999930796566124,github_seed5_cailp_multi.json
github,cailp_social_multi,CILP,cailp_multi,5,0.7,0.7988845010788584,0.807756316065847,0.8563660477453581,0.6913650612710174,475.6052425830003,0.036583708999387454,0.440053050397878,0.18526998664377028,0.16725351820976508,0.6887770818359175,0.0798873405690204,21034.0,0.6048541114058356,0.30000034601716935,github_seed5_cailp_multi.json
github,cailp_social_multi,CILP,cailp_multi,5,0.8,0.799053395723768,0.8059023369759926,0.8545092838196287,0.6934898016205644,475.6052425830003,0.03373366599953442,0.39671087533156496,0.18240793741652356,0.11054672381784442,0.724201663415135,0.06335688349783075,22652.0,0.6340583554376658,0.20000138406867748,github_seed5_cailp_multi.json
github,cailp_social_multi,CILP,cailp_multi,5,0.9,0.8007746015103465,0.8109097572641994,0.853448275862069,0.6983346983346983,475.6052425830003,0.034933499999169726,0.3247480106100796,0.1801182980347262,0.06072753993083904,0.764041482698429,0.0001015150427662744,24882.0,0.6894960212201592,0.09999896194849188,github_seed5_cailp_multi.json
github,cailp_social_multi,CILP,cailp_multi,6,0.1,0.823271306714632,0.8093052554937907,0.8724137931034482,0.7300785634118967,448.9992049169996,0.09341416700044647,0.9450663129973474,0.8547987025376836,0.8644009257490458,0.04466577677379608,0.11188788171927916,1925.0,0.14679045092838194,0.9000010380515081,github_seed6_cailp_multi.json
github,cailp_social_multi,CILP,cailp_multi,6,0.2,0.8176494721696161,0.807779575502396,0.866710875331565,0.7230642050151557,448.9992049169996,0.05703041600099823,0.903315649867374,0.8229345544743369,0.7101612745308705,0.07475100112947941,0.08638208297459919,3329.0,0.21769230769230768,0.7999986159313225,github_seed6_cailp_multi.json
github,cailp_social_multi,CILP,cailp_multi,6,0.3,0.8208479911822887,0.8055127841055304,0.8690981432360743,0.727874276261373,448.9992049169996,0.04413041699990572,0.8804509283819628,0.8109139477199008,0.5942615046954822,0.09251463189239141,0.0718276676196052,4075.0,0.25925729442970824,0.6999996539828306,github_seed6_cailp_multi.json
github,cailp_social_multi,CILP,cailp_multi,6,0.4,0.8166762013729978,0.8074138785615967,0.8647214854111406,0.7228260869565217,448.9992049169996,0.041080749999309774,0.8638992042440319,0.8040450295745086,0.4908878922340638,0.10288530649964062,0.06240026515029926,4577.0,0.29053050397877983,0.6000006920343387,github_seed6_cailp_multi.json
github,cailp_social_multi,CILP,cailp_multi,6,0.5,0.8171464286492088,0.8056742136255313,0.8647214854111406,0.723876556578235,448.9992049169996,0.03869737499917392,0.8482228116710875,0.8004197672199962,0.4003497406691903,0.11294794126707054,0.054644458719817594,5004.0,0.32076923076923075,0.49999826991415314,github_seed6_cailp_multi.json
github,cailp_social_multi,CILP,cailp_multi,6,0.6,0.8183646383953518,0.8035067845421375,0.8671087533156498,0.7242707760044028,448.9992049169996,0.037039582999568665,0.833315649867374,0.799084144247281,0.3280000891130761,0.11972481774309478,0.047736848910427336,5389.0,0.3488328912466843,0.39999930796566124,github_seed6_cailp_multi.json
github,cailp_social_multi,CILP,cailp_multi,6,0.7,0.8138070837658612,0.8034492491403087,0.8608753315649867,0.7201920512136569,448.9992049169996,0.03533616599997913,0.8185411140583554,0.797366914710933,0.2722211569515737,0.12670705411233185,0.04122608335762813,5754.0,0.37363395225464197,0.30000034601716935,github_seed6_cailp_multi.json
github,cailp_social_multi,CILP,cailp_multi,6,0.8,0.8111598751973536,0.8036640353133928,0.8586206896551725,0.7164893617021276,448.9992049169996,0.033373790998666664,0.7903713527851459,0.7964128983018508,0.2282427701317096,0.13625628914672963,0.03183861007594305,6350.0,0.41371352785145893,0.20000138406867748,github_seed6_cailp_multi.json
github,cailp_social_multi,CILP,cailp_multi,6,0.9,0.8083255018419668,0.8025924096998016,0.8564986737400531,0.7122340425531914,448.9992049169996,0.03167799999937415,0.5320159151193634,0.7863003243655791,0.1863936969306661,0.17393982955128864,0.02647709570123381,11511.0,0.5602917771883289,0.09999896194849188,github_seed6_cailp_multi.json
github,cailp_social_multi,CILP,cailp_multi,7,0.1,0.8173228964222885,0.8123697300590351,0.8669761273209549,0.7220836796896647,436.430430417,0.09429525000086869,0.9684350132625995,0.8271322266742988,0.9256756716171715,0.033781702433514735,0.13219902932004127,1146.0,0.0469230769230769,0.9000010380515081,github_seed7_cailp_multi.json
github,cailp_social_multi,CILP,cailp_multi,7,0.2,0.8196589075686253,0.8139460211009946,0.8672413793103448,0.7270248159258249,436.430430417,0.0530990830011433,0.9676392572944297,0.8259874069834001,0.8595236638449362,0.03470582195297259,0.09475313342699035,1175.0,0.04949602122015917,0.7999986159313225,github_seed7_cailp_multi.json
github,cailp_social_multi,CILP,cailp_multi,7,0.3,0.8109993733400973,0.8099691468012078,0.8635278514588859,0.7113604488078541,436.430430417,0.04315862500152434,0.966816976127321,0.8240793741652357,0.7947278075596979,0.03542458157921758,0.0694282299226267,1203.0,0.05360742705570293,0.6999996539828306,github_seed7_cailp_multi.json
github,cailp_social_multi,CILP,cailp_multi,7,0.4,0.8150939816950166,0.8127909209951987,0.8645888594164456,0.7194284143995603,436.430430417,0.04027954200137174,0.9657029177718833,0.8212173249379889,0.7234844726663537,0.036862100831707566,0.05537091863041944,1241.0,0.06042440318302389,0.6000006920343387,github_seed7_cailp_multi.json
github,cailp_social_multi,CILP,cailp_multi,7,0.5,0.8128388397288757,0.8111097188128329,0.8627320954907162,0.7162051000822593,436.430430417,0.038446499998826766,0.9642970822281167,0.8175920625834764,0.6429267872935774,0.038402300030803985,0.04795134686189879,1291.0,0.10832891246684351,0.49999826991415314,github_seed7_cailp_multi.json
github,cailp_social_multi,CILP,cailp_multi,7,0.6,0.8050218228582067,0.8079242490524998,0.8574270557029178,0.7039383090057836,436.430430417,0.037386249998235144,0.9603713527851458,0.8114863575653501,0.5448586776555403,0.041688058322209676,0.04167189355572519,1434.0,0.1763925729442971,0.39999930796566124,github_seed7_cailp_multi.json
github,cailp_social_multi,CILP,cailp_multi,7,0.7,0.81305317677308,0.8091643949271068,0.8648541114058356,0.7146457574908989,436.430430417,0.0348172500016517,0.9506100795755968,0.8055714558290402,0.42968451985248346,0.047438135332169624,0.03498777816305311,1770.0,0.2717506631299734,0.30000034601716935,github_seed7_cailp_multi.json
github,cailp_social_multi,CILP,cailp_multi,7,0.8,0.8067762151942346,0.806729499237451,0.8555702917771884,0.7096774193548387,436.430430417,0.03352512499986915,0.9075331564986737,0.7958404884564014,0.313570601936141,0.07197864257110587,0.028755996775127902,3173.0,0.39944297082228114,0.20000138406867748,github_seed7_cailp_multi.json
github,cailp_social_multi,CILP,cailp_multi,7,0.9,0.8023756444773711,0.8034421537053167,0.8522546419098144,0.7030916844349681,436.430430417,0.03185512499840115,0.5746153846153846,0.7719900782293455,0.17622287842334963,0.20073929561556628,0.018183295631571537,11032.0,0.5780636604774536,0.09999896194849188,github_seed7_cailp_multi.json
github,cailp_social_multi,CILP,cailp_multi,8,0.1,0.8131827024788334,0.8225433834337492,0.8643236074270557,0.7154381084840056,448.51299366700187,0.0956893750008021,0.9614058355437666,0.7931692425109712,0.9142558032846534,0.034808501899579014,0.1167239916403176,1413.0,0.08771883289124671,0.9000010380515081,github_seed8_cailp_multi.json
github,cailp_social_multi,CILP,cailp_multi,8,0.2,0.8091461434827575,0.8199645328277956,0.863262599469496,0.707517730496454,448.51299366700187,0.052449749997322215,0.9520424403183024,0.7706544552566305,0.8350661465657526,0.0436389773077318,0.10425702965290828,1747.0,0.10755968169761276,0.7999986159313225,github_seed8_cailp_multi.json
github,cailp_social_multi,CILP,cailp_multi,8,0.3,0.809455118682455,0.8203712042854812,0.8625994694960212,0.7088251826869028,448.51299366700187,0.044183791000250494,0.9479575596816976,0.7614958977294409,0.7618481083828981,0.04784885511859534,0.09549041675954945,1888.0,0.1187002652519894,0.6999996539828306,github_seed8_cailp_multi.json
github,cailp_social_multi,CILP,cailp_multi,8,0.4,0.8064891929024319,0.8198854741088017,0.8611405835543766,0.703651287857345,448.51299366700187,0.05154195800059824,0.9462068965517242,0.7590154550658271,0.6955533536375723,0.049389054317691757,0.08553461924082255,1953.0,0.12546419098143236,0.6000006920343387,github_seed8_cailp_multi.json
github,cailp_social_multi,CILP,cailp_multi,8,0.5,0.8033115584399031,0.8180973717068862,0.859946949602122,0.6977676016027475,448.51299366700187,0.03980808300184435,0.9445092838196286,0.7565350124022133,0.6329225115250864,0.05051853373036246,0.07182027434017645,2013.0,0.13076923076923075,0.49999826991415314,github_seed8_cailp_multi.json
github,cailp_social_multi,CILP,cailp_multi,8,0.6,0.809457518877267,0.8174094713215123,0.8616710875331565,0.7097133314778736,448.51299366700187,0.03921566699864343,0.9406366047745358,0.7553901927113147,0.5816877281687245,0.05164801314303317,0.043656642045421266,2138.0,0.16668435013262595,0.39999930796566124,github_seed8_cailp_multi.json
github,cailp_social_multi,CILP,cailp_multi,8,0.7,0.8096042315280891,0.8132540564552146,0.8619363395225464,0.709785335935322,448.51299366700187,0.03646574999947916,0.9342175066312998,0.7542453730204159,0.5072206539713274,0.05318821234212958,0.037930021967654944,2357.0,0.24649867374005296,0.30000034601716935,github_seed8_cailp_multi.json
github,cailp_social_multi,CILP,cailp_multi,8,0.8,0.8032941273197307,0.8079205027091013,0.8555702917771884,0.7018888584724884,448.51299366700187,0.0411575409998477,0.8944827586206896,0.7433695859568784,0.3766772764993683,0.06427764657562378,0.034743880147877104,3602.0,0.3685145888594164,0.20000138406867748,github_seed8_cailp_multi.json
github,cailp_social_multi,CILP,cailp_multi,8,0.9,0.8036498759661894,0.8053128930283151,0.8530503978779841,0.7051623203831825,448.51299366700187,0.03768304199911654,0.5408488063660477,0.7025376836481587,0.2159901881050647,0.15330116028339666,0.024968323453734727,11711.0,0.5579840848806366,0.09999896194849188,github_seed8_cailp_multi.json
github,cailp_social_multi,CILP,cailp_multi,9,0.1,0.8118112717136257,0.8162589792794337,0.8645888594164456,0.7121511136171412,469.5401970419989,0.11506029199881596,1.0,1.0,0.9469689459119687,0.0,0.09598833544922589,1.0,0.01864721485411147,0.9000010380515081,github_seed9_cailp_multi.json
github,cailp_social_multi,CILP,cailp_multi,9,0.2,0.8104112636733021,0.8155214676190927,0.863395225464191,0.7101857062464828,469.5401970419989,0.057275458002550295,1.0,1.0,0.8916420642461319,0.0,0.07795317556469722,1.0,0.04602122015915122,0.7999986159313225,github_seed9_cailp_multi.json
github,cailp_social_multi,CILP,cailp_multi,9,0.3,0.8099592809894722,0.8141578186510684,0.8639257294429709,0.7086882453151618,469.5401970419989,0.04204458399908617,1.0,1.0,0.8295227137063416,0.0,0.06260132024566549,1.0,0.0798408488063661,0.6999996539828306,github_seed9_cailp_multi.json
github,cailp_social_multi,CILP,cailp_multi,9,0.4,0.811217302492587,0.8144730869702154,0.863395225464191,0.7119686800894854,469.5401970419989,0.057467124999675434,0.999867374005305,1.0,0.7640726188753171,0.0,0.049729010619042176,6.0,0.11533156498673736,0.6000006920343387,github_seed9_cailp_multi.json
github,cailp_social_multi,CILP,cailp_multi,9,0.5,0.8077410082613552,0.8137707495399751,0.8622015915119363,0.7054153671675645,469.5401970419989,0.05123745799937751,0.9992572944297082,1.0,0.6843832925079627,0.0,0.041342590742079056,29.0,0.16397877984084874,0.49999826991415314,github_seed9_cailp_multi.json
github,cailp_social_multi,CILP,cailp_multi,9,0.6,0.8071615925550322,0.8117906849101955,0.8614058355437666,0.7048856255295114,469.5401970419989,0.03854187500110129,0.9958620689655172,1.0,0.5916920591798522,0.00041071978642571105,0.03512826970054989,146.0,0.22877984084880643,0.39999930796566124,github_seed9_cailp_multi.json
github,cailp_social_multi,CILP,cailp_multi,9,0.7,0.8065198880014459,0.810040721325125,0.8602122015915119,0.7045964125560538,469.5401970419989,0.04288329200062435,0.9812201591511936,1.0,0.4811571780022385,0.0027723585583735496,0.030754410117504398,653.0,0.31413793103448273,0.30000034601716935,github_seed9_cailp_multi.json
github,cailp_social_multi,CILP,cailp_multi,9,0.8,0.8031065689815656,0.8102326250314601,0.8568965517241379,0.7001944984717977,469.5401970419989,0.03319787500004168,0.9292042440318302,1.0,0.35364722895109035,0.01745559092309272,0.028156867422102404,2322.0,0.42899204244031836,0.20000138406867748,github_seed9_cailp_multi.json
github,cailp_social_multi,CILP,cailp_multi,9,0.9,0.7958782335083451,0.8060827781722929,0.8484084880636604,0.692328398384926,469.5401970419989,0.03213783300088835,0.543050397877984,0.8599503911467278,0.22225923299680728,0.11592565971865694,0.01999570438301809,11762.0,0.5783819628647215,0.09999896194849188,github_seed9_cailp_multi.json
github,neuralsparse,NeuralSparse,neuralsparse,0,0.1,0.811000241021933,0.8101717179645201,0.8637931034482759,0.7111111111111111,5.463136624999947,0.054938874999947984,0.9578514588859417,0.8376264071742034,0.7147649196556777,0.12732313379197044,0.1896297637196865,1581.0,0.10071618037135277,0.9000010380515081,github_seed0_neuralsparse.json
github,neuralsparse,NeuralSparse,neuralsparse,0,0.2,0.8058544623264645,0.8053154596110239,0.8637931034482759,0.6997953814674072,5.463136624999947,0.05814325000005738,0.9083554376657825,0.667239076512116,0.5665921252791245,0.21552520792689187,0.2047368957425226,3434.0,0.17785145888594162,0.7999986159313225,github_seed0_neuralsparse.json
github,neuralsparse,NeuralSparse,neuralsparse,0,0.3,0.801663489390324,0.8057169692291924,0.8611405835543766,0.693051890941073,5.463136624999947,0.05528624999999465,0.8549336870026525,0.5134516313680595,0.4550342609561196,0.2821644932744635,0.218988310406617,5450.0,0.23973474801061007,0.6999996539828306,github_seed0_neuralsparse.json
github,neuralsparse,NeuralSparse,neuralsparse,0,0.4,0.8016375544546049,0.8075232200233542,0.859946949602122,0.694090382387022,5.463136624999947,0.05298116599999503,0.8094429708222811,0.41938561343255104,0.3632470457553854,0.34387514118492657,0.23129333292172166,7179.0,0.29230769230769227,0.6000006920343387,github_seed0_neuralsparse.json
github,neuralsparse,NeuralSparse,neuralsparse,0,0.5,0.7950212848059509,0.8027646138042946,0.8553050397877984,0.6838597507968704,5.463136624999947,0.052218874999994114,0.7719893899204244,0.36519748139668,0.2779549006942266,0.39983571208542973,0.2435232028010529,8597.0,0.34299734748010613,0.49999826991415314,github_seed0_neuralsparse.json
github,neuralsparse,NeuralSparse,neuralsparse,0,0.6,0.7904667084060869,0.7992848513350252,0.8527851458885941,0.676196032672112,5.463136624999947,0.04824337499997,0.7288859416445623,0.31368059530623926,0.20604539484558107,0.45446144368004926,0.24842037063664552,10222.0,0.39668435013262604,0.39999930796566124,github_seed0_neuralsparse.json
github,neuralsparse,NeuralSparse,neuralsparse,0,0.7,0.7884046722557554,0.7941413867955603,0.8514588859416445,0.6728971962616822,5.463136624999947,0.0477669590000005,0.6753580901856764,0.2659797748521275,0.13978635446484622,0.5215114488140467,0.2481063440567708,12240.0,0.4628912466843501,0.30000034601716935,github_seed0_neuralsparse.json
github,neuralsparse,NeuralSparse,neuralsparse,0,0.8,0.7823429474266227,0.7879279465618234,0.8492042440318303,0.6617078250520678,5.463136624999947,0.04703829099992163,0.6119628647214854,0.220568593779813,0.09241767869677431,0.5812711777389876,0.2407004884192483,14630.0,0.5483554376657825,0.20000138406867748,github_seed0_neuralsparse.json
github,neuralsparse,NeuralSparse,neuralsparse,0,0.9,0.78322606225879,0.7909433966643472,0.8486737400530504,0.664115395937592,5.463136624999947,0.044436582999992424,0.4794164456233422,0.14157603510780387,0.04677388520464527,0.6843618441318411,0.16657779572302117,19627.0,0.6852785145888594,0.09999896194849188,github_seed0_neuralsparse.json
github,neuralsparse,NeuralSparse,neuralsparse,1,0.1,0.809267322995656,0.8074467588990626,0.8643236074270557,0.7067927773000859,5.186147124999934,0.04981520899991665,0.9663660477453581,0.8652928830375882,0.7551032586617326,0.09456823082451997,0.19123215536514054,1254.0,0.10482758620689658,0.9000010380515081,github_seed1_neuralsparse.json
github,neuralsparse,NeuralSparse,neuralsparse,1,0.2,0.8024719183067215,0.8046645765708778,0.8619363395225464,0.694093446958566,5.186147124999934,0.04785533300037059,0.9120689655172414,0.6796412898301851,0.6004115569478916,0.19550261833863847,0.20611605750910206,3286.0,0.1794164456233422,0.7999986159313225,github_seed1_neuralsparse.json
github,neuralsparse,NeuralSparse,neuralsparse,1,0.3,0.8021037928133952,0.8028992413314947,0.8608753315649867,0.694258233751093,5.186147124999934,0.044648833999872295,0.8577984084880637,0.5231825987406984,0.48527314113074405,0.26460622240476434,0.21985961491296332,5332.0,0.23965517241379308,0.6999996539828306,github_seed1_neuralsparse.json
github,neuralsparse,NeuralSparse,neuralsparse,1,0.4,0.7993329647743947,0.7993069950291354,0.859946949602122,0.6890459363957597,5.186147124999934,0.04242379200013602,0.8131034482758621,0.4298797939324556,0.3870265425337071,0.32713830988807885,0.23178435605288822,7042.0,0.2924933687002652,0.6000006920343387,github_seed1_neuralsparse.json
github,neuralsparse,NeuralSparse,neuralsparse,1,0.5,0.7998900694434259,0.801009491220148,0.8588859416445623,0.6912362159024956,5.186147124999934,0.041312040999855526,0.7735013262599469,0.3684411371875596,0.29566756825224455,0.39110791662388333,0.24316035516294282,8540.0,0.34334217506631304,0.49999826991415314,github_seed1_neuralsparse.json
github,neuralsparse,NeuralSparse,neuralsparse,1,0.6,0.7910552328534168,0.8004644534984583,0.8537135278514589,0.6766344180592202,5.186147124999934,0.03941358300016873,0.7306100795755969,0.31711505437893533,0.21917824066584496,0.44439880891261935,0.24904484538540264,10157.0,0.39689655172413796,0.39999930796566124,github_seed1_neuralsparse.json
github,neuralsparse,NeuralSparse,neuralsparse,1,0.7,0.7853819541700418,0.7908527541045995,0.8503978779840848,0.6672566371681415,5.186147124999934,0.036822208000103274,0.6752254641909814,0.2642625453157794,0.14487770920727336,0.5195605298285245,0.24807932307048702,12245.0,0.46270557029177717,0.30000034601716935,github_seed1_neuralsparse.json
github,neuralsparse,NeuralSparse,neuralsparse,1,0.8,0.7731938591283953,0.7829243303196456,0.8454907161803713,0.6451416387450503,5.186147124999934,0.035600790999978926,0.6115915119363395,0.22190421675252814,0.09455890400912144,0.5758291405688469,0.2381583618487184,14644.0,0.5480636604774536,0.20000138406867748,github_seed1_neuralsparse.json
github,neuralsparse,NeuralSparse,neuralsparse,1,0.9,0.7785835342527259,0.78280653776806,0.8457559681697613,0.6566282846176558,5.186147124999934,0.03370416600000681,0.4768965517241379,0.1385231825987407,0.04865340543121651,0.6803573262141903,0.1674577052781952,19722.0,0.6842440318302387,0.09999896194849188,github_seed1_neuralsparse.json
github,neuralsparse,NeuralSparse,neuralsparse,2,0.1,0.8133618747390821,0.8121032389201417,0.8680371352785146,0.7123446082682856,4.887359500000457,0.04784199999994598,0.970106100795756,0.8862812440373975,0.7480134186747193,0.09087175274668857,0.1910410169894306,1118.0,0.10159151193633953,0.9000010380515081,github_seed2_neuralsparse.json
github,neuralsparse,NeuralSparse,neuralsparse,2,0.2,0.8086042362632757,0.8114133738768077,0.8664456233421751,0.7033873343151694,4.887359500000457,0.048700124999413674,0.9208488063660477,0.7227628315207022,0.5940949481459977,0.18605606325084711,0.20510728665338948,2954.0,0.17676392572944294,0.7999986159313225,github_seed2_neuralsparse.json
github,neuralsparse,NeuralSparse,neuralsparse,2,0.3,0.8011140378962075,0.8076564648146719,0.8615384615384616,0.6914893617021277,4.887359500000457,0.04520166699967376,0.8637135278514589,0.5518030910131654,0.4777312506480651,0.2644008625115515,0.21929429809230513,5096.0,0.23782493368700264,0.6999996539828306,github_seed2_neuralsparse.json
github,neuralsparse,NeuralSparse,neuralsparse,2,0.4,0.8096518383176656,0.8125497766005125,0.8641909814323607,0.7077625570776256,4.887359500000457,0.04605325000011362,0.8157294429708223,0.4422820072505247,0.3808883674481764,0.32672759010165314,0.23134471887065347,6921.0,0.2915649867374005,0.6000006920343387,github_seed2_neuralsparse.json
github,neuralsparse,NeuralSparse,neuralsparse,2,0.5,0.8018117990586686,0.8057294342797996,0.8612732095490716,0.6932551319648094,4.887359500000457,0.05379758300023241,0.7754111405835544,0.3720663995420721,0.2943352539629599,0.38771947838587123,0.24253210187699822,8466.0,0.34251989389920423,0.49999826991415314,github_seed2_neuralsparse.json
github,neuralsparse,NeuralSparse,neuralsparse,2,0.6,0.791203371713123,0.7999321433409894,0.8525198938992042,0.6780544296467863,4.887359500000457,0.04295099999944796,0.7313793103448276,0.32035871016981493,0.21551436946498256,0.44511756853886436,0.24841133459202486,10128.0,0.39689655172413796,0.39999930796566124,github_seed2_neuralsparse.json
github,neuralsparse,NeuralSparse,neuralsparse,2,0.7,0.7920874887423494,0.7979346882872549,0.8537135278514589,0.6788937409024746,4.887359500000457,0.036262583999814524,0.6779575596816976,0.2682694142339248,0.15051626988698708,0.5125782934592874,0.24927868123881386,12142.0,0.4607957559681698,0.30000034601716935,github_seed2_neuralsparse.json
github,neuralsparse,NeuralSparse,neuralsparse,2,0.8,0.7769729236061681,0.7863637222234057,0.8449602122015916,0.6538347645839503,4.887359500000457,0.034431999999469554,0.6110079575596817,0.2220950200343446,0.09340502343619998,0.5787041790738269,0.2352254147467107,14666.0,0.5492307692307692,0.20000138406867748,github_seed2_neuralsparse.json
github,neuralsparse,NeuralSparse,neuralsparse,2,0.9,0.7817747926817744,0.7893577322170569,0.8438992042440319,0.665339778220074,4.887359500000457,0.03304416700029833,0.47620689655172416,0.13737836290784203,0.04803482946004944,0.6829243248793511,0.16565270184360906,19748.0,0.6851989389920424,0.09999896194849188,github_seed2_neuralsparse.json
github,neuralsparse,NeuralSparse,neuralsparse,3,0.1,0.8180784144765187,0.8111408472734987,0.8709549071618037,0.72,4.757644709000488,0.047847958000602375,0.9624668435013263,0.8547987025376836,0.7395555500338303,0.10925146318923915,0.190734800223999,1402.0,0.10283819628647217,0.9000010380515081,github_seed3_neuralsparse.json
github,neuralsparse,NeuralSparse,neuralsparse,3,0.2,0.8159139064270713,0.8101615080947949,0.870291777188329,0.715862870424172,4.757644709000488,0.05356754199965508,0.9093633952254642,0.6714367487120778,0.587588028460862,0.20402505390697198,0.2054336404518064,3396.0,0.17838196286472147,0.7999986159313225,github_seed3_neuralsparse.json
github,neuralsparse,NeuralSparse,neuralsparse,3,0.3,0.8101560210337515,0.8051876243414533,0.8669761273209549,0.7062957540263544,4.757644709000488,0.045420624999678694,0.8563660477453581,0.522610188895249,0.47327035249634847,0.2723072184002464,0.21943424605632295,5386.0,0.23946949602122014,0.6999996539828306,github_seed3_neuralsparse.json
github,neuralsparse,NeuralSparse,neuralsparse,3,0.4,0.808712198090106,0.798174137350929,0.8660477453580901,0.7039859320046893,4.757644709000488,0.044691332999718725,0.8114588859416446,0.4256821217324938,0.37592785489064284,0.33299106684464524,0.23151123904599352,7098.0,0.29164456233421754,0.6000006920343387,github_seed3_neuralsparse.json
github,neuralsparse,NeuralSparse,neuralsparse,3,0.5,0.8109972963102767,0.8019689962886865,0.8645888594164456,0.7103546099290781,4.757644709000488,0.04024849999950675,0.7718832891246684,0.36519748139668,0.28824467040889884,0.39603655406099186,0.2432034336471802,8601.0,0.3428912466843501,0.49999826991415314,github_seed3_neuralsparse.json
github,neuralsparse,NeuralSparse,neuralsparse,3,0.6,0.8031275182236064,0.7948941630840093,0.8611405835543766,0.6962576153176675,4.757644709000488,0.038638916999843786,0.7288859416445623,0.31711505437893533,0.20995907324935192,0.45148372522846286,0.24856257074543256,10222.0,0.39679045092838194,0.39999930796566124,github_seed3_neuralsparse.json
github,neuralsparse,NeuralSparse,neuralsparse,3,0.7,0.7987146967510188,0.7907380333050764,0.8571618037135279,0.6902502157031924,4.757644709000488,0.06427479199919617,0.6772944297082228,0.2665521846975768,0.14632898851457293,0.5152479720710545,0.2496199017629137,12167.0,0.4603183023872679,0.30000034601716935,github_seed3_neuralsparse.json
github,neuralsparse,NeuralSparse,neuralsparse,3,0.8,0.7948114106802961,0.7915968464069658,0.8545092838196287,0.6841347538151454,4.757644709000488,0.04390933300055622,0.6107427055702918,0.22152261018889524,0.0918585817819499,0.5802443782729233,0.23697663167038163,14676.0,0.5487267904509284,0.20000138406867748,github_seed3_neuralsparse.json
github,neuralsparse,NeuralSparse,neuralsparse,3,0.9,0.7848147057709031,0.7840682351349744,0.8494694960212201,0.6668623422365718,4.757644709000488,0.0462863329994434,0.4762599469496021,0.13661514978057623,0.04804672389025205,0.6828216449327447,0.16618007771392806,19746.0,0.6847745358090186,0.09999896194849188,github_seed3_neuralsparse.json
github,neuralsparse,NeuralSparse,neuralsparse,4,0.1,0.8163163828927025,0.8159058000933335,0.8680371352785146,0.7188471319581803,4.6001642089995585,0.047249916999135166,0.9660212201591512,0.8597595878649112,0.760170831449084,0.0953896703973714,0.19135653212546452,1271.0,0.10442970822281161,0.9000010380515081,github_seed4_neuralsparse.json
github,neuralsparse,NeuralSparse,neuralsparse,4,0.2,0.8118539204437087,0.8112776352136571,0.8672413793103448,0.7097709481008988,4.6001642089995585,0.04545579099976749,0.9122015915119364,0.6786872734211028,0.6065616644429376,0.1920115001540199,0.20700234890950492,3278.0,0.17830238726790448,0.7999986159313225,github_seed4_neuralsparse.json
github,neuralsparse,NeuralSparse,neuralsparse,4,0.3,0.8103859897229542,0.8120309567699606,0.8651193633952254,0.708512467755804,4.6001642089995585,0.044187082999997074,0.8571618037135279,0.5186033199771036,0.48960316947624877,0.2639901427251258,0.22053357383854355,5362.0,0.23830238726790448,0.6999996539828306,github_seed4_neuralsparse.json
github,neuralsparse,NeuralSparse,neuralsparse,4,0.4,0.8107556388461281,0.8061287734100993,0.8655172413793103,0.7089552238805971,4.6001642089995585,0.04179570899941609,0.8146419098143236,0.42873497424155693,0.39116625999596993,0.32374987165006675,0.2314969178568224,6983.0,0.2905305039787799,0.6000006920343387,github_seed4_neuralsparse.json
github,neuralsparse,NeuralSparse,neuralsparse,4,0.5,0.8078031984116103,0.8023159631180522,0.8625994694960212,0.7051792828685259,4.6001642089995585,0.04000737500064133,0.7740318302387268,0.3697767601602748,0.2982132594341173,0.3890543176917548,0.24373280562431368,8520.0,0.340238726790451,0.49999826991415314,github_seed4_neuralsparse.json
github,neuralsparse,NeuralSparse,neuralsparse,4,0.6,0.7980319273843528,0.7999166449433607,0.8567639257294429,0.689119170984456,4.6001642089995585,0.03814566700020805,0.7326259946949603,0.31845067735165045,0.22101018317160573,0.43875141184926586,0.24983730756043487,10081.0,0.39527851458885943,0.39999930796566124,github_seed4_neuralsparse.json
github,neuralsparse,NeuralSparse,neuralsparse,4,0.7,0.7943412008582754,0.7942133910550988,0.8519893899204244,0.685456595264938,4.6001642089995585,0.036496042001090245,0.676339522546419,0.267506201106659,0.146019698802657,0.5176096108430024,0.24989592188944595,12203.0,0.4609018567639257,0.30000034601716935,github_seed4_neuralsparse.json
github,neuralsparse,NeuralSparse,neuralsparse,4,0.8,0.791281583982314,0.7922519122043203,0.853448275862069,0.6773722627737226,4.6001642089995585,0.034912292001536116,0.6099204244031831,0.21751574127074985,0.09468976000467418,0.5751103809426019,0.23919939351324512,14707.0,0.5472944297082228,0.20000138406867748,github_seed4_neuralsparse.json
github,neuralsparse,NeuralSparse,neuralsparse,4,0.9,0.7915053851519236,0.7927667068203152,0.8522546419098144,0.6789625360230548,4.6001642089995585,0.03292291700017813,0.4770026525198939,0.14424728105323412,0.04639322200618406,0.6864154430639696,0.16169749931309635,19718.0,0.6880901856763926,0.09999896194849188,github_seed4_neuralsparse.json
github,neuralsparse,NeuralSparse,neuralsparse,5,0.1,0.8074453191429529,0.8157629489314406,0.8636604774535809,0.7034045008655511,4.5960259580006095,0.04766912500053877,0.9659946949602122,0.8616676206830758,0.755246005634823,0.09610843002361638,0.19177906265368294,1269.0,0.10352785145888588,0.9000010380515081,github_seed5_neuralsparse.json
github,neuralsparse,NeuralSparse,neuralsparse,5,0.2,0.8001195371827177,0.8063920986530291,0.8608753315649867,0.6899201891812001,4.5960259580006095,0.058397999999215244,0.9120424403183024,0.6777332570120206,0.6016130290522826,0.19529725844542561,0.20644245825284654,3289.0,0.17946949602122014,0.7999986159313225,github_seed5_neuralsparse.json
github,neuralsparse,NeuralSparse,neuralsparse,5,0.3,0.8028941217250998,0.8073594425698868,0.8602122015915119,0.6966033390903857,4.5960259580006095,0.05477658400013752,0.85657824933687,0.5205113527952681,0.48543964243759197,0.2673785809631379,0.22035762890430444,5376.0,0.23978779840848807,0.6999996539828306,github_seed5_neuralsparse.json
github,neuralsparse,NeuralSparse,neuralsparse,5,0.4,0.7951657613867211,0.8040834078613881,0.8549071618037135,0.6845444059976932,4.5960259580006095,0.041551166999852285,0.8127851458885942,0.42510971188704444,0.3880138941784623,0.3264195502618339,0.2313898649024438,7051.0,0.2922811671087533,0.6000006920343387,github_seed5_neuralsparse.json
github,neuralsparse,NeuralSparse,neuralsparse,5,0.5,0.7996593827091332,0.8057799425201808,0.8580901856763926,0.6914648212226067,4.5960259580006095,0.03981108400148514,0.7736870026525199,0.3674871207784774,0.296428894649167,0.3891569976383612,0.24366018199050216,8533.0,0.34143236074270555,0.49999826991415314,github_seed5_neuralsparse.json
github,neuralsparse,NeuralSparse,neuralsparse,5,0.6,0.7906985656203898,0.79954954475947,0.8529177718832891,0.6765820939049285,4.5960259580006095,0.037695540999266086,0.7309549071618037,0.31768746422438465,0.2189522292286713,0.44101037067460724,0.2491756625252312,10144.0,0.39702917771883284,0.39999930796566124,github_seed5_neuralsparse.json
github,neuralsparse,NeuralSparse,neuralsparse,5,0.7,0.7932330999043817,0.795432984325845,0.8529177718832891,0.6821438807681284,4.5960259580006095,0.036940417001460446,0.6763925729442971,0.2667429879793932,0.1460434945683918,0.515864051750693,0.24851954528486292,12201.0,0.46228116710875333,0.30000034601716935,github_seed5_neuralsparse.json
github,neuralsparse,NeuralSparse,neuralsparse,5,0.8,0.7853825782984096,0.7946665898228547,0.8523872679045092,0.6654643823264202,4.5960259580006095,0.03387533400018583,0.6095490716180372,0.21827895439801565,0.09541539965832395,0.5789095389670398,0.23911688798578967,14721.0,0.5476657824933687,0.20000138406867748,github_seed5_neuralsparse.json
github,neuralsparse,NeuralSparse,neuralsparse,5,0.9,0.7850599061978483,0.7944731631745757,0.8492042440318303,0.6676410406313943,4.5960259580006095,0.03341645899854484,0.47809018567639255,0.14138523182598742,0.04679767751771529,0.685080603758086,0.16436482346222112,19677.0,0.6870026525198939,0.09999896194849188,github_seed5_neuralsparse.json
github,neuralsparse,NeuralSparse,neuralsparse,6,0.1,0.8230022229465973,0.806930386480641,0.8742705570291777,0.7277426766226307,4.66743787499945,0.047870040998532204,0.960079575596817,0.8450677351650449,0.7123500982800168,0.12157305678201047,0.18978562245065675,1497.0,0.10124668435013262,0.9000010380515081,github_seed6_neuralsparse.json
github,neuralsparse,NeuralSparse,neuralsparse,6,0.2,0.8222210603302056,0.8073749361291698,0.8744031830238727,0.7259044862518089,4.66743787499945,0.04538841700014018,0.9094164456233422,0.6712459454302614,0.5609535645994108,0.2130608892083376,0.20458428493284211,3384.0,0.17771883289124668,0.7999986159313225,github_seed6_neuralsparse.json
github,neuralsparse,NeuralSparse,neuralsparse,6,0.3,0.8138881125823774,0.8008347178971874,0.8683023872679045,0.7132544036962172,4.66743787499945,0.044019167000442394,0.8557294429708223,0.5174585002862049,0.45050198931785773,0.28052161412876064,0.21891486485709052,5414.0,0.23931034482758623,0.6999996539828306,github_seed6_neuralsparse.json
github,neuralsparse,NeuralSparse,neuralsparse,6,0.4,0.8144127635566993,0.7975315560889547,0.8687002652519894,0.7140381282495667,4.66743787499945,0.041897458000676124,0.8094429708222811,0.4212936462507155,0.3586077138873056,0.34644213985008726,0.23137978776018736,7179.0,0.29270557029177724,0.6000006920343387,github_seed6_neuralsparse.json
github,neuralsparse,NeuralSparse,neuralsparse,6,0.5,0.8099615163468833,0.7968162456024979,0.8637931034482759,0.7088176920895946,4.66743787499945,0.040640417000759044,0.7712997347480106,0.366914710933028,0.2729230146501478,0.40219735085737757,0.24358047693402995,8623.0,0.3437400530503979,0.49999826991415314,github_seed6_neuralsparse.json
github,neuralsparse,NeuralSparse,neuralsparse,6,0.6,0.8074376229053634,0.7934246575342466,0.8637931034482759,0.7032649523259173,4.66743787499945,0.03817541700118454,0.7280106100795756,0.3150162182789544,0.20179863096415945,0.4579525618646678,0.24840968322181028,10255.0,0.3976392572944297,0.39999930796566124,github_seed6_neuralsparse.json
github,neuralsparse,NeuralSparse,neuralsparse,6,0.7,0.8083887565742245,0.7878517047335319,0.863262599469496,0.705848787446505,4.66743787499945,0.03626383400114719,0.6754907161803714,0.2665521846975768,0.1389536545813785,0.521100729027621,0.2482957613496749,12235.0,0.46331564986737395,0.30000034601716935,github_seed6_neuralsparse.json
github,neuralsparse,NeuralSparse,neuralsparse,6,0.8,0.7991885158458594,0.7843046501012177,0.8603448275862069,0.6883693400414324,4.66743787499945,0.03439575000084005,0.6083819628647215,0.21866056096164854,0.08940806675768684,0.5947222507444296,0.2380789648604725,14765.0,0.546472148541114,0.20000138406867748,github_seed6_neuralsparse.json
github,neuralsparse,NeuralSparse,neuralsparse,6,0.9,0.8033248640316402,0.7868301685651168,0.8586206896551725,0.6990400903444381,4.66743787499945,0.03312112499952491,0.4790185676392573,0.14157603510780387,0.04677388520464527,0.6849779238114796,0.16582598014421587,19642.0,0.6859151193633952,0.09999896194849188,github_seed6_neuralsparse.json
github,neuralsparse,NeuralSparse,neuralsparse,7,0.1,0.8085043459644233,0.8092625866871233,0.8641909814323607,0.7052389176741508,4.839660749999894,0.047031957998115104,0.9580901856763926,0.8380080137378363,0.7118504838741999,0.1287606530444604,0.18964926542186522,1574.0,0.10336870026525202,0.9000010380515081,github_seed7_neuralsparse.json
github,neuralsparse,NeuralSparse,neuralsparse,7,0.2,0.8081742109039891,0.8035996249518241,0.8657824933687003,0.7030516431924883,4.839660749999894,0.04660262500328827,0.9080106100795756,0.667620683075749,0.563308889655405,0.21644932744634973,0.20510262970139703,3447.0,0.18023872679045094,0.7999986159313225,github_seed7_neuralsparse.json
github,neuralsparse,NeuralSparse,neuralsparse,7,0.3,0.8101773228220658,0.8065545295242305,0.8643236074270557,0.7087959009393681,4.839660749999894,0.043962666000879835,0.8535809018567639,0.5151688609044076,0.4499666881687681,0.2866824109251463,0.21919474549903212,5499.0,0.2412201591511936,0.6999996539828306,github_seed7_neuralsparse.json
github,neuralsparse,NeuralSparse,neuralsparse,7,0.4,0.8036739893591649,0.804377863374361,0.8603448275862069,0.6981943250214961,4.839660749999894,0.0417017500003567,0.8085411140583555,0.41995802327800036,0.359380945072425,0.3479823390491837,0.2309855356980937,7212.0,0.2926525198938992,0.6000006920343387,github_seed7_neuralsparse.json
github,neuralsparse,NeuralSparse,neuralsparse,7,0.5,0.801712924717122,0.7978508922443377,0.8614058355437666,0.6929180135174846,4.839660749999894,0.03995091700198827,0.770318302387268,0.363480251860332,0.274398075912523,0.40435362973611255,0.24385792902537878,8660.0,0.34474801061007954,0.49999826991415314,github_seed7_neuralsparse.json
github,neuralsparse,NeuralSparse,neuralsparse,7,0.6,0.7967352138653585,0.7952614792055259,0.8582228116710875,0.6849395814913056,4.839660749999894,0.03734937500121305,0.7270291777188329,0.31387139858805574,0.20051389439568526,0.45980080090358355,0.24856830252760803,10292.0,0.3975596816976127,0.39999930796566124,github_seed7_neuralsparse.json
github,neuralsparse,NeuralSparse,neuralsparse,7,0.7,0.7949056286542651,0.7917707292707292,0.8564986737400531,0.6825117370892019,4.839660749999894,0.035913499999878695,0.6760212201591512,0.2661705781339439,0.13914397927527952,0.5199712496149502,0.24833571872187582,12215.0,0.4627586206896551,0.30000034601716935,github_seed7_neuralsparse.json
github,neuralsparse,NeuralSparse,neuralsparse,7,0.8,0.7854043191300534,0.7864988639173073,0.8519893899204244,0.665868263473054,4.839660749999894,0.03449541699956171,0.6090450928381963,0.22018698721618013,0.09027645338442718,0.5905123729335661,0.23743432159420128,14740.0,0.5473740053050398,0.20000138406867748,github_seed7_neuralsparse.json
github,neuralsparse,NeuralSparse,neuralsparse,7,0.9,0.7842196096228349,0.7842735534940932,0.8506631299734748,0.6644815256257449,4.839660749999894,0.03375979199699941,0.47684350132625997,0.1385231825987407,0.048641511001013896,0.6804600061607968,0.16754550621968414,19724.0,0.6841379310344827,0.09999896194849188,github_seed7_neuralsparse.json
github,neuralsparse,NeuralSparse,neuralsparse,8,0.1,0.8101444991280944,0.8167984886941877,0.8655172413793103,0.7076124567474048,4.571021540999936,0.04681437500039465,0.9627586206896551,0.853272276283152,0.7349281505752658,0.11048362254851628,0.1903571923451213,1395.0,0.10167108753315646,0.9000010380515081,github_seed8_neuralsparse.json
github,neuralsparse,NeuralSparse,neuralsparse,8,0.2,0.8078676074003389,0.8125292604287828,0.8644562334217507,0.7035962877030162,4.571021540999936,0.04584125000110362,0.9113527851458886,0.676588437321122,0.5827107665567524,0.20371701406715267,0.20580057385703862,3314.0,0.17809018567639262,0.7999986159313225,github_seed8_neuralsparse.json
github,neuralsparse,NeuralSparse,neuralsparse,8,0.3,0.8094726051029248,0.8106720456573728,0.8649867374005306,0.7066282420749279,4.571021540999936,0.043588625001575565,0.8572413793103448,0.5224193856134326,0.46823846645226963,0.2732313379197043,0.2193655073162478,5364.0,0.24013262599469498,0.6999996539828306,github_seed8_neuralsparse.json
github,neuralsparse,NeuralSparse,neuralsparse,8,0.4,0.8082457418258396,0.8122556339696425,0.8629973474801061,0.7057818285388778,4.571021540999936,0.04214187500110711,0.8118567639257295,0.42587292501431023,0.3733465045868158,0.33453126604374167,0.2310011665717621,7085.0,0.29164456233421754,0.6000006920343387,github_seed8_neuralsparse.json
github,neuralsparse,NeuralSparse,neuralsparse,8,0.5,0.7993881328929651,0.8101127145244793,0.8568965517241379,0.6919783043105909,4.571021540999936,0.039953708997927606,0.7715384615384615,0.36519748139668,0.2826655784275334,0.3990142725125783,0.2432710653783418,8614.0,0.34379310344827585,0.49999826991415314,github_seed8_neuralsparse.json
github,neuralsparse,NeuralSparse,neuralsparse,8,0.6,0.7959821941476724,0.8033474429872005,0.8561007957559682,0.6852335364084712,4.571021540999936,0.03838470800110372,0.729946949602122,0.31711505437893533,0.21085125564182708,0.44727384741759935,0.2487271421724414,10182.0,0.3963660477453581,0.39999930796566124,github_seed8_neuralsparse.json
github,neuralsparse,NeuralSparse,neuralsparse,8,0.7,0.78796818205107,0.7978985488833187,0.85026525198939,0.6730379380249059,4.571021540999936,0.03610954200121341,0.6755702917771883,0.2642625453157794,0.14139227172277416,0.5196632097751309,0.24864075078483838,12232.0,0.4620689655172414,0.30000034601716935,github_seed8_neuralsparse.json
github,neuralsparse,NeuralSparse,neuralsparse,8,0.8,0.7832621955854625,0.7934997197884575,0.8485411140583554,0.6643151087595532,4.571021540999936,0.034569125000416534,0.6116445623342175,0.22266742987979393,0.09263180606173972,0.5789095389670398,0.23673245498902576,14642.0,0.5479310344827586,0.20000138406867748,github_seed8_neuralsparse.json
github,neuralsparse,NeuralSparse,neuralsparse,8,0.9,0.7798222845095353,0.793873180360227,0.8429708222811672,0.6619074814391777,4.571021540999936,0.03353087499999674,0.47713527851458887,0.13947719900782293,0.048534450771195975,0.6803573262141903,0.16731670136163787,19713.0,0.6843501326259946,0.09999896194849188,github_seed8_neuralsparse.json
github,neuralsparse,NeuralSparse,neuralsparse,9,0.1,0.8023233251572319,0.8065620726996783,0.8618037135278515,0.6938895417156287,4.61585283399836,0.04733749999650172,0.960106100795756,0.8547987025376836,0.7084126241105112,0.125782934592874,0.18829627808995464,1496.0,0.10159151193633953,0.9000010380515081,github_seed9_neuralsparse.json
github,neuralsparse,NeuralSparse,neuralsparse,9,0.2,0.8068273189860418,0.8090982880206122,0.8635278514588859,0.7021707670043416,4.61585283399836,0.045348375002504326,0.9117506631299734,0.6947147490936844,0.5622382873572258,0.2136769688879762,0.2032964450247164,3303.0,0.17801061007957558,0.7999986159313225,github_seed9_neuralsparse.json
github,neuralsparse,NeuralSparse,neuralsparse,9,0.3,0.7996674005432216,0.8040449741868253,0.859946949602122,0.6897767332549941,4.61585283399836,0.043411500002548564,0.856816976127321,0.5359664186224004,0.4504900845296607,0.28596365129890133,0.218599394442594,5370.0,0.2403448275862069,0.6999996539828306,github_seed9_neuralsparse.json
github,neuralsparse,NeuralSparse,neuralsparse,9,0.4,0.7964847009845076,0.8006749642540338,0.8576923076923076,0.6848751835535977,4.61585283399836,0.042171417000645306,0.8096286472148541,0.4312154169051708,0.3587385836935175,0.3469555395831194,0.23067081759858227,7166.0,0.2926525198938992,0.6000006920343387,github_seed9_neuralsparse.json
github,neuralsparse,NeuralSparse,neuralsparse,9,0.5,0.7965891000862764,0.7991761351449993,0.8553050397877984,0.6873029521352824,4.61585283399836,0.0394720000003872,0.7710079575596817,0.3653882846784965,0.27498096859308224,0.4045589896293254,0.24326774736567863,8634.0,0.3441114058355438,0.49999826991415314,github_seed9_neuralsparse.json
github,neuralsparse,NeuralSparse,neuralsparse,9,0.6,0.792131732157228,0.794894757749648,0.8543766578249337,0.6783831282952548,4.61585283399836,0.03789320799842244,0.7278779840848807,0.31635184125166954,0.20228635439243858,0.4575418420782421,0.24783365881359526,10260.0,0.3977984084880637,0.39999930796566124,github_seed9_neuralsparse.json
github,neuralsparse,NeuralSparse,neuralsparse,9,0.7,0.792719558967075,0.7914940203073972,0.8539787798408488,0.6800348735832606,4.61585283399836,0.03691245799927856,0.6764456233421751,0.265788971570311,0.14115435549740352,0.519457849881918,0.24808979485325294,12199.0,0.4617506631299735,0.30000034601716935,github_seed9_neuralsparse.json
github,neuralsparse,NeuralSparse,neuralsparse,9,0.8,0.778780768373313,0.7806091516337644,0.8480106100795756,0.6550270921131849,4.61585283399836,0.03463487500266638,0.610159151193634,0.2217134134707117,0.09141844297981082,0.5814765376322004,0.23637425553594138,14698.0,0.5492307692307692,0.20000138406867748,github_seed9_neuralsparse.json
github,neuralsparse,NeuralSparse,neuralsparse,9,0.9,0.7843680857680608,0.7809044608387756,0.850132625994695,0.6652843601895735,4.61585283399836,0.032982083001115825,0.47610079575596814,0.13661514978057623,0.047975350403706776,0.6830270048259575,0.16570090416659553,19752.0,0.6853315649867374,0.09999896194849188,github_seed9_neuralsparse.json
github,original_ilp_gcn,ILP-GCN,original_ilp,0,0.1,0.8169201112004008,0.8173408131911881,0.8672413793103448,0.7209367159185949,7.910538750000001,0.05651149999999916,0.9796286472148541,0.8734974241556954,0.9469808783214839,0.02053598932128555,0.10333955084961378,748.0,0.03395225464190982,0.9000010380515081,github_seed0_original_ilp.json
github,original_ilp_gcn,ILP-GCN,original_ilp,0,0.2,0.8173833130569571,0.8162903396201995,0.86684350132626,0.7223451327433629,7.910538750000001,0.05345620799994322,0.963342175066313,0.797748521274566,0.8969594442363918,0.032960262860663316,0.08626565634414798,1339.0,0.05753315649867374,0.7999986159313225,github_seed0_original_ilp.json
github,original_ilp_gcn,ILP-GCN,original_ilp,0,0.3,0.8168112889942931,0.8142335369664646,0.86657824933687,0.7213296398891966,7.910538750000001,0.044817458000011356,0.9497082228116711,0.7506201106659035,0.8230038616116905,0.044049697094157514,0.07516619392998229,1828.0,0.08129973474801055,0.6999996539828306,github_seed0_original_ilp.json
github,original_ilp_gcn,ILP-GCN,original_ilp,0,0.4,0.8154026413702002,0.8147253472987073,0.8651193633952254,0.7196029776674938,7.910538750000001,0.05407462499999838,0.9393368700265252,0.7208547987025377,0.751927083267831,0.05298285244891673,0.06623856645344864,2204.0,0.10063660477453584,0.6000006920343387,github_seed0_original_ilp.json
github,original_ilp_gcn,ILP-GCN,original_ilp,0,0.5,0.8187381320372602,0.8141578186510684,0.8675066312997347,0.7247175530449159,7.910538750000001,0.04184704099998271,0.9269496021220159,0.6893722572028239,0.6686096414961826,0.06294280726974022,0.05865474337534761,2638.0,0.12442970822281163,0.49999826991415314,github_seed0_original_ilp.json
github,original_ilp_gcn,ILP-GCN,original_ilp,0,0.6,0.8176788114558812,0.8122013626522799,0.8647214854111406,0.7250673854447439,7.910538750000001,0.05532570799994119,0.9083023872679045,0.6460599122304904,0.5755495530831938,0.07813943936749153,0.05233528684987163,3281.0,0.15734748010610078,0.39999930796566124,github_seed0_original_ilp.json
github,original_ilp_gcn,ILP-GCN,original_ilp,0,0.7,0.8116929060280523,0.8106242740998839,0.8622015915119363,0.7141678129298487,7.910538750000001,0.037481791000004705,0.8827320954907162,0.60580041976722,0.46732248829405965,0.09692986959646781,0.04684355109454168,4151.0,0.2136074270557029,0.30000034601716935,github_seed0_original_ilp.json
github,original_ilp_gcn,ILP-GCN,original_ilp,0,0.8,0.8127294688151456,0.806328439407662,0.8619363395225464,0.7167346938775511,7.910538750000001,0.03589149999993424,0.8176657824933687,0.5300515168860904,0.34227492452872366,0.1397474073313482,0.03928010812061892,6287.0,0.3306100795755968,0.20000138406867748,github_seed0_original_ilp.json
github,original_ilp_gcn,ILP-GCN,original_ilp,0,0.9,0.8113196250883203,0.8106709942297905,0.8580901856763926,0.7173798203909139,7.910538750000001,0.0448350000000346,0.5579045092838196,0.41556954779622207,0.19240102983130322,0.23801211623369956,0.025128648539789248,12855.0,0.543554376657825,0.09999896194849188,github_seed0_original_ilp.json
github,original_ilp_gcn,ILP-GCN,original_ilp,1,0.1,0.8122107659057556,0.8131593917830937,0.8628647214854112,0.7146799116997793,7.9463688749997345,0.04947487499975978,0.9788063660477454,0.8687273421102844,0.952607561834319,0.01940650990861485,0.1035706245906453,775.0,0.03527851458885939,0.9000010380515081,github_seed1_original_ilp.json
github,original_ilp_gcn,ILP-GCN,original_ilp,1,0.2,0.8144307104165425,0.8121518703608339,0.8653846153846154,0.7171914182223461,7.9463688749997345,0.051969957999972394,0.960132625994695,0.7870635374928449,0.8953297312127291,0.03357634254030188,0.08835761633155507,1452.0,0.06214854111405832,0.7999986159313225,github_seed1_original_ilp.json
github,original_ilp_gcn,ILP-GCN,original_ilp,1,0.3,0.8108516440167277,0.8111355874846343,0.863262599469496,0.711285354242509,7.9463688749997345,0.045280250000359956,0.9507427055702917,0.7544361763022324,0.8235510951702953,0.042509497895061095,0.0752735065381449,1788.0,0.08053050397877981,0.6999996539828306,github_seed1_original_ilp.json
github,original_ilp_gcn,ILP-GCN,original_ilp,1,0.4,0.8111175129637516,0.8116972824713992,0.8619363395225464,0.7131441168365941,7.9463688749997345,0.04340016600008312,0.9377453580901857,0.7183743560389239,0.7468119465703281,0.05359893212855529,0.06645167728527286,2258.0,0.1012732095490716,0.6000006920343387,github_seed1_original_ilp.json
github,original_ilp_gcn,ILP-GCN,original_ilp,1,0.5,0.8113382802269751,0.809589513393314,0.8622015915119363,0.7133793103448276,7.9463688749997345,0.04091637500005163,0.9237135278514589,0.6819309292119824,0.6595450982196589,0.0669473251873909,0.05924372529799818,2756.0,0.12679045092838193,0.49999826991415314,github_seed1_original_ilp.json
github,original_ilp_gcn,ILP-GCN,original_ilp,1,0.6,0.8095311587173613,0.8079225297021724,0.8619363395225464,0.7096234309623431,7.9463688749997345,0.03945587499993053,0.9055437665782493,0.6441518794123259,0.565117036395431,0.08019303829962009,0.053098149790830856,3387.0,0.1609814323607427,0.39999930796566124,github_seed1_original_ilp.json
github,original_ilp_gcn,ILP-GCN,original_ilp,1,0.7,0.8091142643710744,0.8052451905806206,0.8587533156498673,0.7117726657645467,7.9463688749997345,0.0378899160000401,0.8720424403183024,0.5907269605037206,0.4571040920659327,0.10771126399014272,0.04813336946592459,4536.0,0.21647214854111407,0.30000034601716935,github_seed1_original_ilp.json
github,original_ilp_gcn,ILP-GCN,original_ilp,1,0.8,0.8082400768384076,0.8032338654598364,0.8576923076923076,0.7108596065750472,7.9463688749997345,0.036230000000159635,0.8070822281167108,0.5241366151497806,0.3340074220137132,0.145702844234521,0.0399678400668181,6664.0,0.32856763925729443,0.20000138406867748,github_seed1_original_ilp.json
github,original_ilp_gcn,ILP-GCN,original_ilp,1,0.9,0.8094709359032528,0.8065824370879877,0.8564986737400531,0.7148128624143384,7.9463688749997345,0.03372954199994638,0.5597082228116711,0.4054569738599504,0.1850137911099118,0.25690522640928226,0.025938208711418432,13136.0,0.5390185676392574,0.09999896194849188,github_seed1_original_ilp.json
github,original_ilp_gcn,ILP-GCN,original_ilp,2,0.1,0.8150088288871076,0.8180569163087164,0.8683023872679045,0.71571714858288,7.035004874999686,0.05418204200032051,0.9793103448275862,0.8712077847738982,0.9465407049926969,0.02156278878734983,0.10329828238689027,760.0,0.033978779840848794,0.9000010380515081,github_seed2_original_ilp.json
github,original_ilp_gcn,ILP-GCN,original_ilp,2,0.2,0.8166385133267928,0.8195084649596092,0.8672413793103448,0.7203129365744622,7.035004874999686,0.04962712500037014,0.9628912466843501,0.7964128983018508,0.8942710060814285,0.033268302700482595,0.08590526328434321,1354.0,0.057692307692307654,0.7999986159313225,github_seed2_original_ilp.json
github,original_ilp_gcn,ILP-GCN,original_ilp,2,0.3,0.8165981300523286,0.8178777164526727,0.8679045092838197,0.7195945945945946,7.035004874999686,0.04582600000048842,0.9496551724137932,0.7494752909750048,0.8183407754098533,0.04466577677379608,0.07475919472407873,1830.0,0.08047745358090186,0.6999996539828306,github_seed2_original_ilp.json
github,original_ilp_gcn,ILP-GCN,original_ilp,2,0.4,0.8126242498855205,0.8151730868598741,0.8653846153846154,0.7131958180276914,7.035004874999686,0.0528714170004605,0.9394960212201592,0.7210456019843541,0.7440996988389709,0.05390697196837458,0.0661610432542081,2194.0,0.10015915119363394,0.6000006920343387,github_seed2_original_ilp.json
github,original_ilp_gcn,ILP-GCN,original_ilp,2,0.5,0.8107792245334523,0.812461501093029,0.8637931034482759,0.7106227106227107,7.035004874999686,0.04216483300024265,0.9270557029177718,0.6886090440755581,0.6589859874941753,0.06345620700277235,0.05823317911723216,2630.0,0.12384615384615383,0.49999826991415314,github_seed2_original_ilp.json
github,original_ilp_gcn,ILP-GCN,original_ilp,2,0.6,0.8071764464990616,0.810481125881211,0.8608753315649867,0.7054198258916035,7.035004874999686,0.03849220800020703,0.9088594164456233,0.6462507155123068,0.5659854506434896,0.07844747920731081,0.05224149995727346,3265.0,0.1572148541114058,0.39999930796566124,github_seed2_original_ilp.json
github,original_ilp_gcn,ILP-GCN,original_ilp,2,0.7,0.8077740688786903,0.8098950090780552,0.8588859416445623,0.7086527929901424,7.035004874999686,0.03750729199964553,0.8825464190981432,0.6004579278763594,0.45559334406028484,0.09939418831502207,0.04680115834872774,4171.0,0.21172413793103445,0.30000034601716935,github_seed2_original_ilp.json
github,original_ilp_gcn,ILP-GCN,original_ilp,2,0.8,0.8050513482519313,0.8090907544678339,0.8591511936339522,0.702354260089686,7.035004874999686,0.034916292000161775,0.8182758620689655,0.5228009921770654,0.33089074293947823,0.14354656535578603,0.03921172995886561,6267.0,0.32864721485411147,0.20000138406867748,github_seed2_original_ilp.json
github,original_ilp_gcn,ILP-GCN,original_ilp,2,0.9,0.805166552383702,0.8061118594045933,0.8575596816976128,0.7041322314049587,7.035004874999686,0.03287916699991911,0.5663129973474801,0.3970616294600267,0.18292015042370474,0.25094978950610947,0.025385746437470706,12791.0,0.5424403183023874,0.09999896194849188,github_seed2_original_ilp.json
github,original_ilp_gcn,ILP-GCN,original_ilp,3,0.1,0.8210924276697724,0.8130227584941807,0.870291777188329,0.7272727272727273,7.790636792000441,0.047636792000048445,0.9797877984084881,0.8744514405647777,0.9517034608429877,0.01889311017558271,0.10247515061397111,738.0,0.033633952254641886,0.9000010380515081,github_seed3_original_ilp.json
github,original_ilp_gcn,ILP-GCN,original_ilp,3,0.2,0.8179421698657221,0.8124772200043737,0.8692307692307693,0.7213114754098361,7.790636792000441,0.04547724999974889,0.9601591511936339,0.7872543407746613,0.894520813284337,0.03357634254030188,0.08789062912964699,1450.0,0.06145888594164456,0.7999986159313225,github_seed3_original_ilp.json
github,original_ilp_gcn,ILP-GCN,original_ilp,3,0.3,0.8220771294597731,0.8156623621147013,0.8713527851458885,0.7284434490481523,7.790636792000441,0.04397758300001442,0.9511936339522546,0.7555809959931311,0.8193043174782146,0.04220145805524181,0.07447493136363313,1770.0,0.07949602122015909,0.6999996539828306,github_seed3_original_ilp.json
github,original_ilp_gcn,ILP-GCN,original_ilp,3,0.4,0.819221002172712,0.8131028979243891,0.8693633952254642,0.7240123283833007,7.790636792000441,0.0422009160001835,0.9381962864721486,0.719709979011639,0.7413518196069776,0.053804292021768146,0.06601543879442147,2243.0,0.10042440318302381,0.6000006920343387,github_seed3_original_ilp.json
github,original_ilp_gcn,ILP-GCN,original_ilp,3,0.5,0.8190545672893887,0.8095867998412567,0.8680371352785146,0.7249101465302737,7.790636792000441,0.04043287500007864,0.9248806366047745,0.6840297653119634,0.6534544870442794,0.06653660540096519,0.05868250561004831,2713.0,0.12472148541114059,0.49999826991415314,github_seed3_original_ilp.json
github,original_ilp_gcn,ILP-GCN,original_ilp,3,0.6,0.8175339361228058,0.8046787831803679,0.8681697612732096,0.7214125560538116,7.790636792000441,0.03844112499973562,0.9072944297082228,0.6449150925395917,0.5577655120386306,0.08080911797925865,0.0525038319630389,3330.0,0.15846153846153843,0.39999930796566124,github_seed3_original_ilp.json
github,original_ilp_gcn,ILP-GCN,original_ilp,3,0.7,0.8175081475214382,0.8022272748941391,0.8657824933687003,0.7236482796286182,7.790636792000441,0.03654658300001756,0.8757559681697613,0.5922533867582522,0.44856300039293817,0.10688982441729131,0.04747479675899881,4405.0,0.21376657824933687,0.30000034601716935,github_seed3_original_ilp.json
github,original_ilp_gcn,ILP-GCN,original_ilp,3,0.8,0.8097893254239055,0.8026553576274876,0.860079575596817,0.711984711984712,7.790636792000441,0.03502920799928688,0.813183023872679,0.5258538446861286,0.32522840030468886,0.14714036348701098,0.039516930945453554,6487.0,0.32769230769230767,0.20000138406867748,github_seed3_original_ilp.json
github,original_ilp_gcn,ILP-GCN,original_ilp,3,0.9,0.8096637010952571,0.8023051485731096,0.8586206896551725,0.7131324004305705,7.790636792000441,0.03308108399960474,0.5654376657824933,0.3934363671055142,0.1771864204917109,0.2655303419242222,0.025476693804280203,12961.0,0.5411140583554377,0.09999896194849188,github_seed3_original_ilp.json
github,original_ilp_gcn,ILP-GCN,original_ilp,4,0.1,0.822823121829759,0.8214698513540716,0.8720159151193634,0.7294645360246705,7.386215958000321,0.04889512500085402,0.979840848806366,0.8744514405647777,0.9514179668968066,0.01981722969504056,0.10326899501425413,740.0,0.034270557029177695,0.9000010380515081,github_seed4_original_ilp.json
github,original_ilp_gcn,ILP-GCN,original_ilp,4,0.2,0.8215499790592231,0.8231367809990626,0.8708222811671088,0.727780883174958,7.386215958000321,0.0459182079994207,0.9615649867374005,0.7933600457927876,0.9001236872207781,0.033781702433514735,0.08805958839905438,1395.0,0.061379310344827576,0.7999986159313225,github_seed4_original_ilp.json
github,original_ilp_gcn,ILP-GCN,original_ilp,4,0.3,0.8209154517725483,0.8207013563147512,0.8690981432360743,0.7280242491044365,7.386215958000321,0.044114083000749815,0.9501856763925729,0.7531005533295173,0.8303791955448849,0.04271485778827395,0.07518876034170617,1811.0,0.07986737400530508,0.6999996539828306,github_seed4_original_ilp.json
github,original_ilp_gcn,ILP-GCN,original_ilp,4,0.4,0.8192932067932068,0.8172605377949971,0.8676392572944297,0.7258241758241758,7.386215958000321,0.042680665999796474,0.9378514588859417,0.7195191757298226,0.7622287853920184,0.05164801314303317,0.06680890167781464,2261.0,0.10084880636604776,0.6000006920343387,github_seed4_original_ilp.json
github,original_ilp_gcn,ILP-GCN,original_ilp,4,0.5,0.8118858232840842,0.8157179219160174,0.8648541114058356,0.7120655552415937,7.386215958000321,0.04105433399854519,0.9250663129973474,0.6859377981301278,0.6786733583417037,0.06417496662901735,0.05944126572800655,2708.0,0.12668435013262602,0.49999826991415314,github_seed4_original_ilp.json
github,original_ilp_gcn,ILP-GCN,original_ilp,4,0.6,0.8126085905427662,0.8147086587875567,0.8643236074270557,0.7141659681475272,7.386215958000321,0.03826450000087789,0.906684350132626,0.6475863384850219,0.5865531129059555,0.07865283910052366,0.05334140863939266,3351.0,0.1601326259946949,0.39999930796566124,github_seed4_original_ilp.json
github,original_ilp_gcn,ILP-GCN,original_ilp,4,0.7,0.8108222216838951,0.8147424743394163,0.8615384615384616,0.7128712871287128,7.386215958000321,0.03729516599923954,0.8771352785145888,0.6000763213127266,0.4791230336356981,0.09816202895574494,0.04751679739418124,4353.0,0.21564986737400527,0.30000034601716935,github_seed4_original_ilp.json
github,original_ilp_gcn,ILP-GCN,original_ilp,4,0.8,0.8071176349649776,0.811718931475029,0.860079575596817,0.706046252438005,7.386215958000321,0.03495208300046215,0.8125198938992042,0.5342491890860522,0.3540873470372407,0.13666700893315537,0.04052757143005342,6489.0,0.3274535809018568,0.20000138406867748,github_seed4_original_ilp.json
github,original_ilp_gcn,ILP-GCN,original_ilp,4,0.9,0.8086999794034733,0.8162964856989099,0.8550397877984085,0.7145468790806999,7.386215958000321,0.03328862499984098,0.5650132625994695,0.41728677733257014,0.20292871577134608,0.23185131943731388,0.026775477396167233,13014.0,0.5387533156498674,0.09999896194849188,github_seed4_original_ilp.json
github,original_ilp_gcn,ILP-GCN,original_ilp,5,0.1,0.811588043528635,0.8210075308428992,0.8640583554376657,0.7121595057568099,7.334098040999379,0.04912137500105018,0.979840848806366,0.8744514405647777,0.9517272151767451,0.01981722969504056,0.10339091718233423,740.0,0.03339522546419099,0.9000010380515081,github_seed5_original_ilp.json
github,original_ilp_gcn,ILP-GCN,original_ilp,5,0.2,0.8138420054994584,0.8198945167607092,0.8648541114058356,0.7163929863623713,7.334098040999379,0.048381000000517815,0.9624137931034483,0.7962220950200344,0.9013846556448358,0.032960262860663316,0.08780799701411517,1364.0,0.061485411140583535,0.7999986159313225,github_seed5_original_ilp.json
github,original_ilp_gcn,ILP-GCN,original_ilp,5,0.3,0.811436921160531,0.8217790751930989,0.8635278514588859,0.7123287671232876,7.334098040999379,0.044513917000585934,0.9497347480106101,0.7513833237931692,0.834614096070087,0.04292021768148681,0.07592541024791852,1830.0,0.0806631299734748,0.6999996539828306,github_seed5_original_ilp.json
github,original_ilp_gcn,ILP-GCN,original_ilp,5,0.4,0.8106728066862685,0.8198858162070914,0.8612732095490716,0.7127951674903898,7.334098040999379,0.04236949999904027,0.9374535809018567,0.7189467658843732,0.7696516832353641,0.05195605298285245,0.0671958924098209,2275.0,0.1016180371352785,0.6000006920343387,github_seed5_original_ilp.json
github,original_ilp_gcn,ILP-GCN,original_ilp,5,0.5,0.8102513667524804,0.819349888620065,0.8615384615384616,0.7116022099447514,7.334098040999379,0.04022370900020178,0.9241909814323608,0.6851745850028621,0.6875832774782583,0.0643803265222302,0.060033299108578124,2729.0,0.12795755968169764,0.49999826991415314,github_seed5_original_ilp.json
github,original_ilp_gcn,ILP-GCN,original_ilp,5,0.6,0.8077784708288236,0.8157187121890902,0.8602122015915119,0.7073847862298723,7.334098040999379,0.03969333299937716,0.9045358090185677,0.6420530433123449,0.596283771895144,0.07824211931409795,0.05384900147241927,3426.0,0.16198938992042444,0.39999930796566124,github_seed5_original_ilp.json
github,original_ilp_gcn,ILP-GCN,original_ilp,5,0.7,0.8071254559306491,0.8148232152572495,0.8587533156498673,0.7073371805441055,7.334098040999379,0.03699804200005019,0.8760212201591512,0.6004579278763594,0.48953179598970353,0.09785398911592566,0.04843871600706838,4388.0,0.21846153846153848,0.30000034601716935,github_seed5_original_ilp.json
github,original_ilp_gcn,ILP-GCN,original_ilp,5,0.8,0.8056550198746646,0.8142297216863978,0.8590185676392573,0.7038172192811368,7.334098040999379,0.035525708000932354,0.8095225464190982,0.5285250906315588,0.36399646736411084,0.1380018482390389,0.041584843122391746,6620.0,0.32729442970822276,0.20000138406867748,github_seed5_original_ilp.json
github,original_ilp_gcn,ILP-GCN,original_ilp,5,0.9,0.8039943029411356,0.8121089764733227,0.8529177718832891,0.7060694407633183,7.334098040999379,0.03371391700056847,0.5584350132625995,0.41957641671436746,0.2111367495880082,0.2307218400246432,0.027319973130318156,13217.0,0.5364190981432362,0.09999896194849188,github_seed5_original_ilp.json
github,original_ilp_gcn,ILP-GCN,original_ilp,6,0.1,0.8277739063104916,0.8118797230731266,0.8748010610079575,0.7377777777777778,7.228503041000295,0.04790895799851569,0.9790185676392573,0.8704445716466324,0.9516558416901998,0.019714549748434132,0.10319173859547126,764.0,0.035145888594164454,0.9000010380515081,github_seed6_original_ilp.json
github,original_ilp_gcn,ILP-GCN,original_ilp,6,0.2,0.8281132357271834,0.8124713190752637,0.8740053050397878,0.7392974753018661,7.228503041000295,0.047081083999728435,0.9605039787798408,0.7885899637473764,0.8980895428542376,0.03367902248690831,0.08774294382301283,1438.0,0.06129973474801059,0.7999986159313225,github_seed6_original_ilp.json
github,original_ilp_gcn,ILP-GCN,original_ilp,6,0.3,0.8223183286316235,0.8080605880859102,0.8717506631299735,0.7285994948077463,7.228503041000295,0.04368191700086754,0.9507692307692308,0.7534821598931501,0.8255614852030785,0.04230413800184824,0.07445195770561532,1786.0,0.07888594164456231,0.6999996539828306,github_seed6_original_ilp.json
github,original_ilp_gcn,ILP-GCN,original_ilp,6,0.4,0.8228928079543072,0.8086796816771435,0.8728116710875331,0.7288662708510036,7.228503041000295,0.042179833000773215,0.9380371352785146,0.7187559626025568,0.7508683581365304,0.05359893212855529,0.06614801690455677,2251.0,0.10039787798408484,0.6000006920343387,github_seed6_original_ilp.json
github,original_ilp_gcn,ILP-GCN,original_ilp,6,0.5,0.8211610345192875,0.8041970428590767,0.870291777188329,0.7274247491638796,7.228503041000295,0.04162524999992456,0.9251989389920424,0.6838389620301469,0.6656832733051895,0.06571516582811376,0.05896072375474442,2706.0,0.12525198938992044,0.49999826991415314,github_seed6_original_ilp.json
github,original_ilp_gcn,ILP-GCN,original_ilp,6,0.6,0.8211954939141441,0.8027825546764527,0.8685676392572944,0.7291609729434272,7.228503041000295,0.0383482079996611,0.906498673740053,0.6441518794123259,0.573027671477715,0.07967963856658794,0.052771995336009854,3361.0,0.15840848806366048,0.39999930796566124,github_seed6_original_ilp.json
github,original_ilp_gcn,ILP-GCN,original_ilp,6,0.7,0.8143965723564993,0.7995833270277497,0.8645888594164456,0.717877866814037,7.228503041000295,0.03703766600119707,0.8768169761273209,0.594733829421866,0.46327798151605437,0.10339870623267276,0.04714767130793412,4377.0,0.21435013262599467,0.30000034601716935,github_seed6_original_ilp.json
github,original_ilp_gcn,ILP-GCN,original_ilp,6,0.8,0.8115005428711375,0.800663866286755,0.8629973474801061,0.7129758266185051,7.228503041000295,0.034810041999662644,0.813209549071618,0.528143484067926,0.3391939321977613,0.1427251257829346,0.0393590463396036,6475.0,0.32830238726790456,0.20000138406867748,github_seed6_original_ilp.json
github,original_ilp_gcn,ILP-GCN,original_ilp,6,0.9,0.8121224798581683,0.80515892896759,0.8575596816976128,0.7197286012526096,7.228503041000295,0.03352933299902361,0.563342175066313,0.4033581377599695,0.18924866401379561,0.24715063148167163,0.025273481307964214,12979.0,0.5399469496021221,0.09999896194849188,github_seed6_original_ilp.json
github,original_ilp_gcn,ILP-GCN,original_ilp,7,0.1,0.8192920118626823,0.8183832871348631,0.8684350132625994,0.7250554323725056,7.395725458001834,0.04809883299822104,0.9793103448275862,0.8717801946193474,0.9500380058334157,0.019919909641646985,0.1030116947008617,756.0,0.03493368700265248,0.9000010380515081,github_seed7_original_ilp.json
github,original_ilp_gcn,ILP-GCN,original_ilp,7,0.2,0.8181298942913786,0.8160048633282173,0.8676392572944297,0.7232390460343872,7.395725458001834,0.046360708998690825,0.9621750663129973,0.7941232589200534,0.8968405068396953,0.03367902248690831,0.0869296284055844,1376.0,0.05997347480106102,0.7999986159313225,github_seed7_original_ilp.json
github,original_ilp_gcn,ILP-GCN,original_ilp,7,0.3,0.8189276812414377,0.8129780418693013,0.8681697612732096,0.7245011086474501,7.395725458001834,0.04419224999946891,0.9505570291777188,0.7527189467658844,0.8209459076687561,0.04312557757469966,0.07445971979511733,1796.0,0.07917771883289126,0.6999996539828306,github_seed7_original_ilp.json
github,original_ilp_gcn,ILP-GCN,original_ilp,7,0.4,0.8159473484708972,0.8130358085864203,0.8649867374005306,0.7209429824561403,7.395725458001834,0.04181858300216845,0.9387002652519894,0.7200915855752719,0.7454915370692404,0.052777492555703874,0.06600102256347086,2228.0,0.09984084880636601,0.6000006920343387,github_seed7_original_ilp.json
github,original_ilp_gcn,ILP-GCN,original_ilp,7,0.5,0.8134568128249278,0.816033966033966,0.8625994694960212,0.7177111716621254,7.395725458001834,0.04092920800030697,0.9260742705570292,0.6836481587483305,0.659021674237448,0.06663928534757162,0.0586330443594877,2674.0,0.12421750663129971,0.49999826991415314,github_seed7_original_ilp.json
github,original_ilp_gcn,ILP-GCN,original_ilp,7,0.6,0.8149373502460637,0.8113170100312803,0.863262599469496,0.720368863574722,7.395725458001834,0.038963916998909554,0.9078249336870027,0.6447242892577753,0.5650575400757644,0.07988499845980081,0.05235765755200957,3305.0,0.15795755968169756,0.39999930796566124,github_seed7_original_ilp.json
github,original_ilp_gcn,ILP-GCN,original_ilp,7,0.7,0.8122666788060975,0.8064604747427218,0.8624668435013263,0.7151881351277122,7.395725458001834,0.037248208001983585,0.8784350132625994,0.594733829421866,0.4551531983528162,0.10411746585891775,0.04722953794968399,4314.0,0.2141909814323607,0.30000034601716935,github_seed7_original_ilp.json
github,original_ilp_gcn,ILP-GCN,original_ilp,7,0.8,0.8128295633305098,0.8053733785251505,0.8603448275862069,0.7185244587008821,7.395725458001834,0.03481829099837341,0.8144031830238727,0.5269986643770272,0.3309383344709479,0.14395728514221173,0.03950230599308824,6413.0,0.32750663129973473,0.20000138406867748,github_seed7_original_ilp.json
github,original_ilp_gcn,ILP-GCN,original_ilp,7,0.9,0.8058625470390176,0.8059462641240072,0.8551724137931035,0.7080213903743315,7.395725458001834,0.033353208000335144,0.5654907161803714,0.3993512688418241,0.1814212933955947,0.25618646678303725,0.025245356176390815,12917.0,0.5403448275862068,0.09999896194849188,github_seed7_original_ilp.json
github,original_ilp_gcn,ILP-GCN,original_ilp,8,0.1,0.8116627374830351,0.8237124580588108,0.8652519893899204,0.7111995451961342,7.118932125002175,0.04796108399750665,0.9797877984084881,0.8744514405647777,0.9519295137121389,0.01889311017558271,0.1025805432342485,738.0,0.03405835543766578,0.9000010380515081,github_seed8_original_ilp.json
github,original_ilp_gcn,ILP-GCN,original_ilp,8,0.2,0.8160595902502648,0.8234092603099041,0.8669761273209549,0.7192835152532886,7.118932125002175,0.11242133399719023,0.9607427055702917,0.7897347834382752,0.8985415933499032,0.03337098264708902,0.0874483145818097,1429.0,0.06122015915119361,0.7999986159313225,github_seed8_original_ilp.json
github,original_ilp_gcn,ILP-GCN,original_ilp,8,0.3,0.8136694286634788,0.8250999289963538,0.8640583554376657,0.7167725891130147,7.118932125002175,0.043682166000508005,0.9511671087533157,0.7555809959931311,0.8268700175372875,0.04209877810863538,0.07464788234052129,1773.0,0.07968169761273203,0.6999996539828306,github_seed8_original_ilp.json
github,original_ilp_gcn,ILP-GCN,original_ilp,8,0.4,0.8108480603285972,0.8220635913388027,0.8645888594164456,0.7100255609201931,7.118932125002175,0.041985875002865214,0.9385145888594164,0.7212364052661706,0.751427468862014,0.052777492555703874,0.06634767905100072,2232.0,0.09999999999999998,0.6000006920343387,github_seed8_original_ilp.json
github,original_ilp_gcn,ILP-GCN,original_ilp,8,0.5,0.8095308746130219,0.8176780396718731,0.8618037135278515,0.70974930362117,7.118932125002175,0.04013279200080433,0.9255968169761273,0.6868918145392101,0.6654572756786751,0.06520176609508163,0.059135813326043805,2690.0,0.12519893899204237,0.49999826991415314,github_seed8_original_ilp.json
github,original_ilp_gcn,ILP-GCN,original_ilp,8,0.6,0.8089442349292275,0.8176435486472571,0.8618037135278515,0.7084499160604365,7.118932125002175,0.038395374998799525,0.9078779840848806,0.64930356802137,0.571612078913688,0.07834479926070438,0.05274682421940325,3311.0,0.15856763925729445,0.39999930796566124,github_seed8_original_ilp.json
github,original_ilp_gcn,ILP-GCN,original_ilp,8,0.7,0.8071915022224472,0.8142619431154862,0.860079575596817,0.7062099693678641,7.118932125002175,0.03721491699980106,0.8770822281167109,0.6010303377218088,0.4628497129754644,0.10226922682000206,0.04749834683829295,4348.0,0.21448275862068966,0.30000034601716935,github_seed8_original_ilp.json
github,original_ilp_gcn,ILP-GCN,original_ilp,8,0.8,0.8054793133010547,0.814278405103591,0.859814323607427,0.7026722925457103,7.118932125002175,0.03496604099927936,0.8145092838196286,0.5390192711314634,0.33815901664285475,0.14077420679741245,0.040124461950978775,6415.0,0.32679045092838194,0.20000138406867748,github_seed8_original_ilp.json
github,original_ilp_gcn,ILP-GCN,original_ilp,8,0.9,0.8057355598420635,0.80840726753641,0.8557029177718833,0.7072120559741658,7.118932125002175,0.0334240830015915,0.5729177718832891,0.41690517076893724,0.18727397453494427,0.24797207105452304,0.025713441730683306,12848.0,0.5410344827586206,0.09999896194849188,github_seed8_original_ilp.json
github,original_ilp_gcn,ILP-GCN,original_ilp,9,0.1,0.8051085305064385,0.8123299762434042,0.8622015915119363,0.6996241688349234,7.150955583998439,0.04769870800009812,0.9795490716180372,0.8734974241556954,0.9494313311977808,0.019919909641646985,0.1029595805755131,747.0,0.034403183023872685,0.9000010380515081,github_seed9_original_ilp.json
github,original_ilp_gcn,ILP-GCN,original_ilp,9,0.2,0.8116641298226122,0.8116522142687793,0.8645888594164456,0.7118261360429015,7.150955583998439,0.04693050000059884,0.9624933687002653,0.7943140622018698,0.8969118803262405,0.032960262860663316,0.086903212146457,1364.0,0.05960212201591508,0.7999986159313225,github_seed9_original_ilp.json
github,original_ilp_gcn,ILP-GCN,original_ilp,9,0.3,0.8099705570335483,0.8132352166896506,0.8628647214854112,0.7097136440202133,7.150955583998439,0.0437143749986717,0.950053050397878,0.7510017172295363,0.8198872377800922,0.044357736933976794,0.07483784405389533,1817.0,0.07957559681697612,0.6999996539828306,github_seed9_original_ilp.json
github,original_ilp_gcn,ILP-GCN,original_ilp,9,0.4,0.8101030227049834,0.8139626047356341,0.8612732095490716,0.7115278543849972,7.150955583998439,0.041718000000400934,0.9381432360742705,0.7185651593207403,0.7450870504837261,0.05359893212855529,0.06601355869907624,2243.0,0.1006896551724138,0.6000006920343387,github_seed9_original_ilp.json
github,original_ilp_gcn,ILP-GCN,original_ilp,9,0.5,0.8047431896049375,0.8118515694309274,0.8592838196286472,0.7015471167369901,7.150955583998439,0.04067166700042435,0.9259151193633952,0.6836481587483305,0.6595569753865375,0.06581784577472019,0.05849177520040018,2673.0,0.12464190981432355,0.49999826991415314,github_seed9_original_ilp.json
github,original_ilp_gcn,ILP-GCN,original_ilp,9,0.6,0.8020212329411618,0.810984212699877,0.8572944297082228,0.6974128233970753,7.150955583998439,0.038291500000923406,0.9077453580901856,0.6441518794123259,0.5657593977743385,0.07906355888694938,0.052607772500736276,3302.0,0.15851458885941638,0.39999930796566124,github_seed9_original_ilp.json
github,original_ilp_gcn,ILP-GCN,original_ilp,9,0.7,0.8001028962728272,0.8107028833893284,0.8568965517241379,0.6935529679068446,7.150955583998439,0.03650766600185307,0.8787798408488063,0.5939706162946002,0.4554744066635883,0.10360406612588562,0.047033311829819284,4308.0,0.21485411140583555,0.30000034601716935,github_seed9_original_ilp.json
github,original_ilp_gcn,ILP-GCN,original_ilp,9,0.8,0.8044529857377533,0.8094935050164559,0.8561007957559682,0.703956343792633,7.150955583998439,0.03474833300060709,0.8135809018567639,0.5195573363861858,0.33199703198093006,0.14518944450148885,0.03923680229643757,6429.0,0.32949602122015914,0.20000138406867748,github_seed9_original_ilp.json
github,original_ilp_gcn,ILP-GCN,original_ilp,9,0.9,0.8002221265775191,0.8067812536890123,0.8522546419098144,0.6982665222101841,7.150955583998439,0.033080166002037004,0.5602917771883289,0.38923869490555235,0.1830866931625301,0.25536502721018584,0.0247244563570825,13035.0,0.5410875331564986,0.09999896194849188,github_seed9_original_ilp.json
github,ptdnet,PTDNet,ptdnet,0,0.1,0.8159174265778986,0.8162397416280616,0.8669761273209549,0.7189688988512188,4.368676749999963,0.054853125000022374,0.9801856763925729,0.8734974241556954,0.9547605883549194,0.018174350549337713,0.10218729777649113,724.0,0.03328912466843498,0.9000010380515081,github_seed0_ptdnet.json
github,ptdnet,PTDNet,ptdnet,0,0.2,0.8187952314979838,0.8162075089883429,0.8673740053050398,0.724972497249725,4.368676749999963,0.05213512499994977,0.9598673740053051,0.7868727342110284,0.9090692931006054,0.03285758291405688,0.08776072220760706,1463.0,0.061724137931034484,0.7999986159313225,github_seed0_ptdnet.json
github,ptdnet,PTDNet,ptdnet,0,0.3,0.817865194220891,0.8155450099220757,0.86684350132626,0.7234159779614325,4.368676749999963,0.04507750000004762,0.9491511936339523,0.7523373402022515,0.8586314952631202,0.03953177944347469,0.0758583421502151,1845.0,0.08275862068965512,0.6999996539828306,github_seed0_ptdnet.json
github,ptdnet,PTDNet,ptdnet,0,0.4,0.8188586425693796,0.8134627219227688,0.86657824933687,0.7258855585831062,4.368676749999963,0.062473374999967746,0.9385145888594164,0.7218088151116199,0.8036019847103432,0.04641133586610535,0.0672207527353464,2230.0,0.10135278514588864,0.6000006920343387,github_seed0_ptdnet.json
github,ptdnet,PTDNet,ptdnet,0,0.5,0.8146261353838872,0.8118813077710842,0.8649867374005306,0.718005540166205,4.368676749999963,0.04117204099998162,0.923289124668435,0.6844113718755963,0.7309906764057601,0.05934900913851525,0.06037795009840311,2775.0,0.1288328912466843,0.49999826991415314,github_seed0_ptdnet.json
github,ptdnet,PTDNet,ptdnet,0,0.6,0.815594343942136,0.8104072112758597,0.8648541114058356,0.7202854790008235,4.368676749999963,0.04975829199997861,0.9028912466843502,0.6414806334668957,0.6530143689581291,0.07197864257110587,0.054637989979279,3483.0,0.16384615384615386,0.39999930796566124,github_seed0_ptdnet.json
github,ptdnet,PTDNet,ptdnet,0,0.7,0.8116470868340315,0.8100437870286297,0.863129973474801,0.7131739855475264,4.368676749999963,0.03796245800003817,0.8676923076923077,0.5907269605037206,0.55230538507528,0.08994763322723072,0.04789786523892947,4676.0,0.2225464190981432,0.30000034601716935,github_seed0_ptdnet.json
github,ptdnet,PTDNet,ptdnet,0,0.8,0.8123342643170741,0.808719396251373,0.8591511936339522,0.7186009538950715,4.368676749999963,0.03685008300010395,0.793209549071618,0.5065827132226675,0.42646078054843056,0.12301057603450047,0.040655370730813246,7116.0,0.33999999999999997,0.20000138406867748,github_seed0_ptdnet.json
github,ptdnet,PTDNet,ptdnet,0,0.9,0.806036479969056,0.8070527475130886,0.8568965517241379,0.7067137809187279,4.368676749999963,0.035416375000068,0.4972148541114058,0.3365769891242129,0.27144795338777256,0.21090461032960262,0.024575481925466925,14967.0,0.5356498673740053,0.09999896194849188,github_seed0_ptdnet.json
github,ptdnet,PTDNet,ptdnet,1,0.1,0.8112634259635443,0.8134468690198546,0.8620689655172413,0.7133406835722161,4.168292249999922,0.04834104200017464,0.9797612732095491,0.8708261782102652,0.9546773929441321,0.01786631070951843,0.10237367749363309,737.0,0.03445623342175064,0.9000010380515081,github_seed1_ptdnet.json
github,ptdnet,PTDNet,ptdnet,1,0.2,0.8137036407073268,0.8133964926692379,0.8649867374005306,0.7159598214285714,4.168292249999922,0.04694654100012485,0.9602122015915119,0.7882083571837436,0.9110439411474792,0.0325495430742376,0.08777027074517316,1450.0,0.06129973474801059,0.7999986159313225,github_seed1_ptdnet.json
github,ptdnet,PTDNet,ptdnet,1,0.3,0.8159972438345152,0.8115977922953593,0.8647214854111406,0.7213114754098361,4.168292249999922,0.04484020800009603,0.9514588859416445,0.7597786681930929,0.8707532212942123,0.03665674093849471,0.07517456592340155,1763.0,0.08082228116710877,0.6999996539828306,github_seed1_ptdnet.json
github,ptdnet,PTDNet,ptdnet,1,0.4,0.8097506388308418,0.8085786677587398,0.8620689655172413,0.7099832682654769,4.168292249999922,0.04221083299989914,0.9392307692307692,0.7246708643388666,0.8185667730363678,0.04538453640004107,0.06696538821535351,2203.0,0.09973474801061011,0.6000006920343387,github_seed1_ptdnet.json
github,ptdnet,PTDNet,ptdnet,1,0.5,0.8087973542371738,0.807996022598531,0.8604774535809019,0.7093922651933702,4.168292249999922,0.04241854100018827,0.9254641909814324,0.6899446670482733,0.7539017865573414,0.053804292021768146,0.0602189046071854,2691.0,0.12652519893899206,0.49999826991415314,github_seed1_ptdnet.json
github,ptdnet,PTDNet,ptdnet,1,0.6,0.8063232236381384,0.8071235765814593,0.8588859416445623,0.7054263565891473,4.168292249999922,0.03951516699999047,0.903474801061008,0.6439610761305095,0.6787209774944917,0.06941164390594518,0.05473993346137505,3465.0,0.16395225464190977,0.39999930796566124,github_seed1_ptdnet.json
github,ptdnet,PTDNet,ptdnet,1,0.7,0.8058941058941059,0.8035740309438144,0.8578249336870026,0.7054945054945055,4.168292249999922,0.037203917000169895,0.8680636604774535,0.5911085670673536,0.5831866266288119,0.08563507546976075,0.04847049250911086,4683.0,0.22665782493368702,0.30000034601716935,github_seed1_ptdnet.json
github,ptdnet,PTDNet,ptdnet,1,0.8,0.8050218228582067,0.8012655892386806,0.8574270557029178,0.7039383090057836,4.168292249999922,0.03640004199996838,0.7858355437665783,0.5054378935317687,0.46019698918509205,0.1150015401991991,0.040273147908930655,7325.0,0.35029177718832893,0.20000138406867748,github_seed1_ptdnet.json
github,ptdnet,PTDNet,ptdnet,1,0.9,0.8051650324695405,0.8036639634381815,0.8530503978779841,0.7085744345081536,4.168292249999922,0.034222958000100334,0.45026525198938994,0.32131272657889715,0.30182955291416924,0.20392237396036553,0.023875713308885684,16015.0,0.5484084880636605,0.09999896194849188,github_seed1_ptdnet.json
github,ptdnet,PTDNet,ptdnet,2,0.1,0.8147113285586082,0.8197256814137508,0.8681697612732096,0.7151862464183381,3.6634307080003055,0.04692516700015403,0.9785676392572944,0.8687273421102844,0.9528573690372275,0.02012526953485984,0.10323679772479112,781.0,0.035198938992042406,0.9000010380515081,github_seed2_ptdnet.json
github,ptdnet,PTDNet,ptdnet,2,0.2,0.8149262018684955,0.8187517747162902,0.8676392572944297,0.7161547212741752,3.6634307080003055,0.045027207999737584,0.960238726790451,0.7868727342110284,0.9096521581598462,0.03285758291405688,0.0881641355091288,1448.0,0.061087533156498675,0.7999986159313225,github_seed2_ptdnet.json
github,ptdnet,PTDNet,ptdnet,2,0.3,0.8146769662921348,0.8179038657994961,0.8663129973474801,0.7168539325842697,3.6634307080003055,0.043873165999684716,0.9512201591511936,0.7578706353749285,0.8662685688087384,0.038915699763836124,0.07467319516143284,1770.0,0.0785411140583554,0.6999996539828306,github_seed2_ptdnet.json
github,ptdnet,PTDNet,ptdnet,2,0.4,0.8152643743866128,0.8165323924609076,0.866710875331565,0.7177759056444819,3.6634307080003055,0.04195229200013273,0.9388063660477454,0.7221904216752528,0.8103230800977514,0.04651401581271178,0.0669343197946383,2223.0,0.10031830238726791,0.6000006920343387,github_seed2_ptdnet.json
github,ptdnet,PTDNet,ptdnet,2,0.5,0.8103297307341322,0.81063160277143,0.8641909814323607,0.7092561044860874,3.6634307080003055,0.04301220800061856,0.9250132625994695,0.6832665521846976,0.7451465468033928,0.056679330526748124,0.06017310941804279,2709.0,0.12644562334217502,0.49999826991415314,github_seed2_ptdnet.json
github,ptdnet,PTDNet,ptdnet,2,0.6,0.8111137257564438,0.8125529602245917,0.8618037135278515,0.71326362135388,3.6634307080003055,0.0384317079997345,0.9044031830238727,0.6433886662850601,0.6680505307706991,0.06787144470684875,0.054547347309839005,3427.0,0.16183023872679048,0.39999930796566124,github_seed2_ptdnet.json
github,ptdnet,PTDNet,ptdnet,2,0.7,0.8041786481560503,0.8092341310216715,0.859814323607427,0.6998011928429424,3.6634307080003055,0.03631858400058263,0.8690716180371353,0.584048845640145,0.570803160985296,0.08830475408152788,0.047741702945591435,4625.0,0.22413793103448276,0.30000034601716935,github_seed2_ptdnet.json
github,ptdnet,PTDNet,ptdnet,2,0.8,0.8051017827978053,0.8083886639676113,0.8562334217506631,0.7052746057640021,3.6634307080003055,0.03498550000040268,0.790185676392573,0.48845640145010494,0.44661210667982165,0.11890337817024335,0.03994151234054544,7197.0,0.3469230769230769,0.20000138406867748,github_seed2_ptdnet.json
github,ptdnet,PTDNet,ptdnet,2,0.9,0.8053004262273571,0.8093065973449667,0.8550397877984085,0.7068919281308662,3.6634307080003055,0.03761716700046236,0.47257294429708224,0.2963174966609426,0.2890535607159726,0.21275284936851832,0.02443196199117258,15636.0,0.5422015915119364,0.09999896194849188,github_seed2_ptdnet.json
github,ptdnet,PTDNet,ptdnet,3,0.1,0.819533275713051,0.8143331125514209,0.8710875331564987,0.7230769230769231,4.297626292000132,0.05104654199931247,0.9791777188328913,0.8708261782102652,0.9537019184662555,0.018995790122189136,0.10312491329531506,758.0,0.03477453580901857,0.9000010380515081,github_seed3_ptdnet.json
github,ptdnet,PTDNet,ptdnet,3,0.2,0.8180070100014489,0.8135792726872946,0.8690981432360743,0.7215796897038081,4.297626292000132,0.04782329099907656,0.9603183023872679,0.7874451440564778,0.9101755821420572,0.0325495430742376,0.08808946867470158,1446.0,0.061777188328912436,0.7999986159313225,github_seed3_ptdnet.json
github,ptdnet,PTDNet,ptdnet,3,0.3,0.8229808842630695,0.8138399782079643,0.870291777188329,0.7314662273476112,4.297626292000132,0.04345587500029069,0.9520159151193633,0.7613050944476245,0.8731323559266005,0.03645138104528186,0.07506380302565621,1744.0,0.07891246684350128,0.6999996539828306,github_seed3_ptdnet.json
github,ptdnet,PTDNet,ptdnet,3,0.4,0.8191760679833199,0.8118711340084948,0.8697612732095491,0.723536036036036,4.297626292000132,0.0422521250002319,0.9389655172413793,0.7240984544934173,0.8221593121826625,0.04497381661361536,0.06716906929234168,2213.0,0.10026525198938996,0.6000006920343387,github_seed3_ptdnet.json
github,ptdnet,PTDNet,ptdnet,3,0.5,0.8161045761448535,0.8101837463315675,0.8664456233421751,0.7198887343532684,4.297626292000132,0.039969749999727355,0.9259681697612732,0.6918526998664377,0.7618837951261708,0.05298285244891673,0.06048327262038039,2670.0,0.12649867374005308,0.49999826991415314,github_seed3_ptdnet.json
github,ptdnet,PTDNet,ptdnet,3,0.6,0.8169637935420062,0.8066900880640965,0.8657824933687003,0.7224355458036205,4.297626292000132,0.03830349999952887,0.9048010610079575,0.6470139286395726,0.6858821909680503,0.06571516582811376,0.05509918726397078,3414.0,0.16352785145888593,0.39999930796566124,github_seed3_ptdnet.json
github,ptdnet,PTDNet,ptdnet,3,0.7,0.8141151279674377,0.8034809623525916,0.8645888594164456,0.7172528385488784,4.297626292000132,0.037456542000654736,0.8682758620689656,0.595115435985499,0.5925485410183955,0.0835814765376322,0.048225242004475775,4646.0,0.22753315649867367,0.30000034601716935,github_seed3_ptdnet.json
github,ptdnet,PTDNet,ptdnet,3,0.8,0.807676815655726,0.8030931122448979,0.8575596816976128,0.7097297297297297,4.297626292000132,0.035348916999282665,0.7841379310344827,0.5062011066590345,0.4714978924995952,0.11212650169421912,0.040665879599407935,7350.0,0.3550663129973475,0.20000138406867748,github_seed3_ptdnet.json
github,ptdnet,PTDNet,ptdnet,3,0.9,0.8090340951808135,0.8036850800236589,0.8570291777188329,0.7132978723404255,4.297626292000132,0.03319270800056984,0.43655172413793103,0.31558862812440375,0.31195279370067525,0.2012526953485984,0.023874628314337926,16366.0,0.553501326259947,0.09999896194849188,github_seed3_ptdnet.json
github,ptdnet,PTDNet,ptdnet,4,0.1,0.822190020138056,0.8214101166388288,0.8710875331564987,0.7289459007250418,3.6735545409992483,0.047790208000151324,0.9783819628647215,0.8668193092921198,0.9521673885055321,0.020741349214498408,0.10340012112527054,795.0,0.03469496021220159,0.9000010380515081,github_seed4_ptdnet.json
github,ptdnet,PTDNet,ptdnet,4,0.2,0.8224762087087552,0.8218510112687318,0.8705570291777188,0.7300884955752213,3.6735545409992483,0.045829124999727355,0.9628116710875332,0.7958404884564014,0.9057028068234618,0.031933463394599036,0.08604533315283901,1358.0,0.05785145888594162,0.7999986159313225,github_seed4_ptdnet.json
github,ptdnet,PTDNet,ptdnet,4,0.3,0.8216547119143636,0.8197902976676577,0.8697612732095491,0.7290286975717439,3.6735545409992483,0.04418641700067383,0.950212201591512,0.7529097500477008,0.8528026237001646,0.04004517917650683,0.07490287754288792,1813.0,0.07999999999999996,0.6999996539828306,github_seed4_ptdnet.json
github,ptdnet,PTDNet,ptdnet,4,0.4,0.8157039136848804,0.8162018275428831,0.8655172413793103,0.7198895027624309,3.6735545409992483,0.04231666600026074,0.9394694960212202,0.7193283724480061,0.7895531745425285,0.05092925351678817,0.06681945996549268,2198.0,0.10124668435013262,0.6000006920343387,github_seed4_ptdnet.json
github,ptdnet,PTDNet,ptdnet,4,0.5,0.8148781833352408,0.8154419832962699,0.8644562334217507,0.7190764156129742,3.6735545409992483,0.04046179099896108,0.9260212201591512,0.6844113718755963,0.720486786231452,0.05709005031317384,0.05898786701084109,2671.0,0.12442970822281163,0.49999826991415314,github_seed4_ptdnet.json
github,ptdnet,PTDNet,ptdnet,4,0.6,0.8125585416790815,0.8178455970201701,0.8627320954907162,0.7155812036273702,3.6735545409992483,0.038409542001318187,0.9072148541114058,0.6424346498759779,0.6356466364233223,0.07208132251771229,0.05330343690108978,3315.0,0.15854111405835547,0.39999930796566124,github_seed4_ptdnet.json
github,ptdnet,PTDNet,ptdnet,4,0.7,0.8118341302459571,0.814596786635907,0.8622015915119363,0.7144820005496015,3.6735545409992483,0.036681459001556505,0.8789389920424403,0.5897729440946384,0.5315116699436631,0.09046103296026287,0.04690977478374996,4296.0,0.21652519893899208,0.30000034601716935,github_seed4_ptdnet.json
github,ptdnet,PTDNet,ptdnet,4,0.8,0.8086024013449976,0.8155288464394059,0.8580901856763926,0.7112790070156503,3.6735545409992483,0.03493250000065018,0.8087267904509284,0.5039114672772371,0.40749904935455195,0.12516685491323545,0.03902639371998225,6530.0,0.3372413793103448,0.20000138406867748,github_seed4_ptdnet.json
github,ptdnet,PTDNet,ptdnet,4,0.9,0.8052401067954064,0.8157983422626573,0.850132625994695,0.7117346938775511,3.6735545409992483,0.03342320899901097,0.5190716180371353,0.32074031673344783,0.25071373457582224,0.21470376835404045,0.02453262286594337,14112.0,0.5371352785145889,0.09999896194849188,github_seed4_ptdnet.json
github,ptdnet,PTDNet,ptdnet,5,0.1,0.81305317677308,0.8222494030167707,0.8648541114058356,0.7146457574908989,3.7013284580007166,0.048001958000895684,0.9794694960212201,0.868154932264835,0.9555814939354634,0.01889311017558271,0.10128075297008625,752.0,0.03389920424403181,0.9000010380515081,github_seed5_ptdnet.json
github,ptdnet,PTDNet,ptdnet,5,0.2,0.8135283341747902,0.8200775829257243,0.8640583554376657,0.7164591977869986,3.7013284580007166,0.0456604579994746,0.9603448275862069,0.7880175539019271,0.912566593941324,0.03234418318102475,0.08738775784317507,1445.0,0.06132625994694957,0.7999986159313225,github_seed5_ptdnet.json
github,ptdnet,PTDNet,ptdnet,5,0.3,0.8104851442712416,0.8223297728255323,0.863262599469496,0.7104745857905083,3.7013284580007166,0.0436535829994682,0.9508753315649867,0.7561534058385804,0.8664707568588589,0.03860765992401684,0.07459770540011826,1785.0,0.07859416445623346,0.6999996539828306,github_seed5_ptdnet.json
github,ptdnet,PTDNet,ptdnet,5,0.4,0.8113667214968707,0.8201133854502165,0.8637931034482759,0.7119214586255259,3.7013284580007166,0.04156108399911318,0.94,0.7250524709024995,0.8188403898156703,0.045589896293253926,0.06685640318671743,2174.0,0.09981432360742704,0.6000006920343387,github_seed5_ptdnet.json
github,ptdnet,PTDNet,ptdnet,5,0.5,0.8114166696272322,0.8182748546013514,0.8624668435013263,0.7132983135194912,3.7013284580007166,0.04018091599937179,0.926684350132626,0.6887998473573745,0.751011105109621,0.05462573159461957,0.06017021911841833,2653.0,0.12549071618037133,0.49999826991415314,github_seed5_ptdnet.json
github,ptdnet,PTDNet,ptdnet,5,0.6,0.8076736808123676,0.81728075919638,0.8619363395225464,0.7055162659123055,3.7013284580007166,0.038649666001219884,0.9051989389920424,0.6414806334668957,0.6748310672351373,0.0683848444398809,0.05436853884091143,3394.0,0.16209549071618035,0.39999930796566124,github_seed5_ptdnet.json
github,ptdnet,PTDNet,ptdnet,5,0.7,0.8070474464058278,0.8183744362278291,0.859814323607427,0.7061440088963025,3.7013284580007166,0.03650433300026634,0.8696021220159151,0.5884373211219233,0.580046137978183,0.08573775541636719,0.048460912485471644,4599.0,0.22596816976127326,0.30000034601716935,github_seed5_ptdnet.json
github,ptdnet,PTDNet,ptdnet,5,0.8,0.8060664859571152,0.8152639699169834,0.8550397877984085,0.7086110370567849,3.7013284580007166,0.035812000000078115,0.7889920424403183,0.5002862049227247,0.45659260049323713,0.1186980182770305,0.03978731276656267,7208.0,0.34931034482758616,0.20000138406867748,github_seed5_ptdnet.json
github,ptdnet,PTDNet,ptdnet,5,0.9,0.8042352326329331,0.81078691423519,0.8519893899204244,0.7075471698113207,3.7013284580007166,0.032874333001018385,0.4560212201591512,0.311009349360809,0.297749331771573,0.2048464934798234,0.024366292089745514,15835.0,0.5481167108753315,0.09999896194849188,github_seed5_ptdnet.json
github,ptdnet,PTDNet,ptdnet,6,0.1,0.8252038301245093,0.8063894566547442,0.8746684350132626,0.7322187588551998,3.7293034590002208,0.04704725000010512,0.9787798408488063,0.868154932264835,0.953559171493165,0.01930382996200842,0.10328100256782158,773.0,0.03506631299734747,0.9000010380515081,github_seed6_ptdnet.json
github,ptdnet,PTDNet,ptdnet,6,0.2,0.8265968710074931,0.8101156121413484,0.8744031830238727,0.7355487294051941,3.7293034590002208,0.04925662499954342,0.96,0.7870635374928449,0.9095332207631497,0.032754902967450455,0.08830581942842937,1458.0,0.061909814323607426,0.7999986159313225,github_seed6_ptdnet.json
github,ptdnet,PTDNet,ptdnet,6,0.3,0.8257670690155121,0.8082163608501195,0.8730769230769231,0.7349764608141789,3.7293034590002208,0.04320437499882246,0.9513262599469496,0.7582522419385613,0.8686952673512779,0.03675942088510114,0.07525089876842699,1766.0,0.0801856763925729,0.6999996539828306,github_seed6_ptdnet.json
github,ptdnet,PTDNet,ptdnet,6,0.4,0.822462244084909,0.8093113809921992,0.8710875331564987,0.7295492487479132,3.7293034590002208,0.051981958000396844,0.9392307692307692,0.7225720282388857,0.8154739035385269,0.04517917650682822,0.0668171895045399,2206.0,0.10018567639257292,0.6000006920343387,github_seed6_ptdnet.json
github,ptdnet,PTDNet,ptdnet,6,0.5,0.8213297720740429,0.8058066864257845,0.869893899204244,0.7281795511221946,3.7293034590002208,0.04169045900016499,0.9244297082228117,0.6849837817210456,0.7503925533071074,0.05513913132765171,0.06030776756770901,2722.0,0.12713527851458883,0.49999826991415314,github_seed6_ptdnet.json
github,ptdnet,PTDNet,ptdnet,6,0.6,0.8176085718260617,0.8011063614642007,0.8661803713527851,0.7234858865442587,3.7293034590002208,0.04007400000045891,0.9037665782493368,0.6424346498759779,0.6757113586500746,0.06859020433309375,0.05469272971553192,3452.0,0.1631034482758621,0.39999930796566124,github_seed6_ptdnet.json
github,ptdnet,PTDNet,ptdnet,6,0.7,0.8154569352659384,0.8034238222009729,0.8661803713527851,0.7187064399219404,3.7293034590002208,0.03641475000040373,0.8674005305039788,0.5842396489219615,0.5804386921541821,0.08758599445528288,0.04797488307593326,4692.0,0.22623342175066308,0.30000034601716935,github_seed6_ptdnet.json
github,ptdnet,PTDNet,ptdnet,6,0.8,0.810360719057718,0.8009679587490923,0.8603448275862069,0.7130008176614882,3.7293034590002208,0.03578258299967274,0.7842970822281167,0.49017363098645295,0.45761561125994665,0.11746585891775337,0.03978659210023729,7348.0,0.35026525198938996,0.20000138406867748,github_seed6_ptdnet.json
github,ptdnet,PTDNet,ptdnet,6,0.9,0.8135145735095834,0.803438145620315,0.8614058355437666,0.7190104866899705,3.7293034590002208,0.03338808400076232,0.45854111405835546,0.29269223430643004,0.29866530992978296,0.2126501694219119,0.023211412292439115,16033.0,0.5474801061007958,0.09999896194849188,github_seed6_ptdnet.json
github,ptdnet,PTDNet,ptdnet,7,0.1,0.8182352436729773,0.8152011316524368,0.8681697612732096,0.7229654403567447,3.7240314170012425,0.04786779200003366,0.9786472148541114,0.8679641289830186,0.9535948582364376,0.01930382996200842,0.10340400022871281,778.0,0.035145888594164454,0.9000010380515081,github_seed7_ptdnet.json
github,ptdnet,PTDNet,ptdnet,7,0.2,0.8208758982841176,0.8168456410445855,0.8687002652519894,0.7283205268935236,3.7240314170012425,0.045401082999887876,0.960132625994695,0.7872543407746613,0.909890088195876,0.03265222302084403,0.08822717252763575,1453.0,0.06185676392572942,0.7999986159313225,github_seed7_ptdnet.json
github,ptdnet,PTDNet,ptdnet,7,0.3,0.8161716289461247,0.814414602264089,0.8652519893899204,0.721185510428101,3.7240314170012425,0.04542195799876936,0.9517241379310345,0.7611142911658081,0.8746074448102941,0.03675942088510114,0.0752391675811649,1754.0,0.07968169761273203,0.6999996539828306,github_seed7_ptdnet.json
github,ptdnet,PTDNet,ptdnet,7,0.4,0.8210903292077553,0.8175758071870324,0.8676392572944297,0.7298321602598808,3.7240314170012425,0.041744834001292475,0.9388063660477454,0.723526044647968,0.8246455070448686,0.0454872163466475,0.06716449210929105,2221.0,0.10029177718832893,0.6000006920343387,github_seed7_ptdnet.json
github,ptdnet,PTDNet,ptdnet,7,0.5,0.8169735894628396,0.8133917953450619,0.8659151193633953,0.7223290304861302,3.7240314170012425,0.0404315410014533,0.9255437665782493,0.6903262736119061,0.7643699899883768,0.05339357223534244,0.060484077895668766,2691.0,0.12689655172413794,0.49999826991415314,github_seed7_ptdnet.json
github,ptdnet,PTDNet,ptdnet,7,0.6,0.8159572845156369,0.8098745038906013,0.8641909814323607,0.7217391304347827,3.7240314170012425,0.038353916999767534,0.9042440318302387,0.6470139286395726,0.6869766028426234,0.06684464524078447,0.055112108116991146,3435.0,0.16363395225464195,0.39999930796566124,github_seed7_ptdnet.json
github,ptdnet,PTDNet,ptdnet,7,0.7,0.8114839761379717,0.811304837967348,0.8594164456233422,0.7164258962011771,3.7240314170012425,0.036710624997795094,0.8680636604774535,0.5937798130127838,0.5946421817046026,0.08471095595030291,0.0485241629062998,4675.0,0.22779840848806365,0.30000034601716935,github_seed7_ptdnet.json
github,ptdnet,PTDNet,ptdnet,7,0.8,0.8034150750432856,0.8071820091472295,0.8519893899204244,0.7056962025316456,3.7240314170012425,0.03524229200047557,0.7850663129973475,0.5103987788589964,0.4733774127261664,0.11274258137385769,0.040574888037566655,7353.0,0.3545623342175066,0.20000138406867748,github_seed7_ptdnet.json
github,ptdnet,PTDNet,ptdnet,7,0.9,0.8078190369136746,0.8070804645013965,0.8547745358090185,0.7128245476003147,3.7240314170012425,0.033219417000509566,0.44090185676392574,0.32131272657889715,0.3115602395246762,0.2041277338535784,0.024804705125603854,16320.0,0.553474801061008,0.09999896194849188,github_seed7_ptdnet.json
github,ptdnet,PTDNet,ptdnet,8,0.1,0.8117371706387501,0.8233768436574389,0.8644562334217507,0.712112676056338,3.6820682080033293,0.04704062499877182,0.9794429708222812,0.868154932264835,0.955331686732555,0.019509189855221275,0.10068848485620958,752.0,0.032944297082228124,0.9000010380515081,github_seed8_ptdnet.json
github,ptdnet,PTDNet,ptdnet,8,0.2,0.8160409005382446,0.8244229627270719,0.86657824933687,0.7196209587513935,3.6820682080033293,0.045085375000780914,0.9614058355437666,0.7929784392291548,0.9115316783864175,0.03203614334120546,0.08709550580829821,1406.0,0.060954907161803684,0.7999986159313225,github_seed8_ptdnet.json
github,ptdnet,PTDNet,ptdnet,8,0.3,0.8149135930102895,0.8234095990117898,0.8651193633952254,0.7185164683088846,3.6820682080033293,0.0435770420008339,0.9514588859416445,0.7574890288112955,0.8630210199282915,0.03850497997741041,0.07403361428432759,1763.0,0.07769230769230773,0.6999996539828306,github_seed8_ptdnet.json
github,ptdnet,PTDNet,ptdnet,8,0.4,0.814297341077002,0.8220969400603924,0.8656498673740053,0.7166433566433567,3.6820682080033293,0.04920066700287862,0.9396816976127321,0.7239076512116008,0.8031499894573142,0.04754081527877606,0.06656183107511567,2182.0,0.10002652519893895,0.6000006920343387,github_seed8_ptdnet.json
github,ptdnet,PTDNet,ptdnet,8,0.5,0.8127628566977073,0.81826031626387,0.8625994694960212,0.7161643835616438,3.6820682080033293,0.0413429170002928,0.92657824933687,0.6847929784392291,0.7338932350203592,0.056371290686928845,0.05967356861136906,2651.0,0.1243501326259947,0.49999826991415314,github_seed8_ptdnet.json
github,ptdnet,PTDNet,ptdnet,8,0.6,0.8103381190156903,0.8163293457190136,0.8629973474801061,0.7104008971124194,3.6820682080033293,0.03849829099999624,0.9055437665782493,0.6386185842396489,0.6530024365486138,0.07177328267789301,0.054073977032824065,3381.0,0.15994694960212197,0.39999930796566124,github_seed8_ptdnet.json
github,ptdnet,PTDNet,ptdnet,8,0.7,0.805831840123765,0.8134232645745905,0.8604774535809019,0.7028248587570621,3.6820682080033293,0.03647158300009323,0.8728116710875331,0.5863384850219424,0.5530191199407328,0.08892083376116644,0.047840090639442584,4484.0,0.22193633952254643,0.30000034601716935,github_seed8_ptdnet.json
github,ptdnet,PTDNet,ptdnet,8,0.8,0.8074553054947975,0.811925216425931,0.8571618037135279,0.7096252359126449,3.6820682080033293,0.03454770800090046,0.7975331564986737,0.5029574508681549,0.4297321113839531,0.12188109662182976,0.03988849406527109,6928.0,0.3403448275862069,0.20000138406867748,github_seed8_ptdnet.json
github,ptdnet,PTDNet,ptdnet,8,0.9,0.8045801325007217,0.8119643586224423,0.8574270557029178,0.7029566178502349,3.6820682080033293,0.05377316600061022,0.49673740053050397,0.31520702156077085,0.2697944307877158,0.2100831707567512,0.024248745285761115,14870.0,0.5364190981432361,0.09999896194849188,github_seed8_ptdnet.json
github,ptdnet,PTDNet,ptdnet,9,0.1,0.8085260476799294,0.8124035092767073,0.8652519893899204,0.7043073341094296,3.7012471669986553,0.04856149999977788,0.980026525198939,0.8727342110284297,0.9550818795296465,0.018071670602731287,0.10188218873591609,729.0,0.03336870026525196,0.9000010380515081,github_seed9_ptdnet.json
github,ptdnet,PTDNet,ptdnet,9,0.2,0.8131310653757611,0.8130179739268445,0.8651193633952254,0.7145663766488913,3.7012471669986553,0.04561000000103377,0.9601856763925729,0.7880175539019271,0.9108536302642373,0.0325495430742376,0.08754565556560955,1451.0,0.06132625994694957,0.7999986159313225,github_seed9_ptdnet.json
github,ptdnet,PTDNet,ptdnet,9,0.3,0.8133413037762257,0.8135172413793104,0.8648541114058356,0.7152835987706063,3.7012471669986553,0.04383058299936238,0.9507957559681698,0.757679832093112,0.8681480890353096,0.03665674093849471,0.07533209104245815,1784.0,0.08119363395225465,0.6999996539828306,github_seed9_ptdnet.json
github,ptdnet,PTDNet,ptdnet,9,0.4,0.8045940015481985,0.8102646770265505,0.8606100795755968,0.6999714530402512,3.7012471669986553,0.04204316599862068,0.9393103448275862,0.7246708643388666,0.8181266549502175,0.045076496560221786,0.06679661622454301,2200.0,0.09984084880636601,0.6000006920343387,github_seed9_ptdnet.json
github,ptdnet,PTDNet,ptdnet,9,0.5,0.8061527530640673,0.8119226697278066,0.859946949602122,0.7040358744394619,3.7012471669986553,0.040410417001112364,0.9254376657824934,0.6910894867391719,0.7500356858743811,0.054317691754800286,0.06025187552928821,2694.0,0.12692307692307692,0.49999826991415314,github_seed9_ptdnet.json
github,ptdnet,PTDNet,ptdnet,9,0.6,0.8039546634161686,0.812974947159496,0.859681697612732,0.6994318181818182,3.7012471669986553,0.038675540999975055,0.9041909814323608,0.6449150925395917,0.6749856913751066,0.06920628401273231,0.05457827122428013,3441.0,0.16347480106100798,0.39999930796566124,github_seed9_ptdnet.json
github,ptdnet,PTDNet,ptdnet,9,0.7,0.8039438021198988,0.8073434624129344,0.8584880636604775,0.7005332584900364,3.7012471669986553,0.036370374997204635,0.8683023872679045,0.5911085670673536,0.5791064054862157,0.08645651504261218,0.04829620611571428,4659.0,0.2261007957559682,0.30000034601716935,github_seed9_ptdnet.json
github,ptdnet,PTDNet,ptdnet,9,0.8,0.8003060715971028,0.8071101821241125,0.8539787798408488,0.6967777471770862,3.7012471669986553,0.034911833001388004,0.7872679045092839,0.4995229917954589,0.4566282872365097,0.11726049902454051,0.04028200957282291,7300.0,0.3488859416445623,0.20000138406867748,github_seed9_ptdnet.json
github,ptdnet,PTDNet,ptdnet,9,0.9,0.8013099209075418,0.8076348231990544,0.8521220159151194,0.7008317681781594,3.7012471669986553,0.03339025000241236,0.4619363395225464,0.31005533295172677,0.29717834387921077,0.2078242119314098,0.024034513382476298,15868.0,0.546657824933687,0.09999896194849188,github_seed9_ptdnet.json
github,random,Random,random,0,0.1,0.8154025120039328,0.814394759114287,0.86657824933687,0.7182072829131653,0.020373249999999565,0.1573836660000003,0.9845623342175066,0.9028811295554283,0.8999452535044149,0.021357428894136974,0.14332768033454368,563.0,0.033262599469496,0.9000010380515081,github_seed0_random.json
github,random,Random,random,0,0.2,0.8142834631543476,0.8146122294475135,0.8652519893899204,0.716991643454039,0.020373249999999565,0.17183445899999583,0.9651724137931035,0.8055714558290402,0.8009492885412891,0.04641133586610535,0.12088275828335297,1265.0,0.07119363395225464,0.7999986159313225,github_seed0_random.json
github,random,Random,random,0,0.3,0.8130649999105124,0.8126263894242084,0.8655172413793103,0.7140439932318104,0.020373249999999565,0.08029612500000383,0.9417241379310345,0.7092157985117344,0.7006922999114691,0.07577780059554369,0.10014710280980019,2118.0,0.11228116710875335,0.6999996539828306,github_seed0_random.json
github,random,Random,random,0,0.4,0.8098976167356604,0.8124040128516781,0.8625994694960212,0.7098039215686275,0.020373249999999565,0.04387745900000084,0.9119893899204244,0.609234878839916,0.6002093688977711,0.11305062121367697,0.07950043690607404,3197.0,0.15949602122015916,0.6000006920343387,github_seed0_random.json
github,random,Random,random,0,0.5,0.8086967963410356,0.8122393497222912,0.863129973474801,0.7066515065378056,0.020373249999999565,0.04716741699999716,0.8722015915119363,0.5006678114863575,0.4996550091548912,0.15710031830783447,0.05975372847426188,4632.0,0.21233421750663134,0.49999826991415314,github_seed0_random.json
github,random,Random,random,0,0.6,0.8107788201738869,0.8105344717331155,0.8639257294429709,0.7104966139954854,0.020373249999999565,0.05073608400000751,0.823236074270557,0.3999236786872734,0.4003497406691903,0.21583324776671117,0.043131158512535406,6415.0,0.2792838196286472,0.39999930796566124,github_seed0_random.json
github,random,Random,random,0,0.7,0.8060327248405357,0.8061444933313779,0.8586206896551725,0.7050359712230215,0.020373249999999565,0.046514959000006684,0.7531034482758621,0.3056668574699485,0.300354491651794,0.29130300852243557,0.02677352215042895,8941.0,0.3581167108753316,0.30000034601716935,github_seed0_random.json
github,random,Random,random,0,0.8,0.8069805194805195,0.8029855958096901,0.8586206896551725,0.7071428571428572,0.020373249999999565,0.03836633299999903,0.6391511936339522,0.2007250524709025,0.19966928972402057,0.4071259882944861,0.013566143409141888,12976.0,0.46331564986737395,0.20000138406867748,github_seed0_random.json
github,random,Random,random,0,0.9,0.8058924485125858,0.8086392653341424,0.8567639257294429,0.7065217391304348,0.020373249999999565,0.035359499999998434,0.4426259946949602,0.09730967372638809,0.09921012685473908,0.5950302905842489,0.003439968400010855,19947.0,0.6170822281167109,0.09999896194849188,github_seed0_random.json
github,random,Random,random,1,0.1,0.808412686841907,0.8084935468270882,0.8624668435013263,0.7066478076379067,0.0034580000001369626,0.05786420900039957,0.9838196286472148,0.8992558672009159,0.9008374220862309,0.022178868466988397,0.14330889525238888,587.0,0.03413793103448276,0.9000010380515081,github_seed1_random.json
github,random,Random,random,1,0.2,0.8087686703701449,0.804263753054315,0.863262599469496,0.7066856330014225,0.0034580000001369626,0.046615416999884474,0.9638992042440319,0.7971761114291166,0.7990697683147179,0.04702741554574392,0.1226403614956265,1312.0,0.07241379310344831,0.7999986159313225,github_seed1_random.json
github,random,Random,random,1,0.3,0.8104808445631739,0.8011786375632568,0.8640583554376657,0.7097139620504106,0.0034580000001369626,0.045091041999967274,0.940238726790451,0.6958595687845831,0.6973615003775983,0.07659924016839512,0.10251477189881991,2174.0,0.11580901856763925,0.6999996539828306,github_seed1_random.json
github,random,Random,random,1,0.4,0.8112767381953013,0.8063287793062212,0.8625994694960212,0.7128603104212861,0.0034580000001369626,0.04290970800002469,0.909867374005305,0.5911085670673536,0.5972354367966267,0.11602833966526338,0.08109796869162367,3277.0,0.1618037135278515,0.6000006920343387,github_seed1_random.json
github,random,Random,random,1,0.5,0.8069017615023307,0.8053156227815257,0.859681697612732,0.7059477487493052,0.0034580000001369626,0.04208608299995831,0.8719098143236075,0.4939896966227819,0.4968951975133826,0.1638771947838587,0.06123237047024747,4657.0,0.2145623342175066,0.49999826991415314,github_seed1_random.json
github,random,Random,random,1,0.6,0.8071078916583961,0.8036007937223293,0.8606100795755968,0.705519753432334,0.0034580000001369626,0.04056804199990438,0.8218302387267904,0.395916809769128,0.3976256157709544,0.22086456515042613,0.04284375924930777,6472.0,0.27875331564986744,0.39999930796566124,github_seed1_random.json
github,random,Random,random,1,0.7,0.8064519140118174,0.8039977124401452,0.859946949602122,0.7046979865771812,0.0034580000001369626,0.03820662499992977,0.7508222811671088,0.29421866056096163,0.2984273798937531,0.2980798849984598,0.026348778491254287,9037.0,0.3580106100795756,0.30000034601716935,github_seed1_random.json
github,random,Random,random,1,0.8,0.8070531225155846,0.799993816956729,0.8587533156498673,0.7071762441572724,0.0034580000001369626,0.035869499999989785,0.6376392572944297,0.20015264262545315,0.19868195188992446,0.4184207824211931,0.012955213258961948,13094.0,0.4625198938992042,0.20000138406867748,github_seed1_random.json
github,random,Random,random,1,0.9,0.8048790731918165,0.8033781356250789,0.8571618037135279,0.7038768215562277,0.0034580000001369626,0.03506033400026354,0.4422811671087533,0.10150734592634994,0.09932907806209483,0.5981106889824417,0.0037337203123040397,19963.0,0.6162864721485412,0.09999896194849188,github_seed1_random.json
github,random,Random,random,2,0.1,0.811704362779917,0.8127750916201998,0.8671087533156498,0.7095652173913043,0.0017205000003741588,0.04923391700049251,0.9838461538461538,0.8971570311009349,0.9014797834651385,0.021870828627169114,0.14327134781573617,586.0,0.03453580901856762,0.9000010380515081,github_seed2_random.json
github,random,Random,random,2,0.2,0.809759297572791,0.8103316010278047,0.8655172413793103,0.706766917293233,0.0017205000003741588,0.047034666999934416,0.9646684350132626,0.7931692425109712,0.8015202764336514,0.04466577677379608,0.12280309405847249,1289.0,0.07156498673740053,0.7999986159313225,github_seed2_random.json
github,random,Random,random,2,0.3,0.8086843269201677,0.8111475306104932,0.8635278514588859,0.7062517841849842,0.0017205000003741588,0.04480045800028165,0.9426790450928382,0.6991032245754627,0.7003354324787426,0.073210801930383,0.10266941460798257,2085.0,0.1128116710875331,0.6999996539828306,github_seed2_random.json
github,random,Random,random,2,0.4,0.8042037050960222,0.8110726767118268,0.8606100795755968,0.6991125107357572,0.0017205000003741588,0.04247570899951825,0.9118832891246684,0.589582140812822,0.6005186171777095,0.11140774206797413,0.08267237740687162,3197.0,0.1583819628647215,0.6000006920343387,github_seed2_random.json
github,random,Random,random,2,0.5,0.8043315713586856,0.8087070818089943,0.8610079575596817,0.6990235496840896,0.0017205000003741588,0.04098304099989036,0.8735278514588859,0.4890288112955543,0.5007612981963431,0.15894855734675017,0.06316486470029159,4597.0,0.21328912466843503,0.49999826991415314,github_seed2_random.json
github,random,Random,random,2,0.6,0.802267613124974,0.8078441057637528,0.8582228116710875,0.6970813261547181,0.0017205000003741588,0.03864925000016228,0.8220159151193634,0.38675825224193855,0.40025455760625106,0.21860560632508472,0.044529785281122905,6479.0,0.27803713527851465,0.39999930796566124,github_seed2_random.json
github,random,Random,random,2,0.7,0.8040555466522628,0.8071795549245275,0.8592838196286472,0.7000282725473566,0.0017205000003741588,0.04699333300050057,0.7526525198938993,0.29708070978820833,0.3032213635231205,0.29428072697402197,0.026907152539960223,9003.0,0.35885941644562336,0.30000034601716935,github_seed2_random.json
github,random,Random,random,2,0.8,0.8048349080395889,0.8061015978417861,0.8604774535809019,0.7006260671599317,0.0017205000003741588,0.14580137499979173,0.6415384615384615,0.19881701965273801,0.20280976456399033,0.405893828935209,0.01328013805679892,12983.0,0.463129973474801,0.20000138406867748,github_seed2_random.json
github,random,Random,random,2,0.9,0.8041770085455038,0.808429644664121,0.8583554376657825,0.7011751538891998,0.0017205000003741588,0.048286666000421974,0.4489389920424403,0.10398778858996374,0.1005067544007511,0.5875346544819797,0.003596331853013719,19786.0,0.6179045092838196,0.09999896194849188,github_seed2_random.json
github,random,Random,random,3,0.1,0.8164282849132304,0.811663989233736,0.8694960212201591,0.7177280550774526,0.0017301670004599146,0.04840541599969583,0.983342175066313,0.8962030146918527,0.8981609163407829,0.020330629428072698,0.1453081638890184,596.0,0.033236074270557026,0.9000010380515081,github_seed3_random.json
github,random,Random,random,3,0.2,0.8170493076145183,0.8086538353501647,0.8684350132625994,0.7200902934537246,0.0017301670004599146,0.04618366600061563,0.9642440318302388,0.8009921770654456,0.7974162457146612,0.044049697094157514,0.12319606932395867,1284.0,0.07201591511936334,0.7999986159313225,github_seed3_random.json
github,random,Random,random,3,0.3,0.8127526672674212,0.8069068373018871,0.8643236074270557,0.7144850683784538,0.0017301670004599146,0.04455704200063337,0.9410079575596817,0.7031100934936081,0.6979682302558697,0.07310812198377657,0.10254957109462064,2131.0,0.11419098143236073,0.6999996539828306,github_seed3_random.json
github,random,Random,random,3,0.4,0.8181108695786425,0.8081353958168883,0.8673740053050398,0.7234513274336283,0.0017301670004599146,0.04340141600005154,0.9096816976127321,0.6000763213127266,0.5978302342653828,0.11346134100010268,0.08119361668067815,3274.0,0.16087533156498668,0.6000006920343387,github_seed3_random.json
github,random,Random,random,3,0.5,0.8141578186510684,0.8036007937223293,0.8657824933687003,0.7162086371284352,0.0017301670004599146,0.04108933300085482,0.8716976127320955,0.5008586147681741,0.4989531514563171,0.15627887873498306,0.060004537092627916,4637.0,0.2144297082228117,0.49999826991415314,github_seed3_random.json
github,random,Random,random,3,0.6,0.8132941514278222,0.8052771377109784,0.8664456233421751,0.7136764287745238,0.0017301670004599146,0.0397749580006348,0.820026525198939,0.4008776950963557,0.3990173987585873,0.217476126912414,0.043006505408253064,6519.0,0.2791777188328913,0.39999930796566124,github_seed3_random.json
github,random,Random,random,3,0.7,0.8076506930439515,0.8034372521086035,0.8625994694960212,0.7048433048433048,0.0017301670004599146,0.039007999999739695,0.7493899204244032,0.3060484640335814,0.29947420023685667,0.2936646472943834,0.027150763075295938,9067.0,0.36084880636604777,0.30000034601716935,github_seed3_random.json
github,random,Random,random,3,0.8,0.810012808437454,0.8016623026661639,0.8604774535809019,0.7120963327859879,0.0017301670004599146,0.036737250000442145,0.63684350132626,0.2032054951345163,0.19969308548975537,0.40907690728000823,0.012675465854385266,13083.0,0.4660477453580901,0.20000138406867748,github_seed3_random.json
github,random,Random,random,3,0.9,0.8057459218875069,0.8042362169821073,0.8580901856763926,0.7049089906232764,0.0017301670004599146,0.04400687499946798,0.44084880636604773,0.09959931310818546,0.10053054326115633,0.5904096929869597,0.0035615013237915516,20042.0,0.6196286472148541,0.09999896194849188,github_seed3_random.json
github,random,Random,random,4,0.1,0.8160353809072449,0.8221803892126669,0.8683023872679045,0.7179778472024992,0.0022926250003365567,0.0481016659996385,0.9840053050397878,0.8965846212554855,0.898946024692781,0.020844029161104838,0.14554659661941774,588.0,0.033872679045092835,0.9000010380515081,github_seed4_random.json
github,random,Random,random,4,0.2,0.8163554759076086,0.8220163294661136,0.8672413793103448,0.7196863623634836,0.0022926250003365567,0.04602458299996215,0.9650132625994695,0.797748521274566,0.7982489179768105,0.04425505698737037,0.1244082844446457,1278.0,0.0726525198938992,0.7999986159313225,github_seed4_random.json
github,random,Random,random,4,0.3,0.8169925760594703,0.8212368237642906,0.8661803713527851,0.7221151198017075,0.0022926250003365567,0.044890000001032604,0.9415915119363395,0.7008204541118107,0.6985867820583833,0.07310812198377657,0.10396959706112789,2115.0,0.11509283819628646,0.6999996539828306,github_seed4_random.json
github,random,Random,random,4,0.4,0.8148923727275463,0.8173856823978156,0.8663129973474801,0.7173303421200224,0.0022926250003365567,0.04244091600048705,0.9129973474801061,0.6048464033581378,0.5982703523515333,0.11007290276209056,0.08347766598024829,3151.0,0.1614588859416446,0.6000006920343387,github_seed4_random.json
github,random,Random,random,4,0.5,0.8103367380960775,0.8180089924375431,0.8625994694960212,0.7107761027359017,0.0022926250003365567,0.04044808300022851,0.8741644562334218,0.5035298607136043,0.49850115620328805,0.15576547900195092,0.06398517240947506,4560.0,0.21336870026525195,0.49999826991415314,github_seed4_random.json
github,random,Random,random,4,0.6,0.8059837415428158,0.8143015329502783,0.8604774535809019,0.7031602708803611,0.0022926250003365567,0.04175129199938965,0.8222015915119364,0.4010684983781721,0.39803007473515045,0.216757367286169,0.045469971371857064,6458.0,0.2770291777188329,0.39999930796566124,github_seed4_random.json
github,random,Random,random,4,0.7,0.8053478121258468,0.8155214676190927,0.8592838196286472,0.7028843461215346,0.0022926250003365567,0.03692254199995659,0.7496286472148541,0.2949818736882274,0.2983560064072079,0.29828524489167263,0.028748728765297604,9067.0,0.3590450928381963,0.30000034601716935,github_seed4_random.json
github,random,Random,random,4,0.8,0.8096118754765481,0.8143060498490313,0.8590185676392573,0.712625033792917,0.0022926250003365567,0.0347901670011197,0.640132625994695,0.1991986262163709,0.19839645794374336,0.41400554471711676,0.014598256454335422,12985.0,0.46519893899204245,0.20000138406867748,github_seed4_random.json
github,random,Random,random,4,0.9,0.8073589784620184,0.8149977718947858,0.8563660477453581,0.7101953438587102,0.0022926250003365567,0.03307133300040732,0.4410875331564987,0.09883609998091968,0.09991197074265405,0.5935927713317589,0.00364728867103349,20013.0,0.6161007957559682,0.09999896194849188,github_seed4_random.json
github,random,Random,random,5,0.1,0.809824322123155,0.8225124946367487,0.8624668435013263,0.7097677022110271,0.0019560830005502794,0.04799162500057719,0.9844297082228116,0.9019271131463461,0.90025455702699,0.018995790122189136,0.14605297554920998,568.0,0.03445623342175064,0.9000010380515081,github_seed5_random.json
github,random,Random,random,5,0.2,0.8048191060887112,0.8187295398311627,0.8592838196286472,0.701714928310374,0.0019560830005502794,0.04688299999907031,0.9651193633952254,0.800801373783629,0.800247430842715,0.04630865591949892,0.12454992155421471,1263.0,0.07225464190981434,0.7999986159313225,github_seed5_random.json
github,random,Random,random,5,0.3,0.7995430065585677,0.8150122927646425,0.8576923076923076,0.6915780396665708,0.0019560830005502794,0.04502695799965295,0.9428647214854111,0.7038733066208739,0.7013941576100432,0.07341616182359585,0.103276088214529,2073.0,0.11273209549071617,0.6999996539828306,github_seed5_random.json
github,random,Random,random,5,0.4,0.800966740292583,0.8124018668585221,0.8578249336870026,0.6945868945868946,0.0019560830005502794,0.04290150000088033,0.913315649867374,0.6035107803854226,0.5981514149548366,0.11120238217476126,0.08303454194984719,3161.0,0.15923076923076918,0.6000006920343387,github_seed5_random.json
github,random,Random,random,5,0.5,0.8020126245377963,0.8142493132707063,0.8574270557029178,0.697268375105604,0.0019560830005502794,0.04107091599871637,0.8763660477453581,0.5092539591680977,0.49757324563556277,0.15884587740014375,0.0627727105037238,4515.0,0.2149602122015915,0.49999826991415314,github_seed5_random.json
github,random,Random,random,5,0.6,0.8044318535399049,0.8121065280562072,0.8594164456233422,0.7007340485601355,0.0019560830005502794,0.03916504100016027,0.8238461538461539,0.40602938370539976,0.3977921446991206,0.21470376835404045,0.04484560981458782,6398.0,0.2793633952254642,0.39999930796566124,github_seed5_random.json
github,random,Random,random,5,0.7,0.7983882287676828,0.8109103336560062,0.8564986737400531,0.6901489117983963,0.0019560830005502794,0.037140000000363216,0.749867374005305,0.3039496279336005,0.29968832069649254,0.29674504569257626,0.028314782877308053,9061.0,0.35957559681697615,0.30000034601716935,github_seed5_random.json
github,random,Random,random,5,0.8,0.8016399146874601,0.8077059518521541,0.8559681697612732,0.6978297161936561,0.0019560830005502794,0.03614716699848941,0.6395490716180371,0.20167906887998474,0.20070421908958627,0.40774206797412466,0.012943631458910981,13011.0,0.4631564986737401,0.20000138406867748,github_seed5_random.json
github,random,Random,random,5,0.9,0.8022353330082337,0.8082847557351902,0.8575596816976128,0.6976351351351351,0.0019560830005502794,0.03428570899995975,0.446631299734748,0.10456019843541309,0.10001903097247197,0.5925659718656946,0.003698654167607972,19855.0,0.61657824933687,0.09999896194849188,github_seed5_random.json
github,random,Random,random,6,0.1,0.8207645623181475,0.8057498966002445,0.8714854111405835,0.7254179654293,0.001788749999832362,0.04874391699922853,0.9836870026525198,0.8948673917191375,0.9013965328117145,0.02053598932128555,0.14351178880044352,593.0,0.03421750663129974,0.9000010380515081,github_seed6_random.json
github,random,Random,random,6,0.2,0.8230303910181959,0.8057147342519055,0.8713527851458885,0.7305555555555555,0.001788749999832362,0.046048332998907426,0.9644827586206897,0.7943140622018698,0.8012823463976215,0.04497381661361536,0.12047448713592883,1299.0,0.07161803713527848,0.7999986159313225,github_seed6_random.json
github,random,Random,random,6,0.3,0.819850910609337,0.8012253689327413,0.8704244031830238,0.7244005641748942,0.001788749999832362,0.044129833000624785,0.9409018567639257,0.6952871589391337,0.7000142517892889,0.07146524283807372,0.09812574145612818,2157.0,0.11334217506631294,0.6999996539828306,github_seed6_random.json
github,random,Random,random,6,0.4,0.8153701639105344,0.7999023827919012,0.8679045092838197,0.7168845935190449,0.001788749999832362,0.04218899999978021,0.9102652519893899,0.594733829421866,0.5999476292853473,0.11079166238833556,0.07896443698419305,3268.0,0.16018567639257297,0.6000006920343387,github_seed6_random.json
github,random,Random,random,6,0.5,0.8150567690288281,0.8000149165614925,0.8669761273209549,0.7170662905500705,0.001788749999832362,0.04078312500132597,0.8718567639257294,0.49379889334096544,0.4992267682356195,0.15504671937570594,0.061013969850792944,4653.0,0.21551724137931033,0.49999826991415314,github_seed6_random.json
github,random,Random,random,6,0.6,0.8133684801243868,0.8007766749213916,0.8673740053050398,0.7129735935706085,0.001788749999832362,0.038907459000256495,0.8210610079575597,0.3953443999236787,0.39860106262751266,0.21244480952869904,0.0443684876781022,6484.0,0.27928381962864723,0.39999930796566124,github_seed6_random.json
github,random,Random,random,6,0.7,0.8137832809053092,0.8030954434666169,0.8652519893899204,0.7158836689038032,0.001788749999832362,0.03701654099859297,0.7476392572944297,0.29345544743369584,0.2972972812759073,0.2970530855323955,0.02881227677502552,9141.0,0.36297082228116706,0.30000034601716935,github_seed6_random.json
github,random,Random,random,6,0.8,0.8113665854042151,0.802664071721305,0.8649867374005306,0.7107954545454546,0.001788749999832362,0.035165375000360655,0.6375331564986737,0.1942377408891433,0.19941948252111208,0.414313584556936,0.01365237705094792,13082.0,0.4655172413793104,0.20000138406867748,github_seed6_random.json
github,random,Random,random,6,0.9,0.815594343942136,0.801569343131121,0.8648541114058356,0.7202854790008235,0.001788749999832362,0.03369008300069254,0.4423607427055703,0.09730967372638809,0.0988532525166831,0.5940034911181846,0.003930346328054192,20050.0,0.6181432360742706,0.09999896194849188,github_seed6_random.json
github,random,Random,random,7,0.1,0.8148162347129608,0.8121065280562072,0.8661803713527851,0.7172877556738583,0.001756084000589908,0.04950795799959451,0.9839522546419098,0.9019271131463461,0.9018367061405015,0.020844029161104838,0.1451299428312201,581.0,0.03551724137931034,0.9000010380515081,github_seed7_random.json
github,random,Random,random,7,0.2,0.8169050035430891,0.8114230706338148,0.8669761273209549,0.7211565193216569,0.001756084000589908,0.04598204099966097,0.9652254641909814,0.8065254722381225,0.800306871919745,0.04312557757469966,0.12375244692323181,1255.0,0.07405835543766581,0.7999986159313225,github_seed7_random.json
github,random,Random,random,7,0.3,0.8111343941837705,0.8082309142571779,0.8655172413793103,0.7097882083571837,0.001756084000589908,0.04501125000024331,0.9404509283819629,0.7074985689753863,0.6994789506401993,0.07413492144984085,0.10182428003873711,2150.0,0.11519893899204248,0.6999996539828306,github_seed7_random.json
github,random,Random,random,7,0.4,0.8123298119332893,0.8102634889999145,0.8653846153846154,0.712546020957236,0.001756084000589908,0.042665083999963826,0.9119363395225464,0.6122877313489792,0.6002450556410437,0.1098675428688777,0.07926231069191006,3180.0,0.16222811671087534,0.6000006920343387,github_seed7_random.json
github,random,Random,random,7,0.5,0.8078396952427287,0.808795284399457,0.8612732095490716,0.7065095398428731,0.001756084000589908,0.04912266599967552,0.8727586206896552,0.5062011066590345,0.49788254915813784,0.1556627990553445,0.060227246338787316,4598.0,0.21527851458885944,0.49999826991415314,github_seed7_random.json
github,random,Random,random,7,0.6,0.8069717884753849,0.8074887929014515,0.859946949602122,0.705849582172702,0.001756084000589908,0.04167754199988849,0.8212201591511936,0.403167334478153,0.3977207712125753,0.215319848033679,0.04343120306264099,6450.0,0.2805305039787798,0.39999930796566124,github_seed7_random.json
github,random,Random,random,7,0.7,0.8037119161938018,0.8074887929014515,0.856631299734748,0.7017931034482758,0.001756084000589908,0.036827374999120366,0.7485941644562334,0.29421866056096163,0.2965716416222576,0.2996200841975562,0.02617252927212349,9093.0,0.3604509283819629,0.30000034601716935,github_seed7_random.json
github,random,Random,random,7,0.8,0.8062377493580072,0.8032286216731064,0.8595490716180372,0.704602510460251,0.001756084000589908,0.03557616699981736,0.639840848806366,0.20015264262545315,0.19790873451546423,0.4147243043433617,0.01226123664908838,13004.0,0.4630238726790451,0.20000138406867748,github_seed7_random.json
github,random,Random,random,7,0.9,0.807714732887758,0.8080393785418851,0.856631299734748,0.7107305325127107,0.001756084000589908,0.03363891700064414,0.4440053050397878,0.09711887044457165,0.09853207182722934,0.595543690317281,0.0032414976552714845,19893.0,0.6178249336870026,0.09999896194849188,github_seed7_random.json
github,random,Random,random,8,0.1,0.8106942476528717,0.818439514288751,0.8648541114058356,0.7094382663244939,0.002048250000370899,0.047970958999940194,0.9848010610079576,0.9028811295554283,0.9001356196302934,0.02063866926789198,0.14643383512966884,551.0,0.03442970822281172,0.9000010380515081,github_seed8_random.json
github,random,Random,random,8,0.2,0.8104072112758597,0.8189536492355072,0.8623342175066313,0.7111853088480802,0.002048250000370899,0.04624737499761977,0.9653846153846154,0.8027094066017936,0.7981418577469926,0.04456309682718965,0.12410344539385082,1240.0,0.0727586206896551,0.7999986159313225,github_seed8_random.json
github,random,Random,random,8,0.3,0.8066194636933651,0.8162013915685254,0.8616710875331565,0.7034404321865226,0.002048250000370899,0.04595537500063074,0.9427320954907161,0.7017744705208929,0.6996455071896839,0.07423760139644728,0.10086914638149311,2071.0,0.11456233421750661,0.6999996539828306,github_seed8_random.json
github,random,Random,random,8,0.4,0.803470905331205,0.815008873520096,0.8587533156498673,0.6992375035300763,0.002048250000370899,0.04300091700133635,0.9133952254641909,0.6071360427399352,0.6002926195511951,0.11027826265530342,0.07994621836030494,3140.0,0.15931034482758621,0.6000006920343387,github_seed8_random.json
github,random,Random,random,8,0.5,0.801770419013311,0.8128561401564477,0.8563660477453581,0.6977393245883338,0.002048250000370899,0.042043583998747636,0.8746684350132626,0.509826369013547,0.4995241393486793,0.1590512372933566,0.06057120644082709,4544.0,0.21294429708222812,0.49999826991415314,github_seed8_random.json
github,random,Random,random,8,0.6,0.8028554930399148,0.8114166696272322,0.8574270557029178,0.6991323817520291,0.002048250000370899,0.03973000000041793,0.8224933687002652,0.4039305476054188,0.3997668479886311,0.21727076701920114,0.04154939023625107,6444.0,0.2791511936339523,0.39999930796566124,github_seed8_random.json
github,random,Random,random,8,0.7,0.8005358670585693,0.8109124075740567,0.8553050397877984,0.6960156032320981,0.002048250000370899,0.0371380409997073,0.7495755968169762,0.3016599885518031,0.30009277966068854,0.2970530855323955,0.026791859991337246,9061.0,0.3605570291777188,0.30000034601716935,github_seed8_random.json
github,random,Random,random,8,0.8,0.8075560913643356,0.8129124038294804,0.8586206896551725,0.7084245076586433,0.002048250000370899,0.03587987499849987,0.636737400530504,0.20015264262545315,0.19938379577783943,0.41585378375603244,0.013546382069148611,13090.0,0.46464190981432363,0.20000138406867748,github_seed8_random.json
github,random,Random,random,8,0.9,0.8080388517759818,0.811319864123357,0.8579575596816976,0.710148849797023,0.002048250000370899,0.03508079200037173,0.4439522546419098,0.1005533295172677,0.09984059725610878,0.5950302905842489,0.0038711800652452993,19951.0,0.616870026525199,0.09999896194849188,github_seed8_random.json
github,random,Random,random,9,0.1,0.8128424318678769,0.8150255040077727,0.8652519893899204,0.7138028169014085,0.0019296669997856952,0.04831075000038254,0.9840318302387268,0.8992558672009159,0.900563860549565,0.020022589588253415,0.14510036041281835,581.0,0.03435013262599468,0.9000010380515081,github_seed9_random.json
github,random,Random,random,9,0.2,0.8123940469995046,0.8126706441500657,0.8644562334217507,0.7135650224215246,0.0019296669997856952,0.046446583000943065,0.9637135278514589,0.7937416523564206,0.8009730428750464,0.04497381661361536,0.12279644876500252,1316.0,0.07180371352785142,0.7999986159313225,github_seed9_random.json
github,random,Random,random,9,0.3,0.8112213396755733,0.8118758773093069,0.8640583554376657,0.7113489157983667,0.0019296669997856952,0.04448462499931338,0.9396286472148541,0.6884182407937417,0.7011800371504073,0.07557244070233084,0.10183770526811674,2191.0,0.11270557029177719,0.6999996539828306,github_seed9_random.json
github,random,Random,random,9,0.4,0.8077218315218078,0.8087821898566767,0.8627320954907162,0.7048759623609923,0.0019296669997856952,0.04215554100301233,0.9093633952254642,0.5888189276855562,0.6020650795479483,0.11274258137385769,0.0814856418140502,3289.0,0.159920424403183,0.6000006920343387,github_seed9_random.json
github,random,Random,random,9,0.5,0.8025095712285443,0.8082145962827123,0.8580901856763926,0.6977401129943502,0.0019296669997856952,0.04073708299983991,0.8719098143236075,0.48941041785918715,0.5007969849396157,0.16110483622548516,0.05999756312835336,4658.0,0.21358090185676398,0.49999826991415314,github_seed9_random.json
github,random,Random,random,9,0.6,0.805677489653679,0.8082875640310349,0.8575596816976128,0.7052689352360044,0.0019296669997856952,0.03880862500227522,0.8218567639257295,0.395916809769128,0.40015940216463014,0.21922168600472328,0.04264612195931032,6466.0,0.27663129973474804,0.39999930796566124,github_seed9_random.json
github,random,Random,random,9,0.7,0.7989381622702026,0.8024496122939706,0.8558355437665782,0.6919807310852932,0.0019296669997856952,0.037300583000615006,0.7485145888594165,0.3008967754245373,0.30185333486924487,0.2962316459595441,0.025554252088792997,9113.0,0.3571352785145888,0.30000034601716935,github_seed9_random.json
github,random,Random,random,9,0.8,0.7974970765360382,0.8022479031188311,0.8558355437665782,0.6888061837961638,0.0019296669997856952,0.035553041998355184,0.6427851458885941,0.2047319213890479,0.20276217303252073,0.40846082760036967,0.01198360712593662,12921.0,0.46180371352785143,0.20000138406867748,github_seed9_random.json
github,random,Random,random,9,0.9,0.8010729870091207,0.8033790908659099,0.853315649867374,0.6991294885745375,0.0019296669997856952,0.034478833000321174,0.44289124668435015,0.09788208357183743,0.1006851881171143,0.5950302905842489,0.003305375561488271,19932.0,0.6167904509283819,0.09999896194849188,github_seed9_random.json
github,resistance_style_proxy,Resistance proxy,dspar,0,0.1,0.8011434256731416,0.8088839661783922,0.8584880636604775,0.6943569177885992,0.05514795799999206,0.04477854099999945,0.6438992042440318,0.0,0.8152240963356183,0.46945271588458776,0.12818606967860965,13426.0,0.35610079575596815,0.9000010380515081,github_seed0_dspar.json
github,resistance_style_proxy,Resistance proxy,dspar,0,0.2,0.8037345654865538,0.8097508776385516,0.8580901856763926,0.700447928331467,0.05514795799999206,0.046140084000001025,0.5006366047745358,0.0,0.6619956063385923,0.6274771537118801,0.10862929988846311,18827.0,0.4993633952254642,0.7999986159313225,github_seed0_dspar.json
github,resistance_style_proxy,Resistance proxy,dspar,0,0.3,0.8045083327332555,0.8060735472416682,0.8594164456233422,0.7009029345372461,0.05514795799999206,0.05094420800000421,0.3962334217506631,0.0,0.5329272625076901,0.729951740425095,0.09128529339950167,22763.0,0.6037665782493369,0.6999996539828306,github_seed0_dspar.json
github,resistance_style_proxy,Resistance proxy,dspar,0,0.4,0.8067468846750914,0.8118779127038267,0.860079575596817,0.7052249231628946,0.05514795799999206,0.0380756670000153,0.3056763925729443,0.0,0.4155048398784569,0.8082965396857994,0.07474716593007312,26177.0,0.6943236074270557,0.6000006920343387,github_seed0_dspar.json
github,resistance_style_proxy,Resistance proxy,dspar,0,0.5,0.802520103292446,0.8122556157104315,0.8590185676392573,0.6968919304248645,0.05514795799999206,0.043186417000015354,0.23527851458885943,0.0,0.31524790649127343,0.8652839100523668,0.05825878419155651,28831.0,0.7647214854111406,0.49999826991415314,github_seed0_dspar.json
github,resistance_style_proxy,Resistance proxy,dspar,0,0.6,0.8043422844847106,0.8108507341479123,0.8579575596816976,0.7019204007792931,0.05514795799999206,0.04343445900002507,0.17464190981432362,0.0,0.22583982592292742,0.9072800082143957,0.048419077510730386,31117.0,0.8253580901856764,0.39999930796566124,github_seed0_dspar.json
github,resistance_style_proxy,Resistance proxy,dspar,0,0.7,0.8053031486783178,0.8113731140666313,0.8551724137931035,0.706766917293233,0.05514795799999206,0.033942166999963774,0.12644562334217507,0.0,0.1478516274977586,0.939521511448814,0.03849622147469606,32934.0,0.873554376657825,0.30000034601716935,github_seed0_dspar.json
github,resistance_style_proxy,Resistance proxy,dspar,0,0.8,0.8059547371554727,0.8100440942256586,0.8588859416445623,0.7046085508051083,0.05514795799999206,0.03919904100001759,0.08408488063660477,0.0,0.0846973752137209,0.9649861382072081,0.027219291711475697,34531.0,0.9159151193633952,0.20000138406867748,github_seed0_dspar.json
github,resistance_style_proxy,Resistance proxy,dspar,0,0.9,0.8053099607092242,0.8084583644323369,0.8555702917771884,0.7063898624966298,0.05514795799999206,0.02955912499999158,0.04488063660477454,0.0,0.035413492475805115,0.9836738884895779,0.017257928488039812,36009.0,0.9551193633952255,0.09999896194849188,github_seed0_dspar.json
github,resistance_style_proxy,Resistance proxy,dspar,1,0.1,0.8021375935119472,0.8062606695376697,0.8588859416445623,0.6961736150770989,0.05591641599994546,0.04584749999958149,0.6438992042440318,0.0,0.8152240963356183,0.46945271588458776,0.12818606967860965,13426.0,0.35610079575596815,0.9000010380515081,github_seed1_dspar.json
github,resistance_style_proxy,Resistance proxy,dspar,1,0.2,0.7999857207322345,0.8062606695376697,0.8572944297082228,0.6929223744292238,0.05591641599994546,0.0407889170000999,0.5006366047745358,0.0,0.6619956063385923,0.6274771537118801,0.10862929988846311,18827.0,0.4993633952254642,0.7999986159313225,github_seed1_dspar.json
github,resistance_style_proxy,Resistance proxy,dspar,1,0.3,0.8029020857720193,0.8113261738261739,0.8563660477453581,0.7002491004705231,0.05591641599994546,0.039089625000087835,0.3962334217506631,0.0,0.5329272625076901,0.729951740425095,0.09128529339950167,22763.0,0.6037665782493369,0.6999996539828306,github_seed1_dspar.json
github,resistance_style_proxy,Resistance proxy,dspar,1,0.4,0.8037662567474517,0.8081434940926671,0.8572944297082228,0.7012770682953915,0.05591641599994546,0.037250416000006226,0.3056763925729443,0.0,0.4155048398784569,0.8082965396857994,0.07474716593007312,26177.0,0.6943236074270557,0.6000006920343387,github_seed1_dspar.json
github,resistance_style_proxy,Resistance proxy,dspar,1,0.5,0.804959413381885,0.80704367364278,0.8595490716180372,0.7017741481272881,0.05591641599994546,0.03561237499980052,0.23527851458885943,0.0,0.31524790649127343,0.8652839100523668,0.05825878419155651,28831.0,0.7647214854111406,0.49999826991415314,github_seed1_dspar.json
github,resistance_style_proxy,Resistance proxy,dspar,1,0.6,0.8039519900384502,0.8069466530364986,0.8551724137931035,0.7037438958220293,0.05591641599994546,0.03541866699970342,0.17464190981432362,0.0,0.22583982592292742,0.9072800082143957,0.048419077510730386,31117.0,0.8253580901856764,0.39999930796566124,github_seed1_dspar.json
github,resistance_style_proxy,Resistance proxy,dspar,1,0.7,0.808021960648706,0.808318471584277,0.8574270557029178,0.7106325706594886,0.05591641599994546,0.03183149999995294,0.12644562334217507,0.0,0.1478516274977586,0.939521511448814,0.03849622147469606,32934.0,0.873554376657825,0.30000034601716935,github_seed1_dspar.json
github,resistance_style_proxy,Resistance proxy,dspar,1,0.8,0.8055229139579938,0.8082430589564785,0.853448275862069,0.7089807742954964,0.05591641599994546,0.0297633750001296,0.08408488063660477,0.0,0.0846973752137209,0.9649861382072081,0.027219291711475697,34531.0,0.9159151193633952,0.20000138406867748,github_seed1_dspar.json
github,resistance_style_proxy,Resistance proxy,dspar,1,0.9,0.8073954793036406,0.8087070518443067,0.8575596816976128,0.7091007583965331,0.05591641599994546,0.02900191700018695,0.04488063660477454,0.0,0.035413492475805115,0.9836738884895779,0.017257928488039812,36009.0,0.9551193633952255,0.09999896194849188,github_seed1_dspar.json
github,resistance_style_proxy,Resistance proxy,dspar,2,0.1,0.803213471217364,0.8132726987526278,0.8591511936339522,0.6982954545454545,0.050411082999744394,0.04160591700019722,0.6438992042440318,0.0,0.8152240963356183,0.46945271588458776,0.12818606967860965,13426.0,0.35610079575596815,0.9000010380515081,github_seed2_dspar.json
github,resistance_style_proxy,Resistance proxy,dspar,2,0.2,0.80651214541747,0.8083679021098864,0.8635278514588859,0.70147954743255,0.050411082999744394,0.04269983400081401,0.5006366047745358,0.0,0.6619956063385923,0.6274771537118801,0.10862929988846311,18827.0,0.4993633952254642,0.7999986159313225,github_seed2_dspar.json
github,resistance_style_proxy,Resistance proxy,dspar,2,0.3,0.8034463145312583,0.8072949906552381,0.8591511936339522,0.6988088485536018,0.050411082999744394,0.03744895900035772,0.3962334217506631,0.0,0.5329272625076901,0.729951740425095,0.09128529339950167,22763.0,0.6037665782493369,0.6999996539828306,github_seed2_dspar.json
github,resistance_style_proxy,Resistance proxy,dspar,2,0.4,0.8083887565742245,0.8094439183799096,0.863262599469496,0.705848787446505,0.050411082999744394,0.03632791600011842,0.3056763925729443,0.0,0.4155048398784569,0.8082965396857994,0.07474716593007312,26177.0,0.6943236074270557,0.6000006920343387,github_seed2_dspar.json
github,resistance_style_proxy,Resistance proxy,dspar,2,0.5,0.8037858951044115,0.8075614562722195,0.856631299734748,0.701957540667218,0.050411082999744394,0.035117874999741616,0.23527851458885943,0.0,0.31524790649127343,0.8652839100523668,0.05825878419155651,28831.0,0.7647214854111406,0.49999826991415314,github_seed2_dspar.json
github,resistance_style_proxy,Resistance proxy,dspar,2,0.6,0.8066824954471843,0.8091353490293662,0.8572944297082228,0.7077675176534493,0.050411082999744394,0.06340245800038247,0.17464190981432362,0.0,0.22583982592292742,0.9072800082143957,0.048419077510730386,31117.0,0.8253580901856764,0.39999930796566124,github_seed2_dspar.json
github,resistance_style_proxy,Resistance proxy,dspar,2,0.7,0.8048556586450031,0.8107643397073849,0.8539787798408488,0.7069470322065478,0.050411082999744394,0.03159479199985071,0.12644562334217507,0.0,0.1478516274977586,0.939521511448814,0.03849622147469606,32934.0,0.873554376657825,0.30000034601716935,github_seed2_dspar.json
github,resistance_style_proxy,Resistance proxy,dspar,2,0.8,0.8057116213385555,0.8119552811005506,0.8547745358090185,0.7080778459077579,0.050411082999744394,0.02907841699925484,0.08408488063660477,0.0,0.0846973752137209,0.9649861382072081,0.027219291711475697,34531.0,0.9159151193633952,0.20000138406867748,github_seed2_dspar.json
github,resistance_style_proxy,Resistance proxy,dspar,2,0.9,0.8052408379255407,0.814191167064992,0.8557029177718833,0.7061048082117775,0.050411082999744394,0.027185375000044587,0.04488063660477454,0.0,0.035413492475805115,0.9836738884895779,0.017257928488039812,36009.0,0.9551193633952255,0.09999896194849188,github_seed2_dspar.json
github,resistance_style_proxy,Resistance proxy,dspar,3,0.1,0.8128467230191434,0.8073389551467931,0.8656498673740053,0.7134370579915135,0.05153354199956084,0.04251433300032659,0.6438992042440318,0.0,0.8152240963356183,0.46945271588458776,0.12818606967860965,13426.0,0.35610079575596815,0.9000010380515081,github_seed3_dspar.json
github,resistance_style_proxy,Resistance proxy,dspar,3,0.2,0.8119560623481936,0.8079837296375318,0.8659151193633953,0.7112253641816624,0.05153354199956084,0.04028804199970182,0.5006366047745358,0.0,0.6619956063385923,0.6274771537118801,0.10862929988846311,18827.0,0.4993633952254642,0.7999986159313225,github_seed3_dspar.json
github,resistance_style_proxy,Resistance proxy,dspar,3,0.3,0.8097797776136434,0.8041394805308654,0.8649867374005306,0.7073030477285797,0.05153354199956084,0.03933583400066709,0.3962334217506631,0.0,0.5329272625076901,0.729951740425095,0.09128529339950167,22763.0,0.6037665782493369,0.6999996539828306,github_seed3_dspar.json
github,resistance_style_proxy,Resistance proxy,dspar,3,0.4,0.8136544522061464,0.805095112647234,0.8659151193633953,0.7149703975190301,0.05153354199956084,0.03776037500028906,0.3056763925729443,0.0,0.4155048398784569,0.8082965396857994,0.07474716593007312,26177.0,0.6943236074270557,0.6000006920343387,github_seed3_dspar.json
github,resistance_style_proxy,Resistance proxy,dspar,3,0.5,0.8106508609936316,0.8069983884712859,0.8606100795755968,0.7133896918461958,0.05153354199956084,0.03504324999994424,0.23527851458885943,0.0,0.31524790649127343,0.8652839100523668,0.05825878419155651,28831.0,0.7647214854111406,0.49999826991415314,github_seed3_dspar.json
github,resistance_style_proxy,Resistance proxy,dspar,3,0.6,0.8132956991442197,0.8059236580415116,0.8622015915119363,0.7177397446346102,0.05153354199956084,0.03308808299971133,0.17464190981432362,0.0,0.22583982592292742,0.9072800082143957,0.048419077510730386,31117.0,0.8253580901856764,0.39999930796566124,github_seed3_dspar.json
github,resistance_style_proxy,Resistance proxy,dspar,3,0.7,0.8132347041367507,0.8047928630616443,0.8623342175066313,0.7174741426238432,0.05153354199956084,0.031855459000325936,0.12644562334217507,0.0,0.1478516274977586,0.939521511448814,0.03849622147469606,32934.0,0.873554376657825,0.30000034601716935,github_seed3_dspar.json
github,resistance_style_proxy,Resistance proxy,dspar,3,0.8,0.8136940771932406,0.8066667399718508,0.863129973474801,0.7177242888402626,0.05153354199956084,0.02942933299982542,0.08408488063660477,0.0,0.0846973752137209,0.9649861382072081,0.027219291711475697,34531.0,0.9159151193633952,0.20000138406867748,github_seed3_dspar.json
github,resistance_style_proxy,Resistance proxy,dspar,3,0.9,0.8126853604500326,0.8082801461119771,0.8602122015915119,0.7183324425440941,0.05153354199956084,0.027747167000597983,0.04488063660477454,0.0,0.035413492475805115,0.9836738884895779,0.017257928488039812,36009.0,0.9551193633952255,0.09999896194849188,github_seed3_dspar.json
github,resistance_style_proxy,Resistance proxy,dspar,4,0.1,0.8092151755900985,0.8140984899953977,0.8635278514588859,0.7074210975263008,0.05094149999968067,0.0426360420005949,0.6438992042440318,0.0,0.8152240963356183,0.46945271588458776,0.12818606967860965,13426.0,0.35610079575596815,0.9000010380515081,github_seed4_dspar.json
github,resistance_style_proxy,Resistance proxy,dspar,4,0.2,0.8037848612385826,0.8161179774360692,0.8586206896551725,0.7000562746201463,0.05094149999968067,0.04044820800118032,0.5006366047745358,0.0,0.6619956063385923,0.6274771537118801,0.10862929988846311,18827.0,0.4993633952254642,0.7999986159313225,github_seed4_dspar.json
github,resistance_style_proxy,Resistance proxy,dspar,4,0.3,0.8078520215940903,0.8141151279674377,0.859681697612732,0.7080573951434879,0.05094149999968067,0.038269375001618755,0.3962334217506631,0.0,0.5329272625076901,0.729951740425095,0.09128529339950167,22763.0,0.6037665782493369,0.6999996539828306,github_seed4_dspar.json
github,resistance_style_proxy,Resistance proxy,dspar,4,0.4,0.807094082427624,0.8153658947620852,0.8567639257294429,0.7092084006462036,0.05094149999968067,0.036609707998650265,0.3056763925729443,0.0,0.4155048398784569,0.8082965396857994,0.07474716593007312,26177.0,0.6943236074270557,0.6000006920343387,github_seed4_dspar.json
github,resistance_style_proxy,Resistance proxy,dspar,4,0.5,0.8065736732403399,0.8176614609314359,0.8557029177718833,0.7090909090909091,0.05094149999968067,0.03463016699970467,0.23527851458885943,0.0,0.31524790649127343,0.8652839100523668,0.05825878419155651,28831.0,0.7647214854111406,0.49999826991415314,github_seed4_dspar.json
github,resistance_style_proxy,Resistance proxy,dspar,4,0.6,0.809384460769214,0.8199739328771587,0.8620689655172413,0.70917225950783,0.05094149999968067,0.0325002499994298,0.17464190981432362,0.0,0.22583982592292742,0.9072800082143957,0.048419077510730386,31117.0,0.8253580901856764,0.39999930796566124,github_seed4_dspar.json
github,resistance_style_proxy,Resistance proxy,dspar,4,0.7,0.808346969597736,0.8138611388611389,0.8590185676392573,0.7098007098007098,0.05094149999968067,0.0320067079992441,0.12644562334217507,0.0,0.1478516274977586,0.939521511448814,0.03849622147469606,32934.0,0.873554376657825,0.30000034601716935,github_seed4_dspar.json
github,resistance_style_proxy,Resistance proxy,dspar,4,0.8,0.8061829538789704,0.8185118211719826,0.8582228116710875,0.7057528213597578,0.05094149999968067,0.029026624999460182,0.08408488063660477,0.0,0.0846973752137209,0.9649861382072081,0.027219291711475697,34531.0,0.9159151193633952,0.20000138406867748,github_seed4_dspar.json
github,resistance_style_proxy,Resistance proxy,dspar,4,0.9,0.8099099231553359,0.8195347117283958,0.8580901856763926,0.7142094017094017,0.05094149999968067,0.02766058300039731,0.04488063660477454,0.0,0.035413492475805115,0.9836738884895779,0.017257928488039812,36009.0,0.9551193633952255,0.09999896194849188,github_seed4_dspar.json
github,resistance_style_proxy,Resistance proxy,dspar,5,0.1,0.7964800342632202,0.8092352026227603,0.8561007957559682,0.6863255276091356,0.05070420800075226,0.04241983300016727,0.6438992042440318,0.0,0.8152240963356183,0.46945271588458776,0.12818606967860965,13426.0,0.35610079575596815,0.9000010380515081,github_seed5_dspar.json
github,resistance_style_proxy,Resistance proxy,dspar,5,0.2,0.8041619144494296,0.8121811957895002,0.860079575596817,0.6995158074622615,0.05070420800075226,0.04034449999926437,0.5006366047745358,0.0,0.6619956063385923,0.6274771537118801,0.10862929988846311,18827.0,0.4993633952254642,0.7999986159313225,github_seed5_dspar.json
github,resistance_style_proxy,Resistance proxy,dspar,5,0.3,0.8026115936222311,0.8107762097538338,0.8576923076923076,0.6983412988473433,0.05070420800075226,0.038063584001065465,0.3962334217506631,0.0,0.5329272625076901,0.729951740425095,0.09128529339950167,22763.0,0.6037665782493369,0.6999996539828306,github_seed5_dspar.json
github,resistance_style_proxy,Resistance proxy,dspar,5,0.4,0.8016785908652595,0.8097450736117112,0.856631299734748,0.6972836740408849,0.05070420800075226,0.036253416999898036,0.3056763925729443,0.0,0.4155048398784569,0.8082965396857994,0.07474716593007312,26177.0,0.6943236074270557,0.6000006920343387,github_seed5_dspar.json
github,resistance_style_proxy,Resistance proxy,dspar,5,0.5,0.8020545758987787,0.8125990354229595,0.8550397877984085,0.6996427589997252,0.05070420800075226,0.034704125000644126,0.23527851458885943,0.0,0.31524790649127343,0.8652839100523668,0.05825878419155651,28831.0,0.7647214854111406,0.49999826991415314,github_seed5_dspar.json
github,resistance_style_proxy,Resistance proxy,dspar,5,0.6,0.802111762738184,0.8146996019653154,0.8582228116710875,0.6967375886524823,0.05070420800075226,0.032802959000036935,0.17464190981432362,0.0,0.22583982592292742,0.9072800082143957,0.048419077510730386,31117.0,0.8253580901856764,0.39999930796566124,github_seed5_dspar.json
github,resistance_style_proxy,Resistance proxy,dspar,5,0.7,0.8034547685567355,0.81255078214142,0.8590185676392573,0.6989521382044747,0.05070420800075226,0.030907541999113164,0.12644562334217507,0.0,0.1478516274977586,0.939521511448814,0.03849622147469606,32934.0,0.873554376657825,0.30000034601716935,github_seed5_dspar.json
github,resistance_style_proxy,Resistance proxy,dspar,5,0.8,0.7998634589412131,0.8146056965719122,0.8519893899204244,0.6977248104008668,0.05070420800075226,0.029161125001337496,0.08408488063660477,0.0,0.0846973752137209,0.9649861382072081,0.027219291711475697,34531.0,0.9159151193633952,0.20000138406867748,github_seed5_dspar.json
github,resistance_style_proxy,Resistance proxy,dspar,5,0.9,0.8021495357517263,0.8129784594868983,0.8542440318302388,0.7006265322800327,0.05070420800075226,0.027615584000159288,0.04488063660477454,0.0,0.035413492475805115,0.9836738884895779,0.017257928488039812,36009.0,0.9551193633952255,0.09999896194849188,github_seed5_dspar.json
github,resistance_style_proxy,Resistance proxy,dspar,6,0.1,0.8215499790592231,0.7984616635578355,0.8708222811671088,0.727780883174958,0.05193825000060315,0.04243391700038046,0.6438992042440318,0.0,0.8152240963356183,0.46945271588458776,0.12818606967860965,13426.0,0.35610079575596815,0.9000010380515081,github_seed6_dspar.json
github,resistance_style_proxy,Resistance proxy,dspar,6,0.2,0.8200704535627813,0.8003445986849734,0.8705570291777188,0.7247602932882121,0.05193825000060315,0.040148915999452583,0.5006366047745358,0.0,0.6619956063385923,0.6274771537118801,0.10862929988846311,18827.0,0.4993633952254642,0.7999986159313225,github_seed6_dspar.json
github,resistance_style_proxy,Resistance proxy,dspar,6,0.3,0.818346668040496,0.8023766582085594,0.8677718832891247,0.7235930135846964,0.05193825000060315,0.038272666999546345,0.3962334217506631,0.0,0.5329272625076901,0.729951740425095,0.09128529339950167,22763.0,0.6037665782493369,0.6999996539828306,github_seed6_dspar.json
github,resistance_style_proxy,Resistance proxy,dspar,6,0.4,0.816013036271481,0.8027358267610101,0.8660477453580901,0.7200665188470067,0.05193825000060315,0.03634691700062831,0.3056763925729443,0.0,0.4155048398784569,0.8082965396857994,0.07474716593007312,26177.0,0.6943236074270557,0.6000006920343387,github_seed6_dspar.json
github,resistance_style_proxy,Resistance proxy,dspar,6,0.5,0.8169120478085767,0.8027358162878234,0.8636604774535809,0.7243967828418231,0.05193825000060315,0.043969875001494074,0.23527851458885943,0.0,0.31524790649127343,0.8652839100523668,0.05825878419155651,28831.0,0.7647214854111406,0.49999826991415314,github_seed6_dspar.json
github,resistance_style_proxy,Resistance proxy,dspar,6,0.6,0.8165864769431378,0.8022999208751012,0.8644562334217507,0.722885032537961,0.05193825000060315,0.03313175000039337,0.17464190981432362,0.0,0.22583982592292742,0.9072800082143957,0.048419077510730386,31117.0,0.8253580901856764,0.39999930796566124,github_seed6_dspar.json
github,resistance_style_proxy,Resistance proxy,dspar,6,0.7,0.815607787775047,0.8027268152173985,0.8618037135278515,0.7233138608603292,0.05193825000060315,0.03154116699988663,0.12644562334217507,0.0,0.1478516274977586,0.939521511448814,0.03849622147469606,32934.0,0.873554376657825,0.30000034601716935,github_seed6_dspar.json
github,resistance_style_proxy,Resistance proxy,dspar,6,0.8,0.8175462143662594,0.8023634581446373,0.8647214854111406,0.7247706422018348,0.05193825000060315,0.029545166999014327,0.08408488063660477,0.0,0.0846973752137209,0.9649861382072081,0.027219291711475697,34531.0,0.9159151193633952,0.20000138406867748,github_seed6_dspar.json
github,resistance_style_proxy,Resistance proxy,dspar,6,0.9,0.8203402311512362,0.8047324989033219,0.8680371352785146,0.7277701778385773,0.05193825000060315,0.027532791998964967,0.04488063660477454,0.0,0.035413492475805115,0.9836738884895779,0.017257928488039812,36009.0,0.9551193633952255,0.09999896194849188,github_seed6_dspar.json
github,resistance_style_proxy,Resistance proxy,dspar,7,0.1,0.8060509030534024,0.8076149425287356,0.8622015915119363,0.7016939420040196,0.051338749999558786,0.04242491699915263,0.6438992042440318,0.0,0.8152240963356183,0.46945271588458776,0.12818606967860965,13426.0,0.35610079575596815,0.9000010380515081,github_seed7_dspar.json
github,resistance_style_proxy,Resistance proxy,dspar,7,0.2,0.8019234054415689,0.8064017855468992,0.8586206896551725,0.6959498003422704,0.051338749999558786,0.04052708299968799,0.5006366047745358,0.0,0.6619956063385923,0.6274771537118801,0.10862929988846311,18827.0,0.4993633952254642,0.7999986159313225,github_seed7_dspar.json
github,resistance_style_proxy,Resistance proxy,dspar,7,0.3,0.8018841977583802,0.8066123364124507,0.8570291777188329,0.6973610331274565,0.051338749999558786,0.0381840000009106,0.3962334217506631,0.0,0.5329272625076901,0.729951740425095,0.09128529339950167,22763.0,0.6037665782493369,0.6999996539828306,github_seed7_dspar.json
github,resistance_style_proxy,Resistance proxy,dspar,7,0.4,0.8018196533666134,0.8082770675880024,0.8579575596816976,0.6963425007088176,0.051338749999558786,0.0360328330007178,0.3056763925729443,0.0,0.4155048398784569,0.8082965396857994,0.07474716593007312,26177.0,0.6943236074270557,0.6000006920343387,github_seed7_dspar.json
github,resistance_style_proxy,Resistance proxy,dspar,7,0.5,0.804947180220736,0.8079884277509606,0.859814323607427,0.7014967523298503,0.051338749999558786,0.03456337500028894,0.23527851458885943,0.0,0.31524790649127343,0.8652839100523668,0.05825878419155651,28831.0,0.7647214854111406,0.49999826991415314,github_seed7_dspar.json
github,resistance_style_proxy,Resistance proxy,dspar,7,0.6,0.8057972433731515,0.8119339187461951,0.8592838196286472,0.7038794306447111,0.051338749999558786,0.03279079099957016,0.17464190981432362,0.0,0.22583982592292742,0.9072800082143957,0.048419077510730386,31117.0,0.8253580901856764,0.39999930796566124,github_seed7_dspar.json
github,resistance_style_proxy,Resistance proxy,dspar,7,0.7,0.8066872777290441,0.8134990009990011,0.8591511936339522,0.7059800664451827,0.051338749999558786,0.03135116699922946,0.12644562334217507,0.0,0.1478516274977586,0.939521511448814,0.03849622147469606,32934.0,0.873554376657825,0.30000034601716935,github_seed7_dspar.json
github,resistance_style_proxy,Resistance proxy,dspar,7,0.8,0.8067605570174943,0.8121440884521995,0.8591511936339522,0.7061427780852241,0.051338749999558786,0.029928874999313848,0.08408488063660477,0.0,0.0846973752137209,0.9649861382072081,0.027219291711475697,34531.0,0.9159151193633952,0.20000138406867748,github_seed7_dspar.json
github,resistance_style_proxy,Resistance proxy,dspar,7,0.9,0.805373474051295,0.813066815266114,0.8583554376657825,0.7038269550748752,0.051338749999558786,0.03084879100060789,0.04488063660477454,0.0,0.035413492475805115,0.9836738884895779,0.017257928488039812,36009.0,0.9551193633952255,0.09999896194849188,github_seed7_dspar.json
github,resistance_style_proxy,Resistance proxy,dspar,8,0.1,0.800610966671417,0.8115166099833662,0.8582228116710875,0.6934327502150845,0.051125000001775334,0.042499499999394175,0.6438992042440318,0.0,0.8152240963356183,0.46945271588458776,0.12818606967860965,13426.0,0.35610079575596815,0.9000010380515081,github_seed8_dspar.json
github,resistance_style_proxy,Resistance proxy,dspar,8,0.2,0.8055187209727472,0.8153619345808474,0.8584880636604775,0.7040221914008322,0.051125000001775334,0.03977008299989393,0.5006366047745358,0.0,0.6619956063385923,0.6274771537118801,0.10862929988846311,18827.0,0.4993633952254642,0.7999986159313225,github_seed8_dspar.json
github,resistance_style_proxy,Resistance proxy,dspar,8,0.3,0.8049706479842749,0.8113540456833139,0.8592838196286472,0.7020499859590003,0.051125000001775334,0.03777304200048093,0.3962334217506631,0.0,0.5329272625076901,0.729951740425095,0.09128529339950167,22763.0,0.6037665782493369,0.6999996539828306,github_seed8_dspar.json
github,resistance_style_proxy,Resistance proxy,dspar,8,0.4,0.811979994424638,0.8149747233496285,0.8623342175066313,0.7146783947223749,0.051125000001775334,0.036585999998351326,0.3056763925729443,0.0,0.4155048398784569,0.8082965396857994,0.07474716593007312,26177.0,0.6943236074270557,0.6000006920343387,github_seed8_dspar.json
github,resistance_style_proxy,Resistance proxy,dspar,8,0.5,0.809173739355092,0.8142400655870468,0.8584880636604775,0.712166172106825,0.051125000001775334,0.03460079200158361,0.23527851458885943,0.0,0.31524790649127343,0.8652839100523668,0.05825878419155651,28831.0,0.7647214854111406,0.49999826991415314,github_seed8_dspar.json
github,resistance_style_proxy,Resistance proxy,dspar,8,0.6,0.8073152111046848,0.8123871187230842,0.8571618037135279,0.7093117408906883,0.051125000001775334,0.032286208999721566,0.17464190981432362,0.0,0.22583982592292742,0.9072800082143957,0.048419077510730386,31117.0,0.8253580901856764,0.39999930796566124,github_seed8_dspar.json
github,resistance_style_proxy,Resistance proxy,dspar,8,0.7,0.8107681795657181,0.8108996329685296,0.860079575596817,0.7141696017339474,0.051125000001775334,0.031044250001286855,0.12644562334217507,0.0,0.1478516274977586,0.939521511448814,0.03849622147469606,32934.0,0.873554376657825,0.30000034601716935,github_seed8_dspar.json
github,resistance_style_proxy,Resistance proxy,dspar,8,0.8,0.81006121369373,0.8137355224250634,0.8583554376657825,0.7142857142857143,0.051125000001775334,0.028964167002413888,0.08408488063660477,0.0,0.0846973752137209,0.9649861382072081,0.027219291711475697,34531.0,0.9159151193633952,0.20000138406867748,github_seed8_dspar.json
github,resistance_style_proxy,Resistance proxy,dspar,8,0.9,0.8055258260777338,0.811979994424638,0.8580901856763926,0.7044198895027625,0.051125000001775334,0.028286749999097083,0.04488063660477454,0.0,0.035413492475805115,0.9836738884895779,0.017257928488039812,36009.0,0.9551193633952255,0.09999896194849188,github_seed8_dspar.json
github,resistance_style_proxy,Resistance proxy,dspar,9,0.1,0.8044003055608764,0.8097240868271041,0.8611405835543766,0.6990514515665421,0.05097287500029779,0.04251641700102482,0.6438992042440318,0.0,0.8152240963356183,0.46945271588458776,0.12818606967860965,13426.0,0.35610079575596815,0.9000010380515081,github_seed9_dspar.json
github,resistance_style_proxy,Resistance proxy,dspar,9,0.2,0.8057019335320408,0.8054300050613792,0.8615384615384616,0.7015437392795884,0.05097287500029779,0.04107345800002804,0.5006366047745358,0.0,0.6619956063385923,0.6274771537118801,0.10862929988846311,18827.0,0.4993633952254642,0.7999986159313225,github_seed9_dspar.json
github,resistance_style_proxy,Resistance proxy,dspar,9,0.3,0.8012759273267742,0.8053221300843207,0.8568965517241379,0.696141931850183,0.05097287500029779,0.04369166700053029,0.3962334217506631,0.0,0.5329272625076901,0.729951740425095,0.09128529339950167,22763.0,0.6037665782493369,0.6999996539828306,github_seed9_dspar.json
github,resistance_style_proxy,Resistance proxy,dspar,9,0.4,0.807383825561944,0.8040555466522628,0.8615384615384616,0.7052512704686618,0.05097287500029779,0.0364299579996441,0.3056763925729443,0.0,0.4155048398784569,0.8082965396857994,0.07474716593007312,26177.0,0.6943236074270557,0.6000006920343387,github_seed9_dspar.json
github,resistance_style_proxy,Resistance proxy,dspar,9,0.5,0.8043348478948568,0.8073863918131927,0.8527851458885941,0.7069693769799367,0.05097287500029779,0.03434275000108755,0.23527851458885943,0.0,0.31524790649127343,0.8652839100523668,0.05825878419155651,28831.0,0.7647214854111406,0.49999826991415314,github_seed9_dspar.json
github,resistance_style_proxy,Resistance proxy,dspar,9,0.6,0.8079885545998682,0.8045234500547482,0.8588859416445623,0.7091306724986332,0.05097287500029779,0.032835416997841094,0.17464190981432362,0.0,0.22583982592292742,0.9072800082143957,0.048419077510730386,31117.0,0.8253580901856764,0.39999930796566124,github_seed9_dspar.json
github,resistance_style_proxy,Resistance proxy,dspar,9,0.7,0.8062269034097296,0.8066669561415593,0.8539787798408488,0.7100342375559653,0.05097287500029779,0.030994458000350278,0.12644562334217507,0.0,0.1478516274977586,0.939521511448814,0.03849622147469606,32934.0,0.873554376657825,0.30000034601716935,github_seed9_dspar.json
github,resistance_style_proxy,Resistance proxy,dspar,9,0.8,0.8062046484011016,0.8063729115976677,0.8550397877984085,0.7089214380825566,0.05097287500029779,0.029097875001752982,0.08408488063660477,0.0,0.0846973752137209,0.9649861382072081,0.027219291711475697,34531.0,0.9159151193633952,0.20000138406867748,github_seed9_dspar.json
github,resistance_style_proxy,Resistance proxy,dspar,9,0.9,0.8076338764628432,0.8103255413897814,0.8594164456233422,0.7078280044101434,0.05097287500029779,0.0270964589981304,0.04488063660477454,0.0,0.035413492475805115,0.9836738884895779,0.017257928488039812,36009.0,0.9551193633952255,0.09999896194849188,github_seed9_dspar.json
lastfm,cailp_a31,Task-only,cailp_a31,0,0.1,0.822730582653792,0.8039615070941075,0.8910045961917269,0.0,292.363622791,0.18877995800005465,1.0,1.0,0.9999999927272728,0.0,0.18896889701956684,1.0,0.024134312696747113,0.8999856146155506,lastfm_seed0_cailp_a31.json
lastfm,cailp_a31,Task-only,cailp_a31,0,0.2,0.8124912500862946,0.7917956043255985,0.8923177938279712,0.0,292.363622791,0.11670179200007169,1.0,1.0,0.9999999927272728,0.0,0.15564003892190922,1.0,0.051547743966421825,0.8000071926922246,lastfm_seed0_cailp_a31.json
lastfm,cailp_a31,Task-only,cailp_a31,0,0.3,0.8232335960805733,0.7829519216677965,0.8962573867367039,0.0,292.363622791,0.01822770900002979,0.9997376705141658,0.9989631933644375,0.9999999927272728,0.0,0.12576245453301207,3.0,0.09260230849947534,0.6999928073077754,lastfm_seed0_cailp_a31.json
lastfm,cailp_a31,Task-only,cailp_a31,0,0.4,0.8391603595288303,0.7979534659364697,0.8982271831910703,0.0,292.363622791,0.007105500000079701,0.9857030430220357,0.9647485743908761,0.9999999927272728,0.0,0.10488829462231929,100.0,0.13391920251836306,0.6000143853844494,lastfm_seed0_cailp_a31.json
lastfm,cailp_a31,Task-only,cailp_a31,0,0.5,0.7987683692878679,0.7685475736923773,0.8837820091923835,0.0,292.363622791,0.01135308300001725,0.9382214060860441,0.8864696734059098,0.9999999927272728,0.0,0.09146537603606066,404.0,0.17812172088142708,0.5,lastfm_seed0_cailp_a31.json
lastfm,cailp_a31,Task-only,cailp_a31,0,0.6,0.8088013043955142,0.7805539374818833,0.8811556139198949,0.0,292.363622791,0.012258750000000873,0.8722455403987408,0.8278900984966304,0.9999999927272728,0.0,0.07705313633890577,803.0,0.2363588667366212,0.3999856146155506,lastfm_seed0_cailp_a31.json
lastfm,cailp_a31,Task-only,cailp_a31,0,0.7,0.7816633073974233,0.7396202435282646,0.8680236375574524,0.0,292.363622791,0.008753707999971994,0.7233735571878279,0.7418351477449455,0.9090909024793389,0.125,0.06109667143901134,1648.0,0.3045645330535152,0.3000071926922247,lastfm_seed0_cailp_a31.json
lastfm,cailp_a31,Task-only,cailp_a31,0,0.8,0.7179908626605489,0.6940107081656615,0.8384766907419566,0.0,292.363622791,0.011555707999946208,0.49055613850996854,0.60082944530845,0.9090909024793389,0.125,0.04740410210635813,3091.0,0.39952780692549844,0.1999928073077753,lastfm_seed0_cailp_a31.json
lastfm,cailp_a31,Task-only,cailp_a31,0,0.9,0.6460686201906318,0.608723962959779,0.8049901510177282,0.0,292.363622791,0.016684832999999344,0.1184417628541448,0.4188698807672369,0.5909090866115703,0.4375,0.02530053381968389,5062.0,0.5931269674711438,0.1000143853844494,lastfm_seed0_cailp_a31.json
lastfm,cailp_a31,Task-only,cailp_a31,1,0.1,0.7239505002841251,0.7343570019975192,0.8509520682862771,0.0,299.89901554200014,0.4647397499998078,0.8360440713536201,0.6448937273198548,0.6363636317355372,0.4375,0.19694803385952284,1233.0,0.15962749213011543,0.8999856146155506,lastfm_seed1_cailp_a31.json
lastfm,cailp_a31,Task-only,cailp_a31,1,0.2,0.6882804036021724,0.6683729172969498,0.8411030860144452,0.0,299.89901554200014,0.2014005000000907,0.7067156348373557,0.4059097978227061,0.1818181804958678,0.8125,0.17860248422295583,2219.0,0.28869359916054566,0.8000071926922246,lastfm_seed1_cailp_a31.json
lastfm,cailp_a31,Task-only,cailp_a31,1,0.3,0.6537993069578517,0.6365570968631794,0.814182534471438,0.0,299.89901554200014,0.3350738750000346,0.6097848898216159,0.2871954380508035,0.13636363537190083,0.875,0.15801950556008562,2964.0,0.3873294858342078,0.6999928073077754,lastfm_seed1_cailp_a31.json
lastfm,cailp_a31,Task-only,cailp_a31,1,0.4,0.6472461530899393,0.6126776687248601,0.8082731451083388,0.0,299.89901554200014,0.3052159170001687,0.5313483735571878,0.22187662001036806,0.0909090902479339,0.875,0.1398194611127655,3559.0,0.4651101783840504,0.6000143853844494,lastfm_seed1_cailp_a31.json
lastfm,cailp_a31,Task-only,cailp_a31,1,0.5,0.6103814713030077,0.6230000457888673,0.8049901510177282,0.0,299.89901554200014,0.26942487500036805,0.46773347324239245,0.18040435458786935,0.0909090902479339,0.875,0.1217626315897151,4046.0,0.5292497376705142,0.5,lastfm_seed1_cailp_a31.json
lastfm,cailp_a31,Task-only,cailp_a31,1,0.6,0.5966009729991786,0.5842270635610876,0.7984241628365069,0.0,299.89901554200014,0.328548334000061,0.40634837355718784,0.14774494556765164,0.0909090902479339,0.875,0.09710208900724637,4509.0,0.5891920251836307,0.3999856146155506,lastfm_seed1_cailp_a31.json
lastfm,cailp_a31,Task-only,cailp_a31,1,0.7,0.5589799314865473,0.5538250145575971,0.7872619829284307,0.0,299.89901554200014,0.2275393750001058,0.34430745015739767,0.13011923276308968,0.0909090902479339,0.875,0.07456628589659074,4971.0,0.6488719832109129,0.3000071926922247,lastfm_seed1_cailp_a31.json
lastfm,cailp_a31,Task-only,cailp_a31,1,0.8,0.5444764559496398,0.5428373612405694,0.7866053841103086,0.0,299.89901554200014,0.03613358299980973,0.28816894018887723,0.11093831000518403,0.0,1.0,0.031650923816970766,5375.0,0.700813221406086,0.1999928073077753,lastfm_seed1_cailp_a31.json
lastfm,cailp_a31,Task-only,cailp_a31,1,0.9,0.5065215044571227,0.5415769537743204,0.7708470124753776,0.0,299.89901554200014,0.3385144999997465,0.1895330535152151,0.09020217729393468,0.0,1.0,0.010674716180920637,6009.0,0.7805613850996852,0.1000143853844494,lastfm_seed1_cailp_a31.json
lastfm,cailp_a31,Task-only,cailp_a31,2,0.1,0.7404164187904418,0.7282353746344068,0.8627708470124754,0.0,490.5481175,0.15281654099999287,0.8182056663168941,0.48418869880767235,0.45454545123966944,0.375,0.2056029165784539,1379.0,0.18008919202518364,0.8999856146155506,lastfm_seed2_cailp_a31.json
lastfm,cailp_a31,Task-only,cailp_a31,2,0.2,0.7107467736780513,0.6997863537714454,0.8509520682862771,0.0,490.5481175,0.43449566599974787,0.6979275970619098,0.28615863141524106,0.1818181804958678,0.75,0.18637228795182267,2300.0,0.3011542497376705,0.8000071926922246,lastfm_seed2_cailp_a31.json
lastfm,cailp_a31,Task-only,cailp_a31,2,0.3,0.6471351457556539,0.6367742714704911,0.8266579120157583,0.0,490.5481175,0.0839584170003036,0.5881427072402938,0.1565578019699326,0.13636363537190083,0.8125,0.16993762573354687,3140.0,0.41159496327387196,0.6999928073077754,lastfm_seed2_cailp_a31.json
lastfm,cailp_a31,Task-only,cailp_a31,2,0.4,0.6383753418580279,0.612960093245025,0.8214051214707814,0.0,490.5481175,0.24673995800003468,0.4556663168940189,0.03576982892690513,0.0,1.0,0.14780172668022626,4147.0,0.5434155299055614,0.6000143853844494,lastfm_seed2_cailp_a31.json
lastfm,cailp_a31,Task-only,cailp_a31,2,0.5,0.5638230440582621,0.567284936972631,0.7931713722915299,0.0,490.5481175,0.25095287499971164,0.3549317943336831,0.006220839813374806,0.0,1.0,0.12566012844520633,4919.0,0.6450682056663168,0.5,lastfm_seed2_cailp_a31.json
lastfm,cailp_a31,Task-only,cailp_a31,2,0.6,0.557039460078534,0.5421219855881231,0.7892317793827971,0.0,490.5481175,0.28535404100011874,0.29118572927597064,0.0,0.0,1.0,0.07638014786030867,5405.0,0.7088142707240294,0.3999856146155506,lastfm_seed2_cailp_a31.json
lastfm,cailp_a31,Task-only,cailp_a31,2,0.7,0.5307924476959283,0.5085723487722918,0.7866053841103086,0.0,490.5481175,0.25103695899997547,0.24606505771248688,0.0,0.0,1.0,0.033617368552289556,5741.0,0.7526232948583421,0.3000071926922247,lastfm_seed2_cailp_a31.json
lastfm,cailp_a31,Task-only,cailp_a31,2,0.8,0.5066224221102014,0.513057651911319,0.7826657912015759,0.0,490.5481175,0.2991623749999235,0.19845225603357816,0.0,0.0,1.0,0.012145277034124427,6086.0,0.797875131164743,0.1999928073077753,lastfm_seed2_cailp_a31.json
lastfm,cailp_a31,Task-only,cailp_a31,2,0.9,0.4617596775210831,0.5001673189147555,0.768220617202889,0.0,490.5481175,0.23838750000004438,0.14795383001049317,0.0,0.0,1.0,0.003252429769650257,6478.0,0.8488982161594963,0.1000143853844494,lastfm_seed2_cailp_a31.json
lastfm,cailp_a31,Task-only,cailp_a31,3,0.1,0.7870643922691355,0.8012395424610275,0.8811556139198949,0.0,100.53909345800002,0.15005629200004478,0.9862277019937041,0.960082944530845,0.9999999927272728,0.0,0.1928891599021094,103.0,0.02570828961175236,0.8999856146155506,lastfm_seed3_cailp_a31.json
lastfm,cailp_a31,Task-only,cailp_a31,3,0.2,0.7822250762738231,0.8091314310151375,0.8752462245567958,0.0,100.53909345800002,0.019509000000653032,0.9714060860440713,0.9476412649040954,0.9545454476033058,0.0625,0.1683645426323861,201.0,0.04262854144805876,0.8000071926922246,lastfm_seed3_cailp_a31.json
lastfm,cailp_a31,Task-only,cailp_a31,3,0.3,0.7814355260177133,0.8047415684424417,0.8745896257386737,0.0,100.53909345800002,0.013762208000116516,0.9546169989506821,0.9372731985484707,0.9545454476033058,0.0625,0.14575602870483004,307.0,0.06532004197271774,0.6999928073077754,lastfm_seed3_cailp_a31.json
lastfm,cailp_a31,Task-only,cailp_a31,3,0.4,0.7649538287393042,0.7905242514456244,0.866053841103086,0.0,100.53909345800002,0.008083791999524692,0.9257607555089192,0.9170554691550026,0.9545454476033058,0.0625,0.12675875910965034,458.0,0.09863588667366212,0.6000143853844494,lastfm_seed3_cailp_a31.json
lastfm,cailp_a31,Task-only,cailp_a31,3,0.5,0.765548711437044,0.767825508055467,0.8673670387393303,0.0,100.53909345800002,0.0071941669993975665,0.8827387198321092,0.8890616899948159,0.9545454476033058,0.0625,0.10949515939516376,727.0,0.1547743966421826,0.5,lastfm_seed3_cailp_a31.json
lastfm,cailp_a31,Task-only,cailp_a31,3,0.6,0.7646954109212559,0.77434349830808,0.8502954694681549,0.0,100.53909345800002,0.006135542000265559,0.8010230849947534,0.8372213582166926,0.9545454476033058,0.0625,0.09350801722506033,1252.0,0.22088142707240294,0.3999856146155506,lastfm_seed3_cailp_a31.json
lastfm,cailp_a31,Task-only,cailp_a31,3,0.7,0.710431611261612,0.7256126372135533,0.835193696651346,0.0,100.53909345800002,0.007782040999700257,0.6663168940188877,0.7439087610160705,0.863636357355372,0.1875,0.07133363280360663,2085.0,0.30600734522560336,0.3000071926922247,lastfm_seed3_cailp_a31.json
lastfm,cailp_a31,Task-only,cailp_a31,3,0.8,0.7051343766807067,0.7420938534497904,0.8122127380170716,0.0,100.53909345800002,0.014350166000440367,0.47075026232948586,0.6013478486262313,0.5909090866115703,0.375,0.04683908802716548,3369.0,0.4290398740818468,0.1999928073077753,lastfm_seed3_cailp_a31.json
lastfm,cailp_a31,Task-only,cailp_a31,3,0.9,0.60823288082788,0.6132271034944332,0.7701904136572554,0.0,100.53909345800002,0.006890999999995984,0.19346799580272822,0.3587350959046138,0.1818181804958678,0.8125,0.023936743709828703,5209.0,0.6330010493179433,0.1000143853844494,lastfm_seed3_cailp_a31.json
lastfm,cailp_a31,Task-only,cailp_a31,4,0.1,0.7721172182814094,0.7947896314700554,0.8890347997373604,0.0,99.71155966700007,0.12927366600069945,1.0,1.0,0.9999999927272728,0.0,0.17510545024094668,1.0,0.01888772298006296,0.8999856146155506,lastfm_seed4_cailp_a31.json
lastfm,cailp_a31,Task-only,cailp_a31,4,0.2,0.7796947671973754,0.8039300368825021,0.8903479973736047,0.0,99.71155966700007,0.01820237499941868,1.0,1.0,0.9999999927272728,0.0,0.14628028494412335,1.0,0.0506295907660021,0.8000071926922246,lastfm_seed4_cailp_a31.json
lastfm,cailp_a31,Task-only,cailp_a31,4,0.3,0.7679667788531085,0.7866364850159133,0.8870650032829941,0.0,99.71155966700007,0.011038540999834368,1.0,1.0,0.9999999927272728,0.0,0.12441795388711956,1.0,0.0943074501573977,0.6999928073077754,lastfm_seed4_cailp_a31.json
lastfm,cailp_a31,Task-only,cailp_a31,4,0.4,0.789859362750202,0.8133697662367214,0.8942875902823375,0.0,99.71155966700007,0.006215500000507745,0.9996065057712487,1.0,0.9999999927272728,0.0,0.10412863567752846,4.0,0.14415005246589715,0.6000143853844494,lastfm_seed4_cailp_a31.json
lastfm,cailp_a31,Task-only,cailp_a31,4,0.5,0.7888538818943087,0.7996984015385916,0.891661195009849,0.0,99.71155966700007,0.008958709000580711,0.9845225603357818,0.997926386728875,0.9999999927272728,0.0,0.08381693567854955,76.0,0.20448583420776495,0.5,lastfm_seed4_cailp_a31.json
lastfm,cailp_a31,Task-only,cailp_a31,4,0.6,0.6820522747608492,0.7398901878111709,0.8667104399212081,0.0,99.71155966700007,0.007398875000035332,0.9231374606505771,0.9683773976153447,0.9999999927272728,0.0,0.06151712020004459,398.0,0.2691500524658972,0.3999856146155506,lastfm_seed4_cailp_a31.json
lastfm,cailp_a31,Task-only,cailp_a31,4,0.7,0.6580940385869992,0.6656838365285191,0.8463558765594222,0.0,99.71155966700007,0.007659333000447077,0.7862014690451207,0.8724727838258165,0.9090909024793389,0.0625,0.0400745675992187,1192.0,0.33879853095487933,0.3000071926922247,lastfm_seed4_cailp_a31.json
lastfm,cailp_a31,Task-only,cailp_a31,4,0.8,0.5839061796027102,0.647143829089347,0.8030203545633617,0.0,99.71155966700007,0.014265750000049593,0.4994753410283316,0.7190254017625712,0.5909090866115703,0.3125,0.0217464740090658,2639.0,0.4321878279118573,0.1999928073077753,lastfm_seed4_cailp_a31.json
lastfm,cailp_a31,Task-only,cailp_a31,4,0.9,0.533004656099071,0.5784432423291832,0.7800393959290873,0.0,99.71155966700007,0.006656209000539093,0.12119622245540398,0.45775012960082945,0.40909090611570254,0.5,0.0062303252885624345,4910.0,0.6002098635886673,0.1000143853844494,lastfm_seed4_cailp_a31.json
lastfm,cailp_a31,Task-only,cailp_a31,5,0.1,0.8131947721562766,0.7983049193005145,0.896913985554826,0.0,301.478126417,0.10270120799998494,0.9998688352570829,0.9994815966822188,0.9999999927272728,0.0,0.1966835538343459,2.0,0.025445960125918154,0.8999856146155506,lastfm_seed5_cailp_a31.json
lastfm,cailp_a31,Task-only,cailp_a31,5,0.2,0.7609320903856888,0.7591909147904197,0.8811556139198949,0.0,301.478126417,0.06163083299998107,0.9994753410283316,0.9994815966822188,0.9999999927272728,0.0,0.16853956015364935,5.0,0.04643231899265477,0.8000071926922246,lastfm_seed5_cailp_a31.json
lastfm,cailp_a31,Task-only,cailp_a31,5,0.3,0.8191499138558499,0.8052972432064256,0.8936309914642153,0.0,301.478126417,0.013191291999987698,0.9988195173137461,0.9994815966822188,0.9999999927272728,0.0,0.14014013698319489,9.0,0.0776495278069255,0.6999928073077754,lastfm_seed5_cailp_a31.json
lastfm,cailp_a31,Task-only,cailp_a31,5,0.4,0.7980810399588938,0.7700587792566905,0.8903479973736047,0.0,301.478126417,0.010740000000055261,0.9958027282266527,0.9968895800933126,0.9999999927272728,0.0,0.12021274455424555,26.0,0.12473767051416579,0.6000143853844494,lastfm_seed5_cailp_a31.json
lastfm,cailp_a31,Task-only,cailp_a31,5,0.5,0.792191558712108,0.78623758234261,0.8837820091923835,0.0,301.478126417,0.017160875000058695,0.9702256033578174,0.9808190772420944,0.9090909024793389,0.0625,0.10099071031572224,172.0,0.17051416579223505,0.5,lastfm_seed5_cailp_a31.json
lastfm,cailp_a31,Task-only,cailp_a31,5,0.6,0.7736379768675069,0.7518703907843547,0.8699934340118188,0.0,301.478126417,0.013560499999925923,0.8868048268625394,0.9533437013996889,0.863636357355372,0.0625,0.08104198806741797,621.0,0.23806400839454356,0.3999856146155506,lastfm_seed5_cailp_a31.json
lastfm,cailp_a31,Task-only,cailp_a31,5,0.7,0.7412995803258909,0.7124012697536943,0.8509520682862771,0.0,301.478126417,0.009588000000007924,0.6955666316894019,0.897874546397097,0.863636357355372,0.0625,0.0639742135548311,1579.0,0.32987932843651624,0.3000071926922247,lastfm_seed5_cailp_a31.json
lastfm,cailp_a31,Task-only,cailp_a31,5,0.8,0.6870166655903838,0.6558074265955391,0.8233749179251477,0.0,301.478126417,0.009487499999977445,0.4247114375655824,0.8097459823742872,0.7727272671074381,0.1875,0.04292277734776733,3084.0,0.4453043022035677,0.1999928073077753,lastfm_seed5_cailp_a31.json
lastfm,cailp_a31,Task-only,cailp_a31,5,0.9,0.6310636011361953,0.5985916256088365,0.7931713722915299,0.0,301.478126417,0.009800083999948583,0.11791710388247639,0.5889061689994816,0.7272727219834711,0.25,0.021363531633731003,5083.0,0.621196222455404,0.1000143853844494,lastfm_seed5_cailp_a31.json
lastfm,cailp_a31,Task-only,cailp_a31,6,0.1,0.8016107111415517,0.7581495664344884,0.8910045961917269,0.0,301.6130874580001,0.2860917079997307,0.9714060860440713,0.9481596682218766,0.9999999927272728,0.0,0.19582873223269756,183.0,0.07358342077649528,0.8999856146155506,lastfm_seed6_cailp_a31.json
lastfm,cailp_a31,Task-only,cailp_a31,6,0.2,0.813606802700287,0.7308385933639402,0.8811556139198949,0.0,301.6130874580001,0.40365495799960627,0.8809024134312696,0.8242612752721618,0.9545454476033058,0.0625,0.17236010571016352,749.0,0.1459863588667366,0.8000071926922246,lastfm_seed6_cailp_a31.json
lastfm,cailp_a31,Task-only,cailp_a31,6,0.3,0.8046519497332104,0.7513240673799543,0.8752462245567958,0.0,301.6130874580001,0.047388917000262154,0.7545907660020986,0.6946604458268533,0.8181818122314051,0.1875,0.15532135972355576,1512.0,0.22350472193074503,0.6999928073077754,lastfm_seed6_cailp_a31.json
lastfm,cailp_a31,Task-only,cailp_a31,6,0.4,0.6724551316515086,0.6440547557567586,0.845042678923178,0.0,301.6130874580001,0.378740249999737,0.6316894018887723,0.5614307931570762,0.5909090866115703,0.4375,0.1414642493695533,2312.0,0.296694648478489,0.6000143853844494,lastfm_seed6_cailp_a31.json
lastfm,cailp_a31,Task-only,cailp_a31,6,0.5,0.7429373151377047,0.6896615061144699,0.8391332895600788,0.0,301.6130874580001,0.19191224999985934,0.48596537250786986,0.46086054950751687,0.5454545414876033,0.5,0.12212486072968809,3181.0,0.3815582371458552,0.5,lastfm_seed6_cailp_a31.json
lastfm,cailp_a31,Task-only,cailp_a31,6,0.6,0.6964324354421102,0.6538292677832349,0.8299409061063691,0.0,301.6130874580001,0.14979766699980246,0.34916054564533056,0.37325038880248834,0.40909090611570254,0.625,0.09981083012021855,4077.0,0.4733735571878279,0.3999856146155506,lastfm_seed6_cailp_a31.json
lastfm,cailp_a31,Task-only,cailp_a31,6,0.7,0.6655079275947258,0.6046348639349433,0.8135259356533159,0.0,301.6130874580001,0.31988799999999173,0.22193074501573976,0.26956972524624156,0.3181818158677686,0.75,0.08164867484852645,5089.0,0.6096537250786989,0.3000071926922247,lastfm_seed6_cailp_a31.json
lastfm,cailp_a31,Task-only,cailp_a31,6,0.8,0.6078772072910218,0.5920089411057671,0.793827971109652,0.0,301.6130874580001,0.305049916000371,0.14008394543546696,0.1778123379989632,0.1818181804958678,0.8125,0.05921634490735742,6015.0,0.7447534102833159,0.1999928073077753,lastfm_seed6_cailp_a31.json
lastfm,cailp_a31,Task-only,cailp_a31,6,0.9,0.5260736216493671,0.5203497101402216,0.7760998030203545,0.0,301.6130874580001,0.22441920800019943,0.0844700944386149,0.09538621047174702,0.0909090902479339,0.9375,0.0354962879140456,6728.0,0.8592602308499475,0.1000143853844494,lastfm_seed6_cailp_a31.json
lastfm,cailp_a31,Task-only,cailp_a31,7,0.1,0.7645527307833736,0.7722449415283839,0.8804990151017729,0.0,458.01755866600024,0.17287512500024604,0.9777019937040924,0.9351995852773458,0.9090909024793389,0.125,0.19352329843712543,170.0,0.04853095487932844,0.8999856146155506,lastfm_seed7_cailp_a31.json
lastfm,cailp_a31,Task-only,cailp_a31,7,0.2,0.7677860805214864,0.7558705991819424,0.8759028233749179,0.0,458.01755866600024,0.22032462500010297,0.9404512067156349,0.8631415241057543,0.6363636317355372,0.1875,0.1745969321054823,435.0,0.09076600209863589,0.8000071926922246,lastfm_seed7_cailp_a31.json
lastfm,cailp_a31,Task-only,cailp_a31,7,0.3,0.7410326472714359,0.7655478791657822,0.8640840446487197,0.0,458.01755866600024,0.2006765420001102,0.904118572927597,0.8118195956454122,0.5909090866115703,0.1875,0.15452068385659304,689.0,0.13077124868835258,0.6999928073077754,lastfm_seed7_cailp_a31.json
lastfm,cailp_a31,Task-only,cailp_a31,7,0.4,0.6762261141031564,0.7139390774290125,0.8542350623768877,0.0,458.01755866600024,0.29082170899982884,0.8697534102833159,0.776049766718507,0.40909090611570254,0.4375,0.13522439956807053,909.0,0.16080797481636935,0.6000143853844494,lastfm_seed7_cailp_a31.json
lastfm,cailp_a31,Task-only,cailp_a31,7,0.5,0.6851616619257834,0.7310285865193356,0.8456992777413,0.0,458.01755866600024,0.19993012500026452,0.8280430220356768,0.7459823742871955,0.40909090611570254,0.4375,0.11352154351624233,1123.0,0.19176285414480587,0.5,lastfm_seed7_cailp_a31.json
lastfm,cailp_a31,Task-only,cailp_a31,7,0.6,0.673276380344985,0.7068062077872909,0.8443860801050558,0.0,458.01755866600024,0.2900420830001167,0.7700682056663168,0.6905132192846034,0.3636363609917356,0.5,0.09217835470095692,1484.0,0.2363588667366212,0.3999856146155506,lastfm_seed7_cailp_a31.json
lastfm,cailp_a31,Task-only,cailp_a31,7,0.7,0.632250162954644,0.6466324847729901,0.824688115561392,0.0,458.01755866600024,0.3173990000000231,0.657791185729276,0.6194919647485744,0.3636363609917356,0.5,0.06579252719881327,2093.0,0.3138772298006296,0.3000071926922247,lastfm_seed7_cailp_a31.json
lastfm,cailp_a31,Task-only,cailp_a31,7,0.8,0.58790617298631,0.5926642751932736,0.8154957321076822,0.0,458.01755866600024,0.13916120900012174,0.44832109129066106,0.4831518921721099,0.27272727074380165,0.625,0.04169255204731236,3429.0,0.4429433368310598,0.1999928073077753,lastfm_seed7_cailp_a31.json
lastfm,cailp_a31,Task-only,cailp_a31,7,0.9,0.5256266140127923,0.5162063644504032,0.7852921864740644,0.0,458.01755866600024,0.29260183299993514,0.20160020986358868,0.2690513219284603,0.13636363537190083,0.8125,0.021164887649402515,5355.0,0.6559548793284365,0.1000143853844494,lastfm_seed7_cailp_a31.json
lastfm,cailp_a31,Task-only,cailp_a31,8,0.1,0.784001419286203,0.7895313166044261,0.8673670387393303,0.0,101.9266897080006,0.02846108300036576,0.9379590766002098,0.7910834629341628,0.9545454476033058,0.0625,0.18709847764646312,455.0,0.0574501573976915,0.8999856146155506,lastfm_seed8_cailp_a31.json
lastfm,cailp_a31,Task-only,cailp_a31,8,0.2,0.7773754909837232,0.7735794492831825,0.8719632304661852,0.0,101.9266897080006,0.014786000000640342,0.9300891920251836,0.7703473302229135,0.9090909024793389,0.125,0.16576791258351228,512.0,0.06453305351521511,0.8000071926922246,lastfm_seed8_cailp_a31.json
lastfm,cailp_a31,Task-only,cailp_a31,8,0.3,0.7813023559678904,0.786903079800027,0.866053841103086,0.0,101.9266897080006,0.010502209000151197,0.9194648478488983,0.742871954380508,0.9090909024793389,0.125,0.14155937439031996,587.0,0.07397691500524659,0.6999928073077754,lastfm_seed8_cailp_a31.json
lastfm,cailp_a31,Task-only,cailp_a31,8,0.4,0.7586822434141135,0.7715042006249911,0.8680236375574524,0.0,101.9266897080006,0.008882125000127417,0.904118572927597,0.7065837221358217,0.9090909024793389,0.125,0.12296382141821162,696.0,0.10362014690451207,0.6000143853844494,lastfm_seed8_cailp_a31.json
lastfm,cailp_a31,Task-only,cailp_a31,8,0.5,0.7824617904740125,0.7665146749164563,0.8640840446487197,0.0,101.9266897080006,0.007458541000232799,0.883788037775446,0.6692586832555728,0.863636357355372,0.1875,0.10223910659801703,845.0,0.15647953830010494,0.5,lastfm_seed8_cailp_a31.json
lastfm,cailp_a31,Task-only,cailp_a31,8,0.6,0.747589320682318,0.7620857564588287,0.8509520682862771,0.0,101.9266897080006,0.006781042000511661,0.8405036726128017,0.6044582685329186,0.7727272671074381,0.25,0.08281333482994957,1153.0,0.22179958027282268,0.3999856146155506,lastfm_seed8_cailp_a31.json
lastfm,cailp_a31,Task-only,cailp_a31,8,0.7,0.7482947739295929,0.7517699468545107,0.8456992777413,0.0,101.9266897080006,0.01071445900015533,0.7409496327387198,0.5137376879212027,0.7727272671074381,0.25,0.06009858973357469,1762.0,0.29918677859391396,0.3000071926922247,lastfm_seed8_cailp_a31.json
lastfm,cailp_a31,Task-only,cailp_a31,8,0.8,0.5777660888097373,0.6519058258060967,0.8036769533814839,0.0,101.9266897080006,0.009196500000143715,0.520199370409234,0.39968895800933124,0.6818181768595042,0.375,0.04046032979318448,3047.0,0.3980849947534103,0.1999928073077753,lastfm_seed8_cailp_a31.json
lastfm,cailp_a31,Task-only,cailp_a31,8,0.9,0.5682915327212184,0.5740509302074616,0.7813525935653316,0.0,101.9266897080006,0.012140791000092577,0.195697796432319,0.25038880248833595,0.45454545123966944,0.625,0.018689622578657198,5031.0,0.6063746065057712,0.1000143853844494,lastfm_seed8_cailp_a31.json
lastfm,cailp_a31,Task-only,cailp_a31,9,0.1,0.7581725633346396,0.8111405978394957,0.8759028233749179,0.0,100.1924114579997,0.060167667000314395,0.9988195173137461,1.0,0.9999999927272728,0.0,0.20355891327133896,9.0,0.05364637985309549,0.8999856146155506,lastfm_seed9_cailp_a31.json
lastfm,cailp_a31,Task-only,cailp_a31,9,0.2,0.7617728622830223,0.8213558104568022,0.8759028233749179,0.0,100.1924114579997,0.015035500000522006,0.9951469045120671,0.9994815966822188,0.9999999927272728,0.0,0.1839942533766335,29.0,0.10414480587618048,0.8000071926922246,lastfm_seed9_cailp_a31.json
lastfm,cailp_a31,Task-only,cailp_a31,9,0.3,0.7594965058645508,0.7860284943187101,0.8798424162836507,0.0,100.1924114579997,0.006395499999598542,0.9858342077649528,0.9994815966822188,0.9999999927272728,0.0,0.1659152957678517,80.0,0.15070828961175237,0.6999928073077754,lastfm_seed9_cailp_a31.json
lastfm,cailp_a31,Task-only,cailp_a31,9,0.4,0.7770753361626989,0.8116567620532885,0.8765594221930401,0.0,100.1924114579997,0.007589875000121538,0.9628803777544596,0.9984447900466563,0.9999999927272728,0.0,0.14648409866042597,179.0,0.19727177334732424,0.6000143853844494,lastfm_seed9_cailp_a31.json
lastfm,cailp_a31,Task-only,cailp_a31,9,0.5,0.7738388404500206,0.8077628411059016,0.8759028233749179,0.0,100.1924114579997,0.008601208000072802,0.9203830010493179,0.9968895800933126,0.9545454476033058,0.0,0.11930201456112653,382.0,0.25104931794333685,0.5,lastfm_seed9_cailp_a31.json
lastfm,cailp_a31,Task-only,cailp_a31,9,0.6,0.7437023800907089,0.7772283541621852,0.8640840446487197,0.0,100.1924114579997,0.008154458000717568,0.8356505771248688,0.9880767236910316,0.9545454476033058,0.0,0.09633738279487451,747.0,0.30220356768100737,0.3999856146155506,lastfm_seed9_cailp_a31.json
lastfm,cailp_a31,Task-only,cailp_a31,9,0.7,0.7000130851106486,0.7158962001270344,0.8456992777413,0.0,100.1924114579997,0.006618458000048122,0.6682843651626443,0.9538621047174702,0.9545454476033058,0.0,0.0698977031779227,1442.0,0.37657397691500527,0.3000071926922247,lastfm_seed9_cailp_a31.json
lastfm,cailp_a31,Task-only,cailp_a31,9,0.8,0.7131434977531268,0.7036547046267291,0.8286277084701248,0.0,100.1924114579997,0.00773704200037173,0.4049055613850997,0.8709175738724728,0.9090909024793389,0.0625,0.03885064994897801,2697.0,0.455797481636936,0.1999928073077753,lastfm_seed9_cailp_a31.json
lastfm,cailp_a31,Task-only,cailp_a31,9,0.9,0.6583953128836415,0.6445948964536874,0.8135259356533159,0.0,100.1924114579997,0.005538749999686843,0.036070304302203565,0.6065318818040435,0.6818181768595042,0.3125,0.017403687603058,4961.0,0.6109653725078699,0.1000143853844494,lastfm_seed9_cailp_a31.json
lastfm,cailp_social_multi,CILP,cailp_multi,0,0.1,0.8194859406968181,0.8000358820414333,0.8923177938279712,0.0,315.027667209,0.31578875000013795,1.0,1.0,0.9999999927272728,0.0,0.18976569187569142,1.0,0.02426547743966422,0.8999856146155506,lastfm_seed0_cailp_multi.json
lastfm,cailp_social_multi,CILP,cailp_multi,0,0.2,0.8221189011611316,0.8003046308112404,0.8942875902823375,0.0,315.027667209,0.2858461250000346,1.0,1.0,0.9999999927272728,0.0,0.1588992421330061,1.0,0.05128541448058762,0.8000071926922246,lastfm_seed0_cailp_multi.json
lastfm,cailp_social_multi,CILP,cailp_multi,0,0.3,0.823004085320314,0.8045826429510998,0.8975705843729481,0.0,315.027667209,0.446556542000053,1.0,1.0,0.9999999927272728,0.0,0.13354022389862322,1.0,0.09181532004197272,0.6999928073077754,lastfm_seed0_cailp_multi.json
lastfm,cailp_social_multi,CILP,cailp_multi,0,0.4,0.8275006036662782,0.8061094175589315,0.896913985554826,0.0,315.027667209,0.3115114170000197,0.9996065057712487,1.0,0.9999999927272728,0.0,0.10867578581759625,4.0,0.14323189926547744,0.6000143853844494,lastfm_seed0_cailp_multi.json
lastfm,cailp_social_multi,CILP,cailp_multi,0,0.5,0.8227403658329631,0.7975901397917844,0.8962573867367039,0.0,315.027667209,0.20491116700009115,0.9975078698845751,1.0,0.9999999927272728,0.0,0.09235543676926794,16.0,0.20160020986358868,0.5,lastfm_seed0_cailp_multi.json
lastfm,cailp_social_multi,CILP,cailp_multi,0,0.6,0.8149724435475207,0.7740769678166447,0.8883782009192384,0.0,315.027667209,0.33528437499990105,0.9576337880377754,0.9346811819595645,0.9999999927272728,0.0,0.08004758028378411,251.0,0.26810073452256034,0.3999856146155506,lastfm_seed0_cailp_multi.json
lastfm,cailp_social_multi,CILP,cailp_multi,0,0.7,0.7801869177263865,0.7514305516770119,0.8752462245567958,0.0,315.027667209,0.2547285840000768,0.8028593913955928,0.8434421980300674,0.9999999927272728,0.0,0.0652304600494526,1027.0,0.3381427072402938,0.3000071926922247,lastfm_seed0_cailp_multi.json
lastfm,cailp_social_multi,CILP,cailp_multi,0,0.8,0.7507786219189011,0.7213125927708233,0.8483256730137886,0.0,315.027667209,0.33517779199996767,0.47363588667366213,0.6972524624157594,0.863636357355372,0.125,0.04483179683205917,2631.0,0.42825288562434416,0.1999928073077753,lastfm_seed0_cailp_multi.json
lastfm,cailp_social_multi,CILP,cailp_multi,0,0.9,0.694502669829926,0.6297493907084015,0.8128693368351937,0.0,315.027667209,0.20606554200003302,0.05626967471143757,0.4997407983411094,0.7727272671074381,0.25,0.02337699245490431,4998.0,0.5848635886673662,0.1000143853844494,lastfm_seed0_cailp_multi.json
lastfm,cailp_social_multi,CILP,cailp_multi,1,0.1,0.7952227933293811,0.8162531708740813,0.8844386080105056,0.0,221.1779889999998,0.5450819170000614,1.0,1.0,0.9999999927272728,0.0,0.1730261606969693,1.0,0.019412381951731374,0.8999856146155506,lastfm_seed1_cailp_multi.json
lastfm,cailp_social_multi,CILP,cailp_multi,1,0.2,0.7950752472490675,0.8103258632728287,0.8811556139198949,0.0,221.1779889999998,0.28960958400011805,1.0,1.0,0.9999999927272728,0.0,0.14439858314212237,1.0,0.049449108079748165,0.8000071926922246,lastfm_seed1_cailp_multi.json
lastfm,cailp_social_multi,CILP,cailp_multi,1,0.3,0.7901232828892044,0.8123737262197817,0.8850952068286277,0.0,221.1779889999998,0.15019837499994537,0.9998688352570829,1.0,0.9999999927272728,0.0,0.12096447827715566,2.0,0.09732423924449109,0.6999928073077754,lastfm_seed1_cailp_multi.json
lastfm,cailp_social_multi,CILP,cailp_multi,1,0.4,0.7922178256877621,0.8085513512349174,0.8791858174655286,0.0,221.1779889999998,0.24949887499997203,0.9989506820566632,1.0,0.9999999927272728,0.0,0.09895540784798489,9.0,0.14572402938090243,0.6000143853844494,lastfm_seed1_cailp_multi.json
lastfm,cailp_social_multi,CILP,cailp_multi,1,0.5,0.7961747940267743,0.8025491016278476,0.8850952068286277,0.0,221.1779889999998,0.22277054100004534,0.9855718782791185,0.9994815966822188,0.9999999927272728,0.0,0.0816459500472351,60.0,0.2029118572927597,0.5,lastfm_seed1_cailp_multi.json
lastfm,cailp_social_multi,CILP,cailp_multi,1,0.6,0.7521945028681185,0.7776484577671248,0.8732764281024294,0.0,221.1779889999998,0.2802162089997182,0.9171038824763903,0.9818558838776568,0.9999999927272728,0.0,0.06493815016483226,335.0,0.26587093389296956,0.3999856146155506,lastfm_seed1_cailp_multi.json
lastfm,cailp_social_multi,CILP,cailp_multi,1,0.7,0.7215931094352617,0.7274878264725396,0.8535784635587655,0.0,221.1779889999998,0.25403795800002626,0.7825288562434418,0.9326075686884396,0.9999999927272728,0.0,0.04379153575135634,1002.0,0.3437827911857293,0.3000071926922247,lastfm_seed1_cailp_multi.json
lastfm,cailp_social_multi,CILP,cailp_multi,1,0.8,0.6508554671528257,0.6587281976384586,0.8207485226526592,0.0,221.1779889999998,0.19428500000003623,0.37736096537250785,0.7921202695697253,0.863636357355372,0.1875,0.028227901863788547,2510.0,0.4390083945435467,0.1999928073077753,lastfm_seed1_cailp_multi.json
lastfm,cailp_social_multi,CILP,cailp_multi,1,0.9,0.6084330641381622,0.596480706016468,0.7925147734734077,0.0,221.1779889999998,0.2652514159999555,0.00708289611752361,0.5992742353551063,0.6363636317355372,0.3125,0.010952256033578172,4903.0,0.609916054564533,0.1000143853844494,lastfm_seed1_cailp_multi.json
lastfm,cailp_social_multi,CILP,cailp_multi,2,0.1,0.773903183510263,0.7520799950486237,0.8693368351936966,0.0,240.3615371660003,0.27888295899992954,0.8677859391395593,0.6568170036288232,0.7727272671074381,0.1875,0.19640766445913846,1000.0,0.12998426023084994,0.8999856146155506,lastfm_seed2_cailp_multi.json
lastfm,cailp_social_multi,CILP,cailp_multi,2,0.2,0.7381319449733414,0.7091472590056224,0.8627708470124754,0.0,240.3615371660003,0.24882037499992293,0.8113850996852047,0.5723172628304821,0.4999999963636364,0.375,0.1582464585017359,1426.0,0.1853357817418678,0.8000071926922246,lastfm_seed2_cailp_multi.json
lastfm,cailp_social_multi,CILP,cailp_multi,2,0.3,0.6902642972776937,0.6865473098795064,0.8470124753775443,0.0,240.3615371660003,0.2872028329998102,0.7503934942287513,0.5033696215655781,0.4999999963636364,0.375,0.12274063805887077,1884.0,0.24475341028331585,0.6999928073077754,lastfm_seed2_cailp_multi.json
lastfm,cailp_social_multi,CILP,cailp_multi,2,0.4,0.6514380731009697,0.6433521285613664,0.8253447143795141,0.0,240.3615371660003,0.18456495899999936,0.6812696747114375,0.4250907205806117,0.3181818158677686,0.5625,0.09016262360960231,2409.0,0.31309024134312696,0.6000143853844494,lastfm_seed2_cailp_multi.json
lastfm,cailp_social_multi,CILP,cailp_multi,2,0.5,0.6112925889373753,0.6474199012596222,0.8161523309258043,0.0,240.3615371660003,0.2273987919998035,0.595881427072403,0.3359253499222395,0.27272727074380165,0.625,0.06717981506996969,3039.0,0.3945435466946485,0.5,lastfm_seed2_cailp_multi.json
lastfm,cailp_social_multi,CILP,cailp_multi,2,0.6,0.5695855561488631,0.5788548049479723,0.8049901510177282,0.0,240.3615371660003,0.19771683299995857,0.5083945435466947,0.2576464489372732,0.27272727074380165,0.625,0.048013320054686844,3692.0,0.47914480587618047,0.3999856146155506,lastfm_seed2_cailp_multi.json
lastfm,cailp_social_multi,CILP,cailp_multi,2,0.7,0.5670504097352911,0.5577995166439018,0.7984241628365069,0.0,240.3615371660003,0.2310881660000632,0.42012067156348376,0.1778123379989632,0.1818181804958678,0.75,0.03239346854522148,4354.0,0.5641395592864638,0.3000071926922247,lastfm_seed2_cailp_multi.json
lastfm,cailp_social_multi,CILP,cailp_multi,2,0.8,0.5741419472892343,0.5613834599566013,0.788575180564675,0.0,240.3615371660003,0.20423516700020627,0.31007345225603355,0.10005184033177812,0.13636363537190083,0.8125,0.021510422804174097,5136.0,0.6635624344176285,0.1999928073077753,lastfm_seed2_cailp_multi.json
lastfm,cailp_social_multi,CILP,cailp_multi,2,0.9,0.4984616640285007,0.4975419636308707,0.7701904136572554,0.0,240.3615371660003,0.38587104199996247,0.16841552990556138,0.04769310523587351,0.0909090902479339,0.875,0.013015488667454606,6204.0,0.8033840503672612,0.1000143853844494,lastfm_seed2_cailp_multi.json
lastfm,cailp_social_multi,CILP,cailp_multi,3,0.1,0.7930937959153473,0.8108553870068076,0.8883782009192384,0.0,91.78575016700051,0.14589929100020527,1.0,1.0,0.9999999927272728,0.0,0.1788079231738843,1.0,0.018363064008394544,0.8999856146155506,lastfm_seed3_cailp_multi.json
lastfm,cailp_social_multi,CILP,cailp_multi,3,0.2,0.7989451465043854,0.8125366101089581,0.8883782009192384,0.0,91.78575016700051,0.019184875000064494,1.0,1.0,0.9999999927272728,0.0,0.15043205254365424,1.0,0.04669464847848898,0.8000071926922246,lastfm_seed3_cailp_multi.json
lastfm,cailp_social_multi,CILP,cailp_multi,3,0.3,0.8086875700647782,0.8104299940843358,0.8877216021011162,0.0,91.78575016700051,0.01578758400046354,0.9939664218258132,1.0,0.9999999927272728,0.0,0.13154822234406233,40.0,0.08302728226652675,0.6999928073077754,lastfm_seed3_cailp_multi.json
lastfm,cailp_social_multi,CILP,cailp_multi,3,0.4,0.769981725133934,0.8060816402280917,0.8752462245567958,0.0,91.78575016700051,0.007988500000465137,0.9791448058761805,0.9994815966822188,0.9999999927272728,0.0,0.11569625303507268,113.0,0.12001573976915006,0.6000143853844494,lastfm_seed3_cailp_multi.json
lastfm,cailp_social_multi,CILP,cailp_multi,3,0.5,0.7611605116891401,0.7871404380767352,0.8699934340118188,0.0,91.78575016700051,0.01288141699933476,0.9542235047219307,0.9989631933644375,0.9999999927272728,0.0,0.10056225676493839,257.0,0.17536726128016789,0.5,lastfm_seed3_cailp_multi.json
lastfm,cailp_social_multi,CILP,cailp_multi,3,0.6,0.7782155718909533,0.7848695754488964,0.8680236375574524,0.0,91.78575016700051,0.01469620800071425,0.880115424973767,0.9844479004665629,0.9999999927272728,0.0,0.08303759133529903,615.0,0.2393756558237146,0.3999856146155506,lastfm_seed3_cailp_multi.json
lastfm,cailp_social_multi,CILP,cailp_multi,3,0.7,0.7110948454906463,0.743171828893987,0.8378200919238346,0.0,91.78575016700051,0.00916787500045757,0.7214060860440713,0.926905132192846,0.9545454476033058,0.0,0.06287762138265116,1431.0,0.3204354669464848,0.3000071926922247,lastfm_seed3_cailp_multi.json
lastfm,cailp_social_multi,CILP,cailp_multi,3,0.8,0.7066848098454833,0.741061606620379,0.8260013131976363,0.0,91.78575016700051,0.007177125000453088,0.4498950682056663,0.7568688439606014,0.863636357355372,0.0625,0.04064168697419276,2955.0,0.4203830010493179,0.1999928073077753,lastfm_seed3_cailp_multi.json
lastfm,cailp_social_multi,CILP,cailp_multi,3,0.9,0.5873083189777174,0.6265591313013407,0.7747866053841103,0.0,91.78575016700051,0.006466042000283778,0.13588667366211962,0.47330222913426645,0.22727272561983472,0.75,0.018277806925498425,5030.0,0.585912906610703,0.1000143853844494,lastfm_seed3_cailp_multi.json
lastfm,cailp_social_multi,CILP,cailp_multi,4,0.1,0.7707481039601904,0.7922156633516241,0.8857518056467498,0.0,110.9227403750001,0.2703695410000364,1.0,1.0,0.9999999927272728,0.0,0.16893637895429525,1.0,0.01954354669464848,0.8999856146155506,lastfm_seed4_cailp_multi.json
lastfm,cailp_social_multi,CILP,cailp_multi,4,0.2,0.7983560873355997,0.8144886321929456,0.8942875902823375,0.0,110.9227403750001,0.020719666999866604,1.0,1.0,0.9999999927272728,0.0,0.14283698511386794,1.0,0.05141657922350472,0.8000071926922246,lastfm_seed4_cailp_multi.json
lastfm,cailp_social_multi,CILP,cailp_multi,4,0.3,0.76836587472325,0.7926494329142976,0.8877216021011162,0.0,110.9227403750001,0.008228457999393868,0.9998688352570829,1.0,0.9999999927272728,0.0,0.12290535487170227,2.0,0.0944386149003148,0.6999928073077754,lastfm_seed4_cailp_multi.json
lastfm,cailp_social_multi,CILP,cailp_multi,4,0.4,0.8036899015313357,0.8154557199890013,0.8942875902823375,0.0,110.9227403750001,0.012136917000134417,0.9984260230849947,1.0,0.9999999927272728,0.0,0.10430201566595494,9.0,0.14126442812172088,0.6000143853844494,lastfm_seed4_cailp_multi.json
lastfm,cailp_social_multi,CILP,cailp_multi,4,0.5,0.7760654027329705,0.8096385501360096,0.8870650032829941,0.0,110.9227403750001,0.009075458000552317,0.9892444910807975,1.0,0.9999999927272728,0.0,0.08687927943370564,53.0,0.20094438614900315,0.5,lastfm_seed4_cailp_multi.json
lastfm,cailp_social_multi,CILP,cailp_multi,4,0.6,0.7132400273328147,0.7641198952562469,0.8673670387393303,0.0,110.9227403750001,0.010857708000003186,0.9479275970619098,1.0,0.9999999927272728,0.0,0.06998435140809722,219.0,0.27452780692549844,0.3999856146155506,lastfm_seed4_cailp_multi.json
lastfm,cailp_social_multi,CILP,cailp_multi,4,0.7,0.7330070755174769,0.751775010402493,0.8581746552856205,0.0,110.9227403750001,0.006939332999536418,0.7787250786988458,0.9968895800933126,0.9999999927272728,0.0,0.05202348087807345,795.0,0.3592602308499475,0.3000071926922247,lastfm_seed4_cailp_multi.json
lastfm,cailp_social_multi,CILP,cailp_multi,4,0.8,0.6896826918234323,0.7166103184155174,0.8233749179251477,0.0,110.9227403750001,0.007300666999981331,0.3755246589716684,0.9652669777086573,0.9545454476033058,0.0,0.02830388467193294,2363.0,0.46733997901364116,0.1999928073077753,lastfm_seed4_cailp_multi.json
lastfm,cailp_social_multi,CILP,cailp_multi,4,0.9,0.5884372711720434,0.6056213015538474,0.7866053841103086,0.0,110.9227403750001,0.008181917000001704,0.01219832109129066,0.7019180922757906,0.7727272671074381,0.1875,0.007712486883525713,4880.0,0.6227701993704092,0.1000143853844494,lastfm_seed4_cailp_multi.json
lastfm,cailp_social_multi,CILP,cailp_multi,5,0.1,0.8114766773043447,0.7958157878182254,0.896913985554826,0.0,321.44146579200003,0.21029424999983348,1.0,1.0,0.9999999927272728,0.0,0.1959113148376634,1.0,0.026101783840503674,0.8999856146155506,lastfm_seed5_cailp_multi.json
lastfm,cailp_social_multi,CILP,cailp_multi,5,0.2,0.7754249698049657,0.763989403207661,0.8857518056467498,0.0,321.44146579200003,0.25428229199997077,1.0,1.0,0.9999999927272728,0.0,0.16857155075973035,1.0,0.04695697796432319,0.8000071926922246,lastfm_seed5_cailp_multi.json
lastfm,cailp_social_multi,CILP,cailp_multi,5,0.3,0.8231182214324613,0.8023532799759922,0.8962573867367039,0.0,321.44146579200003,0.2635098329999437,0.9994753410283316,1.0,0.9999999927272728,0.0,0.14124659025001382,5.0,0.08014165792235048,0.6999928073077754,lastfm_seed5_cailp_multi.json
lastfm,cailp_social_multi,CILP,cailp_multi,5,0.4,0.7915921468401768,0.7700452709284233,0.886408404464872,0.0,321.44146579200003,0.33981195799992747,0.9980325288562435,1.0,0.9999999927272728,0.0,0.12109736989854591,14.0,0.12775445960125917,0.6000143853844494,lastfm_seed5_cailp_multi.json
lastfm,cailp_social_multi,CILP,cailp_multi,5,0.5,0.8023272795979178,0.8063817715773356,0.8831254103742613,0.0,321.44146579200003,0.3824483749999672,0.9805876180482687,0.9974079834110938,0.9999999927272728,0.0,0.10273556583188762,104.0,0.17707240293809023,0.5,lastfm_seed5_cailp_multi.json
lastfm,cailp_social_multi,CILP,cailp_multi,5,0.6,0.787508525257387,0.7807576519651709,0.8772160210111621,0.0,321.44146579200003,0.23007795900002748,0.9121196222455404,0.9849663037843442,0.9090909024793389,0.0625,0.08838075671266157,452.0,0.2427859391395593,0.3999856146155506,lastfm_seed5_cailp_multi.json
lastfm,cailp_social_multi,CILP,cailp_multi,5,0.7,0.7723030904419106,0.7477114366444912,0.8640840446487197,0.0,321.44146579200003,0.3908294999998816,0.7181269674711438,0.9517884914463453,0.863636357355372,0.0625,0.0685234943491328,1320.0,0.33906086044071354,0.3000071926922247,lastfm_seed5_cailp_multi.json
lastfm,cailp_social_multi,CILP,cailp_multi,5,0.8,0.697650269607344,0.6854898760189054,0.8305975049244911,0.0,321.44146579200003,0.3199262910000016,0.4333683105981112,0.8641783307413168,0.8181818122314051,0.125,0.04540158110727374,2858.0,0.4484522560335782,0.1999928073077753,lastfm_seed5_cailp_multi.json
lastfm,cailp_social_multi,CILP,cailp_multi,5,0.9,0.6287973921910128,0.6139944717974595,0.7944845699277742,0.0,321.44146579200003,0.2853212089999033,0.0678121720881427,0.6246759979263867,0.7272727219834711,0.25,0.020947321740868427,5025.0,0.6181794333683106,0.1000143853844494,lastfm_seed5_cailp_multi.json
lastfm,cailp_social_multi,CILP,cailp_multi,6,0.1,0.8192966585774643,0.7693262094088894,0.9015101772816809,0.0,233.49407762500005,0.2277133339998727,0.9997376705141658,1.0,0.9999999927272728,0.0,0.19889390661324238,2.0,0.0473504721930745,0.8999856146155506,lastfm_seed6_cailp_multi.json
lastfm,cailp_social_multi,CILP,cailp_multi,6,0.2,0.8196395481438818,0.7641757859752364,0.8956007879185818,0.0,233.49407762500005,0.2323032089998378,0.9981636935991606,1.0,0.9999999927272728,0.0,0.18088788423978452,8.0,0.0811909758656873,0.8000071926922246,lastfm_seed6_cailp_multi.json
lastfm,cailp_social_multi,CILP,cailp_multi,6,0.3,0.8235818323730482,0.7793724350011311,0.8982271831910703,0.0,233.49407762500005,0.2250512919999892,0.9964585519412382,1.0,0.9999999927272728,0.0,0.16215966130185014,18.0,0.11293284365162644,0.6999928073077754,lastfm_seed6_cailp_multi.json
lastfm,cailp_social_multi,CILP,cailp_multi,6,0.4,0.7393980938341559,0.702437931270018,0.8804990151017729,0.0,233.49407762500005,0.22134354200034068,0.9926547743966422,1.0,0.9999999927272728,0.0,0.14130707263495268,42.0,0.1483473242392445,0.6000143853844494,lastfm_seed6_cailp_multi.json
lastfm,cailp_social_multi,CILP,cailp_multi,6,0.5,0.8315574727773529,0.7785769053850022,0.8975705843729481,0.0,233.49407762500005,0.2440681670000231,0.9787513116474291,0.9994815966822188,0.9999999927272728,0.0,0.11722133111378175,109.0,0.19412381951731375,0.5,lastfm_seed6_cailp_multi.json
lastfm,cailp_social_multi,CILP,cailp_multi,6,0.6,0.810239298110656,0.7717868887584858,0.8883782009192384,0.0,233.49407762500005,0.2012467090003156,0.9375655823714586,0.9984447900466563,0.9999999927272728,0.0,0.09062178687011772,284.0,0.25537775445960126,0.3999856146155506,lastfm_seed6_cailp_multi.json
lastfm,cailp_social_multi,CILP,cailp_multi,6,0.7,0.7754339430237435,0.725403244777905,0.8739330269205515,0.0,233.49407762500005,0.2361367500002416,0.7204879328436516,0.9714878175220322,0.9999999927272728,0.0,0.06647177731910144,1063.0,0.3343389296956978,0.3000071926922247,lastfm_seed6_cailp_multi.json
lastfm,cailp_social_multi,CILP,cailp_multi,6,0.8,0.7511237967994621,0.6973286613489721,0.8535784635587655,0.0,233.49407762500005,0.24322712499997579,0.440713536201469,0.7734577501296008,0.863636357355372,0.125,0.046445520638857485,2835.0,0.42392444910807975,0.1999928073077753,lastfm_seed6_cailp_multi.json
lastfm,cailp_social_multi,CILP,cailp_multi,6,0.9,0.6214771359582503,0.5936894928139631,0.8010505581089954,0.0,233.49407762500005,0.2231860830002006,0.08224029380902413,0.4753758424053914,0.6818181768595042,0.25,0.01950981861789837,5009.0,0.5880115424973767,0.1000143853844494,lastfm_seed6_cailp_multi.json
lastfm,cailp_social_multi,CILP,cailp_multi,7,0.1,0.789213679952431,0.7843268844213306,0.8877216021011162,0.0,243.66919929100004,0.1546188750003239,0.9933105981112277,0.9823742871954381,0.9090909024793389,0.125,0.19334573486142817,50.0,0.04459601259181532,0.8999856146155506,lastfm_seed7_cailp_multi.json
lastfm,cailp_social_multi,CILP,cailp_multi,7,0.2,0.7931546062509149,0.7963440401416502,0.8837820091923835,0.0,243.66919929100004,0.17994912500034843,0.9805876180482687,0.9590461378952825,0.9090909024793389,0.125,0.17398940778364633,141.0,0.07725603357817419,0.8000071926922246,lastfm_seed7_cailp_multi.json
lastfm,cailp_social_multi,CILP,cailp_multi,7,0.3,0.7714063917173276,0.7657681037336049,0.8759028233749179,0.0,243.66919929100004,0.23888583299958555,0.9660283315844701,0.9367547952306895,0.863636357355372,0.125,0.15522228461962215,239.0,0.10309548793284365,0.6999928073077754,lastfm_seed7_cailp_multi.json
lastfm,cailp_social_multi,CILP,cailp_multi,7,0.4,0.7022191571208146,0.7277212461701763,0.8640840446487197,0.0,243.66919929100004,0.36365887500005556,0.9446484784889821,0.9212026956972524,0.7727272671074381,0.125,0.1362615292227714,367.0,0.13273871983210914,0.6000143853844494,lastfm_seed7_cailp_multi.json
lastfm,cailp_social_multi,CILP,cailp_multi,7,0.5,0.7624820575270765,0.7733656302505301,0.8699934340118188,0.0,243.66919929100004,0.3515178329998889,0.9102833158447009,0.8890616899948159,0.6818181768595042,0.1875,0.1151906963956729,562.0,0.17156348373557187,0.5,lastfm_seed7_cailp_multi.json
lastfm,cailp_social_multi,CILP,cailp_multi,7,0.6,0.7173230630450699,0.7518431421366013,0.8548916611950098,0.0,243.66919929100004,0.2002649169999131,0.8474554039874082,0.807153965785381,0.5909090866115703,0.25,0.08881661196018119,957.0,0.22442287513116474,0.3999856146155506,lastfm_seed7_cailp_multi.json
lastfm,cailp_social_multi,CILP,cailp_multi,7,0.7,0.6096240784272539,0.6496938617619304,0.8220617202889035,0.0,243.66919929100004,0.23617991599985544,0.689401888772298,0.6697770865733541,0.3636363609917356,0.5,0.06437721342595867,1868.0,0.3040398740818468,0.3000071926922247,lastfm_seed7_cailp_multi.json
lastfm,cailp_social_multi,CILP,cailp_multi,7,0.8,0.5932414511149393,0.6004545694995252,0.814182534471438,0.0,243.66919929100004,0.19445216700023593,0.4631427072402938,0.5075168481078279,0.27272727074380165,0.625,0.04198865440522464,3341.0,0.433105981112277,0.1999928073077753,lastfm_seed7_cailp_multi.json
lastfm,cailp_social_multi,CILP,cailp_multi,7,0.9,0.5159451850759633,0.508868849415755,0.7846355876559422,0.0,243.66919929100004,0.18055416699962734,0.2054039874081847,0.24624157594608606,0.13636363537190083,0.8125,0.02357951014824048,5344.0,0.6547743966421826,0.1000143853844494,lastfm_seed7_cailp_multi.json
lastfm,cailp_social_multi,CILP,cailp_multi,8,0.1,0.7794841061133415,0.7975457994334139,0.871306631648063,0.0,93.62060666600064,0.056632374999935564,0.9837355718782791,0.9434940383618455,0.9999999927272728,0.0,0.19291266072406119,118.0,0.020068205666316893,0.8999856146155506,lastfm_seed8_cailp_multi.json
lastfm,cailp_social_multi,CILP,cailp_multi,8,0.2,0.7932587946412292,0.798045624328671,0.8765594221930401,0.0,93.62060666600064,0.01429299999927025,0.9750786988457503,0.9123898392949715,0.9999999927272728,0.0,0.16988128284195886,184.0,0.03213536201469045,0.8000071926922246,lastfm_seed8_cailp_multi.json
lastfm,cailp_social_multi,CILP,cailp_multi,8,0.3,0.7907091886076124,0.8079272805823654,0.8732764281024294,0.0,93.62060666600064,0.0071857499997349805,0.9664218258132214,0.8854328667703474,0.9999999927272728,0.0,0.1414300276760075,246.0,0.06479538300104931,0.6999928073077754,lastfm_seed8_cailp_multi.json
lastfm,cailp_social_multi,CILP,cailp_multi,8,0.4,0.7708201796971222,0.7919734042575183,0.871306631648063,0.0,93.62060666600064,0.009231209000063245,0.9560598111227702,0.8600311041990669,0.9999999927272728,0.0,0.12069879678521156,317.0,0.12054039874081847,0.6000143853844494,lastfm_seed8_cailp_multi.json
lastfm,cailp_social_multi,CILP,cailp_multi,8,0.5,0.7607441017857961,0.7653300714041176,0.8621142481943532,0.0,93.62060666600064,0.011135958000522805,0.9392707240293809,0.8263348885432866,0.9545454476033058,0.0625,0.1010176548264117,433.0,0.17694123819517313,0.5,lastfm_seed8_cailp_multi.json
lastfm,cailp_social_multi,CILP,cailp_multi,8,0.6,0.748862667671401,0.7636877412111693,0.8581746552856205,0.0,93.62060666600064,0.007153665999794612,0.8993966421825813,0.7625712804561949,0.9545454476033058,0.0625,0.08314274412472913,715.0,0.24239244491080797,0.3999856146155506,lastfm_seed8_cailp_multi.json
lastfm,cailp_social_multi,CILP,cailp_multi,8,0.7,0.7373158840500611,0.7156309956982326,0.8489822718319107,0.0,93.62060666600064,0.011096000000179629,0.7683630640083945,0.6713322965266978,0.863636357355372,0.1875,0.06099693377593499,1407.0,0.3174186778593914,0.3000071926922247,lastfm_seed8_cailp_multi.json
lastfm,cailp_social_multi,CILP,cailp_multi,8,0.8,0.5805217071959053,0.6065230240796061,0.8108995403808273,0.0,93.62060666600064,0.006078917000195361,0.5095750262329486,0.5132192846034215,0.7272727219834711,0.3125,0.040667751324886724,2850.0,0.41041448058761804,0.1999928073077753,lastfm_seed8_cailp_multi.json
lastfm,cailp_social_multi,CILP,cailp_multi,8,0.9,0.5383748191938548,0.5517483872044581,0.7820091923834537,0.0,93.62060666600064,0.006805250000070373,0.1248688352570829,0.3260756868843961,0.5454545414876033,0.5,0.014784140308799279,4942.0,0.5819779643231899,0.1000143853844494,lastfm_seed8_cailp_multi.json
lastfm,cailp_social_multi,CILP,cailp_multi,9,0.1,0.7689178056252133,0.8058820612674158,0.8798424162836507,0.0,112.47228583300057,0.03845429200009676,0.9990818467995802,1.0,0.9999999927272728,0.0,0.19970891505296554,4.0,0.055613850996852045,0.8999856146155506,lastfm_seed9_cailp_multi.json
lastfm,cailp_social_multi,CILP,cailp_multi,9,0.2,0.7823795361925742,0.820846480523286,0.8837820091923835,0.0,112.47228583300057,0.014533624999785388,0.9964585519412382,0.9994815966822188,0.9999999927272728,0.0,0.18030051845604542,20.0,0.10020986358866736,0.8000071926922246,lastfm_seed9_cailp_multi.json
lastfm,cailp_social_multi,CILP,cailp_multi,9,0.3,0.7700371918191992,0.8034724862088598,0.8798424162836507,0.0,112.47228583300057,0.008570416000111436,0.9918677859391396,0.9994815966822188,0.9999999927272728,0.0,0.15777466415611816,45.0,0.13995278069254985,0.6999928073077754,lastfm_seed9_cailp_multi.json
lastfm,cailp_social_multi,CILP,cailp_multi,9,0.4,0.7611550357646323,0.8008115341605367,0.8745896257386737,0.0,112.47228583300057,0.008606375000454136,0.978488982161595,0.9989631933644375,0.9999999927272728,0.0,0.13586995110602007,109.0,0.18074501573976914,0.6000143853844494,lastfm_seed9_cailp_multi.json
lastfm,cailp_social_multi,CILP,cailp_multi,9,0.5,0.761527384258403,0.7887509533701721,0.8732764281024294,0.0,112.47228583300057,0.007295750000594126,0.9488457502623295,0.9974079834110938,0.9999999927272728,0.0,0.11292168769225482,237.0,0.22599685204616998,0.5,lastfm_seed9_cailp_multi.json
lastfm,cailp_social_multi,CILP,cailp_multi,9,0.6,0.7401430905966772,0.7805504068816027,0.8667104399212081,0.0,112.47228583300057,0.010275208000166458,0.8971668415529905,0.9942975635044065,0.9999999927272728,0.0,0.08647368430966997,487.0,0.27793809024134314,0.3999856146155506,lastfm_seed9_cailp_multi.json
lastfm,cailp_social_multi,CILP,cailp_multi,9,0.7,0.7393793888891893,0.7455252594751497,0.8601444517399869,0.0,112.47228583300057,0.008387374999983876,0.7364900314795383,0.9663037843442198,0.9545454476033058,0.0,0.06029544698229615,1101.0,0.34653725078698844,0.3000071926922247,lastfm_seed9_cailp_multi.json
lastfm,cailp_social_multi,CILP,cailp_multi,9,0.8,0.7140552115820616,0.7057476772862208,0.8332239001969797,0.0,112.47228583300057,0.00796370899934118,0.3782791185729276,0.8823224468636599,0.863636357355372,0.125,0.03898929710839471,2637.0,0.4518625393494229,0.1999928073077753,lastfm_seed9_cailp_multi.json
lastfm,cailp_social_multi,CILP,cailp_multi,9,0.9,0.6212817682500789,0.6424599708991926,0.7997373604727511,0.0,112.47228583300057,0.008348375000423403,0.051941238195173135,0.6086054950751685,0.6818181768595042,0.3125,0.01855606355868685,4955.0,0.6097848898216159,0.1000143853844494,lastfm_seed9_cailp_multi.json
lastfm,neuralsparse,NeuralSparse,neuralsparse,0,0.1,0.7678140047717067,0.7651470815449782,0.8726198292843073,0.0,5.172496082999999,0.05860516600000665,0.9034627492130115,0.7542768273716952,0.6818181768595042,0.3125,0.20208770404402374,720.0,0.10689926547743966,0.8999856146155506,lastfm_seed0_neuralsparse.json
lastfm,neuralsparse,NeuralSparse,neuralsparse,0,0.2,0.6963177915926758,0.7131948191435326,0.8516086671043992,0.0,5.172496082999999,0.23146162500000855,0.8243704092339978,0.6101607050285122,0.4999999963636364,0.5,0.1913049955095224,1324.0,0.18769674711437564,0.8000071926922246,lastfm_seed0_neuralsparse.json
lastfm,neuralsparse,NeuralSparse,neuralsparse,0,0.3,0.6726751445631963,0.6635963912447451,0.8384766907419566,0.0,5.172496082999999,0.23102099999999837,0.7452780692549843,0.4904095386210472,0.45454545123966944,0.5625,0.18202813394331982,1924.0,0.2629853095487933,0.6999928073077754,lastfm_seed0_neuralsparse.json
lastfm,neuralsparse,NeuralSparse,neuralsparse,0,0.4,0.6361788061211184,0.6418137643583992,0.8207485226526592,0.0,5.172496082999999,0.22740145899996378,0.6635624344176285,0.37791601866251945,0.3181818158677686,0.6875,0.16325927427630108,2548.0,0.3449632738719832,0.6000143853844494,lastfm_seed0_neuralsparse.json
lastfm,neuralsparse,NeuralSparse,neuralsparse,0,0.5,0.6026070919096513,0.6037660560011309,0.814182534471438,0.0,5.172496082999999,0.16200095900001088,0.5865687303252886,0.2944530844997408,0.27272727074380165,0.75,0.1437843154482289,3134.0,0.42379328436516267,0.5,lastfm_seed0_neuralsparse.json
lastfm,neuralsparse,NeuralSparse,neuralsparse,0,0.6,0.5579354327831284,0.5924888061954983,0.8049901510177282,0.0,5.172496082999999,0.29525016600001663,0.505115424973767,0.2161741835147745,0.0909090902479339,0.875,0.1215422137696878,3755.0,0.4960650577124869,0.3999856146155506,lastfm_seed0_neuralsparse.json
lastfm,neuralsparse,NeuralSparse,neuralsparse,0,0.7,0.5576289670181194,0.5763396684836332,0.7813525935653316,0.0,5.172496082999999,0.1858417079999981,0.4176285414480588,0.16381544841886989,0.04545454512396695,0.9375,0.09262092355662639,4417.0,0.5777806925498427,0.3000071926922247,lastfm_seed0_neuralsparse.json
lastfm,neuralsparse,NeuralSparse,neuralsparse,0,0.8,0.5431535734909937,0.5576022736768549,0.7866053841103086,0.0,5.172496082999999,0.20086008300000913,0.32555089192025183,0.10471747019180923,0.04545454512396695,0.9375,0.059791602517974246,5117.0,0.6689401888772298,0.1999928073077753,lastfm_seed0_neuralsparse.json
lastfm,neuralsparse,NeuralSparse,neuralsparse,0,0.9,0.4972960359390568,0.5186950222192134,0.768220617202889,0.0,5.172496082999999,0.22239837500001158,0.18717208814270725,0.047174701918092275,0.04545454512396695,0.9375,0.031379613715069296,6112.0,0.7982686253934942,0.1000143853844494,lastfm_seed0_neuralsparse.json
lastfm,neuralsparse,NeuralSparse,neuralsparse,1,0.1,0.7551825926785326,0.7647494579695405,0.8647406434668418,0.0,5.885490124999933,0.01698645800001941,0.8982161594963274,0.749611197511664,0.7272727219834711,0.25,0.20377398624064777,762.0,0.10729275970619098,0.8999856146155506,lastfm_seed1_neuralsparse.json
lastfm,neuralsparse,NeuralSparse,neuralsparse,1,0.2,0.7092927887607124,0.7563965558567614,0.845042678923178,0.0,5.885490124999933,0.03199512500009405,0.8192549842602308,0.6003110419906688,0.4999999963636364,0.5,0.19086895333468368,1356.0,0.19517313746065057,0.8000071926922246,lastfm_seed1_neuralsparse.json
lastfm,neuralsparse,NeuralSparse,neuralsparse,1,0.3,0.6903421090666112,0.7348169012454141,0.8345370978332239,0.0,5.885490124999933,0.010288333000062266,0.7413431269674712,0.487817522032141,0.40909090611570254,0.625,0.17865224206872896,1955.0,0.2709863588667366,0.6999928073077754,lastfm_seed1_neuralsparse.json
lastfm,neuralsparse,NeuralSparse,neuralsparse,1,0.4,0.6395381158747148,0.6894820154022581,0.8227183191070256,0.0,5.885490124999933,0.011501124999995227,0.6633001049317944,0.3784344219803007,0.3636363609917356,0.6875,0.16726508528643957,2547.0,0.3449632738719832,0.6000143853844494,lastfm_seed1_neuralsparse.json
lastfm,neuralsparse,NeuralSparse,neuralsparse,1,0.5,0.6143393079230877,0.6468360712487446,0.8128693368351937,0.0,5.885490124999933,0.006038250000074186,0.583420776495278,0.288232244686366,0.27272727074380165,0.75,0.15107685509791732,3162.0,0.4194648478488982,0.5,lastfm_seed1_neuralsparse.json
lastfm,neuralsparse,NeuralSparse,neuralsparse,1,0.6,0.5539072695989693,0.5767466012091025,0.7997373604727511,0.0,5.885490124999933,0.007120292000081463,0.4998688352570829,0.2052877138413686,0.13636363537190083,0.8125,0.13199183624721783,3799.0,0.4967208814270724,0.3999856146155506,lastfm_seed1_neuralsparse.json
lastfm,neuralsparse,NeuralSparse,neuralsparse,1,0.7,0.5549262255076829,0.6019144138413155,0.7951411687458962,0.0,5.885490124999933,0.015344833999961338,0.4118572927597062,0.144116122343183,0.04545454512396695,0.9375,0.10709408433370754,4463.0,0.5836831059811123,0.3000071926922247,lastfm_seed1_neuralsparse.json
lastfm,neuralsparse,NeuralSparse,neuralsparse,1,0.8,0.5484576282226105,0.5473655753084733,0.7931713722915299,0.0,5.885490124999933,0.008884458000011364,0.31518887722980066,0.09694142042509073,0.04545454512396695,0.9375,0.0705112848469389,5197.0,0.6795645330535152,0.1999928073077753,lastfm_seed1_neuralsparse.json
lastfm,neuralsparse,NeuralSparse,neuralsparse,1,0.9,0.5490206071195822,0.554420211859973,0.778069599474721,0.0,5.885490124999933,0.0063935419998415455,0.19438614900314796,0.052358735095904614,0.04545454512396695,0.9375,0.03420889298744195,6057.0,0.7914480587618048,0.1000143853844494,lastfm_seed1_neuralsparse.json
lastfm,neuralsparse,NeuralSparse,neuralsparse,2,0.1,0.7687251826755259,0.7402937564010678,0.871306631648063,0.0,3.025287749999734,0.015963167000336398,0.9012329485834207,0.744945567651633,0.6818181768595042,0.3125,0.20429016884773663,741.0,0.10571878279118573,0.8999856146155506,lastfm_seed2_neuralsparse.json
lastfm,neuralsparse,NeuralSparse,neuralsparse,2,0.2,0.7534349073739279,0.7044272684635217,0.8621142481943532,0.0,3.025287749999734,0.017640166999626672,0.8241080797481637,0.5966822187662001,0.4999999963636364,0.5,0.19381345787165455,1329.0,0.18848373557187828,0.8000071926922246,lastfm_seed2_neuralsparse.json
lastfm,neuralsparse,NeuralSparse,neuralsparse,2,0.3,0.6708906983724771,0.6176321733713627,0.8391332895600788,0.0,3.025287749999734,0.011028375000023516,0.7413431269674712,0.47900466562986005,0.40909090611570254,0.625,0.1796239398512765,1947.0,0.26652675760755506,0.6999928073077754,lastfm_seed2_neuralsparse.json
lastfm,neuralsparse,NeuralSparse,neuralsparse,2,0.4,0.6408143651234899,0.6028038735906938,0.8279711096520026,0.0,3.025287749999734,0.007144832999983919,0.6638247639034628,0.374805598755832,0.3181818158677686,0.75,0.16320556398410133,2547.0,0.3462749213011542,0.6000143853844494,lastfm_seed2_neuralsparse.json
lastfm,neuralsparse,NeuralSparse,neuralsparse,2,0.5,0.6060344157538077,0.5830452699154965,0.8207485226526592,0.0,3.025287749999734,0.11265037500015751,0.5851259181532005,0.28615863141524106,0.22727272561983472,0.75,0.14648532327843514,3147.0,0.42444910807974817,0.5,lastfm_seed2_neuralsparse.json
lastfm,neuralsparse,NeuralSparse,neuralsparse,2,0.6,0.5701110552562837,0.5711678382491037,0.8095863427445831,0.0,3.025287749999734,0.03076654200003759,0.505115424973767,0.2099533437013997,0.13636363537190083,0.8125,0.12527944628835525,3755.0,0.4990818467995803,0.3999856146155506,lastfm_seed2_neuralsparse.json
lastfm,neuralsparse,NeuralSparse,neuralsparse,2,0.7,0.5528742164359717,0.5737296020122885,0.7977675640183848,0.0,3.025287749999734,0.005638540999825636,0.419202518363064,0.1472265422498704,0.04545454512396695,0.9375,0.10527552815977258,4422.0,0.5792235047219307,0.3000071926922247,lastfm_seed2_neuralsparse.json
lastfm,neuralsparse,NeuralSparse,neuralsparse,2,0.8,0.5349798663715992,0.5494102979206174,0.788575180564675,0.0,3.025287749999734,0.006697750000057567,0.3247639034627492,0.09745982374287196,0.04545454512396695,0.9375,0.06237207374958388,5129.0,0.6715634837355718,0.1999928073077753,lastfm_seed2_neuralsparse.json
lastfm,neuralsparse,NeuralSparse,neuralsparse,2,0.9,0.5247495024362334,0.5175254686247925,0.7793827971109653,0.0,3.025287749999734,0.006401916999948298,0.20238719832109128,0.04613789528252981,0.0,1.0,0.026676103695882542,6049.0,0.7909233997901364,0.1000143853844494,lastfm_seed2_neuralsparse.json
lastfm,neuralsparse,NeuralSparse,neuralsparse,3,0.1,0.7451370198270031,0.7649629291209412,0.8647406434668418,0.0,2.538587624999309,0.00719424999988405,0.902806925498426,0.7511664074650077,0.7272727219834711,0.3125,0.20330489717759595,731.0,0.1044071353620147,0.8999856146155506,lastfm_seed3_neuralsparse.json
lastfm,neuralsparse,NeuralSparse,neuralsparse,3,0.2,0.734500721204782,0.7492431103764707,0.8634274458305975,0.0,2.538587624999309,0.0060800420005762135,0.825682056663169,0.6034214618973561,0.5454545414876033,0.4375,0.19113629629944295,1314.0,0.18651626442812172,0.8000071926922246,lastfm_seed3_neuralsparse.json
lastfm,neuralsparse,NeuralSparse,neuralsparse,3,0.3,0.6500043496836366,0.6661178149883642,0.8384766907419566,0.0,2.538587624999309,0.005423416000667203,0.7473767051416579,0.48833592534992226,0.5454545414876033,0.4375,0.18228661103289703,1910.0,0.26246065057712487,0.6999928073077754,lastfm_seed3_neuralsparse.json
lastfm,neuralsparse,NeuralSparse,neuralsparse,3,0.4,0.6436316745173785,0.661058516507488,0.8299409061063691,0.0,2.538587624999309,0.005663916999765206,0.6668415529905561,0.3701399688958009,0.40909090611570254,0.625,0.16793657365575004,2524.0,0.3416841552990556,0.6000143853844494,lastfm_seed3_neuralsparse.json
lastfm,neuralsparse,NeuralSparse,neuralsparse,3,0.5,0.6254883157150757,0.6390092658515483,0.8240315167432699,0.0,2.538587624999309,0.005351165999854857,0.5864375655823715,0.28304821150855364,0.27272727074380165,0.75,0.14901339335266928,3137.0,0.42379328436516267,0.5,lastfm_seed3_neuralsparse.json
lastfm,neuralsparse,NeuralSparse,neuralsparse,3,0.6,0.5729836925958266,0.5704529424471625,0.8056467498358503,0.0,2.538587624999309,0.006717125000250235,0.5052465897166841,0.2089165370658372,0.1818181804958678,0.75,0.12749332840232253,3762.0,0.4960650577124869,0.3999856146155506,lastfm_seed3_neuralsparse.json
lastfm,neuralsparse,NeuralSparse,neuralsparse,3,0.7,0.5943886522036439,0.5446415531330362,0.7984241628365069,0.0,2.538587624999309,0.00535566700000345,0.4189401888772298,0.14152410575427682,0.04545454512396695,0.9375,0.10478589280273554,4422.0,0.5793546694648478,0.3000071926922247,lastfm_seed3_neuralsparse.json
lastfm,neuralsparse,NeuralSparse,neuralsparse,3,0.8,0.5638091054175904,0.546708918485211,0.7905449770190414,0.0,2.538587624999309,0.0061330409998845425,0.3314533053515215,0.10005184033177812,0.04545454512396695,0.9375,0.06405413876621482,5096.0,0.6680220356768101,0.1999928073077753,lastfm_seed3_neuralsparse.json
lastfm,neuralsparse,NeuralSparse,neuralsparse,3,0.9,0.4724846259710248,0.47766077081946523,0.7649376231122784,0.0,2.538587624999309,0.007309833000363142,0.19648478488982163,0.05391394504924832,0.0,1.0,0.03139461017056348,6097.0,0.79800629590766,0.1000143853844494,lastfm_seed3_neuralsparse.json
lastfm,neuralsparse,NeuralSparse,neuralsparse,4,0.1,0.7505623523031588,0.7556346460455832,0.8732764281024294,0.0,3.696542167000189,0.008262500000455475,0.8992654774396642,0.7459823742871955,0.6363636317355372,0.375,0.20350399662710145,747.0,0.10729275970619098,0.8999856146155506,lastfm_seed4_neuralsparse.json
lastfm,neuralsparse,NeuralSparse,neuralsparse,4,0.2,0.6740729251719203,0.7302550757481691,0.8489822718319107,0.0,3.696542167000189,0.013654249999490276,0.8238457502623295,0.6029030585795749,0.5454545414876033,0.4375,0.1904068132929566,1328.0,0.18822140608604407,0.8000071926922246,lastfm_seed4_neuralsparse.json
lastfm,neuralsparse,NeuralSparse,neuralsparse,4,0.3,0.6796197999063489,0.6949470337953866,0.8338804990151018,0.0,3.696542167000189,0.008718916999896464,0.7426547743966422,0.4753758424053914,0.4999999963636364,0.5,0.1809216456066329,1941.0,0.26587093389296956,0.6999928073077754,lastfm_seed4_neuralsparse.json
lastfm,neuralsparse,NeuralSparse,neuralsparse,4,0.4,0.6282550499771248,0.6624648265452339,0.8181221273801708,0.0,3.696542167000189,0.007282666999344656,0.665398740818468,0.37221358216692585,0.3181818158677686,0.6875,0.16544710274101787,2535.0,0.3445697796432319,0.6000143853844494,lastfm_seed4_neuralsparse.json
lastfm,neuralsparse,NeuralSparse,neuralsparse,4,0.5,0.5817572704700033,0.5847048696091766,0.8108995403808273,0.0,3.696542167000189,0.006018957999913255,0.579485834207765,0.2789009849663038,0.22727272561983472,0.75,0.14606767686072536,3187.0,0.4249737670514166,0.5,lastfm_seed4_neuralsparse.json
lastfm,neuralsparse,NeuralSparse,neuralsparse,4,0.6,0.5113827747030404,0.5445036209274211,0.7944845699277742,0.0,3.696542167000189,0.0068090840004515485,0.5047219307450157,0.2089165370658372,0.1818181804958678,0.75,0.12621255260121894,3764.0,0.4977701993704092,0.3999856146155506,lastfm_seed4_neuralsparse.json
lastfm,neuralsparse,NeuralSparse,neuralsparse,4,0.7,0.5153989218764647,0.5483730829664667,0.7951411687458962,0.0,3.696542167000189,0.011696542000208865,0.4213011542497377,0.1534473820632452,0.04545454512396695,0.9375,0.10063129161841015,4405.0,0.577124868835257,0.3000071926922247,lastfm_seed4_neuralsparse.json
lastfm,neuralsparse,NeuralSparse,neuralsparse,4,0.8,0.49629144115304213,0.5392710816611395,0.7793827971109653,0.0,3.696542167000189,0.0067038750003121095,0.3225341028331584,0.09745982374287196,0.0,1.0,0.07647465270014374,5155.0,0.6757607555089192,0.1999928073077753,lastfm_seed4_neuralsparse.json
lastfm,neuralsparse,NeuralSparse,neuralsparse,4,0.9,0.48484189774335995,0.5199020562316868,0.7695338148391333,0.0,3.696542167000189,0.005085124999823165,0.18927072402938092,0.055469155002592016,0.0,1.0,0.034226131789617156,6116.0,0.8014165792235047,0.1000143853844494,lastfm_seed4_neuralsparse.json
lastfm,neuralsparse,NeuralSparse,neuralsparse,5,0.1,0.7389494341931019,0.7348543589779648,0.8719632304661852,0.0,6.614733291999983,0.11516608400000905,0.9018887722980063,0.7475375842405392,0.5909090866115703,0.4375,0.20215258251722812,733.0,0.11096537250786988,0.8999856146155506,lastfm_seed5_neuralsparse.json
lastfm,neuralsparse,NeuralSparse,neuralsparse,5,0.2,0.71066895745587,0.6663483472364508,0.8575180564674983,0.0,6.614733291999983,0.19205066699998952,0.8234522560335782,0.6029030585795749,0.4999999963636364,0.5,0.1916929316460894,1329.0,0.19058237145855195,0.8000071926922246,lastfm_seed5_neuralsparse.json
lastfm,neuralsparse,NeuralSparse,neuralsparse,5,0.3,0.6986892411899968,0.66105220606796,0.8516086671043992,0.0,6.614733291999983,0.25019491700004437,0.743704092339979,0.47952306894764124,0.40909090611570254,0.625,0.18156357288531602,1937.0,0.26744491080797483,0.6999928073077754,lastfm_seed5_neuralsparse.json
lastfm,neuralsparse,NeuralSparse,neuralsparse,5,0.4,0.6521209595580647,0.6529641991691464,0.8391332895600788,0.0,6.614733291999983,0.18921770800000104,0.6664480587618048,0.37065837221358217,0.3181818158677686,0.6875,0.16404928288478735,2527.0,0.3462749213011542,0.6000143853844494,lastfm_seed5_neuralsparse.json
lastfm,neuralsparse,NeuralSparse,neuralsparse,5,0.5,0.6081646194905814,0.6120807979053771,0.8299409061063691,0.0,6.614733291999983,0.238864250000006,0.5839454354669464,0.28304821150855364,0.22727272561983472,0.6875,0.14618770757409053,3157.0,0.42694123819517316,0.5,lastfm_seed5_neuralsparse.json
lastfm,neuralsparse,NeuralSparse,neuralsparse,5,0.6,0.581061279525072,0.5877237484983069,0.8135259356533159,0.0,6.614733291999983,0.2908572089999666,0.49895068205666315,0.2099533437013997,0.0909090902479339,0.875,0.12492270060813421,3803.0,0.4977701993704092,0.3999856146155506,lastfm_seed5_neuralsparse.json
lastfm,neuralsparse,NeuralSparse,neuralsparse,5,0.7,0.5518197795154128,0.5621420782543676,0.8056467498358503,0.0,6.614733291999983,0.19580091700004232,0.41775970619097585,0.1472265422498704,0.0,1.0,0.10020024553356187,4435.0,0.5811909758656874,0.3000071926922247,lastfm_seed5_neuralsparse.json
lastfm,neuralsparse,NeuralSparse,neuralsparse,5,0.8,0.5295979749833878,0.5269119495600298,0.7879185817465528,0.0,6.614733291999983,0.19228895799994916,0.31991080797481636,0.08864696734059098,0.0,1.0,0.07273563428269442,5169.0,0.6773347324239245,0.1999928073077753,lastfm_seed5_neuralsparse.json
lastfm,neuralsparse,NeuralSparse,neuralsparse,5,0.9,0.5236636829931496,0.513550826713495,0.7800393959290873,0.0,6.614733291999983,0.2519348330000071,0.1895330535152151,0.04769310523587351,0.0,1.0,0.029608011706012412,6163.0,0.8075813221406086,0.1000143853844494,lastfm_seed5_neuralsparse.json
lastfm,neuralsparse,NeuralSparse,neuralsparse,6,0.1,0.7359860060293464,0.7342314486363986,0.8686802363755746,0.0,4.68403304200001,0.04754416600007971,0.9050367261280168,0.7573872472783826,0.6363636317355372,0.375,0.20325536395451071,717.0,0.10689926547743966,0.8999856146155506,lastfm_seed6_neuralsparse.json
lastfm,neuralsparse,NeuralSparse,neuralsparse,6,0.2,0.7184981055881712,0.7099444146533715,0.8509520682862771,0.0,4.68403304200001,0.03436674999989009,0.8209601259181531,0.6086054950751685,0.4999999963636364,0.5,0.18929719139515078,1348.0,0.1888772298006296,0.8000071926922246,lastfm_seed6_neuralsparse.json
lastfm,neuralsparse,NeuralSparse,neuralsparse,6,0.3,0.653824795672701,0.6606540956327795,0.8411030860144452,0.0,4.68403304200001,0.013043040999946243,0.7371458551941238,0.4857439087610161,0.40909090611570254,0.625,0.1771939154259431,1980.0,0.270199370409234,0.6999928073077754,lastfm_seed6_neuralsparse.json
lastfm,neuralsparse,NeuralSparse,neuralsparse,6,0.4,0.6476930223315113,0.6216247939042274,0.8338804990151018,0.0,4.68403304200001,0.008887625000170374,0.6613326337880377,0.37532400207361327,0.3636363609917356,0.625,0.162506178421685,2570.0,0.348504721930745,0.6000143853844494,lastfm_seed6_neuralsparse.json
lastfm,neuralsparse,NeuralSparse,neuralsparse,6,0.5,0.6040421303072024,0.5806022437689078,0.8207485226526592,0.0,4.68403304200001,0.009938083999941227,0.5804039874081847,0.2871954380508035,0.22727272561983472,0.75,0.1436781745543946,3186.0,0.42772822665267574,0.5,lastfm_seed6_neuralsparse.json
lastfm,neuralsparse,NeuralSparse,neuralsparse,6,0.6,0.5624945792965239,0.5468379675037768,0.8135259356533159,0.0,4.68403304200001,0.011622959000078481,0.49868835257082894,0.21513737687921203,0.0909090902479339,0.875,0.12272553217525385,3808.0,0.4981636935991606,0.3999856146155506,lastfm_seed6_neuralsparse.json
lastfm,neuralsparse,NeuralSparse,neuralsparse,6,0.7,0.5656305814828188,0.5504216610312789,0.8036769533814839,0.0,4.68403304200001,0.00990999999999076,0.41251311647429173,0.1518921721099015,0.0,1.0,0.09757774329260167,4459.0,0.583420776495278,0.3000071926922247,lastfm_seed6_neuralsparse.json
lastfm,neuralsparse,NeuralSparse,neuralsparse,6,0.8,0.5411745740672642,0.5474750914758284,0.7898883782009193,0.0,4.68403304200001,0.010768207999944934,0.3239769150052466,0.10316226023846553,0.0,1.0,0.06088848490170167,5126.0,0.6702518363064008,0.1999928073077753,lastfm_seed6_neuralsparse.json
lastfm,neuralsparse,NeuralSparse,neuralsparse,6,0.9,0.5335486456616522,0.5141653903257657,0.7852921864740644,0.0,4.68403304200001,0.009114625000165688,0.18717208814270725,0.055469155002592016,0.0,1.0,0.028212403509901313,6126.0,0.8010230849947534,0.1000143853844494,lastfm_seed6_neuralsparse.json
lastfm,neuralsparse,NeuralSparse,neuralsparse,7,0.1,0.7921534662840964,0.794319092168117,0.8791858174655286,0.0,3.2963062079998053,0.0075786250004057365,0.8984784889821616,0.749611197511664,0.6818181768595042,0.3125,0.20318448605448175,760.0,0.10860440713536201,0.8999856146155506,lastfm_seed7_neuralsparse.json
lastfm,neuralsparse,NeuralSparse,neuralsparse,7,0.2,0.708621338184683,0.7229867916671361,0.8529218647406435,0.0,3.2963062079998053,0.016766415999882156,0.8163693599160545,0.5956454121306376,0.4999999963636364,0.5,0.19161279232376047,1387.0,0.19451731374606507,0.8000071926922246,lastfm_seed7_neuralsparse.json
lastfm,neuralsparse,NeuralSparse,neuralsparse,7,0.3,0.627150752782033,0.6782750799752325,0.8417596848325674,0.0,3.2963062079998053,0.005721208000068145,0.7355718782791185,0.481078278900985,0.40909090611570254,0.625,0.17771708776530376,1993.0,0.2728226652675761,0.6999928073077754,lastfm_seed7_neuralsparse.json
lastfm,neuralsparse,NeuralSparse,neuralsparse,7,0.4,0.6434988769721719,0.6908642321624308,0.8384766907419566,0.0,3.2963062079998053,0.11556104200008122,0.6598898216159497,0.3711767755313634,0.3636363609917356,0.6875,0.16839636285364354,2581.0,0.34522560335781743,0.6000143853844494,lastfm_seed7_neuralsparse.json
lastfm,neuralsparse,NeuralSparse,neuralsparse,7,0.5,0.5957993380411073,0.5954805807053378,0.824688115561392,0.0,3.2963062079998053,0.008526000000074418,0.5823714585519413,0.28252980819077245,0.3181818158677686,0.6875,0.15245627252490995,3166.0,0.4219569779643232,0.5,lastfm_seed7_neuralsparse.json
lastfm,neuralsparse,NeuralSparse,neuralsparse,7,0.6,0.6100105091011996,0.5821349051244833,0.8168089297439265,0.0,3.2963062079998053,0.006060791999971116,0.5009181532004198,0.20165889061689996,0.13636363537190083,0.8125,0.1342661897186433,3783.0,0.49554039874081846,0.3999856146155506,lastfm_seed7_neuralsparse.json
lastfm,neuralsparse,NeuralSparse,neuralsparse,7,0.7,0.5515350744035666,0.5896960249927149,0.8030203545633617,0.0,3.2963062079998053,0.0062658749998263374,0.4135624344176285,0.12960082944530846,0.0,1.0,0.10998466594045467,4466.0,0.5851259181532005,0.3000071926922247,lastfm_seed7_neuralsparse.json
lastfm,neuralsparse,NeuralSparse,neuralsparse,7,0.8,0.5110604191438561,0.5459162271505797,0.788575180564675,0.0,3.2963062079998053,0.008774708000146347,0.31348373557187825,0.08501814411612234,0.0,1.0,0.07197416917668599,5214.0,0.6829748163693599,0.1999928073077753,lastfm_seed7_neuralsparse.json
lastfm,neuralsparse,NeuralSparse,neuralsparse,7,0.9,0.5018877530932222,0.5137262090951314,0.7747866053841103,0.0,3.2963062079998053,0.010328166999897803,0.18441762854144805,0.04043545878693624,0.0,1.0,0.03333753642755429,6155.0,0.8052203567681008,0.1000143853844494,lastfm_seed7_neuralsparse.json
lastfm,neuralsparse,NeuralSparse,neuralsparse,8,0.1,0.7500370584082268,0.7895300163129506,0.8621142481943532,0.0,2.8122872910007573,0.01124383400019724,0.8996589716684156,0.7522032141005702,0.6818181768595042,0.3125,0.2041095004911241,748.0,0.1083420776495278,0.8999856146155506,lastfm_seed8_neuralsparse.json
lastfm,neuralsparse,NeuralSparse,neuralsparse,8,0.2,0.7131249912724248,0.7536265719920983,0.8522652659225214,0.0,2.8122872910007573,0.007490167000469228,0.8141395592864638,0.6003110419906688,0.4999999963636364,0.5,0.19105421921928778,1394.0,0.19123819517313745,0.8000071926922246,lastfm_seed8_neuralsparse.json
lastfm,neuralsparse,NeuralSparse,neuralsparse,8,0.3,0.6482174425361338,0.6787885111371639,0.8286277084701248,0.0,2.8122872910007573,0.008557707999898412,0.7357030430220357,0.48418869880767235,0.40909090611570254,0.625,0.178548403967993,1995.0,0.27216684155299053,0.6999928073077754,lastfm_seed8_neuralsparse.json
lastfm,neuralsparse,NeuralSparse,neuralsparse,8,0.4,0.6298475374932263,0.6582944005686454,0.8253447143795141,0.0,2.8122872910007573,0.006398374999662337,0.656610703043022,0.37065837221358217,0.3181818158677686,0.6875,0.16757633174511327,2605.0,0.3482423924449108,0.6000143853844494,lastfm_seed8_neuralsparse.json
lastfm,neuralsparse,NeuralSparse,neuralsparse,8,0.5,0.590904457224578,0.5996555874324954,0.814182534471438,0.0,2.8122872910007573,0.006364875000144821,0.5790923399790137,0.2835666148263349,0.27272727074380165,0.75,0.14667004931329597,3197.0,0.42641657922350473,0.5,lastfm_seed8_neuralsparse.json
lastfm,neuralsparse,NeuralSparse,neuralsparse,8,0.6,0.5609416340056106,0.564120712261914,0.8056467498358503,0.0,2.8122872910007573,0.005673290999766323,0.4968520461699895,0.2052877138413686,0.0909090902479339,0.875,0.13097176770340704,3817.0,0.4994753410283316,0.3999856146155506,lastfm_seed8_neuralsparse.json
lastfm,neuralsparse,NeuralSparse,neuralsparse,8,0.7,0.5315355618336255,0.5676897147459415,0.7905449770190414,0.0,2.8122872910007573,0.006669290999525401,0.4096274921301154,0.13789528252980818,0.0,1.0,0.10608376781672083,4475.0,0.585912906610703,0.3000071926922247,lastfm_seed8_neuralsparse.json
lastfm,neuralsparse,NeuralSparse,neuralsparse,8,0.8,0.5273241651140017,0.550254449957768,0.7866053841103086,0.0,2.8122872910007573,0.006880167000417714,0.3191238195173137,0.08812856402280975,0.0,1.0,0.06330873681879619,5164.0,0.6761542497376705,0.1999928073077753,lastfm_seed8_neuralsparse.json
lastfm,neuralsparse,NeuralSparse,neuralsparse,8,0.9,0.4646339482149702,0.49669389905701106,0.7583716349310571,0.0,2.8122872910007573,0.0062607500003650784,0.18809024134312696,0.04095386210471747,0.0,1.0,0.031194079600958283,6148.0,0.8041710388247639,0.1000143853844494,lastfm_seed8_neuralsparse.json
lastfm,neuralsparse,NeuralSparse,neuralsparse,9,0.1,0.731970150253888,0.7667078281207456,0.860801050558109,0.0,3.2104210839997904,0.006860708000203886,0.9032004197271774,0.7537584240539139,0.6363636317355372,0.375,0.20371088053095815,727.0,0.10939139559286463,0.8999856146155506,lastfm_seed9_neuralsparse.json
lastfm,neuralsparse,NeuralSparse,neuralsparse,9,0.2,0.6650817954249204,0.6982212359298262,0.845042678923178,0.0,3.2104210839997904,0.007260375000441854,0.8192549842602308,0.6023846552617936,0.4999999963636364,0.5,0.18915975972379698,1365.0,0.19084470094438616,0.8000071926922246,lastfm_seed9_neuralsparse.json
lastfm,neuralsparse,NeuralSparse,neuralsparse,9,0.3,0.6613803330136437,0.7021886041246072,0.8463558765594222,0.0,3.2104210839997904,0.011928334000003815,0.7380640083945436,0.4909279419388284,0.40909090611570254,0.5625,0.1761423482907728,1974.0,0.2705928646379853,0.6999928073077754,lastfm_seed9_neuralsparse.json
lastfm,neuralsparse,NeuralSparse,neuralsparse,9,0.4,0.6067342151725488,0.6101959825187315,0.8286277084701248,0.0,3.2104210839997904,0.006093166999562527,0.6567418677859391,0.3758424053913945,0.3181818158677686,0.6875,0.1619885599821752,2604.0,0.3508656873032529,0.6000143853844494,lastfm_seed9_neuralsparse.json
lastfm,neuralsparse,NeuralSparse,neuralsparse,9,0.5,0.59049138483149,0.5833136695406957,0.8128693368351937,0.0,3.2104210839997904,0.005527000000256521,0.5751573976915005,0.28615863141524106,0.22727272561983472,0.6875,0.14443055924913203,3224.0,0.42772822665267574,0.5,lastfm_seed9_neuralsparse.json
lastfm,neuralsparse,NeuralSparse,neuralsparse,9,0.6,0.5540907610693844,0.5546429599480794,0.8089297439264609,0.0,3.2104210839997904,0.006490624999969441,0.49514690451206717,0.21669258683255574,0.04545454512396695,0.9375,0.12604525795834773,3834.0,0.5015739769150053,0.3999856146155506,lastfm_seed9_neuralsparse.json
lastfm,neuralsparse,NeuralSparse,neuralsparse,9,0.7,0.5328884883866518,0.5256492198970303,0.7931713722915299,0.0,3.2104210839997904,0.00738362500032963,0.4121196222455404,0.14826334888543286,0.0,1.0,0.10007785476814679,4461.0,0.5842077649527807,0.3000071926922247,lastfm_seed9_neuralsparse.json
lastfm,neuralsparse,NeuralSparse,neuralsparse,9,0.8,0.5456583499767329,0.5401304702683976,0.7925147734734077,0.0,3.2104210839997904,0.007453042000634014,0.3210912906610703,0.09694142042509073,0.0,1.0,0.06121702505727411,5151.0,0.674186778593914,0.1999928073077753,lastfm_seed9_neuralsparse.json
lastfm,neuralsparse,NeuralSparse,neuralsparse,9,0.9,0.496188437241544,0.48472861235922327,0.7741300065659882,0.0,3.2104210839997904,0.005067584000244096,0.19018887722980063,0.04561949196474858,0.0,1.0,0.03063293682079856,6138.0,0.8028593913955928,0.1000143853844494,lastfm_seed9_neuralsparse.json
lastfm,original_ilp_gcn,ILP-GCN,original_ilp,0,0.1,0.762892912195428,0.7328594818727696,0.8857518056467498,0.0,6.152388207999991,0.05836262500000089,1.0,1.0,0.9999999927272728,0.0,0.1848381524724585,1.0,0.018625393494228752,0.8999856146155506,lastfm_seed0_original_ilp.json
lastfm,original_ilp_gcn,ILP-GCN,original_ilp,0,0.2,0.8374217603269918,0.8103517035544383,0.9034799737360473,0.0,6.152388207999991,0.17072379199998977,0.9943599160545645,0.9958527734577501,0.9999999927272728,0.0,0.16266098899507933,33.0,0.04197271773347324,0.8000071926922246,lastfm_seed0_original_ilp.json
lastfm,original_ilp_gcn,ILP-GCN,original_ilp,0,0.3,0.8011918856575908,0.7990546740225642,0.891661195009849,0.0,6.152388207999991,0.19790700000001493,0.9855718782791185,0.9906687402799378,0.9999999927272728,0.0,0.14157513504661146,95.0,0.0773871983210913,0.6999928073077754,lastfm_seed0_original_ilp.json
lastfm,original_ilp_gcn,ILP-GCN,original_ilp,0,0.4,0.7979177798277852,0.7909280394240789,0.8883782009192384,0.0,6.152388207999991,0.20738620800000263,0.9512067156348374,0.9725246241575947,0.9999999927272728,0.0,0.12032335355691472,322.0,0.12434417628541448,0.6000143853844494,lastfm_seed0_original_ilp.json
lastfm,original_ilp_gcn,ILP-GCN,original_ilp,0,0.5,0.7710669852906639,0.7628283939477624,0.8745896257386737,0.0,6.152388207999991,0.29545016699995585,0.8793284365162645,0.928978745463971,0.9545454476033058,0.0625,0.10216673442401006,796.0,0.18415529905561384,0.5,lastfm_seed0_original_ilp.json
lastfm,original_ilp_gcn,ILP-GCN,original_ilp,0,0.6,0.7390109568788118,0.7406253915750758,0.8614576493762311,0.0,6.152388207999991,0.25148158299998613,0.7641657922350472,0.8501814411612234,0.9090909024793389,0.0625,0.08439279777860358,1616.0,0.26193599160545644,0.3999856146155506,lastfm_seed0_original_ilp.json
lastfm,original_ilp_gcn,ILP-GCN,original_ilp,0,0.7,0.7074530785397656,0.6905209249984711,0.8391332895600788,0.0,6.152388207999991,0.03526504199999181,0.607292759706191,0.7273198548470711,0.7727272671074381,0.25,0.06318632284659562,2721.0,0.37329485834207765,0.3000071926922247,lastfm_seed0_original_ilp.json
lastfm,original_ilp_gcn,ILP-GCN,original_ilp,0,0.8,0.6692801707765024,0.6485570239840652,0.804333552199606,0.0,6.152388207999991,0.3040994169999749,0.4366474291710388,0.5391394504924831,0.7272727219834711,0.25,0.041766212674697656,3932.0,0.49370409233997903,0.1999928073077753,lastfm_seed0_original_ilp.json
lastfm,original_ilp_gcn,ILP-GCN,original_ilp,0,0.9,0.6360857226345987,0.6069486675880084,0.7747866053841103,0.0,6.152388207999991,0.24398258399997985,0.22088142707240294,0.2711249351995853,0.3636363609917356,0.625,0.023564324840187008,5580.0,0.7026495278069255,0.1000143853844494,lastfm_seed0_original_ilp.json
lastfm,original_ilp_gcn,ILP-GCN,original_ilp,1,0.1,0.7968618745436055,0.8196818434013076,0.8870650032829941,0.0,7.394198875000029,0.06752037499995822,0.9990818467995802,0.9984447900466563,0.9999999927272728,0.0,0.19039826498990198,8.0,0.019150052465897165,0.8999856146155506,lastfm_seed1_original_ilp.json
lastfm,original_ilp_gcn,ILP-GCN,original_ilp,1,0.2,0.7503311308374241,0.7911438347134181,0.8739330269205515,0.0,7.394198875000029,0.2676529160000882,0.994884575026233,0.995334370139969,0.9545454476033058,0.0625,0.16255386061720212,35.0,0.04249737670514166,0.8000071926922246,lastfm_seed1_original_ilp.json
lastfm,original_ilp_gcn,ILP-GCN,original_ilp,1,0.3,0.7910058653663242,0.8075726124972775,0.8811556139198949,0.0,7.394198875000029,0.06757854100010263,0.9805876180482687,0.9828926905132193,0.9545454476033058,0.0625,0.14072364915802713,125.0,0.07555089192025184,0.6999928073077754,lastfm_seed1_original_ilp.json
lastfm,original_ilp_gcn,ILP-GCN,original_ilp,1,0.4,0.7717865164005033,0.8006928396484221,0.8680236375574524,0.0,7.394198875000029,0.020177874999944834,0.9534365162644282,0.9631933644375325,0.9090909024793389,0.0625,0.11732622747406753,317.0,0.12460650577124868,0.6000143853844494,lastfm_seed1_original_ilp.json
lastfm,original_ilp_gcn,ILP-GCN,original_ilp,1,0.5,0.7756913470572493,0.7832759244829218,0.8680236375574524,0.0,7.394198875000029,0.012242292000109956,0.9029380902413431,0.9294971487817522,0.9090909024793389,0.0625,0.09812406427505885,646.0,0.18363064008394545,0.5,lastfm_seed1_original_ilp.json
lastfm,original_ilp_gcn,ILP-GCN,original_ilp,1,0.6,0.7593977726144168,0.7735292828397988,0.855548260013132,0.0,7.394198875000029,0.013265208999882816,0.8098111227701994,0.8729911871435977,0.863636357355372,0.125,0.0768627748902563,1274.0,0.25970619097586567,0.3999856146155506,lastfm_seed1_original_ilp.json
lastfm,original_ilp_gcn,ILP-GCN,original_ilp,1,0.7,0.713323042221934,0.7264742066740995,0.8312541037426132,0.0,7.394198875000029,0.008056334000002607,0.6698583420776495,0.7858994297563504,0.8181818122314051,0.1875,0.049175853190457336,2216.0,0.35099685204617,0.3000071926922247,lastfm_seed1_original_ilp.json
lastfm,original_ilp_gcn,ILP-GCN,original_ilp,1,0.8,0.637757441467947,0.6522030485508028,0.8115561391989494,0.0,7.394198875000029,0.008358708000059778,0.49803252885624344,0.6298600311041991,0.5909090866115703,0.3125,0.0299103504207053,3393.0,0.4731112277019937,0.1999928073077753,lastfm_seed1_original_ilp.json
lastfm,original_ilp_gcn,ILP-GCN,original_ilp,1,0.9,0.539417574222788,0.5676500599266832,0.7747866053841103,0.0,7.394198875000029,0.006556625000030181,0.23137460650577124,0.3737687921202696,0.3636363609917356,0.625,0.009638700063827003,5167.0,0.6357555089192025,0.1000143853844494,lastfm_seed1_original_ilp.json
lastfm,original_ilp_gcn,ILP-GCN,original_ilp,2,0.1,0.789250412545863,0.767439888449946,0.8929743926460932,0.0,4.096177416000046,0.023197667000204092,0.9992130115424974,0.9984447900466563,0.9999999927272728,0.0,0.19101849317413766,7.0,0.019150052465897165,0.8999856146155506,lastfm_seed2_original_ilp.json
lastfm,original_ilp_gcn,ILP-GCN,original_ilp,2,0.2,0.833648478206798,0.781424661183295,0.8962573867367039,0.0,4.096177416000046,0.031407916999796726,0.9927859391395593,0.9948159668221876,0.9999999927272728,0.0,0.16418688760693997,49.0,0.04289087093389297,0.8000071926922246,lastfm_seed2_original_ilp.json
lastfm,original_ilp_gcn,ILP-GCN,original_ilp,2,0.3,0.8249329503114745,0.7800851395254903,0.891661195009849,0.0,4.096177416000046,0.2533322499998576,0.9787513116474291,0.9860031104199067,0.9545454476033058,0.0625,0.1412997902530334,141.0,0.07712486883525708,0.6999928073077754,lastfm_seed2_original_ilp.json
lastfm,original_ilp_gcn,ILP-GCN,original_ilp,2,0.4,0.8197366917589527,0.7770075352307709,0.8870650032829941,0.0,4.096177416000046,0.028879500000130065,0.9555351521511017,0.9709694142042509,0.9545454476033058,0.0625,0.12287633778416054,300.0,0.1251311647429171,0.6000143853844494,lastfm_seed2_original_ilp.json
lastfm,original_ilp_gcn,ILP-GCN,original_ilp,2,0.5,0.8085030189534383,0.7612190533464572,0.8824688115561392,0.0,4.096177416000046,0.00699933299983968,0.9005771248688352,0.9403836184551582,0.9090909024793389,0.0625,0.10087078741412094,654.0,0.18769674711437564,0.5,lastfm_seed2_original_ilp.json
lastfm,original_ilp_gcn,ILP-GCN,original_ilp,2,0.6,0.7411017690295935,0.7190855696499329,0.8581746552856205,0.0,4.096177416000046,0.006375124999976833,0.7999737670514165,0.8657335406946605,0.9090909024793389,0.0625,0.07998567966496062,1342.0,0.26587093389296956,0.3999856146155506,lastfm_seed2_original_ilp.json
lastfm,original_ilp_gcn,ILP-GCN,original_ilp,2,0.7,0.7564930703117116,0.7204785384489238,0.8535784635587655,0.0,4.096177416000046,0.00591374999976324,0.6568730325288562,0.7506480041472265,0.863636357355372,0.125,0.055667502445134215,2383.0,0.35991605456453307,0.3000071926922247,lastfm_seed2_original_ilp.json
lastfm,original_ilp_gcn,ILP-GCN,original_ilp,2,0.8,0.6343879555828482,0.6222301125035893,0.8194353250164149,0.0,4.096177416000046,0.006832417000168789,0.47114375655823715,0.5749092794193883,0.4999999963636364,0.5,0.03306918068484498,3634.0,0.4929171038824764,0.1999928073077753,lastfm_seed2_original_ilp.json
lastfm,original_ilp_gcn,ILP-GCN,original_ilp,2,0.9,0.5792137026625224,0.5571791255082335,0.7905449770190414,0.0,4.096177416000046,0.007127707999643462,0.2577387198321091,0.32763089683773977,0.3181818158677686,0.6875,0.012471573852806119,5254.0,0.6587093389296957,0.1000143853844494,lastfm_seed2_original_ilp.json
lastfm,original_ilp_gcn,ILP-GCN,original_ilp,3,0.1,0.7931913131816898,0.8058107814299287,0.8870650032829941,0.0,5.125942208000197,0.17974995800068427,1.0,1.0,0.9999999927272728,0.0,0.18386291293329807,1.0,0.018625393494228752,0.8999856146155506,lastfm_seed3_original_ilp.json
lastfm,original_ilp_gcn,ILP-GCN,original_ilp,3,0.2,0.7897026868089912,0.8156146899937113,0.8857518056467498,0.0,5.125942208000197,0.04012495899951318,0.9951469045120671,0.9963711767755313,0.9999999927272728,0.0,0.15907609962629785,31.0,0.04302203567681007,0.8000071926922246,lastfm_seed3_original_ilp.json
lastfm,original_ilp_gcn,ILP-GCN,original_ilp,3,0.3,0.7906212427229868,0.8068496556271997,0.8883782009192384,0.0,5.125942208000197,0.009187749999910011,0.9775708289611752,0.975635044064282,0.9545454476033058,0.0,0.13913684309587077,141.0,0.08040398740818468,0.6999928073077754,lastfm_seed3_original_ilp.json
lastfm,original_ilp_gcn,ILP-GCN,original_ilp,3,0.4,0.7893237822832813,0.7886013957111129,0.8804990151017729,0.0,5.125942208000197,0.012157332999777282,0.9404512067156349,0.9481596682218766,0.9090909024793389,0.0625,0.11898611821929829,390.0,0.12722980062959077,0.6000143853844494,lastfm_seed3_original_ilp.json
lastfm,original_ilp_gcn,ILP-GCN,original_ilp,3,0.5,0.7580245489085096,0.7787795028808647,0.8667104399212081,0.0,5.125942208000197,0.009569999999257561,0.8638509968520461,0.8994297563504406,0.863636357355372,0.125,0.10071034161789154,894.0,0.1859916054564533,0.5,lastfm_seed3_original_ilp.json
lastfm,original_ilp_gcn,ILP-GCN,original_ilp,3,0.6,0.7409784129875632,0.7542384144780168,0.8568614576493763,0.0,5.125942208000197,0.008679667000251357,0.7496065057712487,0.8206324520476931,0.8181818122314051,0.1875,0.08145308538706213,1673.0,0.2648216159496327,0.3999856146155506,lastfm_seed3_original_ilp.json
lastfm,original_ilp_gcn,ILP-GCN,original_ilp,3,0.7,0.6742425835153919,0.7098428472628426,0.8240315167432699,0.0,5.125942208000197,0.00787004199992225,0.5978488982161595,0.6946604458268533,0.7272727219834711,0.3125,0.06246651283112049,2772.0,0.3814270724029381,0.3000071926922247,lastfm_seed3_original_ilp.json
lastfm,original_ilp_gcn,ILP-GCN,original_ilp,3,0.8,0.6381885541127795,0.6707538717966298,0.8030203545633617,0.0,5.125942208000197,0.007899249999354652,0.4274658971668416,0.4919647485743909,0.5454545414876033,0.4375,0.04138989319958667,4078.0,0.5108866736621196,0.1999928073077753,lastfm_seed3_original_ilp.json
lastfm,original_ilp_gcn,ILP-GCN,original_ilp,3,0.9,0.5243658441711243,0.5467028721953685,0.7715036112934996,0.0,5.125942208000197,0.00898975000018254,0.22114375655823715,0.2498703991705547,0.3636363609917356,0.625,0.01902913668750143,5655.0,0.719700944386149,0.1000143853844494,lastfm_seed3_original_ilp.json
lastfm,original_ilp_gcn,ILP-GCN,original_ilp,4,0.1,0.7663380996479485,0.8011856690060256,0.8903479973736047,0.0,2.6424427080000896,0.009025124999425316,1.0,1.0,0.9999999927272728,0.0,0.18360628778801114,1.0,0.018625393494228752,0.8999856146155506,lastfm_seed4_original_ilp.json
lastfm,original_ilp_gcn,ILP-GCN,original_ilp,4,0.2,0.6387163053203236,0.6875422203927091,0.8627708470124754,0.0,2.6424427080000896,0.016957833999185823,0.9968520461699895,0.997926386728875,0.9999999927272728,0.0,0.16195061925126936,19.0,0.043415529905561384,0.8000071926922246,lastfm_seed4_original_ilp.json
lastfm,original_ilp_gcn,ILP-GCN,original_ilp,4,0.3,0.7902811678211545,0.8000487992529703,0.8910045961917269,0.0,2.6424427080000896,0.009999666999647161,0.9893756558237146,0.991187143597719,0.9999999927272728,0.0,0.14136701463245033,68.0,0.0779118572927597,0.6999928073077754,lastfm_seed4_original_ilp.json
lastfm,original_ilp_gcn,ILP-GCN,original_ilp,4,0.4,0.7833243673508958,0.806714063278871,0.8877216021011162,0.0,2.6424427080000896,0.006530084000587522,0.9586831059811123,0.9792638672887507,0.9999999927272728,0.0,0.12566350041838478,253.0,0.12342602308499476,0.6000143853844494,lastfm_seed4_original_ilp.json
lastfm,original_ilp_gcn,ILP-GCN,original_ilp,4,0.5,0.7651475612820051,0.7902988012257456,0.8699934340118188,0.0,2.6424427080000896,0.006554458000209706,0.8856243441762854,0.942457231726283,0.9999999927272728,0.0,0.10956078471377473,745.0,0.18218782791185728,0.5,lastfm_seed4_original_ilp.json
lastfm,original_ilp_gcn,ILP-GCN,original_ilp,4,0.6,0.6494437978694714,0.6915053862168192,0.8516086671043992,0.0,2.6424427080000896,0.00704425000003539,0.7716421825813221,0.8683255572835666,0.9090909024793389,0.0625,0.08905404513515888,1543.0,0.25550891920251834,0.3999856146155506,lastfm_seed4_original_ilp.json
lastfm,original_ilp_gcn,ILP-GCN,original_ilp,4,0.7,0.6306231641286361,0.6614973743005907,0.8286277084701248,0.0,2.6424427080000896,0.006721916999595123,0.6109653725078699,0.7340590979782271,0.863636357355372,0.125,0.06877536370211956,2650.0,0.36581846799580275,0.3000071926922247,lastfm_seed4_original_ilp.json
lastfm,original_ilp_gcn,ILP-GCN,original_ilp,4,0.8,0.5857694612892117,0.6121859569627413,0.7905449770190414,0.0,2.6424427080000896,0.00799383300000045,0.4262854144805876,0.5671332296526698,0.7727272671074381,0.25,0.04731937285651982,3985.0,0.4981636935991606,0.1999928073077753,lastfm_seed4_original_ilp.json
lastfm,original_ilp_gcn,ILP-GCN,original_ilp,4,0.9,0.5694641328114559,0.5845998014929705,0.767564018384767,0.0,2.6424427080000896,0.013023665999753575,0.21996327387198322,0.2856402280974598,0.3636363609917356,0.625,0.024548210363875687,5661.0,0.7206190975865687,0.1000143853844494,lastfm_seed4_original_ilp.json
lastfm,original_ilp_gcn,ILP-GCN,original_ilp,5,0.1,0.8167798707754281,0.7931174668098107,0.8988837820091924,0.0,7.45317858300001,0.07768408300000829,1.0,1.0,0.9999999927272728,0.0,0.18607455386522886,1.0,0.019412381951731374,0.8999856146155506,lastfm_seed5_original_ilp.json
lastfm,original_ilp_gcn,ILP-GCN,original_ilp,5,0.2,0.8143244772338565,0.7987221756493357,0.8956007879185818,0.0,7.45317858300001,0.34393258400001514,0.9968520461699895,0.9963711767755313,0.9999999927272728,0.0,0.1637336702569049,22.0,0.04682581322140609,0.8000071926922246,lastfm_seed5_original_ilp.json
lastfm,original_ilp_gcn,ILP-GCN,original_ilp,5,0.3,0.807518956749928,0.805246729751613,0.8942875902823375,0.0,7.45317858300001,0.27648850000002767,0.9816369359916055,0.9854847071021254,0.9545454476033058,0.0625,0.14181716451535092,123.0,0.08302728226652675,0.6999928073077754,lastfm_seed5_original_ilp.json
lastfm,original_ilp_gcn,ILP-GCN,original_ilp,5,0.4,0.7830029457903659,0.7546445589460645,0.8811556139198949,0.0,7.45317858300001,0.17999699999995755,0.9464847848898216,0.9637117677553136,0.9545454476033058,0.0625,0.11935286621819746,355.0,0.1320828961175236,0.6000143853844494,lastfm_seed5_original_ilp.json
lastfm,original_ilp_gcn,ILP-GCN,original_ilp,5,0.5,0.7440551324545406,0.732249539972329,0.8759028233749179,0.0,7.45317858300001,0.26361712500005297,0.8774921301154249,0.9186106791083463,0.9545454476033058,0.0625,0.09627082589888138,834.0,0.19517313746065057,0.5,lastfm_seed5_original_ilp.json
lastfm,original_ilp_gcn,ILP-GCN,original_ilp,5,0.6,0.7198166425238139,0.6991876871866821,0.8621142481943532,0.0,7.45317858300001,0.2803770419999978,0.7653462749213011,0.8325557283566615,0.9090909024793389,0.0625,0.07221281576664622,1607.0,0.26993704092339976,0.3999856146155506,lastfm_seed5_original_ilp.json
lastfm,original_ilp_gcn,ILP-GCN,original_ilp,5,0.7,0.7148839182180375,0.6786241506428622,0.8483256730137886,0.0,7.45317858300001,0.25076445800004876,0.6303777544596013,0.713841368584759,0.7727272671074381,0.25,0.05146036194492202,2589.0,0.3845750262329486,0.3000071926922247,lastfm_seed5_original_ilp.json
lastfm,original_ilp_gcn,ILP-GCN,original_ilp,5,0.8,0.6281332789716321,0.6324973108369444,0.8049901510177282,0.0,7.45317858300001,0.2742760419999968,0.4460912906610703,0.5095904613789528,0.6818181768595042,0.3125,0.03593322751153842,3970.0,0.5195435466946485,0.1999928073077753,lastfm_seed5_original_ilp.json
lastfm,original_ilp_gcn,ILP-GCN,original_ilp,5,0.9,0.5622654384410422,0.5517104920010286,0.7734734077478661,0.0,7.45317858300001,0.1875519170000075,0.2362277019937041,0.24572317262830481,0.27272727074380165,0.75,0.014211342090603436,5560.0,0.7075026232948584,0.1000143853844494,lastfm_seed5_original_ilp.json
lastfm,original_ilp_gcn,ILP-GCN,original_ilp,6,0.1,0.8365788044634602,0.7827553980718852,0.9047931713722915,0.0,8.362083332999873,0.040391709000004994,1.0,1.0,0.9999999927272728,0.0,0.18308484197895583,1.0,0.018363064008394544,0.8999856146155506,lastfm_seed6_original_ilp.json
lastfm,original_ilp_gcn,ILP-GCN,original_ilp,6,0.2,0.7679843544337952,0.7368820381060515,0.8857518056467498,0.0,8.362083332999873,0.6698372910000217,0.9984260230849947,0.9989631933644375,0.9999999927272728,0.0,0.16150909449854817,12.0,0.04354669464847849,0.8000071926922246,lastfm_seed6_original_ilp.json
lastfm,original_ilp_gcn,ILP-GCN,original_ilp,6,0.3,0.8329804918351822,0.7919763797386766,0.8995403808273145,0.0,8.362083332999873,0.08242462499993053,0.9842602308499475,0.9849663037843442,0.9545454476033058,0.0,0.1427547371803151,105.0,0.0773871983210913,0.6999928073077754,lastfm_seed6_original_ilp.json
lastfm,original_ilp_gcn,ILP-GCN,original_ilp,6,0.4,0.8190847219767036,0.7499422526665894,0.8962573867367039,0.0,8.362083332999873,0.021718792000001486,0.9463536201469045,0.9580093312597201,0.9090909024793389,0.0625,0.12608324750106925,350.0,0.12565582371458553,0.6000143853844494,lastfm_seed6_original_ilp.json
lastfm,original_ilp_gcn,ILP-GCN,original_ilp,6,0.5,0.8131514439890271,0.7719382644426642,0.8877216021011162,0.0,8.362083332999873,0.014186792000145942,0.8742130115424974,0.9015033696215656,0.863636357355372,0.125,0.10864076568657696,841.0,0.18756558237145854,0.5,lastfm_seed6_original_ilp.json
lastfm,original_ilp_gcn,ILP-GCN,original_ilp,6,0.6,0.763411815384896,0.7187283066933396,0.871306631648063,0.0,8.362083332999873,0.013978333000068233,0.7631164742917104,0.8164852255054432,0.863636357355372,0.125,0.08804435572285729,1615.0,0.2660020986358867,0.3999856146155506,lastfm_seed6_original_ilp.json
lastfm,original_ilp_gcn,ILP-GCN,original_ilp,6,0.7,0.7086969398730825,0.7050509530419351,0.8443860801050558,0.0,8.362083332999873,0.011279125000100976,0.618572927597062,0.6879212026956972,0.7727272671074381,0.25,0.06519926274931434,2654.0,0.37604931794333685,0.3000071926922247,lastfm_seed6_original_ilp.json
lastfm,original_ilp_gcn,ILP-GCN,original_ilp,6,0.8,0.6190445619206288,0.6039358126584832,0.8076165462902167,0.0,8.362083332999873,0.012850041999854511,0.4498950682056663,0.5111456713322965,0.7727272671074381,0.25,0.04307764765330967,3902.0,0.4968520461699895,0.1999928073077753,lastfm_seed6_original_ilp.json
lastfm,original_ilp_gcn,ILP-GCN,original_ilp,6,0.9,0.5935590607835883,0.5699704544083474,0.7925147734734077,0.0,8.362083332999873,0.01782050000019808,0.22796432318992654,0.27786417833074134,0.5454545414876033,0.5625,0.021752877355078495,5546.0,0.6998950682056663,0.1000143853844494,lastfm_seed6_original_ilp.json
lastfm,original_ilp_gcn,ILP-GCN,original_ilp,7,0.1,0.8122252475101555,0.8186253322542276,0.8910045961917269,0.0,3.170206374999907,0.009643540999604738,1.0,1.0,0.9999999927272728,0.0,0.18489011440786673,1.0,0.019018887722980063,0.8999856146155506,lastfm_seed7_original_ilp.json
lastfm,original_ilp_gcn,ILP-GCN,original_ilp,7,0.2,0.8057504791895361,0.7953609155072536,0.8903479973736047,0.0,3.170206374999907,0.06136225000000195,0.9955403987408185,0.9958527734577501,0.9999999927272728,0.0,0.15996773766414718,31.0,0.04275970619097587,0.8000071926922246,lastfm_seed7_original_ilp.json
lastfm,original_ilp_gcn,ILP-GCN,original_ilp,7,0.3,0.8160425670467419,0.8069686986664834,0.8982271831910703,0.0,3.170206374999907,0.02964974999986225,0.9824239244491081,0.9875583203732504,0.9545454476033058,0.0,0.1387803261862027,109.0,0.0810598111227702,0.6999928073077754,lastfm_seed7_original_ilp.json
lastfm,original_ilp_gcn,ILP-GCN,original_ilp,7,0.4,0.7852689838234697,0.7854775136317282,0.8804990151017729,0.0,3.170206374999907,0.006759333999980299,0.9550104931794333,0.9709694142042509,0.9090909024793389,0.0625,0.11652914023800837,282.0,0.1286726128016789,0.6000143853844494,lastfm_seed7_original_ilp.json
lastfm,original_ilp_gcn,ILP-GCN,original_ilp,7,0.5,0.7985657480259868,0.7849541227479916,0.8824688115561392,0.0,3.170206374999907,0.007483416000013676,0.8937565582371458,0.9315707620528771,0.863636357355372,0.125,0.0968963376772029,698.0,0.1861227701993704,0.5,lastfm_seed7_original_ilp.json
lastfm,original_ilp_gcn,ILP-GCN,original_ilp,7,0.6,0.7679756199614558,0.7737306322490632,0.8594878529218647,0.0,3.170206374999907,0.007392833000267274,0.7843651626442812,0.8636599274235355,0.8181818122314051,0.1875,0.07318747247641959,1420.0,0.26128016789087094,0.3999856146155506,lastfm_seed7_original_ilp.json
lastfm,original_ilp_gcn,ILP-GCN,original_ilp,7,0.7,0.7037080550232898,0.715638501162306,0.8424162836506894,0.0,3.170206374999907,0.007506500000090455,0.6260493179433368,0.7459823742871955,0.7727272671074381,0.25,0.05257134080617525,2483.0,0.36398216159496327,0.3000071926922247,lastfm_seed7_original_ilp.json
lastfm,original_ilp_gcn,ILP-GCN,original_ilp,7,0.8,0.6066676264275374,0.6185687693525901,0.8003939592908733,0.0,3.170206374999907,0.006827166000221041,0.46038824763903463,0.5857957490927942,0.6363636317355372,0.3125,0.03269294835864779,3678.0,0.48688352570828963,0.1999928073077753,lastfm_seed7_original_ilp.json
lastfm,original_ilp_gcn,ILP-GCN,original_ilp,7,0.9,0.6089310688569937,0.5851337079491887,0.7800393959290873,0.0,3.170206374999907,0.016794167000171,0.24239244491080797,0.33851736651114567,0.45454545123966944,0.5,0.013667070489754468,5285.0,0.6555613850996852,0.1000143853844494,lastfm_seed7_original_ilp.json
lastfm,original_ilp_gcn,ILP-GCN,original_ilp,8,0.1,0.7953522910756257,0.7978262732019019,0.8811556139198949,0.0,4.581662584000696,0.10072133300036512,0.9996065057712487,0.9994815966822188,0.9999999927272728,0.0,0.18666373224335478,4.0,0.018231899265477438,0.8999856146155506,lastfm_seed8_original_ilp.json
lastfm,original_ilp_gcn,ILP-GCN,original_ilp,8,0.2,0.7925345884510075,0.810617173056706,0.8798424162836507,0.0,4.581662584000696,0.040174208999815164,0.9967208814270724,0.9958527734577501,0.9999999927272728,0.0,0.163177849811688,22.0,0.04459601259181532,0.8000071926922246,lastfm_seed8_original_ilp.json
lastfm,original_ilp_gcn,ILP-GCN,original_ilp,8,0.3,0.7730397463127788,0.7899935202554673,0.8785292186474064,0.0,4.581662584000696,0.0069457919998967554,0.9821615949632738,0.9813374805598756,0.9090909024793389,0.0625,0.1440443353777796,116.0,0.07804302203567681,0.6999928073077754,lastfm_seed8_original_ilp.json
lastfm,original_ilp_gcn,ILP-GCN,original_ilp,8,0.4,0.7840096564982653,0.7965820302344115,0.8693368351936966,0.0,4.581662584000696,0.008769500000198605,0.9468782791185729,0.9543805080352514,0.9090909024793389,0.0625,0.12725252608305998,348.0,0.1322140608604407,0.6000143853844494,lastfm_seed8_original_ilp.json
lastfm,original_ilp_gcn,ILP-GCN,original_ilp,8,0.5,0.7607662727572597,0.7896850060454468,0.8601444517399869,0.0,4.581662584000696,0.009427874999346386,0.875,0.9097978227060654,0.863636357355372,0.125,0.1078341323847309,865.0,0.18992654774396642,0.5,lastfm_seed8_original_ilp.json
lastfm,original_ilp_gcn,ILP-GCN,original_ilp,8,0.6,0.6669902418818895,0.7269619744110207,0.8299409061063691,0.0,4.581662584000696,0.00701416700030677,0.7526232948583421,0.8180404354587869,0.863636357355372,0.125,0.087789717262875,1705.0,0.2666579223504722,0.3999856146155506,lastfm_seed8_original_ilp.json
lastfm,original_ilp_gcn,ILP-GCN,original_ilp,8,0.7,0.7158980212070513,0.7089858626536807,0.8365068942875903,0.0,4.581662584000696,0.006823416999395704,0.6210650577124869,0.6811819595645412,0.863636357355372,0.125,0.06967519423730295,2704.0,0.3738195173137461,0.3000071926922247,lastfm_seed8_original_ilp.json
lastfm,original_ilp_gcn,ILP-GCN,original_ilp,8,0.8,0.6835183341894536,0.7083399837648797,0.8102429415627052,0.0,4.581662584000696,0.00669083299999329,0.4602570828961175,0.512182477967859,0.7272727219834711,0.3125,0.0420083051306032,3883.0,0.4990818467995803,0.1999928073077753,lastfm_seed8_original_ilp.json
lastfm,original_ilp_gcn,ILP-GCN,original_ilp,8,0.9,0.5424878495393137,0.5500668381341391,0.7708470124753776,0.0,4.581662584000696,0.008795124999778636,0.24357292759706192,0.2773457750129601,0.4999999963636364,0.625,0.020814551210821697,5445.0,0.6903200419727177,0.1000143853844494,lastfm_seed8_original_ilp.json
lastfm,original_ilp_gcn,ILP-GCN,original_ilp,9,0.1,0.7915894268354535,0.8200090328410303,0.8903479973736047,0.0,3.021259874999487,0.008166957999492297,0.9994753410283316,0.9989631933644375,0.9999999927272728,0.0,0.18680952828509012,5.0,0.016789087093389297,0.8999856146155506,lastfm_seed9_original_ilp.json
lastfm,original_ilp_gcn,ILP-GCN,original_ilp,9,0.2,0.7961424816243426,0.8280072443799402,0.8910045961917269,0.0,3.021259874999487,0.007688040999710211,0.9968520461699895,0.9958527734577501,0.9999999927272728,0.0,0.1642831302590899,21.0,0.043677859391395596,0.8000071926922246,lastfm_seed9_original_ilp.json
lastfm,original_ilp_gcn,ILP-GCN,original_ilp,9,0.3,0.7812388513785545,0.8144208116878447,0.8850952068286277,0.0,3.021259874999487,0.014475584000138042,0.9808499475341028,0.9860031104199067,0.9999999927272728,0.0,0.14885714811942213,129.0,0.07843651626442812,0.6999928073077754,lastfm_seed9_original_ilp.json
lastfm,original_ilp_gcn,ILP-GCN,original_ilp,9,0.4,0.781836929848981,0.8124387921357465,0.8824688115561392,0.0,3.021259874999487,0.010389583000687708,0.9365162644281217,0.9595645412130638,0.9999999927272728,0.0,0.13466870362880778,439.0,0.12788562434417627,0.6000143853844494,lastfm_seed9_original_ilp.json
lastfm,original_ilp_gcn,ILP-GCN,original_ilp,9,0.5,0.7692362033901586,0.7874367496331434,0.8726198292843073,0.0,3.021259874999487,0.0064269579997926485,0.8513903462749213,0.8989113530326595,0.9090909024793389,0.0625,0.11753234858380514,1026.0,0.1859916054564533,0.5,lastfm_seed9_original_ilp.json
lastfm,original_ilp_gcn,ILP-GCN,original_ilp,9,0.6,0.6972650949308522,0.7389933948768489,0.8345370978332239,0.0,3.021259874999487,0.008346999999957916,0.7368835257082896,0.813893208916537,0.863636357355372,0.125,0.10188757568758013,1849.0,0.2691500524658972,0.3999856146155506,lastfm_seed9_original_ilp.json
lastfm,original_ilp_gcn,ILP-GCN,original_ilp,9,0.7,0.6973923948850076,0.7080181605231685,0.8135259356533159,0.0,3.021259874999487,0.006404083000234095,0.5847324239244491,0.6770347330222913,0.8181818122314051,0.1875,0.07823380567703879,2999.0,0.39244491080797483,0.3000071926922247,lastfm_seed9_original_ilp.json
lastfm,original_ilp_gcn,ILP-GCN,original_ilp,9,0.8,0.6648936722546046,0.6649448390338714,0.8036769533814839,0.0,3.021259874999487,0.006972582999878796,0.4083158447009444,0.48885432866770345,0.5909090866115703,0.5,0.056659689737542096,4285.0,0.5469569779643232,0.1999928073077753,lastfm_seed9_original_ilp.json
lastfm,original_ilp_gcn,ILP-GCN,original_ilp,9,0.9,0.5402972775823955,0.55233359689097,0.7734734077478661,0.0,3.021259874999487,0.007015124999270483,0.23491605456453304,0.29341627786417834,0.22727272561983472,0.6875,0.025557788820219456,5607.0,0.7211437565582371,0.1000143853844494,lastfm_seed9_original_ilp.json
lastfm,ptdnet,PTDNet,ptdnet,0,0.1,0.7970485904657257,0.7682039391996409,0.8850952068286277,0.0,3.8046587499999873,0.1037544580000258,0.9879328436516265,0.9637117677553136,0.9999999927272728,0.0,0.18951570897830305,80.0,0.015739769150052464,0.8999856146155506,lastfm_seed0_ptdnet.json
lastfm,ptdnet,PTDNet,ptdnet,0,0.2,0.8266789545003405,0.8005543678386361,0.8923177938279712,0.0,3.8046587499999873,0.16472441600001275,0.9732423924449108,0.9206842923794712,0.9999999927272728,0.0,0.1694346875504289,180.0,0.03580797481636936,0.8000071926922246,lastfm_seed0_ptdnet.json
lastfm,ptdnet,PTDNet,ptdnet,0,0.3,0.8336800319547654,0.8080466743970114,0.8923177938279712,0.0,3.8046587499999873,0.1915164580000237,0.9479275970619098,0.8854328667703474,0.9999999927272728,0.0,0.14988911858933962,317.0,0.06807450157397692,0.6999928073077754,lastfm_seed0_ptdnet.json
lastfm,ptdnet,PTDNet,ptdnet,0,0.4,0.8156040080774843,0.8034103518548802,0.8857518056467498,0.0,3.8046587499999873,0.3263548749999927,0.9104144805876181,0.8284085018144116,0.9999999927272728,0.0,0.1285713178184702,556.0,0.10952256033578174,0.6000143853844494,lastfm_seed0_ptdnet.json
lastfm,ptdnet,PTDNet,ptdnet,0,0.5,0.7809639710102858,0.762826491128632,0.8732764281024294,0.0,3.8046587499999873,0.22605404199998702,0.8315844700944386,0.7667185069984448,0.9090909024793389,0.125,0.10632239440219526,952.0,0.1651364113326338,0.5,lastfm_seed0_ptdnet.json
lastfm,ptdnet,PTDNet,ptdnet,0,0.6,0.7753676908567247,0.7421168772605102,0.8693368351936966,0.0,3.8046587499999873,0.23996316599999545,0.727308499475341,0.6868843960601347,0.6818181768595042,0.1875,0.09092123739087224,1556.0,0.23137460650577124,0.3999856146155506,lastfm_seed0_ptdnet.json
lastfm,ptdnet,PTDNet,ptdnet,0,0.7,0.787393984845033,0.782328741925925,0.8640840446487197,0.0,3.8046587499999873,0.34712154199996803,0.5865687303252886,0.5821669258683255,0.5454545414876033,0.3125,0.07331184175488066,2377.0,0.3179433368310598,0.3000071926922247,lastfm_seed0_ptdnet.json
lastfm,ptdnet,PTDNet,ptdnet,0,0.8,0.759012439499697,0.7530655497441566,0.8365068942875903,0.0,3.8046587499999873,0.378438625000058,0.36555613850996854,0.44219803006739244,0.4999999963636364,0.375,0.05050482135607644,3651.0,0.4447796432318993,0.1999928073077753,lastfm_seed0_ptdnet.json
lastfm,ptdnet,PTDNet,ptdnet,0,0.9,0.6803241417907444,0.632938412127233,0.8095863427445831,0.0,3.8046587499999873,0.1433150000000296,0.12919727177334733,0.2592016588906169,0.3636363609917356,0.5625,0.0267181263705398,5394.0,0.6285414480587618,0.1000143853844494,lastfm_seed0_ptdnet.json
lastfm,ptdnet,PTDNet,ptdnet,1,0.1,0.7946143015555406,0.8045579224603734,0.881812212738017,0.0,3.3376140000000305,0.0073334999999588035,0.9891133263378804,0.9652669777086573,0.9999999927272728,0.0,0.19090497126773004,76.0,0.01180482686253935,0.8999856146155506,lastfm_seed1_ptdnet.json
lastfm,ptdnet,PTDNet,ptdnet,1,0.2,0.746105587955548,0.7644394466798184,0.8732764281024294,0.0,3.3376140000000305,0.02052733300001819,0.9724554039874082,0.9149818558838777,0.9999999927272728,0.0,0.17286017072236406,190.0,0.04026757607555089,0.8000071926922246,lastfm_seed1_ptdnet.json
lastfm,ptdnet,PTDNet,ptdnet,1,0.3,0.7538792330008972,0.7783047040776215,0.8614576493762311,0.0,3.3376140000000305,0.028481000000056156,0.9487145855194123,0.8812856402280974,0.9999999927272728,0.0,0.15339680632590755,318.0,0.07528856243441763,0.6999928073077754,lastfm_seed1_ptdnet.json
lastfm,ptdnet,PTDNet,ptdnet,1,0.4,0.7796533000474783,0.794591116955218,0.8726198292843073,0.0,3.3376140000000305,0.014134958000113329,0.9005771248688352,0.8247796785899429,0.9999999927272728,0.0,0.13615304820740415,585.0,0.12355718782791186,0.6000143853844494,lastfm_seed1_ptdnet.json
lastfm,ptdnet,PTDNet,ptdnet,1,0.5,0.7924767490346781,0.793752571855537,0.8739330269205515,0.0,3.3376140000000305,0.006591124999886233,0.8183368310598111,0.7553136340072576,0.9545454476033058,0.0625,0.11479136869879421,1048.0,0.1789087093389297,0.5,lastfm_seed1_ptdnet.json
lastfm,ptdnet,PTDNet,ptdnet,1,0.6,0.7842493748621708,0.7845691779143008,0.8588312541037426,0.0,3.3376140000000305,0.011162499999954889,0.6901888772298006,0.6666666666666666,0.863636357355372,0.125,0.09248655307411022,1775.0,0.24868835257082897,0.3999856146155506,lastfm_seed1_ptdnet.json
lastfm,ptdnet,PTDNet,ptdnet,1,0.7,0.7471436552974668,0.7748851813733677,0.8345370978332239,0.0,3.3376140000000305,0.18626562500003274,0.5352833158447009,0.5526179367547952,0.6363636317355372,0.25,0.07334619100223394,2786.0,0.34365162644281216,0.3000071926922247,lastfm_seed1_ptdnet.json
lastfm,ptdnet,PTDNet,ptdnet,1,0.8,0.706732557449508,0.7275298659371159,0.8227183191070256,0.0,3.3376140000000305,0.5572978749999038,0.3330272822665268,0.4033177812337999,0.4999999963636364,0.375,0.051899925953467055,4092.0,0.47481636935991606,0.1999928073077753,lastfm_seed1_ptdnet.json
lastfm,ptdnet,PTDNet,ptdnet,1,0.9,0.6881003529920975,0.713092007583965,0.8082731451083388,0.0,3.3376140000000305,0.44074337500001093,0.1495278069254984,0.2301710730948678,0.3181818158677686,0.625,0.03025529006874779,5668.0,0.6901888772298006,0.1000143853844494,lastfm_seed1_ptdnet.json
lastfm,ptdnet,PTDNet,ptdnet,2,0.1,0.8195237394547779,0.767631341132114,0.8923177938279712,0.0,2.341565332999835,0.007664750000003551,0.9905561385099685,0.966822187662001,0.9999999927272728,0.0,0.19293766540862137,70.0,0.013247639034627492,0.8999856146155506,lastfm_seed2_ptdnet.json
lastfm,ptdnet,PTDNet,ptdnet,2,0.2,0.7687406574445625,0.735071230893764,0.8798424162836507,0.0,2.341565332999835,0.008295292000184418,0.9749475341028332,0.9326075686884396,0.9999999927272728,0.0,0.16801546027014885,166.0,0.040923399790136414,0.8000071926922246,lastfm_seed2_ptdnet.json
lastfm,ptdnet,PTDNet,ptdnet,2,0.3,0.8177551157430447,0.7745373556327139,0.8896913985554826,0.0,2.341565332999835,0.007702583000082086,0.9441238195173137,0.8854328667703474,0.9999999927272728,0.0,0.15154434020292934,338.0,0.07410807974816369,0.6999928073077754,lastfm_seed2_ptdnet.json
lastfm,ptdnet,PTDNet,ptdnet,2,0.4,0.8172174753814122,0.7560248484926603,0.8890347997373604,0.0,2.341565332999835,0.25889349999988553,0.8924449108079748,0.8190772420943494,0.9545454476033058,0.0625,0.13499470591011312,644.0,0.12040923399790136,0.6000143853844494,lastfm_seed2_ptdnet.json
lastfm,ptdnet,PTDNet,ptdnet,2,0.5,0.7906505513317804,0.7442249958422811,0.8759028233749179,0.0,2.341565332999835,0.1988830830000552,0.8128279118572928,0.744945567651633,0.9545454476033058,0.0625,0.11540862321588377,1116.0,0.17497376705141657,0.5,lastfm_seed2_ptdnet.json
lastfm,ptdnet,PTDNet,ptdnet,2,0.6,0.8029955995054692,0.7536908670725442,0.8759028233749179,0.0,2.341565332999835,0.6628136660001474,0.6858604407135362,0.6573354069466044,0.8181818122314051,0.1875,0.09356945967485639,1813.0,0.24842602308499476,0.3999856146155506,lastfm_seed2_ptdnet.json
lastfm,ptdnet,PTDNet,ptdnet,2,0.7,0.7678321307870606,0.7233430835001622,0.8601444517399869,0.0,2.341565332999835,1.2326183750001292,0.5331846799580273,0.5489891135303266,0.6363636317355372,0.25,0.07267789236172402,2815.0,0.3474554039874082,0.3000071926922247,lastfm_seed2_ptdnet.json
lastfm,ptdnet,PTDNet,ptdnet,2,0.8,0.7492179657843839,0.7176586363058983,0.8476690741956664,0.0,2.341565332999835,0.22916712500000358,0.3108604407135362,0.4048729911871436,0.5454545414876033,0.375,0.05277536595384669,4132.0,0.4771773347324239,0.1999928073077753,lastfm_seed2_ptdnet.json
lastfm,ptdnet,PTDNet,ptdnet,2,0.9,0.7168555656595494,0.681883863863372,0.8312541037426132,0.0,2.341565332999835,0.2821774999997615,0.14310073452256034,0.22654224987039917,0.40909090611570254,0.5,0.029099483768258293,5729.0,0.7012067156348374,0.1000143853844494,lastfm_seed2_ptdnet.json
lastfm,ptdnet,PTDNet,ptdnet,3,0.1,0.7594424528870185,0.7628881451337706,0.8745896257386737,0.0,1.7237047079997865,0.008590792000177316,0.9908184679958028,0.9709694142042509,0.9999999927272728,0.0,0.1892297581045036,63.0,0.012460650577124869,0.8999856146155506,lastfm_seed3_ptdnet.json
lastfm,ptdnet,PTDNet,ptdnet,3,0.2,0.7684068757329509,0.7589549822589313,0.8732764281024294,0.0,1.7237047079997865,0.006849833000160288,0.9788824763903463,0.9362363919129082,0.9999999927272728,0.0,0.16819639989640708,144.0,0.0371196222455404,0.8000071926922246,lastfm_seed3_ptdnet.json
lastfm,ptdnet,PTDNet,ptdnet,3,0.3,0.7561936676691479,0.7597919813407522,0.8693368351936966,0.0,1.7237047079997865,0.007136041999729059,0.9573714585519413,0.8973561430793157,0.9999999927272728,0.0,0.15175988899985782,274.0,0.07174711437565583,0.6999928073077754,lastfm_seed3_ptdnet.json
lastfm,ptdnet,PTDNet,ptdnet,3,0.4,0.7737441788053321,0.7914687157527381,0.8739330269205515,0.0,1.7237047079997865,0.009164750000309141,0.9138247639034628,0.844997407983411,0.9999999927272728,0.0,0.13507241040829543,500.0,0.1181794333683106,0.6000143853844494,lastfm_seed3_ptdnet.json
lastfm,ptdnet,PTDNet,ptdnet,3,0.5,0.7683843167774264,0.7855561193140297,0.8686802363755746,0.0,1.7237047079997865,0.007640333999916038,0.8453567681007346,0.7719025401762571,0.9090909024793389,0.125,0.1128896384167917,902.0,0.17051416579223505,0.5,lastfm_seed3_ptdnet.json
lastfm,ptdnet,PTDNet,ptdnet,3,0.6,0.7605054791361545,0.745653373232819,0.8529218647406435,0.0,1.7237047079997865,0.007933124999908614,0.7328174186778594,0.6905132192846034,0.8181818122314051,0.1875,0.09192453201596709,1536.0,0.23806400839454356,0.3999856146155506,lastfm_seed3_ptdnet.json
lastfm,ptdnet,PTDNet,ptdnet,3,0.7,0.767124118539087,0.7716109673212289,0.8562048588312541,0.0,1.7237047079997865,0.006751416000042809,0.5670251836306401,0.5904613789528252,0.6363636317355372,0.3125,0.07215154722806906,2477.0,0.3218782791185729,0.3000071926922247,lastfm_seed3_ptdnet.json
lastfm,ptdnet,PTDNet,ptdnet,3,0.8,0.732540746726558,0.7119256319880689,0.835193696651346,0.0,1.7237047079997865,0.005928790999860212,0.3551941238195173,0.4463452566096423,0.5454545414876033,0.375,0.05339432958886862,3831.0,0.45789611752360965,0.1999928073077753,lastfm_seed3_ptdnet.json
lastfm,ptdnet,PTDNet,ptdnet,3,0.9,0.6752575192123963,0.7021253881213672,0.8036769533814839,0.0,1.7237047079997865,0.00520283300011215,0.12381951731374606,0.25401762571280456,0.4999999963636364,0.375,0.029870264161651713,5635.0,0.67799055613851,0.1000143853844494,lastfm_seed3_ptdnet.json
lastfm,ptdnet,PTDNet,ptdnet,4,0.1,0.7484529375237626,0.7746562946529412,0.8850952068286277,0.0,1.9990067919998182,0.007697167000515037,0.9888509968520461,0.9637117677553136,0.9999999927272728,0.0,0.19403844696443664,80.0,0.014821615949632739,0.8999856146155506,lastfm_seed4_ptdnet.json
lastfm,ptdnet,PTDNet,ptdnet,4,0.2,0.7988331417741317,0.7955440093652375,0.8956007879185818,0.0,1.9990067919998182,0.007433916000081808,0.9712749213011542,0.9227579056505961,0.9999999927272728,0.0,0.1732873332532206,193.0,0.04446484784889822,0.8000071926922246,lastfm_seed4_ptdnet.json
lastfm,ptdnet,PTDNet,ptdnet,4,0.3,0.7880402232190336,0.8030747218849743,0.8857518056467498,0.0,1.9990067919998182,0.01066029100002197,0.9304826862539349,0.8693623639191291,0.9999999927272728,0.0,0.1528036057885205,414.0,0.08250262329485834,0.6999928073077754,lastfm_seed4_ptdnet.json
lastfm,ptdnet,PTDNet,ptdnet,4,0.4,0.7797944565981623,0.7931672117274835,0.881812212738017,0.0,1.9990067919998182,0.009661583000706742,0.8725078698845751,0.8144116122343183,0.9545454476033058,0.0625,0.13362387526694783,774.0,0.13077124868835258,0.6000143853844494,lastfm_seed4_ptdnet.json
lastfm,ptdnet,PTDNet,ptdnet,4,0.5,0.7771588040777035,0.7902768235976186,0.8706500328299409,0.0,1.9990067919998182,0.007842834000257426,0.7720356768100735,0.7288750648004148,0.9090909024793389,0.125,0.11433063180493278,1350.0,0.1888772298006296,0.5,lastfm_seed4_ptdnet.json
lastfm,ptdnet,PTDNet,ptdnet,4,0.6,0.7691858002931544,0.79019303693646,0.8640840446487197,0.0,1.9990067919998182,0.00754562500060274,0.6518887722980063,0.6417833074131675,0.9090909024793389,0.125,0.09360464754763105,2097.0,0.2632476390346275,0.3999856146155506,lastfm_seed4_ptdnet.json
lastfm,ptdnet,PTDNet,ptdnet,4,0.7,0.7345591115209822,0.7760498950922314,0.8535784635587655,0.0,1.9990067919998182,0.008030167000470101,0.506295907660021,0.5344738206324521,0.6818181768595042,0.1875,0.07406393947465663,3029.0,0.36345750262329485,0.3000071926922247,lastfm_seed4_ptdnet.json
lastfm,ptdnet,PTDNet,ptdnet,4,0.8,0.7351844631338944,0.7482050895472349,0.8365068942875903,0.0,1.9990067919998182,0.005857250000190106,0.30640083945435465,0.38621047174701917,0.4999999963636364,0.375,0.05507178838256476,4306.0,0.5053777544596013,0.1999928073077753,lastfm_seed4_ptdnet.json
lastfm,ptdnet,PTDNet,ptdnet,4,0.9,0.6521796900787625,0.7083304245386264,0.8056467498358503,0.0,1.9990067919998182,0.007585040999401826,0.16710388247639035,0.2223950233281493,0.3181818158677686,0.625,0.028646685748292117,5683.0,0.6977964323189927,0.1000143853844494,lastfm_seed4_ptdnet.json
lastfm,ptdnet,PTDNet,ptdnet,5,0.1,0.8040561030839231,0.8078397925757573,0.8949441891004596,0.0,3.1672024589999523,0.03351308300000255,0.9892444910807975,0.966822187662001,0.9999999927272728,0.0,0.18687086938366892,72.0,0.011542497376705142,0.8999856146155506,lastfm_seed5_ptdnet.json
lastfm,ptdnet,PTDNet,ptdnet,5,0.2,0.8038466342613622,0.8013213010720469,0.8890347997373604,0.0,3.1672024589999523,0.2586742089999916,0.9787513116474291,0.9403836184551582,0.9999999927272728,0.0,0.16716177209541794,137.0,0.032004197271773345,0.8000071926922246,lastfm_seed5_ptdnet.json
lastfm,ptdnet,PTDNet,ptdnet,5,0.3,0.8022108691576453,0.7745945588188812,0.8877216021011162,0.0,3.1672024589999523,0.4641762920000474,0.9666841552990556,0.9129082426127527,0.9999999927272728,0.0,0.14563543347205066,219.0,0.06623819517313746,0.6999928073077754,lastfm_seed5_ptdnet.json
lastfm,ptdnet,PTDNet,ptdnet,5,0.4,0.7682796454582573,0.7570713256363353,0.8824688115561392,0.0,3.1672024589999523,0.27544112500004303,0.9328436516264428,0.8755832037325039,0.9999999927272728,0.0,0.12481932648670516,388.0,0.10768625393494229,0.6000143853844494,lastfm_seed5_ptdnet.json
lastfm,ptdnet,PTDNet,ptdnet,5,0.5,0.8135357324026956,0.7912290653082253,0.8883782009192384,0.0,3.1672024589999523,0.2242760419999854,0.8726390346274921,0.800414722654225,0.9090909024793389,0.0625,0.11125621550582875,717.0,0.15949632738719832,0.5,lastfm_seed5_ptdnet.json
lastfm,ptdnet,PTDNet,ptdnet,5,0.6,0.7808213384947275,0.7770724860668982,0.8745896257386737,0.0,3.1672024589999523,0.2718035000000327,0.7863326337880377,0.7112493519958528,0.6818181768595042,0.25,0.09077586525379729,1241.0,0.22520986358866737,0.3999856146155506,lastfm_seed5_ptdnet.json
lastfm,ptdnet,PTDNet,ptdnet,5,0.7,0.7513875084210361,0.7611026957010921,0.8568614576493763,0.0,3.1672024589999523,0.2800498340000104,0.6151626442812173,0.6065318818040435,0.5909090866115703,0.3125,0.06760764631874414,2131.0,0.3126967471143757,0.3000071926922247,lastfm_seed5_ptdnet.json
lastfm,ptdnet,PTDNet,ptdnet,5,0.8,0.715362849761226,0.7156361856869478,0.8404464871963231,0.0,3.1672024589999523,0.04055783299997984,0.3919202518363064,0.4536029030585796,0.5909090866115703,0.3125,0.04729392653973535,3500.0,0.43284365162644284,0.1999928073077753,lastfm_seed5_ptdnet.json
lastfm,ptdnet,PTDNet,ptdnet,5,0.9,0.6261308243082339,0.6521607016740595,0.804333552199606,0.0,3.1672024589999523,0.37233816599996317,0.07135362014690451,0.28252980819077245,0.40909090611570254,0.5,0.023830643895570457,5355.0,0.6225078698845751,0.1000143853844494,lastfm_seed5_ptdnet.json
lastfm,ptdnet,PTDNet,ptdnet,6,0.1,0.8207902941715395,0.7748545628816202,0.8936309914642153,0.0,3.0594765000000734,0.013902749999942898,0.9914742917103883,0.9704510108864697,0.9999999927272728,0.0,0.1904069836706357,61.0,0.014034627492130115,0.8999856146155506,lastfm_seed6_ptdnet.json
lastfm,ptdnet,PTDNet,ptdnet,6,0.2,0.795699635011992,0.7320051489752563,0.8870650032829941,0.0,3.0594765000000734,0.01477266699998836,0.9767838405036726,0.933644375324002,0.9999999927272728,0.0,0.17356170222998418,159.0,0.04249737670514166,0.8000071926922246,lastfm_seed6_ptdnet.json
lastfm,ptdnet,PTDNet,ptdnet,6,0.3,0.8008758809657485,0.7415919193145993,0.8910045961917269,0.0,3.0594765000000734,0.015668292000100337,0.9439926547743966,0.8952825298081908,0.9999999927272728,0.0,0.1547675859836873,332.0,0.07961699895068206,0.6999928073077754,lastfm_seed6_ptdnet.json
lastfm,ptdnet,PTDNet,ptdnet,6,0.4,0.8050112427360343,0.7712886351302417,0.8837820091923835,0.0,3.0594765000000734,0.008855500000208849,0.8809024134312696,0.8237428719543806,0.9999999927272728,0.0,0.1349081012591167,678.0,0.1259181532004197,0.6000143853844494,lastfm_seed6_ptdnet.json
lastfm,ptdnet,PTDNet,ptdnet,6,0.5,0.8004698410662356,0.7820472120204875,0.8759028233749179,0.0,3.0594765000000734,0.0064381249999314605,0.7885624344176285,0.7366511145671333,0.9090909024793389,0.125,0.11228250967258128,1228.0,0.1854669464847849,0.5,lastfm_seed6_ptdnet.json
lastfm,ptdnet,PTDNet,ptdnet,6,0.6,0.7738904884612998,0.7138650792123843,0.8699934340118188,0.0,3.0594765000000734,0.29123604199980946,0.6722193074501573,0.647485743908761,0.9090909024793389,0.125,0.08930139435784029,1940.0,0.2559024134312697,0.3999856146155506,lastfm_seed6_ptdnet.json
lastfm,ptdnet,PTDNet,ptdnet,6,0.7,0.7902739822858825,0.730035489048225,0.8706500328299409,0.0,3.0594765000000734,0.39264058300000215,0.5169202518363064,0.5391394504924831,0.6363636317355372,0.3125,0.06732226072434495,2900.0,0.3508656873032529,0.3000071926922247,lastfm_seed6_ptdnet.json
lastfm,ptdnet,PTDNet,ptdnet,6,0.8,0.7356508298923238,0.7122956910494805,0.8371634931057124,0.0,3.0594765000000734,0.05073654200009514,0.34024134312696747,0.40072576464489373,0.4999999963636364,0.4375,0.05024220389425461,4175.0,0.4888509968520462,0.1999928073077753,lastfm_seed6_ptdnet.json
lastfm,ptdnet,PTDNet,ptdnet,6,0.9,0.7048619286656934,0.6939687399804122,0.8299409061063691,0.0,3.0594765000000734,0.3347548750000442,0.1650052465897167,0.24209434940383617,0.3636363609917356,0.5625,0.026951769194531964,5576.0,0.6799580272822665,0.1000143853844494,lastfm_seed6_ptdnet.json
lastfm,ptdnet,PTDNet,ptdnet,7,0.1,0.8043836735247704,0.8113947682644937,0.8949441891004596,0.0,2.4409590830000525,0.0096870420002233,0.9904249737670514,0.9714878175220322,0.9999999927272728,0.0,0.19085694266659764,64.0,0.011673662119622246,0.8999856146155506,lastfm_seed7_ptdnet.json
lastfm,ptdnet,PTDNet,ptdnet,7,0.2,0.8205485965409083,0.8241504068179419,0.8995403808273145,0.0,2.4409590830000525,0.009911582999848179,0.9769150052465897,0.933644375324002,0.9999999927272728,0.0,0.17089317158686934,156.0,0.03751311647429171,0.8000071926922246,lastfm_seed7_ptdnet.json
lastfm,ptdnet,PTDNet,ptdnet,7,0.3,0.8130878872123091,0.7976803555515147,0.8956007879185818,0.0,2.4409590830000525,0.02726337500007503,0.9580272822665268,0.8989113530326595,0.9999999927272728,0.0,0.15195970234557904,272.0,0.07214060860440713,0.6999928073077754,lastfm_seed7_ptdnet.json
lastfm,ptdnet,PTDNet,ptdnet,7,0.4,0.8012107955706885,0.8100647870876412,0.8837820091923835,0.0,2.4409590830000525,0.26768366699980106,0.9087093389296957,0.8372213582166926,0.9999999927272728,0.0,0.13578332573840848,525.0,0.1184417628541448,0.6000143853844494,lastfm_seed7_ptdnet.json
lastfm,ptdnet,PTDNet,ptdnet,7,0.5,0.7951458267771955,0.8107637000103617,0.8778726198292843,0.0,2.4409590830000525,0.5029521669998758,0.8353882476390346,0.7667185069984448,0.9545454476033058,0.0625,0.11566342058900721,948.0,0.17405561385099685,0.5,lastfm_seed7_ptdnet.json
lastfm,ptdnet,PTDNet,ptdnet,7,0.6,0.7957634561132354,0.7946741213989468,0.8693368351936966,0.0,2.4409590830000525,0.4859321250000903,0.7137985309548793,0.6863659927423535,0.7272727219834711,0.1875,0.09146694854551225,1598.0,0.24711437565582373,0.3999856146155506,lastfm_seed7_ptdnet.json
lastfm,ptdnet,PTDNet,ptdnet,7,0.7,0.7492197767582169,0.7643080890136926,0.8411030860144452,0.0,2.4409590830000525,0.2385405410000203,0.5393494228751312,0.5671332296526698,0.5909090866115703,0.3125,0.07146858881655031,2652.0,0.34024134312696747,0.3000071926922247,lastfm_seed7_ptdnet.json
lastfm,ptdnet,PTDNet,ptdnet,7,0.8,0.750771222417733,0.7447799403205453,0.8371634931057124,0.0,2.4409590830000525,0.3401305830002457,0.3136149003147954,0.42198030067392434,0.5454545414876033,0.375,0.051167543249280245,4067.0,0.47796432318992654,0.1999928073077753,lastfm_seed7_ptdnet.json
lastfm,ptdnet,PTDNet,ptdnet,7,0.9,0.6746074908261036,0.6795786747946135,0.8161523309258043,0.0,2.4409590830000525,0.29968062499983716,0.14926547743966423,0.23691031622602385,0.3636363609917356,0.5625,0.028833769317203557,5717.0,0.6988457502623295,0.1000143853844494,lastfm_seed7_ptdnet.json
lastfm,ptdnet,PTDNet,ptdnet,8,0.1,0.791112103551255,0.8200918037304176,0.8772160210111621,0.0,1.8301170839995393,0.00707529200008139,0.9908184679958028,0.9683773976153447,0.9999999927272728,0.0,0.19198881660382666,66.0,0.013378803777544596,0.8999856146155506,lastfm_seed8_ptdnet.json
lastfm,ptdnet,PTDNet,ptdnet,8,0.2,0.7853341423746336,0.7980847949204032,0.8752462245567958,0.0,1.8301170839995393,0.007071834000271338,0.9756033578174187,0.9300155520995335,0.9999999927272728,0.0,0.17232535560091317,166.0,0.04328436516264428,0.8000071926922246,lastfm_seed8_ptdnet.json
lastfm,ptdnet,PTDNet,ptdnet,8,0.3,0.7892329125325322,0.8005279547883922,0.8732764281024294,0.0,1.8301170839995393,0.008694334000210802,0.9454354669464848,0.8895800933125972,0.9999999927272728,0.0,0.15471843028514418,327.0,0.08001049317943337,0.6999928073077754,lastfm_seed8_ptdnet.json
lastfm,ptdnet,PTDNet,ptdnet,8,0.4,0.7672951926709208,0.7991341199584165,0.8693368351936966,0.0,1.8301170839995393,0.008345125000232656,0.8892969569779643,0.8164852255054432,0.9090909024793389,0.125,0.1338005732376066,667.0,0.12473767051416579,0.6000143853844494,lastfm_seed8_ptdnet.json
lastfm,ptdnet,PTDNet,ptdnet,8,0.5,0.7812701459189867,0.8026690328421393,0.8634274458305975,0.0,1.8301170839995393,0.006212082999809354,0.7997114375655824,0.7433903576982893,0.9090909024793389,0.125,0.11344022029100044,1165.0,0.181794333683106,0.5,lastfm_seed8_ptdnet.json
lastfm,ptdnet,PTDNet,ptdnet,8,0.6,0.7429124291536547,0.7764198916927016,0.8502954694681549,0.0,1.8301170839995393,0.006710124999699474,0.6772035676810073,0.6609642301710731,0.863636357355372,0.125,0.08791531205230962,1891.0,0.2539349422875131,0.3999856146155506,lastfm_seed8_ptdnet.json
lastfm,ptdnet,PTDNet,ptdnet,8,0.7,0.7438171150371049,0.7534209529508599,0.8371634931057124,0.0,1.8301170839995393,0.005858874999830732,0.525183630640084,0.5443234836702955,0.6363636317355372,0.25,0.07079466427514737,2905.0,0.35204616998950683,0.3000071926922247,lastfm_seed8_ptdnet.json
lastfm,ptdnet,PTDNet,ptdnet,8,0.8,0.7010193918841795,0.696342995463634,0.8240315167432699,0.0,1.8301170839995393,0.009177583000564482,0.30417103882476393,0.39813374805598756,0.4999999963636364,0.375,0.051231993863164974,4260.0,0.49147429171038826,0.1999928073077753,lastfm_seed8_ptdnet.json
lastfm,ptdnet,PTDNet,ptdnet,8,0.9,0.5943154968839175,0.6172636958565803,0.7912015758371634,0.0,1.8301170839995393,0.005872165999790013,0.15621720881427073,0.21980300673924313,0.3636363609917356,0.5625,0.028593151368513172,5779.0,0.7149790136411333,0.1000143853844494,lastfm_seed8_ptdnet.json
lastfm,ptdnet,PTDNet,ptdnet,9,0.1,0.7694065022211807,0.8034202337420852,0.8811556139198949,0.0,2.0370803329997216,0.008167667000634538,0.9889821615949633,0.9673405909797823,0.9999999927272728,0.0,0.18750912030206193,73.0,0.017182581322140608,0.8999856146155506,lastfm_seed9_ptdnet.json
lastfm,ptdnet,PTDNet,ptdnet,9,0.2,0.7698665157071597,0.7975295064061376,0.8726198292843073,0.0,2.0370803329997216,0.011061666999921727,0.9686516264428122,0.9123898392949715,0.9999999927272728,0.0,0.1664315788265987,203.0,0.03659496327387198,0.8000071926922246,lastfm_seed9_ptdnet.json
lastfm,ptdnet,PTDNet,ptdnet,9,0.3,0.7912027110543449,0.8158540004702035,0.8844386080105056,0.0,2.0370803329997216,0.008331084000019473,0.9493704092339978,0.87817522032141,0.9999999927272728,0.0,0.14628540661108327,333.0,0.06453305351521511,0.6999928073077754,lastfm_seed9_ptdnet.json
lastfm,ptdnet,PTDNet,ptdnet,9,0.4,0.7811013766413573,0.8131524084336177,0.8778726198292843,0.0,2.0370803329997216,0.008430166999460198,0.9112014690451207,0.8392949714878175,0.9999999927272728,0.0,0.12449817189355296,538.0,0.10112801678908709,0.6000143853844494,lastfm_seed9_ptdnet.json
lastfm,ptdnet,PTDNet,ptdnet,9,0.5,0.783195014501289,0.8124944431032872,0.8752462245567958,0.0,2.0370803329997216,0.00839737500064075,0.8466684155299056,0.773976153447382,0.8181818122314051,0.125,0.10728488984835687,886.0,0.15359391395592864,0.5,lastfm_seed9_ptdnet.json
lastfm,ptdnet,PTDNet,ptdnet,9,0.6,0.776660856502394,0.8026407187234698,0.8693368351936966,0.0,2.0370803329997216,0.01270325000041339,0.75,0.7003628823224468,0.7727272671074381,0.1875,0.0926930351762174,1440.0,0.21642182581322142,0.3999856146155506,lastfm_seed9_ptdnet.json
lastfm,ptdnet,PTDNet,ptdnet,9,0.7,0.7570387943892549,0.7738511605762888,0.855548260013132,0.0,2.0370803329997216,0.009222458000294864,0.6108342077649528,0.5966822187662001,0.6818181768595042,0.1875,0.07624569115089723,2242.0,0.3044333683105981,0.3000071926922247,lastfm_seed9_ptdnet.json
lastfm,ptdnet,PTDNet,ptdnet,9,0.8,0.7416456408653299,0.7440400296422816,0.8404464871963231,0.0,2.0370803329997216,0.00907541700053116,0.4087093389296957,0.4525660964230171,0.5454545414876033,0.3125,0.05475387095650337,3449.0,0.4257607555089192,0.1999928073077753,lastfm_seed9_ptdnet.json
lastfm,ptdnet,PTDNet,ptdnet,9,0.9,0.6877001750887116,0.6655162098523708,0.8227183191070256,0.0,2.0370803329997216,0.009235999999873457,0.09916054564533054,0.2763089683773976,0.45454545123966944,0.4375,0.026377897708564024,5261.0,0.6044071353620147,0.1000143853844494,lastfm_seed9_ptdnet.json
lastfm,random,Random,random,0,0.1,0.8334715283372492,0.8100344046989065,0.9001969796454367,0.0,0.0240409580000005,0.12448779200000004,0.9678646379853095,0.8989113530326595,0.9999999927272728,0.0,0.19272611924857372,215.0,0.03475865687303253,0.8999856146155506,lastfm_seed0_random.json
lastfm,random,Random,random,0,0.2,0.8078204244706391,0.7755391512780508,0.8831254103742613,0.0,0.0240409580000005,0.28466833300000083,0.9345487932843651,0.8030067392431312,0.863636357355372,0.0625,0.16096861167437387,442.0,0.07358342077649528,0.8000071926922246,lastfm_seed0_random.json
lastfm,random,Random,random,0,0.3,0.792427567387176,0.7637860248620243,0.8772160210111621,0.0,0.0240409580000005,0.03207316700000007,0.8938877229800629,0.7081389320891653,0.6818181768595042,0.25,0.13459540391952793,715.0,0.11070304302203568,0.6999928073077754,lastfm_seed0_random.json
lastfm,random,Random,random,0,0.4,0.7610492621404782,0.7277074814659987,0.8640840446487197,0.0,0.0240409580000005,0.015330583000000786,0.8452256033578174,0.6106791083462935,0.6818181768595042,0.25,0.10616073255380251,1045.0,0.15949632738719832,0.6000143853844494,lastfm_seed0_random.json
lastfm,random,Random,random,0,0.5,0.7540525428958307,0.7180970269525235,0.8581746552856205,0.0,0.0240409580000005,0.015900041999998393,0.7862014690451207,0.49818558838776567,0.5909090866115703,0.25,0.0794820589646818,1461.0,0.21406086044071354,0.5,lastfm_seed0_random.json
lastfm,random,Random,random,0,0.6,0.7034054780987615,0.7073900777073105,0.8378200919238346,0.0,0.0240409580000005,0.01320525000000572,0.7014690451206715,0.3929497148781752,0.4999999963636364,0.375,0.0545456040449883,1985.0,0.2814795383001049,0.3999856146155506,lastfm_seed0_random.json
lastfm,random,Random,random,0,0.7,0.6809817936839824,0.6725491044029488,0.8332239001969797,0.0,0.0240409580000005,0.12294745799999873,0.6032266526757608,0.29341627786417834,0.40909090611570254,0.5,0.033219837546534355,2657.0,0.36686778593913955,0.3000071926922247,lastfm_seed0_random.json
lastfm,random,Random,random,0,0.8,0.6728848346039833,0.6667412682088965,0.8135259356533159,0.0,0.0240409580000005,0.21439474999999675,0.4489769150052466,0.1902540176257128,0.1818181804958678,0.75,0.016126428358152006,3647.0,0.47507869884575027,0.1999928073077753,lastfm_seed0_random.json
lastfm,random,Random,random,0,0.9,0.6038421854181324,0.6196315652612475,0.7813525935653316,0.0,0.0240409580000005,0.21228550000000723,0.2130115424973767,0.09383100051840332,0.13636363537190083,0.8125,0.003801168783061642,5172.0,0.6208027282266527,0.1000143853844494,lastfm_seed0_random.json
lastfm,random,Random,random,1,0.1,0.7990863032443553,0.8077581051669094,0.8837820091923835,0.0,0.007763249999925392,0.1665741250001247,0.9691762854144806,0.8994297563504406,0.9999999927272728,0.0,0.19026243367088366,212.0,0.03633263378803778,0.8999856146155506,lastfm_seed1_random.json
lastfm,random,Random,random,1,0.2,0.760109507221749,0.7705491679907421,0.8759028233749179,0.0,0.007763249999925392,0.30025283300005867,0.9311385099685204,0.7864178330741317,0.7727272671074381,0.1875,0.1618846233783168,468.0,0.07253410283315845,0.8000071926922246,lastfm_seed1_random.json
lastfm,random,Random,random,1,0.3,0.7642779782285589,0.7811173002583507,0.8614576493762311,0.0,0.007763249999925392,0.21839129199997842,0.8902151101783841,0.6879212026956972,0.5454545414876033,0.375,0.1308414998554296,747.0,0.11162119622245541,0.6999928073077754,lastfm_seed1_random.json
lastfm,random,Random,random,1,0.4,0.7374486599432779,0.7653522664798502,0.8614576493762311,0.0,0.007763249999925392,0.2247620000000552,0.8385362014690452,0.5821669258683255,0.4999999963636364,0.4375,0.10315301820022982,1098.0,0.16290661070304302,0.6000143853844494,lastfm_seed1_random.json
lastfm,random,Random,random,1,0.5,0.7384292704509912,0.7664598125707527,0.8529218647406435,0.0,0.007763249999925392,0.33103025000013986,0.7775445960125918,0.4857439087610161,0.40909090611570254,0.5,0.07640041723153401,1503.0,0.21747114375655824,0.5,lastfm_seed1_random.json
lastfm,random,Random,random,1,0.6,0.7168789620858287,0.7211988324715605,0.8443860801050558,0.0,0.007763249999925392,0.3390835000000152,0.6991080797481637,0.3810264385692068,0.40909090611570254,0.5,0.05339129565945974,2024.0,0.2812172088142707,0.3999856146155506,lastfm_seed1_random.json
lastfm,random,Random,random,1,0.7,0.6965999192519292,0.725845602440367,0.824688115561392,0.0,0.007763249999925392,0.21111820800001624,0.5988982161594963,0.2809745982374287,0.27272727074380165,0.6875,0.032712482762546485,2695.0,0.3654249737670514,0.3000071926922247,lastfm_seed1_random.json
lastfm,random,Random,random,1,0.8,0.6759167704363926,0.6773725000084506,0.8128693368351937,0.0,0.007763249999925392,0.2557820840002023,0.4550104931794334,0.1855883877656817,0.22727272561983472,0.6875,0.015263086696314359,3620.0,0.4723242392444911,0.1999928073077753,lastfm_seed1_random.json
lastfm,random,Random,random,1,0.9,0.5954677430245695,0.5921303999385468,0.7859487852921865,0.0,0.007763249999925392,0.19623533300000418,0.20422350472193074,0.09331259720062209,0.13636363537190083,0.8125,0.005000479618985138,5123.0,0.6151626442812173,0.1000143853844494,lastfm_seed1_random.json
lastfm,random,Random,random,2,0.1,0.8081086509868394,0.7828764737768868,0.8857518056467498,0.0,0.0037572910000562842,0.013809874999878957,0.9698321091290661,0.9056505961638155,0.9090909024793389,0.0625,0.19009354778992224,199.0,0.03488982161594963,0.8999856146155506,lastfm_seed2_random.json
lastfm,random,Random,random,2,0.2,0.8054374458736014,0.7685065275558962,0.8778726198292843,0.0,0.0037572910000562842,0.20972708400040574,0.9359916054564533,0.8097459823742872,0.9090909024793389,0.0625,0.1575801418893925,430.0,0.06925498426023086,0.8000071926922246,lastfm_seed2_random.json
lastfm,random,Random,random,2,0.3,0.7665305378420951,0.7570683302259037,0.8634274458305975,0.0,0.0037572910000562842,0.08203341599983105,0.8921825813221406,0.7045101088646968,0.9090909024793389,0.0625,0.12874407217516118,730.0,0.11293284365162644,0.6999928073077754,lastfm_seed2_random.json
lastfm,random,Random,random,2,0.4,0.7694870473251467,0.7497525368067364,0.8614576493762311,0.0,0.0037572910000562842,0.23141245899978458,0.8445697796432319,0.6070502851218248,0.863636357355372,0.0625,0.10076826171839039,1046.0,0.15687303252885623,0.6000143853844494,lastfm_seed2_random.json
lastfm,random,Random,random,2,0.5,0.775303143137045,0.741337860434518,0.8575180564674983,0.0,0.0037572910000562842,0.052231665999897814,0.7767576075550892,0.48885432866770345,0.5909090866115703,0.25,0.07592033586603718,1497.0,0.2131427072402938,0.5,lastfm_seed2_random.json
lastfm,random,Random,random,2,0.6,0.6619227608178003,0.6778096873604487,0.8404464871963231,0.0,0.0037572910000562842,0.21966679100023612,0.7023871983210913,0.40176257128045617,0.5454545414876033,0.25,0.051684929229709124,1985.0,0.28292235047219305,0.3999856146155506,lastfm_seed2_random.json
lastfm,random,Random,random,2,0.7,0.7183583502618779,0.7042066373126721,0.8417596848325674,0.0,0.0037572910000562842,0.2008483750000778,0.6020461699895068,0.2892690513219285,0.3636363609917356,0.5,0.03246818766061767,2660.0,0.3683105981112277,0.3000071926922247,lastfm_seed2_random.json
lastfm,random,Random,random,2,0.8,0.6622598295523289,0.6279284227851041,0.8187787261982928,0.0,0.0037572910000562842,0.28940900000043257,0.4509443861490032,0.18973561430793157,0.13636363537190083,0.8125,0.01502773076080841,3628.0,0.4771773347324239,0.1999928073077753,lastfm_seed2_random.json
lastfm,random,Random,random,2,0.9,0.5935779914578364,0.6045292817225244,0.7951411687458962,0.0,0.0037572910000562842,0.3938352909999594,0.21694648478488981,0.09331259720062209,0.04545454512396695,0.9375,0.0037401461825798867,5131.0,0.6156873032528857,0.1000143853844494,lastfm_seed2_random.json
lastfm,random,Random,random,3,0.1,0.7691304671798744,0.8032788224839654,0.8791858174655286,0.0,0.0024222499996540137,0.10570204200030275,0.9715372507869885,0.8973561430793157,0.9090909024793389,0.0625,0.18989843980572516,207.0,0.034365162644281216,0.8999856146155506,lastfm_seed3_random.json
lastfm,random,Random,random,3,0.2,0.7678413170350997,0.7799554672273541,0.8759028233749179,0.0,0.0024222499996540137,0.2661996659999204,0.9379590766002098,0.8019699326075687,0.8181818122314051,0.125,0.16036808648213854,439.0,0.07187827911857293,0.8000071926922246,lastfm_seed3_random.json
lastfm,random,Random,random,3,0.3,0.7726230704204314,0.7882064206971973,0.8785292186474064,0.0,0.0024222499996540137,0.23785716600013984,0.8988719832109129,0.7019180922757906,0.6363636317355372,0.3125,0.1294049373455013,713.0,0.11385099685204617,0.6999928073077754,lastfm_seed3_random.json
lastfm,random,Random,random,3,0.4,0.776576918474373,0.767645594069416,0.8739330269205515,0.0,0.0024222499996540137,0.311634375000267,0.8528331584470095,0.6044582685329186,0.6363636317355372,0.3125,0.10478729187990672,1024.0,0.16080797481636935,0.6000143853844494,lastfm_seed3_random.json
lastfm,random,Random,random,3,0.5,0.753003455895074,0.7248555019789549,0.866053841103086,0.0,0.0024222499996540137,0.27916650000042864,0.791579223504722,0.5101088646967341,0.5909090866115703,0.375,0.08138473303891473,1429.0,0.213405036726128,0.5,lastfm_seed3_random.json
lastfm,random,Random,random,3,0.6,0.757089517500644,0.7374836710844253,0.8470124753775443,0.0,0.0024222499996540137,0.2165300409997144,0.710781741867786,0.4085018144116122,0.3181818158677686,0.625,0.05392972124948551,1954.0,0.27977439664218257,0.3999856146155506,lastfm_seed3_random.json
lastfm,random,Random,random,3,0.7,0.7589053623874608,0.7213738568928864,0.8456992777413,0.0,0.0024222499996540137,0.20995145799997772,0.6012591815320042,0.2944530844997408,0.22727272561983472,0.6875,0.03286129354323585,2666.0,0.36214585519412384,0.3000071926922247,lastfm_seed3_random.json
lastfm,random,Random,random,3,0.8,0.6763607609566519,0.655521246501841,0.8260013131976363,0.0,0.0024222499996540137,0.21237787500012928,0.43848373557187825,0.1933644375324002,0.13636363537190083,0.8125,0.014541233175938173,3656.0,0.4733735571878279,0.1999928073077753,lastfm_seed3_random.json
lastfm,random,Random,random,3,0.9,0.5661676981790068,0.5691510774827075,0.7912015758371634,0.0,0.0024222499996540137,0.1771984999995766,0.19543546694648478,0.09694142042509073,0.0909090902479339,0.875,0.003744264470974176,5147.0,0.6172612801678908,0.1000143853844494,lastfm_seed3_random.json
lastfm,random,Random,random,4,0.1,0.7972952293523161,0.8078976940859547,0.8923177938279712,0.0,0.001051791999998386,0.013482666000527388,0.9682581322140609,0.8916537065837221,0.9090909024793389,0.0625,0.18555827349124676,222.0,0.03449632738719832,0.8999856146155506,lastfm_seed4_random.json
lastfm,random,Random,random,4,0.2,0.7722561414625395,0.7755489488462708,0.8765594221930401,0.0,0.001051791999998386,0.008159375000104774,0.9341552990556139,0.7916018662519441,0.7727272671074381,0.1875,0.1547325185049698,457.0,0.07056663168940189,0.8000071926922246,lastfm_seed4_random.json
lastfm,random,Random,random,4,0.3,0.7714701943964443,0.7652201045604524,0.8804990151017729,0.0,0.001051791999998386,0.012600666000253113,0.8948058761804827,0.6956972524624158,0.6818181768595042,0.25,0.12911472120981787,731.0,0.1118835257082896,0.6999928073077754,lastfm_seed4_random.json
lastfm,random,Random,random,4,0.4,0.7465783156959823,0.7585281674030963,0.866053841103086,0.0,0.001051791999998386,0.009146874999714782,0.8437827911857293,0.6029030585795749,0.4999999963636364,0.5,0.09961654725142993,1051.0,0.1588405036726128,0.6000143853844494,lastfm_seed4_random.json
lastfm,random,Random,random,4,0.5,0.7114175331941677,0.7208039223951519,0.8502954694681549,0.0,0.001051791999998386,0.032706250000046566,0.7822665267576075,0.4997407983411094,0.3636363609917356,0.625,0.07504837782928776,1465.0,0.21392969569779643,0.5,lastfm_seed4_random.json
lastfm,random,Random,random,4,0.6,0.712092062767094,0.731769109210327,0.8509520682862771,0.0,0.001051791999998386,0.16735287499977858,0.7126180482686254,0.4048729911871436,0.3636363609917356,0.625,0.05116787369827425,1961.0,0.27793809024134314,0.3999856146155506,lastfm_seed4_random.json
lastfm,random,Random,random,4,0.7,0.6749078718276054,0.6891510861648485,0.8253447143795141,0.0,0.001051791999998386,0.006518292000691872,0.6027019937040924,0.31000518403317784,0.3181818158677686,0.6875,0.031705587604116195,2644.0,0.3681794333683106,0.3000071926922247,lastfm_seed4_random.json
lastfm,random,Random,random,4,0.8,0.633066364928236,0.6353415664452636,0.8161523309258043,0.0,0.001051791999998386,0.006656458000179555,0.45422350472193074,0.21358216692586832,0.22727272561983472,0.6875,0.013181993978994597,3618.0,0.4733735571878279,0.1999928073077753,lastfm_seed4_random.json
lastfm,random,Random,random,4,0.9,0.6067512539733539,0.6306198845754287,0.7997373604727511,0.0,0.001051791999998386,0.042973666999387206,0.2092077649527807,0.10938310005184033,0.1818181804958678,0.75,0.0038400575868982626,5117.0,0.6126705141657922,0.1000143853844494,lastfm_seed4_random.json
lastfm,random,Random,random,5,0.1,0.8178784214767683,0.785991109996475,0.8956007879185818,0.0,0.024041000000000423,0.1464631660000002,0.9717995802728226,0.9087610160705029,0.9545454476033058,0.0,0.18646286563197262,198.0,0.03580797481636936,0.8999856146155506,lastfm_seed5_random.json
lastfm,random,Random,random,5,0.2,0.794467816520084,0.7847185418426421,0.8824688115561392,0.0,0.024041000000000423,0.21669800000000095,0.9346799580272823,0.80248833592535,0.9090909024793389,0.0,0.15677146231359823,448.0,0.07253410283315845,0.8000071926922246,lastfm_seed5_random.json
lastfm,random,Random,random,5,0.3,0.7893991184846468,0.767848535393407,0.8844386080105056,0.0,0.024041000000000423,0.020383917000000196,0.8984784889821616,0.7102125453602903,0.7727272671074381,0.1875,0.13151263475343192,704.0,0.11385099685204617,0.6999928073077754,lastfm_seed5_random.json
lastfm,random,Random,random,5,0.4,0.7761714123168352,0.7667075623136074,0.8745896257386737,0.0,0.024041000000000423,0.013767999999998892,0.8470619097586569,0.6132711249351996,0.7272727219834711,0.1875,0.09995219158573321,1053.0,0.1651364113326338,0.6000143853844494,lastfm_seed5_random.json
lastfm,random,Random,random,5,0.5,0.75851315970171,0.7424615333236738,0.8693368351936966,0.0,0.024041000000000423,0.01914766699999859,0.7873819517313746,0.514256091238984,0.5909090866115703,0.3125,0.07479372546242634,1451.0,0.2203567681007345,0.5,lastfm_seed5_random.json
lastfm,random,Random,random,5,0.6,0.6532782847536915,0.6527582931075542,0.8430728824688115,0.0,0.024041000000000423,0.029634750000006704,0.7139296956977964,0.4121306376360809,0.5454545414876033,0.3125,0.0530050800003548,1940.0,0.28475865687303253,0.3999856146155506,lastfm_seed5_random.json
lastfm,random,Random,random,5,0.7,0.7190062483196282,0.6738998499236517,0.8365068942875903,0.0,0.024041000000000423,0.1051795419999948,0.6015215110178384,0.31259720062208396,0.45454545123966944,0.4375,0.03146789796654504,2642.0,0.3651626442812172,0.3000071926922247,lastfm_seed5_random.json
lastfm,random,Random,random,5,0.8,0.6704393721970776,0.6019577952868794,0.8325673013788575,0.0,0.024041000000000423,0.282854915999998,0.4475341028331584,0.20165889061689996,0.27272727074380165,0.6875,0.014619748481410533,3625.0,0.47179958027282265,0.1999928073077753,lastfm_seed5_random.json
lastfm,random,Random,random,5,0.9,0.5543607011031503,0.5371920653456664,0.7859487852921865,0.0,0.024041000000000423,0.15003479199999958,0.20448583420776495,0.10679108346293416,0.13636363537190083,0.8125,0.0031624892794727996,5122.0,0.6159496327387198,0.1000143853844494,lastfm_seed5_random.json
lastfm,random,Random,random,6,0.1,0.8266326870037052,0.7661956230671199,0.9001969796454367,0.0,0.008044791999964218,0.07559283299997333,0.9746852046169989,0.9129082426127527,0.9090909024793389,0.125,0.18937800122486248,177.0,0.03580797481636936,0.8999856146155506,lastfm_seed6_random.json
lastfm,random,Random,random,6,0.2,0.8166232314021751,0.7798958549683989,0.8883782009192384,0.0,0.008044791999964218,0.3108846249999715,0.9403200419727177,0.813893208916537,0.863636357355372,0.125,0.15771283043440457,413.0,0.07214060860440713,0.8000071926922246,lastfm_seed6_random.json
lastfm,random,Random,random,6,0.3,0.7884862250850387,0.7305333102051168,0.8837820091923835,0.0,0.008044791999964218,0.2747137080000357,0.8949370409233998,0.6993260756868844,0.7272727219834711,0.125,0.12886300649539084,719.0,0.11162119622245541,0.6999928073077754,lastfm_seed6_random.json
lastfm,random,Random,random,6,0.4,0.7743787984868846,0.7446385647126614,0.8739330269205515,0.0,0.008044791999964218,0.266254083999911,0.8474554039874082,0.6054950751684811,0.6363636317355372,0.1875,0.10122255176307945,1043.0,0.1581846799580273,0.6000143853844494,lastfm_seed6_random.json
lastfm,random,Random,random,6,0.5,0.7883640653978534,0.7304758358786813,0.8680236375574524,0.0,0.008044791999964218,0.2676866249998966,0.7848898216159497,0.5018144116122343,0.40909090611570254,0.5,0.07596201225163739,1461.0,0.21497901364113325,0.5,lastfm_seed6_random.json
lastfm,random,Random,random,6,0.6,0.7305581214751089,0.7085271884740075,0.8535784635587655,0.0,0.008044791999964218,0.331460707999895,0.7103882476390346,0.4022809745982374,0.3636363609917356,0.5625,0.05397798435477107,1973.0,0.28292235047219305,0.3999856146155506,lastfm_seed6_random.json
lastfm,random,Random,random,6,0.7,0.7167971559090475,0.6766370527857588,0.8371634931057124,0.0,0.008044791999964218,0.17187858300007974,0.6045383001049318,0.30430274753758424,0.3636363609917356,0.5625,0.03344299196473871,2666.0,0.36621196222455404,0.3000071926922247,lastfm_seed6_random.json
lastfm,random,Random,random,6,0.8,0.6557275534462802,0.5986810745330499,0.8174655285620486,0.0,0.008044791999964218,0.3614865000001828,0.4689139559286464,0.2130637636080871,0.27272727074380165,0.6875,0.01774633850823569,3590.0,0.47166841552990557,0.1999928073077753,lastfm_seed6_random.json
lastfm,random,Random,random,6,0.9,0.6038651277963465,0.5558324987582933,0.8017071569271176,0.0,0.008044791999964218,0.057080333999920185,0.2098635886673662,0.09227579056505962,0.13636363537190083,0.875,0.003205063384587998,5131.0,0.6142444910807975,0.1000143853844494,lastfm_seed6_random.json
lastfm,random,Random,random,7,0.1,0.8115757955935312,0.8179333795965003,0.8942875902823375,0.0,0.006210500000179309,0.0321673749999718,0.9678646379853095,0.8932089165370658,0.9090909024793389,0.0,0.189922988953508,217.0,0.033971668415529906,0.8999856146155506,lastfm_seed7_random.json
lastfm,random,Random,random,7,0.2,0.7983127644946408,0.7796817307365864,0.8923177938279712,0.0,0.006210500000179309,0.2900341249996927,0.9316631689401889,0.7983411093831001,0.8181818122314051,0.125,0.1605554880791926,456.0,0.07266526757607555,0.8000071926922246,lastfm_seed7_random.json
lastfm,random,Random,random,7,0.3,0.7850644982745754,0.7749333922423781,0.8811556139198949,0.0,0.006210500000179309,0.290252541999962,0.887722980062959,0.6920684292379471,0.7727272671074381,0.125,0.1315526024417538,753.0,0.11293284365162644,0.6999928073077754,lastfm_seed7_random.json
lastfm,random,Random,random,7,0.4,0.7864379787248407,0.7739419717371115,0.8693368351936966,0.0,0.006210500000179309,0.31765712500009613,0.838405036726128,0.5904613789528252,0.6818181768595042,0.1875,0.1039083300106486,1091.0,0.16316894018887723,0.6000143853844494,lastfm_seed7_random.json
lastfm,random,Random,random,7,0.5,0.767281219650846,0.7596593672047687,0.8621142481943532,0.0,0.006210500000179309,0.27855825000006007,0.7808237145855194,0.4987039917055469,0.45454545123966944,0.5,0.07980936319234354,1481.0,0.21694648478488981,0.5,lastfm_seed7_random.json
lastfm,random,Random,random,7,0.6,0.7215868018627516,0.7137736914234835,0.8463558765594222,0.0,0.006210500000179309,0.2147677909997583,0.7056663168940189,0.39450492483151894,0.3181818158677686,0.6875,0.057225029298008157,1993.0,0.280299055613851,0.3999856146155506,lastfm_seed7_random.json
lastfm,random,Random,random,7,0.7,0.6955725990893885,0.6661118044958124,0.8305975049244911,0.0,0.006210500000179309,0.2760047090000626,0.6061122770199371,0.30430274753758424,0.3181818158677686,0.6875,0.03248424386908818,2648.0,0.3650314795383001,0.3000071926922247,lastfm_seed7_random.json
lastfm,random,Random,random,7,0.8,0.6526094122052286,0.6395325771460854,0.8076165462902167,0.0,0.006210500000179309,0.28470570800027417,0.4568467995802728,0.21513737687921203,0.0909090902479339,0.875,0.014274128343638996,3605.0,0.4758656873032529,0.1999928073077753,lastfm_seed7_random.json
lastfm,random,Random,random,7,0.9,0.5861802589593984,0.6196402808621428,0.7800393959290873,0.0,0.006210500000179309,0.40691149999975096,0.22179958027282268,0.11456713322965267,0.04545454512396695,0.9375,0.0031899840112316422,5093.0,0.6158184679958028,0.1000143853844494,lastfm_seed7_random.json
lastfm,random,Random,random,8,0.1,0.7392777365898029,0.7673328637793326,0.8693368351936966,0.0,0.007149874999868189,0.16695629200012263,0.9698321091290661,0.9009849663037843,0.9090909024793389,0.0625,0.18886256587214637,204.0,0.035676810073452254,0.8999856146155506,lastfm_seed8_random.json
lastfm,random,Random,random,8,0.2,0.7255412972839019,0.7412149891300438,0.8614576493762311,0.0,0.007149874999868189,0.1454048329997022,0.9311385099685204,0.7916018662519441,0.7727272671074381,0.1875,0.15805336799123548,469.0,0.07358342077649528,0.8000071926922246,lastfm_seed8_random.json
lastfm,random,Random,random,8,0.3,0.7469333786869462,0.7182962374989816,0.860801050558109,0.0,0.007149874999868189,0.4083322500000577,0.8891657922350472,0.6894764126490409,0.6818181768595042,0.1875,0.12866936269318055,753.0,0.11542497376705142,0.6999928073077754,lastfm_seed8_random.json
lastfm,random,Random,random,8,0.4,0.7065697069572827,0.6944677586906646,0.8443860801050558,0.0,0.007149874999868189,0.12436370800014629,0.8397166841552991,0.5997926386728875,0.6363636317355372,0.25,0.1015418952247995,1076.0,0.1651364113326338,0.6000143853844494,lastfm_seed8_random.json
lastfm,random,Random,random,8,0.5,0.6608262826519941,0.7109361912296611,0.824688115561392,0.0,0.007149874999868189,0.25778725000009217,0.7804302203567681,0.5152928978745464,0.4999999963636364,0.375,0.07574498285749531,1473.0,0.22088142707240294,0.5,lastfm_seed8_random.json
lastfm,random,Random,random,8,0.6,0.6523893555371217,0.6749808322053604,0.8233749179251477,0.0,0.007149874999868189,0.28051875000028303,0.7103882476390346,0.4105754276827372,0.40909090611570254,0.5,0.05367911079382134,1977.0,0.28593913955928646,0.3999856146155506,lastfm_seed8_random.json
lastfm,random,Random,random,8,0.7,0.6231390472836389,0.6847313100762215,0.8122127380170716,0.0,0.007149874999868189,0.09677566700020179,0.5988982161594963,0.3141524105754277,0.40909090611570254,0.5,0.03233370056055666,2651.0,0.36555613850996854,0.3000071926922247,lastfm_seed8_random.json
lastfm,random,Random,random,8,0.8,0.5949162947389105,0.6117702969734855,0.8017071569271176,0.0,0.007149874999868189,0.23421545899964258,0.4518625393494229,0.21513737687921203,0.27272727074380165,0.625,0.014742385819151913,3587.0,0.4732423924449108,0.1999928073077753,lastfm_seed8_random.json
lastfm,random,Random,random,8,0.9,0.5670483458295263,0.6239246328222515,0.7866053841103086,0.0,0.007149874999868189,0.2823776249997536,0.20842077649527807,0.10938310005184033,0.1818181804958678,0.75,0.004103640497505972,5132.0,0.6159496327387198,0.1000143853844494,lastfm_seed8_random.json
lastfm,random,Random,random,9,0.1,0.7708280121438196,0.8166675027803072,0.8765594221930401,0.0,0.0010865829999602283,0.011057624999921245,0.9707502623294858,0.9061689994815967,0.9999999927272728,0.0,0.18854623802780945,196.0,0.03462749213011543,0.8999856146155506,lastfm_seed9_random.json
lastfm,random,Random,random,9,0.2,0.7683277942448825,0.7967911047844122,0.8752462245567958,0.0,0.0010865829999602283,0.008478249999825493,0.9367785939139559,0.813893208916537,0.863636357355372,0.1875,0.15814778785892303,432.0,0.06951731374606505,0.8000071926922246,lastfm_seed9_random.json
lastfm,random,Random,random,9,0.3,0.7539439721378426,0.7766149908115607,0.8601444517399869,0.0,0.0010865829999602283,0.007172042000092915,0.8958551941238195,0.709694142042509,0.7727272671074381,0.3125,0.12897296110227127,707.0,0.11083420776495279,0.6999928073077754,lastfm_seed9_random.json
lastfm,random,Random,random,9,0.4,0.7513806685283204,0.7742082772096405,0.8614576493762311,0.0,0.0010865829999602283,0.009850792000179354,0.8452256033578174,0.60082944530845,0.6818181768595042,0.375,0.10442752631673274,1062.0,0.15792235047219308,0.6000143853844494,lastfm_seed9_random.json
lastfm,random,Random,random,9,0.5,0.7419517215235193,0.7541064993609058,0.8489822718319107,0.0,0.0010865829999602283,0.01339479200032656,0.7883001049317944,0.49922239502332816,0.4999999963636364,0.5,0.07863878025342773,1453.0,0.213405036726128,0.5,lastfm_seed9_random.json
lastfm,random,Random,random,9,0.6,0.7101727086462302,0.7456925057438227,0.8404464871963231,0.0,0.0010865829999602283,0.010859499999241962,0.7103882476390346,0.3976153447382063,0.40909090611570254,0.625,0.05616620603054643,1979.0,0.2809548793284365,0.3999856146155506,lastfm_seed9_random.json
lastfm,random,Random,random,9,0.7,0.6729054598348782,0.6764727825999306,0.8286277084701248,0.0,0.0010865829999602283,0.007693374999689695,0.6013903462749213,0.2944530844997408,0.3181818158677686,0.75,0.03192743411579379,2679.0,0.3651626442812172,0.3000071926922247,lastfm_seed9_random.json
lastfm,random,Random,random,9,0.8,0.6371870267193058,0.6465144124506719,0.8049901510177282,0.0,0.0010865829999602283,0.09456445800060465,0.4567156348373557,0.19906687402799378,0.22727272561983472,0.8125,0.015223124355272902,3618.0,0.473504721930745,0.1999928073077753,lastfm_seed9_random.json
lastfm,random,Random,random,9,0.9,0.5517904902471458,0.5517322479156304,0.7774130006565988,0.0,0.0010865829999602283,0.006476583000221581,0.20487932843651627,0.09331259720062209,0.04545454512396695,0.9375,0.004863426997822539,5110.0,0.6168677859391396,0.1000143853844494,lastfm_seed9_random.json
lastfm,resistance_style_proxy,Resistance proxy,dspar,0,0.1,0.767995867349756,0.7458950826968245,0.860801050558109,0.0,0.15298437500000261,0.009109207999998148,0.7275708289611752,0.04510108864696734,0.13636363537190083,0.8125,0.20712121920074458,2077.0,0.27216684155299053,0.8999856146155506,lastfm_seed0_dspar.json
lastfm,resistance_style_proxy,Resistance proxy,dspar,0,0.2,0.7060791767572439,0.6797504947698353,0.8404464871963231,0.0,0.15298437500000261,0.12631558300000734,0.5737145855194123,0.0015552099533437014,0.04545454512396695,0.9375,0.17557552784435765,3248.0,0.4256295907660021,0.8000071926922246,lastfm_seed0_dspar.json
lastfm,resistance_style_proxy,Resistance proxy,dspar,0,0.3,0.5969359935416282,0.6076461191288877,0.8082731451083388,0.0,0.15298437500000261,0.13598000000000354,0.4660283315844701,0.0005184033177812338,0.0,1.0,0.15545832468066334,4072.0,0.5339716684155299,0.6999928073077754,lastfm_seed0_dspar.json
lastfm,resistance_style_proxy,Resistance proxy,dspar,0,0.4,0.5791071888178595,0.5986655258860688,0.7951411687458962,0.0,0.15298437500000261,0.20959366700000714,0.37644281217208814,0.0,0.0,1.0,0.13119932279659463,4755.0,0.6235571878279118,0.6000143853844494,lastfm_seed0_dspar.json
lastfm,resistance_style_proxy,Resistance proxy,dspar,0,0.5,0.5665108274126907,0.585098457140194,0.783322390019698,0.0,0.15298437500000261,0.2002797079999965,0.2972193074501574,0.0,0.0,1.0,0.11221982428835364,5359.0,0.7027806925498427,0.5,lastfm_seed0_dspar.json
lastfm,resistance_style_proxy,Resistance proxy,dspar,0,0.6,0.5132271776116712,0.5411223867497691,0.7623112278397899,0.0,0.15298437500000261,0.18665729100000306,0.23176810073452256,0.0,0.0,1.0,0.09373079242592082,5858.0,0.7682318992654774,0.3999856146155506,lastfm_seed0_dspar.json
lastfm,resistance_style_proxy,Resistance proxy,dspar,0,0.7,0.503930756743618,0.5169134087129791,0.7636244254760342,0.0,0.15298437500000261,0.24110104200001103,0.17274396642182582,0.0,0.0,1.0,0.076547952929521,6308.0,0.8272560335781742,0.3000071926922247,lastfm_seed0_dspar.json
lastfm,resistance_style_proxy,Resistance proxy,dspar,0,0.8,0.5113751998923388,0.5196559599483906,0.7636244254760342,0.0,0.15298437500000261,0.2522019999999827,0.11411332633788038,0.0,0.0,1.0,0.05601049913975483,6751.0,0.885099685204617,0.1999928073077753,lastfm_seed0_dspar.json
lastfm,resistance_style_proxy,Resistance proxy,dspar,0,0.9,0.4725444499868297,0.5043599059212045,0.7432698621142482,0.0,0.15298437500000261,0.28395054199998526,0.06361490031479539,0.0,0.0,1.0,0.03351000416071595,7140.0,0.9363850996852047,0.1000143853844494,lastfm_seed0_dspar.json
lastfm,resistance_style_proxy,Resistance proxy,dspar,1,0.1,0.7592948507991621,0.7652583732125178,0.8529218647406435,0.0,0.16740454099999624,0.015709000000015294,0.7275708289611752,0.04510108864696734,0.13636363537190083,0.8125,0.20712121920074458,2077.0,0.27216684155299053,0.8999856146155506,lastfm_seed1_dspar.json
lastfm,resistance_style_proxy,Resistance proxy,dspar,1,0.2,0.6096397641074963,0.6289373638851613,0.8200919238345371,0.0,0.16740454099999624,0.31218112499982453,0.5737145855194123,0.0015552099533437014,0.04545454512396695,0.9375,0.17557552784435765,3248.0,0.4256295907660021,0.8000071926922246,lastfm_seed1_dspar.json
lastfm,resistance_style_proxy,Resistance proxy,dspar,1,0.3,0.6446154274962228,0.6392867653575149,0.8122127380170716,0.0,0.16740454099999624,0.2848411249999572,0.4660283315844701,0.0005184033177812338,0.0,1.0,0.15545832468066334,4072.0,0.5339716684155299,0.6999928073077754,lastfm_seed1_dspar.json
lastfm,resistance_style_proxy,Resistance proxy,dspar,1,0.4,0.6134105448634786,0.6195953714964855,0.8003939592908733,0.0,0.16740454099999624,0.2652939160000187,0.37644281217208814,0.0,0.0,1.0,0.13119932279659463,4755.0,0.6235571878279118,0.6000143853844494,lastfm_seed1_dspar.json
lastfm,resistance_style_proxy,Resistance proxy,dspar,1,0.5,0.5702054078434775,0.5696224583034893,0.7866053841103086,0.0,0.16740454099999624,0.2818517499999871,0.2972193074501574,0.0,0.0,1.0,0.11221982428835364,5359.0,0.7027806925498427,0.5,lastfm_seed1_dspar.json
lastfm,resistance_style_proxy,Resistance proxy,dspar,1,0.6,0.562479840238522,0.546455309634709,0.7774130006565988,0.0,0.16740454099999624,0.4748055420000128,0.23176810073452256,0.0,0.0,1.0,0.09373079242592082,5858.0,0.7682318992654774,0.3999856146155506,lastfm_seed1_dspar.json
lastfm,resistance_style_proxy,Resistance proxy,dspar,1,0.7,0.5402559702613832,0.5149364241231481,0.7688772160210111,0.0,0.16740454099999624,0.5113787079999383,0.17274396642182582,0.0,0.0,1.0,0.076547952929521,6308.0,0.8272560335781742,0.3000071926922247,lastfm_seed1_dspar.json
lastfm,resistance_style_proxy,Resistance proxy,dspar,1,0.8,0.4834937420510255,0.49468329773114356,0.7655942219304005,0.0,0.16740454099999624,0.2401084590001119,0.11411332633788038,0.0,0.0,1.0,0.05601049913975483,6751.0,0.885099685204617,0.1999928073077753,lastfm_seed1_dspar.json
lastfm,resistance_style_proxy,Resistance proxy,dspar,1,0.9,0.4708823445550194,0.4964990457349843,0.7583716349310571,0.0,0.16740454099999624,0.2888085829999909,0.06361490031479539,0.0,0.0,1.0,0.03351000416071595,7140.0,0.9363850996852047,0.1000143853844494,lastfm_seed1_dspar.json
lastfm,resistance_style_proxy,Resistance proxy,dspar,2,0.1,0.7533308048534231,0.7435077387481429,0.8548916611950098,0.0,0.20043504200020834,0.011269290999734949,0.7275708289611752,0.04510108864696734,0.13636363537190083,0.8125,0.20712121920074458,2077.0,0.27216684155299053,0.8999856146155506,lastfm_seed2_dspar.json
lastfm,resistance_style_proxy,Resistance proxy,dspar,2,0.2,0.6777626981059967,0.6825239409340715,0.8273145108338805,0.0,0.20043504200020834,0.2603623750001134,0.5737145855194123,0.0015552099533437014,0.04545454512396695,0.9375,0.17557552784435765,3248.0,0.4256295907660021,0.8000071926922246,lastfm_seed2_dspar.json
lastfm,resistance_style_proxy,Resistance proxy,dspar,2,0.3,0.6471156138880243,0.6205399711989266,0.8200919238345371,0.0,0.20043504200020834,0.23710308399995483,0.4660283315844701,0.0005184033177812338,0.0,1.0,0.15545832468066334,4072.0,0.5339716684155299,0.6999928073077754,lastfm_seed2_dspar.json
lastfm,resistance_style_proxy,Resistance proxy,dspar,2,0.4,0.6177065807080613,0.5893584923062872,0.8017071569271176,0.0,0.20043504200020834,0.25301954199994725,0.37644281217208814,0.0,0.0,1.0,0.13119932279659463,4755.0,0.6235571878279118,0.6000143853844494,lastfm_seed2_dspar.json
lastfm,resistance_style_proxy,Resistance proxy,dspar,2,0.5,0.5895943693365375,0.5432135338220663,0.7944845699277742,0.0,0.20043504200020834,0.3038267080000878,0.2972193074501574,0.0,0.0,1.0,0.11221982428835364,5359.0,0.7027806925498427,0.5,lastfm_seed2_dspar.json
lastfm,resistance_style_proxy,Resistance proxy,dspar,2,0.6,0.5547624210589017,0.5165877759434991,0.788575180564675,0.0,0.20043504200020834,0.2757299579998289,0.23176810073452256,0.0,0.0,1.0,0.09373079242592082,5858.0,0.7682318992654774,0.3999856146155506,lastfm_seed2_dspar.json
lastfm,resistance_style_proxy,Resistance proxy,dspar,2,0.7,0.5548828459612891,0.5227514518117268,0.7820091923834537,0.0,0.20043504200020834,0.2910049170000093,0.17274396642182582,0.0,0.0,1.0,0.076547952929521,6308.0,0.8272560335781742,0.3000071926922247,lastfm_seed2_dspar.json
lastfm,resistance_style_proxy,Resistance proxy,dspar,2,0.8,0.49848295955280986,0.5028412861381159,0.778069599474721,0.0,0.20043504200020834,0.33407649999981004,0.11411332633788038,0.0,0.0,1.0,0.05601049913975483,6751.0,0.885099685204617,0.1999928073077753,lastfm_seed2_dspar.json
lastfm,resistance_style_proxy,Resistance proxy,dspar,2,0.9,0.478634355260535,0.4948680415590487,0.7655942219304005,0.0,0.20043504200020834,0.2236495840002135,0.06361490031479539,0.0,0.0,1.0,0.03351000416071595,7140.0,0.9363850996852047,0.1000143853844494,lastfm_seed2_dspar.json
lastfm,resistance_style_proxy,Resistance proxy,dspar,3,0.1,0.7090674212000789,0.6961428977711968,0.8502954694681549,0.0,0.13611716699961107,0.009912041000461613,0.7275708289611752,0.04510108864696734,0.13636363537190083,0.8125,0.20712121920074458,2077.0,0.27216684155299053,0.8999856146155506,lastfm_seed3_dspar.json
lastfm,resistance_style_proxy,Resistance proxy,dspar,3,0.2,0.6708619588196381,0.65391387284111,0.8391332895600788,0.0,0.13611716699961107,0.25457908299995324,0.5737145855194123,0.0015552099533437014,0.04545454512396695,0.9375,0.17557552784435765,3248.0,0.4256295907660021,0.8000071926922246,lastfm_seed3_dspar.json
lastfm,resistance_style_proxy,Resistance proxy,dspar,3,0.3,0.6187323472583771,0.5885690937106234,0.8168089297439265,0.0,0.13611716699961107,0.24180183399948874,0.4660283315844701,0.0005184033177812338,0.0,1.0,0.15545832468066334,4072.0,0.5339716684155299,0.6999928073077754,lastfm_seed3_dspar.json
lastfm,resistance_style_proxy,Resistance proxy,dspar,3,0.4,0.5901944440975461,0.5782936683218094,0.8076165462902167,0.0,0.13611716699961107,0.26698974999999336,0.37644281217208814,0.0,0.0,1.0,0.13119932279659463,4755.0,0.6235571878279118,0.6000143853844494,lastfm_seed3_dspar.json
lastfm,resistance_style_proxy,Resistance proxy,dspar,3,0.5,0.5381821205324786,0.5518065067405931,0.7918581746552856,0.0,0.13611716699961107,0.18236895900008676,0.2972193074501574,0.0,0.0,1.0,0.11221982428835364,5359.0,0.7027806925498427,0.5,lastfm_seed3_dspar.json
lastfm,resistance_style_proxy,Resistance proxy,dspar,3,0.6,0.5659280148875264,0.5311079264629905,0.7839789888378201,0.0,0.13611716699961107,0.24218687499978842,0.23176810073452256,0.0,0.0,1.0,0.09373079242592082,5858.0,0.7682318992654774,0.3999856146155506,lastfm_seed3_dspar.json
lastfm,resistance_style_proxy,Resistance proxy,dspar,3,0.7,0.5290111382792843,0.5314392824568339,0.7760998030203545,0.0,0.13611716699961107,0.18055499999991298,0.17274396642182582,0.0,0.0,1.0,0.076547952929521,6308.0,0.8272560335781742,0.3000071926922247,lastfm_seed3_dspar.json
lastfm,resistance_style_proxy,Resistance proxy,dspar,3,0.8,0.48707760294187324,0.4971199761232346,0.7734734077478661,0.0,0.13611716699961107,0.21360341600029642,0.11411332633788038,0.0,0.0,1.0,0.05601049913975483,6751.0,0.885099685204617,0.1999928073077753,lastfm_seed3_dspar.json
lastfm,resistance_style_proxy,Resistance proxy,dspar,3,0.9,0.48022598366012836,0.47259436984646147,0.7603414313854235,0.0,0.13611716699961107,0.2801273750001201,0.06361490031479539,0.0,0.0,1.0,0.03351000416071595,7140.0,0.9363850996852047,0.1000143853844494,lastfm_seed3_dspar.json
lastfm,resistance_style_proxy,Resistance proxy,dspar,4,0.1,0.7083544935681715,0.755083184109872,0.8470124753775443,0.0,0.012059458999829076,0.00790620800034958,0.7275708289611752,0.04510108864696734,0.13636363537190083,0.8125,0.20712121920074458,2077.0,0.27216684155299053,0.8999856146155506,lastfm_seed4_dspar.json
lastfm,resistance_style_proxy,Resistance proxy,dspar,4,0.2,0.6277876078526334,0.6888242006978672,0.8286277084701248,0.0,0.012059458999829076,0.00716212500083202,0.5737145855194123,0.0015552099533437014,0.04545454512396695,0.9375,0.17557552784435765,3248.0,0.4256295907660021,0.8000071926922246,lastfm_seed4_dspar.json
lastfm,resistance_style_proxy,Resistance proxy,dspar,4,0.3,0.6270980074079544,0.666277941712734,0.8115561391989494,0.0,0.012059458999829076,0.05351429199981794,0.4660283315844701,0.0005184033177812338,0.0,1.0,0.15545832468066334,4072.0,0.5339716684155299,0.6999928073077754,lastfm_seed4_dspar.json
lastfm,resistance_style_proxy,Resistance proxy,dspar,4,0.4,0.5689347330477539,0.614087965545987,0.7984241628365069,0.0,0.012059458999829076,0.0076197920006961795,0.37644281217208814,0.0,0.0,1.0,0.13119932279659463,4755.0,0.6235571878279118,0.6000143853844494,lastfm_seed4_dspar.json
lastfm,resistance_style_proxy,Resistance proxy,dspar,4,0.5,0.5503798455877447,0.5666813373026085,0.7872619829284307,0.0,0.012059458999829076,0.012093707999156322,0.2972193074501574,0.0,0.0,1.0,0.11221982428835364,5359.0,0.7027806925498427,0.5,lastfm_seed4_dspar.json
lastfm,resistance_style_proxy,Resistance proxy,dspar,4,0.6,0.5197882887761639,0.5450372372636744,0.7787261982928431,0.0,0.012059458999829076,0.01771466600075655,0.23176810073452256,0.0,0.0,1.0,0.09373079242592082,5858.0,0.7682318992654774,0.3999856146155506,lastfm_seed4_dspar.json
lastfm,resistance_style_proxy,Resistance proxy,dspar,4,0.7,0.4949909869483654,0.4962948446384542,0.7603414313854235,0.0,0.012059458999829076,0.006415042000298854,0.17274396642182582,0.0,0.0,1.0,0.076547952929521,6308.0,0.8272560335781742,0.3000071926922247,lastfm_seed4_dspar.json
lastfm,resistance_style_proxy,Resistance proxy,dspar,4,0.8,0.47845152169199057,0.5163767649037833,0.7695338148391333,0.0,0.012059458999829076,0.012519541999608919,0.11411332633788038,0.0,0.0,1.0,0.05601049913975483,6751.0,0.885099685204617,0.1999928073077753,lastfm_seed4_dspar.json
lastfm,resistance_style_proxy,Resistance proxy,dspar,4,0.9,0.48830959420922554,0.5379470510776396,0.7662508207485227,0.0,0.012059458999829076,0.030895416000021214,0.06361490031479539,0.0,0.0,1.0,0.03351000416071595,7140.0,0.9363850996852047,0.1000143853844494,lastfm_seed4_dspar.json
lastfm,resistance_style_proxy,Resistance proxy,dspar,5,0.1,0.7528747045918217,0.7380289276623396,0.8581746552856205,0.0,0.15031275000001187,0.008655916000009256,0.7275708289611752,0.04510108864696734,0.13636363537190083,0.8125,0.20712121920074458,2077.0,0.27216684155299053,0.8999856146155506,lastfm_seed5_dspar.json
lastfm,resistance_style_proxy,Resistance proxy,dspar,5,0.2,0.6985920353505599,0.6556630943357663,0.8345370978332239,0.0,0.15031275000001187,0.2616772500000053,0.5737145855194123,0.0015552099533437014,0.04545454512396695,0.9375,0.17557552784435765,3248.0,0.4256295907660021,0.8000071926922246,lastfm_seed5_dspar.json
lastfm,resistance_style_proxy,Resistance proxy,dspar,5,0.3,0.6526661574393684,0.6024413190920008,0.8207485226526592,0.0,0.15031275000001187,0.2561607499999923,0.4660283315844701,0.0005184033177812338,0.0,1.0,0.15545832468066334,4072.0,0.5339716684155299,0.6999928073077754,lastfm_seed5_dspar.json
lastfm,resistance_style_proxy,Resistance proxy,dspar,5,0.4,0.5978663549165755,0.557021702159321,0.8082731451083388,0.0,0.15031275000001187,0.22684279199999935,0.37644281217208814,0.0,0.0,1.0,0.13119932279659463,4755.0,0.6235571878279118,0.6000143853844494,lastfm_seed5_dspar.json
lastfm,resistance_style_proxy,Resistance proxy,dspar,5,0.5,0.5960604057104006,0.5687358727556714,0.7872619829284307,0.0,0.15031275000001187,0.14709504200000367,0.2972193074501574,0.0,0.0,1.0,0.11221982428835364,5359.0,0.7027806925498427,0.5,lastfm_seed5_dspar.json
lastfm,resistance_style_proxy,Resistance proxy,dspar,5,0.6,0.5142557546716943,0.5223647247969987,0.7787261982928431,0.0,0.15031275000001187,0.17266933399999118,0.23176810073452256,0.0,0.0,1.0,0.09373079242592082,5858.0,0.7682318992654774,0.3999856146155506,lastfm_seed5_dspar.json
lastfm,resistance_style_proxy,Resistance proxy,dspar,5,0.7,0.5333431192363997,0.5286320788133441,0.7760998030203545,0.0,0.15031275000001187,0.1792103749999967,0.17274396642182582,0.0,0.0,1.0,0.076547952929521,6308.0,0.8272560335781742,0.3000071926922247,lastfm_seed5_dspar.json
lastfm,resistance_style_proxy,Resistance proxy,dspar,5,0.8,0.5057622964636607,0.500518498647473,0.7728168089297439,0.0,0.15031275000001187,0.14547341700000516,0.11411332633788038,0.0,0.0,1.0,0.05601049913975483,6751.0,0.885099685204617,0.1999928073077753,lastfm_seed5_dspar.json
lastfm,resistance_style_proxy,Resistance proxy,dspar,5,0.9,0.48013516680979546,0.50605360672688,0.7642810242941562,0.0,0.15031275000001187,0.19814983400002006,0.06361490031479539,0.0,0.0,1.0,0.03351000416071595,7140.0,0.9363850996852047,0.1000143853844494,lastfm_seed5_dspar.json
lastfm,resistance_style_proxy,Resistance proxy,dspar,6,0.1,0.7618791024610221,0.7261641378750385,0.855548260013132,0.0,0.31341437500009306,0.022376832999952967,0.7275708289611752,0.04510108864696734,0.13636363537190083,0.8125,0.20712121920074458,2077.0,0.27216684155299053,0.8999856146155506,lastfm_seed6_dspar.json
lastfm,resistance_style_proxy,Resistance proxy,dspar,6,0.2,0.6570453553037416,0.6525127323429261,0.8312541037426132,0.0,0.31341437500009306,0.3135488750001514,0.5737145855194123,0.0015552099533437014,0.04545454512396695,0.9375,0.17557552784435765,3248.0,0.4256295907660021,0.8000071926922246,lastfm_seed6_dspar.json
lastfm,resistance_style_proxy,Resistance proxy,dspar,6,0.3,0.6004609288086123,0.5985964418676825,0.8122127380170716,0.0,0.31341437500009306,0.2997842499999024,0.4660283315844701,0.0005184033177812338,0.0,1.0,0.15545832468066334,4072.0,0.5339716684155299,0.6999928073077754,lastfm_seed6_dspar.json
lastfm,resistance_style_proxy,Resistance proxy,dspar,6,0.4,0.6057440876781476,0.565378890062056,0.81483913328956,0.0,0.31341437500009306,0.2396685419998903,0.37644281217208814,0.0,0.0,1.0,0.13119932279659463,4755.0,0.6235571878279118,0.6000143853844494,lastfm_seed6_dspar.json
lastfm,resistance_style_proxy,Resistance proxy,dspar,6,0.5,0.5738249536015743,0.5393264876313663,0.7971109652002626,0.0,0.31341437500009306,0.2443942090001201,0.2972193074501574,0.0,0.0,1.0,0.11221982428835364,5359.0,0.7027806925498427,0.5,lastfm_seed6_dspar.json
lastfm,resistance_style_proxy,Resistance proxy,dspar,6,0.6,0.5392150583239924,0.5218981032686348,0.7846355876559422,0.0,0.31341437500009306,0.2723449579998487,0.23176810073452256,0.0,0.0,1.0,0.09373079242592082,5858.0,0.7682318992654774,0.3999856146155506,lastfm_seed6_dspar.json
lastfm,resistance_style_proxy,Resistance proxy,dspar,6,0.7,0.5468472569874573,0.5252685639651387,0.7879185817465528,0.0,0.31341437500009306,0.34101974999998674,0.17274396642182582,0.0,0.0,1.0,0.076547952929521,6308.0,0.8272560335781742,0.3000071926922247,lastfm_seed6_dspar.json
lastfm,resistance_style_proxy,Resistance proxy,dspar,6,0.8,0.5044777863140433,0.4966418925729195,0.778069599474721,0.0,0.31341437500009306,0.2604740840001796,0.11411332633788038,0.0,0.0,1.0,0.05601049913975483,6751.0,0.885099685204617,0.1999928073077753,lastfm_seed6_dspar.json
lastfm,resistance_style_proxy,Resistance proxy,dspar,6,0.9,0.4780089013529836,0.4749968326693252,0.7662508207485227,0.0,0.31341437500009306,0.25267758300014975,0.06361490031479539,0.0,0.0,1.0,0.03351000416071595,7140.0,0.9363850996852047,0.1000143853844494,lastfm_seed6_dspar.json
lastfm,resistance_style_proxy,Resistance proxy,dspar,7,0.1,0.753462566082309,0.7541184941132841,0.8588312541037426,0.0,0.0790599580000162,0.008038083999963419,0.7275708289611752,0.04510108864696734,0.13636363537190083,0.8125,0.20712121920074458,2077.0,0.27216684155299053,0.8999856146155506,lastfm_seed7_dspar.json
lastfm,resistance_style_proxy,Resistance proxy,dspar,7,0.2,0.6750281919489037,0.6606636495626291,0.8365068942875903,0.0,0.0790599580000162,0.29419312499976513,0.5737145855194123,0.0015552099533437014,0.04545454512396695,0.9375,0.17557552784435765,3248.0,0.4256295907660021,0.8000071926922246,lastfm_seed7_dspar.json
lastfm,resistance_style_proxy,Resistance proxy,dspar,7,0.3,0.6042384240905596,0.6178629363945207,0.8115561391989494,0.0,0.0790599580000162,0.42023050000034345,0.4660283315844701,0.0005184033177812338,0.0,1.0,0.15545832468066334,4072.0,0.5339716684155299,0.6999928073077754,lastfm_seed7_dspar.json
lastfm,resistance_style_proxy,Resistance proxy,dspar,7,0.4,0.5937734355445676,0.6227096864978903,0.804333552199606,0.0,0.0790599580000162,0.25466295799969885,0.37644281217208814,0.0,0.0,1.0,0.13119932279659463,4755.0,0.6235571878279118,0.6000143853844494,lastfm_seed7_dspar.json
lastfm,resistance_style_proxy,Resistance proxy,dspar,7,0.5,0.5366560526163937,0.5726471764011511,0.7839789888378201,0.0,0.0790599580000162,0.2920003330000327,0.2972193074501574,0.0,0.0,1.0,0.11221982428835364,5359.0,0.7027806925498427,0.5,lastfm_seed7_dspar.json
lastfm,resistance_style_proxy,Resistance proxy,dspar,7,0.6,0.5162358191211482,0.5418205917647626,0.7747866053841103,0.0,0.0790599580000162,0.2354703750002045,0.23176810073452256,0.0,0.0,1.0,0.09373079242592082,5858.0,0.7682318992654774,0.3999856146155506,lastfm_seed7_dspar.json
lastfm,resistance_style_proxy,Resistance proxy,dspar,7,0.7,0.5200469474772638,0.5248109190067222,0.7642810242941562,0.0,0.0790599580000162,0.28492033300017283,0.17274396642182582,0.0,0.0,1.0,0.076547952929521,6308.0,0.8272560335781742,0.3000071926922247,lastfm_seed7_dspar.json
lastfm,resistance_style_proxy,Resistance proxy,dspar,7,0.8,0.49496146767034854,0.5186909483713161,0.7708470124753776,0.0,0.0790599580000162,0.10917437500029337,0.11411332633788038,0.0,0.0,1.0,0.05601049913975483,6751.0,0.885099685204617,0.1999928073077753,lastfm_seed7_dspar.json
lastfm,resistance_style_proxy,Resistance proxy,dspar,7,0.9,0.5022828159483299,0.5150572304260556,0.767564018384767,0.0,0.0790599580000162,0.2563791669999773,0.06361490031479539,0.0,0.0,1.0,0.03351000416071595,7140.0,0.9363850996852047,0.1000143853844494,lastfm_seed7_dspar.json
lastfm,resistance_style_proxy,Resistance proxy,dspar,8,0.1,0.7108684349665203,0.7528364680102481,0.8443860801050558,0.0,0.186620958000276,0.008942708000176935,0.7275708289611752,0.04510108864696734,0.13636363537190083,0.8125,0.20712121920074458,2077.0,0.27216684155299053,0.8999856146155506,lastfm_seed8_dspar.json
lastfm,resistance_style_proxy,Resistance proxy,dspar,8,0.2,0.591544289764595,0.6815147762995473,0.8102429415627052,0.0,0.186620958000276,0.21477120899999136,0.5737145855194123,0.0015552099533437014,0.04545454512396695,0.9375,0.17557552784435765,3248.0,0.4256295907660021,0.8000071926922246,lastfm_seed8_dspar.json
lastfm,resistance_style_proxy,Resistance proxy,dspar,8,0.3,0.5552343904551055,0.6015063644391977,0.799080761654629,0.0,0.186620958000276,0.2803640419997464,0.4660283315844701,0.0005184033177812338,0.0,1.0,0.15545832468066334,4072.0,0.5339716684155299,0.6999928073077754,lastfm_seed8_dspar.json
lastfm,resistance_style_proxy,Resistance proxy,dspar,8,0.4,0.5281325057550964,0.551912221801193,0.7767564018384767,0.0,0.186620958000276,0.7226142500003334,0.37644281217208814,0.0,0.0,1.0,0.13119932279659463,4755.0,0.6235571878279118,0.6000143853844494,lastfm_seed8_dspar.json
lastfm,resistance_style_proxy,Resistance proxy,dspar,8,0.5,0.5073240289336349,0.5356050062331799,0.7741300065659882,0.0,0.186620958000276,0.1563624170003095,0.2972193074501574,0.0,0.0,1.0,0.11221982428835364,5359.0,0.7027806925498427,0.5,lastfm_seed8_dspar.json
lastfm,resistance_style_proxy,Resistance proxy,dspar,8,0.6,0.4837563205388055,0.5384961833473098,0.7623112278397899,0.0,0.186620958000276,0.30164391600010276,0.23176810073452256,0.0,0.0,1.0,0.09373079242592082,5858.0,0.7682318992654774,0.3999856146155506,lastfm_seed8_dspar.json
lastfm,resistance_style_proxy,Resistance proxy,dspar,8,0.7,0.5049770873712539,0.5268290390136104,0.7642810242941562,0.0,0.186620958000276,0.06211804200029292,0.17274396642182582,0.0,0.0,1.0,0.076547952929521,6308.0,0.8272560335781742,0.3000071926922247,lastfm_seed8_dspar.json
lastfm,resistance_style_proxy,Resistance proxy,dspar,8,0.8,0.4861801074409957,0.5025083966394,0.7616546290216678,0.0,0.186620958000276,0.28470983399984107,0.11411332633788038,0.0,0.0,1.0,0.05601049913975483,6751.0,0.885099685204617,0.1999928073077753,lastfm_seed8_dspar.json
lastfm,resistance_style_proxy,Resistance proxy,dspar,8,0.9,0.4717772529342269,0.4885302855443242,0.7511490479317138,0.0,0.186620958000276,0.2553518329996223,0.06361490031479539,0.0,0.0,1.0,0.03351000416071595,7140.0,0.9363850996852047,0.1000143853844494,lastfm_seed8_dspar.json
lastfm,resistance_style_proxy,Resistance proxy,dspar,9,0.1,0.7335954849944186,0.7564465543224735,0.8522652659225214,0.0,0.010563750000073924,0.008440583999799856,0.7275708289611752,0.04510108864696734,0.13636363537190083,0.8125,0.20712121920074458,2077.0,0.27216684155299053,0.8999856146155506,lastfm_seed9_dspar.json
lastfm,resistance_style_proxy,Resistance proxy,dspar,9,0.2,0.6677604483630647,0.6841634793495284,0.8266579120157583,0.0,0.010563750000073924,0.055235666999578825,0.5737145855194123,0.0015552099533437014,0.04545454512396695,0.9375,0.17557552784435765,3248.0,0.4256295907660021,0.8000071926922246,lastfm_seed9_dspar.json
lastfm,resistance_style_proxy,Resistance proxy,dspar,9,0.3,0.5848687306345328,0.5627317148226346,0.8036769533814839,0.0,0.010563750000073924,0.006850583999948867,0.4660283315844701,0.0005184033177812338,0.0,1.0,0.15545832468066334,4072.0,0.5339716684155299,0.6999928073077754,lastfm_seed9_dspar.json
lastfm,resistance_style_proxy,Resistance proxy,dspar,9,0.4,0.6088593838691264,0.5717163350693013,0.8056467498358503,0.0,0.010563750000073924,0.008444000000054075,0.37644281217208814,0.0,0.0,1.0,0.13119932279659463,4755.0,0.6235571878279118,0.6000143853844494,lastfm_seed9_dspar.json
lastfm,resistance_style_proxy,Resistance proxy,dspar,9,0.5,0.555798400442809,0.547428281217732,0.783322390019698,0.0,0.010563750000073924,0.042999875000532484,0.2972193074501574,0.0,0.0,1.0,0.11221982428835364,5359.0,0.7027806925498427,0.5,lastfm_seed9_dspar.json
lastfm,resistance_style_proxy,Resistance proxy,dspar,9,0.6,0.5331502149386727,0.5218721287524087,0.7826657912015759,0.0,0.010563750000073924,0.017032499999913853,0.23176810073452256,0.0,0.0,1.0,0.09373079242592082,5858.0,0.7682318992654774,0.3999856146155506,lastfm_seed9_dspar.json
lastfm,resistance_style_proxy,Resistance proxy,dspar,9,0.7,0.5166516247073638,0.5263708280832349,0.7767564018384767,0.0,0.010563750000073924,0.0066068340001947945,0.17274396642182582,0.0,0.0,1.0,0.076547952929521,6308.0,0.8272560335781742,0.3000071926922247,lastfm_seed9_dspar.json
lastfm,resistance_style_proxy,Resistance proxy,dspar,9,0.8,0.5238935250928128,0.48834436527439323,0.768220617202889,0.0,0.010563750000073924,0.011293749999822467,0.11411332633788038,0.0,0.0,1.0,0.05601049913975483,6751.0,0.885099685204617,0.1999928073077753,lastfm_seed9_dspar.json
lastfm,resistance_style_proxy,Resistance proxy,dspar,9,0.9,0.47514087273181704,0.4596785111011884,0.7623112278397899,0.0,0.010563750000073924,0.04043591599929641,0.06361490031479539,0.0,0.0,1.0,0.03351000416071595,7140.0,0.9363850996852047,0.1000143853844494,lastfm_seed9_dspar.json
