protocol,dataset,method,removal_rate,test_macro_f1_mean,test_macro_f1_std,giant_component_ratio_mean,giant_component_ratio_std,bridge_retention_mean,bridge_retention_std,minority_degree_retention_mean,minority_degree_retention_std,conductance_ratio_mean,conductance_ratio_std,nmi_leiden_mean,nmi_leiden_std,ari_leiden_mean,ari_leiden_std,modularity_retention_mean,modularity_retention_std,downstream_train_seconds_mean,downstream_train_seconds_std,messages_per_layer_mean,messages_per_layer_std
train,facebook,cilp_full,0.1,0.9339397585577862,0.012187556148333197,0.9702803738317757,0.07855319214376003,0.913824419778002,0.2473446064335185,0.9666655867374103,0.07537671311882276,0.9885121262064149,0.054772555946093524,0.8280208549741894,0.058514709598952865,0.6935838139316657,0.09969686855555814,1.0097897773845794,0.014025068121517513,8.922156658400056,0.916992906594897,329952.0,0.0
train,facebook,cilp_full,0.2,0.9340162336216448,0.012931117766714531,0.9643880729862039,0.0942313671486635,0.9092499159098553,0.26031294589692366,0.9141798281196671,0.08992474766786515,0.9716737317163373,0.059549343489347255,0.8134165998163899,0.05564615066082938,0.6880816055366752,0.08629794419050331,1.01795394690568,0.014056013500432729,8.541384866599993,0.690340997376932,295786.0,0.0
train,facebook,cilp_full,0.3,0.9341850005174722,0.012914222860926841,0.962510013351135,0.09601110594489809,0.9081062899428186,0.26188607338820835,0.8264111850241227,0.10886762729989234,0.9649407791783549,0.05524482724825167,0.7885120784677631,0.048600974514134185,0.6159489913834632,0.06702022031728817,1.0215070964688702,0.012893829508712332,8.129304158199975,0.8866021290915858,261622.0,0.0
train,facebook,cilp_full,0.4,0.9330374883256793,0.01278068528208672,0.9592834890965731,0.0976998663099142,0.906962663975782,0.2634586540076673,0.7756602788125899,0.11744658326063301,0.9660175345585305,0.05862904557100865,0.7616152134263691,0.047381049736956095,0.5816489558160203,0.06944988382866811,1.0234812713188073,0.011895338222786715,8.291184570800038,1.049312492083807,227458.0,0.0
train,facebook,cilp_full,0.5,0.9325682390431528,0.013041503423942414,0.9533867378727192,0.09911874277449534,0.9061217625294316,0.2650973998411653,0.699436819547182,0.11645207667320986,0.9730953516721857,0.06660432304263421,0.7288823565700888,0.03843128012336506,0.511146752744285,0.05116968516559204,1.0225712746142972,0.011287720327405203,7.509150208400004,0.6049416980944193,193292.0,0.0
train,facebook,cilp_full,0.6,0.9294271618875015,0.012484732598061028,0.93514463729417,0.09742409025149677,0.9044399596367306,0.2666227356349445,0.6292659237138892,0.12235749434973563,0.9775542314854817,0.08344864173584526,0.6930957846872535,0.027205917782473405,0.4500198338386966,0.03448975257467375,1.0217891599235316,0.009416263634252516,7.020913079299973,0.7006795550229663,159128.0,0.0
train,facebook,cilp_full,0.7,0.9234002158838956,0.011795380786546482,0.8850956831330663,0.0897890615270099,0.9012108980827447,0.2674641735288747,0.5285862241848115,0.12264016850517623,0.978330883115369,0.11183406101342297,0.628244613309276,0.016208359923511266,0.3441727713159614,0.02304887762086005,1.0190771620372245,0.01586463303112422,6.812354679399974,0.5603390583803204,124964.0,0.0
train,facebook,cilp_full,0.8,0.9174305638791488,0.01179084256911612,0.7527013796172675,0.08401140180745215,0.8902119071644803,0.2664882215852539,0.39574054851222523,0.10811289598956424,0.9621650642657744,0.16412922552390136,0.5504411911070906,0.007358424017852074,0.18753734644433231,0.018439149470431515,1.0183520090082097,0.02542121417615556,6.19044504599996,0.8091655037838604,90800.0,0.0
train,facebook,cilp_full,0.9,0.9117155155008175,0.009809814075554903,0.41300400534045395,0.01936809309647591,0.8099226370669358,0.25205279944691616,0.2441060328805862,0.08993320135787869,0.9203284692126104,0.2619213097842239,0.5020384882705435,0.011346957613065237,0.04236464213787389,0.017597626941801045,1.0187679217136174,0.028558459985919594,5.681466374900029,0.6359265129227984,56634.0,0.0
train,facebook,dir_00,0.1,0.9347366607678115,0.010666151547741299,0.9746506453048509,0.06844815288708805,0.9170871173898419,0.23542353225819726,0.9738412729026507,0.06054904955318933,0.9813033092889591,0.045316205696918015,0.8341797224992613,0.05335022820086774,0.7178903344314239,0.08722599647682272,1.0114258351574956,0.013252527696325343,8.785265570900208,0.9889237606949658,329952.0,0.0
train,facebook,dir_00,0.2,0.9349303653394678,0.010950671835365454,0.9727325322652426,0.07203079903859216,0.915640766902119,0.23907578829485748,0.92348200314849,0.06165284666265738,0.9637010546159811,0.041214081303132824,0.8089465589745768,0.04884542661045295,0.6536615529405145,0.0885705118310296,1.0187588005994637,0.014554910563932695,7.751526633099962,0.8168107657346448,295786.0,0.0
train,facebook,dir_00,0.3,0.9350078267689911,0.011147220049214677,0.9706453048509124,0.0740134561261786,0.9142953245879584,0.24139874858512972,0.8389241316704101,0.0833095146791822,0.9569797669340602,0.04155879731629528,0.7951088283517593,0.04309936944358144,0.637266788119768,0.059916889993241844,1.0223371442948292,0.014209890310900695,8.000661054100076,0.568069742413375,261622.0,0.0
train,facebook,dir_00,0.4,0.9344568038774781,0.01100136484527004,0.9675700934579439,0.07585688326964805,0.9128489741002355,0.24438156378352738,0.7884580519733297,0.09303495428335393,0.9550251643685753,0.04584056502800408,0.7679167590684918,0.039715108668122244,0.5927783102961117,0.05183233600737905,1.0244672833671666,0.0134733348670317,7.194145049999966,0.677428245944008,227458.0,0.0
train,facebook,dir_00,0.5,0.9328946197040411,0.01148916669975872,0.9610280373831775,0.07780837903710935,0.9114362596703666,0.24637830341114927,0.7136069386411928,0.08323506378073185,0.9590684511617276,0.05147695350446481,0.7358451067668501,0.032261897422544435,0.5206907380534564,0.04273995682368224,1.0236577876075283,0.012908233850184562,6.8902544792000056,0.5974551038916395,193292.0,0.0
train,facebook,dir_00,0.6,0.9290264026206352,0.011574181415155229,0.9429595015576323,0.07707866195466993,0.9094180961991254,0.2491764801090065,0.6459735881184767,0.08814089115236126,0.9608722029118099,0.05753791913380648,0.6887439775355066,0.026437059373299075,0.44811700217845785,0.03902574792843717,1.0224078836545154,0.009463950470848751,6.595248470699893,0.8335632455129348,159128.0,0.0
train,facebook,dir_00,0.7,0.9249850669467726,0.011711375689902374,0.8919982198486871,0.07059960872968955,0.9044063235788766,0.25238819740133756,0.5418630237562214,0.09261445759418731,0.9565080511617168,0.06830010596953398,0.6323170054778047,0.011321690102407918,0.3534845550157052,0.022262907189379455,1.020494298575732,0.013620544760483954,6.425435079099989,0.6652318350826544,124964.0,0.0
train,facebook,dir_00,0.8,0.917648729355086,0.010340893338633535,0.7563818424566089,0.07134031021587273,0.8909182643794148,0.2543716382838858,0.4003883993616998,0.08120613398824479,0.931210926427038,0.09860702324508493,0.5523001781431927,0.00813624088780137,0.189421342451292,0.01915040893982727,1.0196764969563046,0.022968402760379626,5.8383274126001155,0.7303275907333281,90800.0,0.0
train,facebook,dir_00,0.9,0.9123576059108929,0.009269316462089443,0.42010235870048956,0.025159446085333256,0.8030945173225698,0.24139616563121372,0.23092633325728507,0.0802596364883945,0.8838834423932728,0.17912459579827336,0.49991384580934933,0.007973601214158047,0.04003912723621776,0.016674502854358175,1.0191918900595913,0.02718763214756208,4.9709004334001365,0.566009749257514,56634.0,0.0
train,facebook,dir_01,0.1,0.9329662501894044,0.010914485760680086,0.9614597240765466,0.0740735277602321,0.8883955600403632,0.24448757621177222,0.9444814852594865,0.08700723414061404,0.9930031212858015,0.055343182545475655,0.8172756597294691,0.05717809339405811,0.6771168161485928,0.07778223426002157,1.0085672368148684,0.014859771588663874,8.641774587500137,1.5912697558498354,329952.0,0.0
train,facebook,dir_01,0.2,0.9314890496994316,0.012294664270676681,0.9500089007565643,0.0844227207905623,0.8792801883619239,0.24862932493854029,0.8773951311111168,0.11548680336513749,0.9761731160952165,0.05609109571404578,0.7880750730559546,0.06302149417557756,0.6379005806433443,0.09822144491168916,1.0144147494308196,0.019357906374125943,8.276585149900137,1.25767123231337,295786.0,0.0
train,facebook,dir_01,0.3,0.93077224743112,0.013975101798766135,0.9458032932799287,0.08786125264522916,0.875782038345106,0.25167779549105773,0.7942160788961816,0.11051398979255192,0.96984345735454,0.04866393226452314,0.7658800591201749,0.05654986995586683,0.5927212319978743,0.06565943161749466,1.0179996134041516,0.019448312431952573,7.786011887599957,0.9312979255004102,261622.0,0.0
train,facebook,dir_01,0.4,0.93080769777129,0.013104940095699357,0.9411615487316422,0.0910163217190639,0.8721157080390178,0.25465972715824936,0.7229609003090072,0.12535070270959497,0.9695913705829339,0.04604972522277129,0.7449849168655585,0.05382612394625694,0.5622581248945544,0.0684153124213889,1.0204043137829628,0.017257246603675166,6.656430974999935,0.6141555221068432,227458.0,0.0
train,facebook,dir_01,0.5,0.9294362657238151,0.013508637198138785,0.9319848687138407,0.09486982506592613,0.8667003027245206,0.25904753900968797,0.6571497921457996,0.12675368460431677,0.971688483919382,0.04787254749285116,0.7178384546415637,0.04326421402404199,0.5097638508848215,0.052626126040910624,1.0223621685260194,0.012881897219053506,6.9182508876001005,0.9185405646198057,193292.0,0.0
train,facebook,dir_01,0.6,0.9268586284875969,0.012469888896249786,0.9124210057854917,0.09758624239175683,0.8599394550958628,0.2644788301999818,0.5874546860582399,0.13271206427322557,0.9769974894417608,0.06632254327395785,0.6802766155010651,0.03351694498843921,0.4446661247280755,0.03432114013205273,1.0230112098728474,0.008947980226049692,6.407514899999964,0.6244623333323773,159128.0,0.0
train,facebook,dir_01,0.7,0.9211205852351012,0.012918666571389858,0.8663328882955051,0.09629074065386262,0.8507904473595694,0.27068592799150853,0.4997443029315609,0.12512700917247424,0.964995367178965,0.0899327912388209,0.626683475438422,0.019671078137252555,0.3469205759469619,0.018711488959417003,1.0242849386351518,0.011183844145553396,6.167647279199957,0.6451167020484727,124964.0,0.0
train,facebook,dir_01,0.8,0.9155287632185518,0.012043181976494921,0.7535914552736982,0.08072473655323023,0.8348469559367642,0.2782649263719356,0.3879790259933951,0.10180334203877986,0.9569184075149822,0.13466309891379574,0.5510145794898803,0.008617210322350232,0.19102476998670584,0.026936769599913556,1.0240066766510378,0.019961594290578696,5.700558695800095,0.7572470180676358,90800.0,0.0
train,facebook,dir_01,0.9,0.9077246852759002,0.011149535099818988,0.4167245215843347,0.023012178891096944,0.7681130171543895,0.27278873795272257,0.2412318744165657,0.07285661509882793,0.9168488066564284,0.2213853949523442,0.5068912331650142,0.008631671529878641,0.048987858394285995,0.01782555422240821,1.029304952847116,0.03188174387723953,5.095513200200043,0.5844444052145946,56634.0,0.0
train,facebook,dir_02,0.1,0.9328333915080045,0.01290161212245531,0.9633956386292836,0.07998418215865827,0.9004709048099564,0.2499228990356949,0.9506084919851518,0.08435736437846468,0.9949256166742139,0.059573151488795884,0.8206752060363003,0.06136490175646066,0.6794159222064686,0.08463392525901188,1.007749968114282,0.016040746423402526,8.49958008750013,0.7250051368128776,329952.0,0.0
train,facebook,dir_02,0.2,0.9313701937649022,0.014417248213537338,0.945781041388518,0.10638238925745484,0.8886982845610495,0.26613717966985284,0.8811528991029272,0.1265223676192109,0.9851183113193361,0.0725682214901917,0.7874045031845528,0.07153803197312399,0.6260775195294358,0.10236348461689258,1.0124579395286275,0.02141296022211105,8.103285450199923,0.923473676778282,295786.0,0.0
train,facebook,dir_02,0.3,0.9309555976474565,0.014783971957937526,0.9424877614597241,0.1090338986619402,0.8873864783047427,0.26748634507419455,0.807687078363809,0.12368131679067898,0.9746505165388758,0.06231173003161349,0.7757384659355375,0.07215434512296126,0.611903620411311,0.10452932960965257,1.017386211682724,0.01892495855397475,7.452835224900196,1.0573872342507844,261622.0,0.0
train,facebook,dir_02,0.4,0.9304653542026144,0.014281833045950005,0.9391410769915443,0.11144489367841405,0.8865119408005382,0.2679988872524376,0.747255307325829,0.15045055063753301,0.9720215141570643,0.05890811049321902,0.7561920310156186,0.06645146590874867,0.5851579978337456,0.08623438692415022,1.020188003389892,0.01656370146123678,7.455014499900318,0.8289983566583976,227458.0,0.0
train,facebook,dir_02,0.5,0.9289754667557555,0.013957570964461586,0.9318335558522474,0.11396425236535083,0.8852001345442314,0.26897365763004344,0.6810137227260056,0.15978059675610146,0.9748633706170742,0.06361952116866536,0.7164092070993241,0.049894689667700054,0.5003211389965595,0.06566935934729566,1.0214003261261548,0.01406932480272594,6.689459345999893,0.5760198577881149,193292.0,0.0
train,facebook,dir_02,0.6,0.9260696881009769,0.013272249703871112,0.9133867378727192,0.11355184698363559,0.8823747056844938,0.26898576215960474,0.6002233292345471,0.15551995898657275,0.9829019317753349,0.07805243327677691,0.6825547598250723,0.03725025869480193,0.43849729550406674,0.0346429310999451,1.020133879599775,0.011195456122437714,6.484646262500002,0.4599332733515643,159128.0,0.0
train,facebook,dir_02,0.7,0.9224446446213221,0.011824641342929307,0.8648064085447263,0.10669276537816395,0.8752438614194415,0.26923228628310575,0.5059198596312806,0.1537621330776884,0.9734758411391177,0.09464588738212236,0.6221577567000779,0.018185984930968676,0.3386503452978988,0.021114903478617626,1.0196113392516053,0.012958564039035126,5.852943228999942,0.45019571707708916,124964.0,0.0
train,facebook,dir_02,0.8,0.9167417171250962,0.01277750149313745,0.7436137071651091,0.08833772327249048,0.8583585603767239,0.26918970000162634,0.3813179695531314,0.12693380722800415,0.9607234821801747,0.13445766716911384,0.5508011267189631,0.010002912677593491,0.1910305945666658,0.02810931384831903,1.0171262387016637,0.022895144647325723,5.465362254300141,0.45314585712586375,90800.0,0.0
train,facebook,dir_02,0.9,0.9108057085826553,0.009538552425593491,0.40931464174454824,0.028813281377155057,0.787823747056845,0.2585065107814981,0.23358039850559228,0.10518134673493537,0.9314092656632054,0.2334684340933948,0.5042015748144622,0.009678400176675704,0.045233772953157225,0.019267551950966064,1.0130145626327567,0.037188102549097504,5.249472729300157,0.7809869600645976,56634.0,0.0
train,facebook,dir_03,0.1,0.9343067847445135,0.009286236327279039,0.9713484646194926,0.06558546027654434,0.9168180289270097,0.2262032073588347,0.9689895121621477,0.04767306884745743,0.9872256333935534,0.048198534006465656,0.831573993194846,0.05433806105328861,0.7175666672971028,0.08920612454436405,1.0096051703006057,0.01460430337205142,8.073681295799924,0.3926987342476353,329952.0,0.0
train,facebook,dir_03,0.2,0.9347964173932555,0.009371175538522328,0.9681708945260347,0.06917293780173804,0.9139589640094181,0.22935093544828827,0.9160635671129779,0.05606553966456954,0.9679955657335728,0.044235127386354316,0.8057649216782578,0.047379084473808876,0.6589749641588873,0.07652030787819944,1.0175583225004674,0.014809083825391197,7.625017591600016,0.6926127883531528,295786.0,0.0
train,facebook,dir_03,0.3,0.9346975978066423,0.009744103615479015,0.9660925678682688,0.07139623902160634,0.9124453414059872,0.2327262532850303,0.8354738468476107,0.06611228065057054,0.9606187585895137,0.0405419993532502,0.7876250818471584,0.04405566617769985,0.6312411412927185,0.06202658963669162,1.0214840403623346,0.012923846616745562,7.9346521292997805,0.8036172410321094,261622.0,0.0
train,facebook,dir_03,0.4,0.933738021027629,0.010302559647847452,0.9624966622162884,0.07442895465985175,0.9106626303397242,0.2365184543468574,0.7700284818222796,0.06592527553087783,0.9606038523655759,0.041900479590839444,0.7635247052215793,0.04377385462760699,0.5849068070114726,0.062185296942101516,1.0234106379130519,0.011895061283034625,7.922956491799971,1.2594539281934007,227458.0,0.0
train,facebook,dir_03,0.5,0.933297336542067,0.010022833658123282,0.9554205607476636,0.07784951987862244,0.908577194752775,0.23951543771350642,0.7006214389141092,0.07206004832086073,0.967331917748455,0.04569290692306711,0.7345942519041812,0.036341580235860496,0.5371040135571871,0.04214173425027487,1.022910407290119,0.010606736921890353,6.778571270900267,0.6655358798636134,193292.0,0.0
train,facebook,dir_03,0.6,0.9283230480273315,0.011061347580874242,0.9368713840676458,0.07930683498320534,0.9062899428187017,0.24317524245531613,0.632347228733875,0.07274952930037791,0.9686946770945919,0.05572769551670965,0.6920157041199457,0.02404199284194729,0.4586993236399626,0.032262036471881174,1.0225032515394887,0.00787160535084543,6.449011337199818,0.5128874183778072,159128.0,0.0
train,facebook,dir_03,0.7,0.924607788801406,0.010718517942937043,0.8887227414330218,0.0753061348391257,0.9018499831819711,0.24598009220827585,0.5342698078141132,0.07149903761831222,0.9625035920517293,0.06956602171649214,0.6288749788829131,0.013849433515603988,0.34941306550499174,0.024721831881782983,1.0212510016549936,0.011977431841965723,5.947428412500114,0.8362867077020691,124964.0,0.0
train,facebook,dir_03,0.8,0.9179135195163767,0.010460108105386359,0.7622340898976413,0.06857603476620469,0.8870837537840565,0.2478411245448626,0.4091015013719961,0.06095993397064517,0.9485601283982742,0.10389577915591054,0.5484643013617507,0.008892669574181864,0.1886398536742952,0.02179748685949494,1.0193446755565136,0.021360892459647698,5.6654022582998325,0.6763265023148662,90800.0,0.0
train,facebook,dir_03,0.9,0.9097534003868819,0.008475547574975354,0.41577659101023584,0.02442605254949227,0.8036999663639423,0.24028747409813195,0.2558130499575705,0.05714260259211291,0.8861789313449495,0.14905362596476845,0.5026643786329095,0.011494501696515148,0.0427581795519425,0.015161934670144487,1.0202185796758922,0.030678666140954245,5.194027033399914,0.545351570184118,56634.0,0.0
train,facebook,dir_04,0.1,0.933584637246792,0.012840556931731584,0.9673075211392967,0.07694864119943616,0.9087117389841911,0.24539912352257287,0.9656686939368267,0.06998276388013638,0.989740766629728,0.05556473271924157,0.8253593312458657,0.059038801633135005,0.6862567593637816,0.08819602407998531,1.0088622304070523,0.01592416896947323,8.09220419580006,0.487167201650313,329952.0,0.0
train,facebook,dir_04,0.2,0.9336173229191995,0.012068827777405838,0.9637071651090343,0.08182504353532298,0.9067272115708039,0.24810737220944187,0.9174812263553662,0.06958504476766415,0.9700349258525096,0.04859614334185031,0.8118114725647064,0.05186023644887445,0.6918117251873689,0.07974284058293879,1.016812191113374,0.016557125885318973,8.180681466799957,1.0595450799456962,295786.0,0.0
train,facebook,dir_04,0.3,0.9335629638645113,0.012993594535565619,0.961214953271028,0.08398570207325533,0.9056172216616213,0.2498883284761705,0.8342180208520702,0.08986305504388392,0.9615156421428575,0.04750704547905937,0.7802422419757049,0.047443126354576856,0.6097347881144211,0.061653395162463744,1.0207461755018352,0.015775265840443052,8.200195058299789,1.6952776301372217,261622.0,0.0
train,facebook,dir_04,0.4,0.9328602741009645,0.013319812859188346,0.9575344904316866,0.08660434815730506,0.9040699630003364,0.25261706076232326,0.7778450276450379,0.1017805645432506,0.959272533962177,0.04790219234718446,0.7646766414088261,0.04851078035933068,0.591672968245804,0.06689935970622651,1.0232227453238976,0.013949664067441003,7.462605733500061,0.671064573221322,227458.0,0.0
train,facebook,dir_04,0.5,0.9312670234437389,0.013565988350653086,0.9504761904761905,0.08911073435382981,0.9024217961654895,0.25485896242641837,0.7015924383951974,0.09264608768975349,0.9625694873752142,0.05495125590674713,0.7233787657027104,0.038049177812997874,0.5114950181497954,0.053735641179584424,1.0228867612439756,0.013304071604380843,6.872349291600051,0.9704245540871533,193292.0,0.0
train,facebook,dir_04,0.6,0.927922046925094,0.012561482949063346,0.9317400979083222,0.08917513228489801,0.9004372687521023,0.2572673991686072,0.6324605120066686,0.09671099617287292,0.9639209274215613,0.0639239126477018,0.691286343087795,0.027690764090710654,0.45482664845107995,0.034090853702924674,1.022170897835382,0.009511144443039835,6.812454883400028,0.638029768632541,159128.0,0.0
train,facebook,dir_04,0.7,0.9235717753067286,0.01166676913778952,0.8836137071651091,0.08102417687736543,0.8958291288261016,0.25857381684403424,0.5313827026903448,0.09705701828389311,0.960373385531023,0.07391497214281927,0.6284645090753127,0.009936111321821438,0.3505120796043985,0.018220693943749672,1.0204841291143534,0.01208515955949468,5.787188529200205,0.6495799843904921,124964.0,0.0
train,facebook,dir_04,0.8,0.9166365583099712,0.010325170474810403,0.7546417445482867,0.07305848909101188,0.8818365287588295,0.2593203627088908,0.39623575824758006,0.08549179261228515,0.939836398694265,0.10891094149014388,0.5488942254804873,0.007738749553641626,0.18626886157115735,0.019610468931017835,1.019005923382803,0.021836847364728126,6.196354887499865,0.7652396206663707,90800.0,0.0
train,facebook,dir_04,0.9,0.9123471874282778,0.009302026007099078,0.4160658655985759,0.02376451071869478,0.7962663975782038,0.242917088061664,0.2338619883551078,0.08229141402031315,0.9049982472414152,0.1983765146481033,0.500580273637246,0.009402347799721808,0.04027092740848839,0.017851678393476043,1.0150383620235721,0.02774269349097119,5.876901370599865,1.3144670754476901,56634.0,0.0
train,facebook,dir_05,0.1,0.9346798318928682,0.008260143025089742,0.9727636849132176,0.06510697415666743,0.9152034981500169,0.2296817357085407,0.9585512677404516,0.05593458180517325,0.9834139334761135,0.04491233962555212,0.8235769121301395,0.05178468670524792,0.6834254892973999,0.08784359512707005,1.0101970043431359,0.013751922478758165,9.22577966650017,2.2631433717645035,329952.0,0.0
train,facebook,dir_05,0.2,0.9338003830760971,0.010086537331314928,0.9635692033822876,0.07224993011403033,0.9095190043726875,0.23340106622019138,0.9019873113021388,0.08137215372334425,0.9688435690255585,0.04436526638774821,0.7904599445249463,0.05798119460211901,0.614220901943926,0.07922161331194609,1.0153112337842252,0.018975721657905432,8.527519912500122,0.8783787537462555,295786.0,0.0
train,facebook,dir_05,0.3,0.9338665533102182,0.011099829311943081,0.9607921673342235,0.07515945102660654,0.9083417423477969,0.2360479843179108,0.8093474874764697,0.05824446317683939,0.9615542859703039,0.03901910225449832,0.7780630907053423,0.061344236062198056,0.6060529996992903,0.09541186104382353,1.0192606342568786,0.01645613208914763,7.92224822080018,0.9728323620487668,261622.0,0.0
train,facebook,dir_05,0.4,0.9327505388036001,0.010662527582979723,0.9573297730307075,0.07850128598422619,0.9070972082071981,0.23899874414212025,0.7506602788395109,0.07358678755172321,0.9593382339990182,0.039503349338819695,0.752571692038317,0.052348020470587134,0.559897610754524,0.0748707643915966,1.022301574749283,0.013061291881533004,7.24311839159999,0.6184490226266047,227458.0,0.0
train,facebook,dir_05,0.5,0.9316776805240823,0.011108178008837321,0.9502625723186471,0.08222320935140656,0.9053481331987892,0.2422783867554841,0.689480838201093,0.08107047307853321,0.9604198308361314,0.042229414125994576,0.7241030339124535,0.04584206209254639,0.5044181393497047,0.05141076363980219,1.0241673940300917,0.00796081667395892,7.63552009159979,1.4549141850538012,193292.0,0.0
train,facebook,dir_05,0.6,0.9289095110892974,0.010218459924493837,0.9321139296840231,0.08347998181481288,0.9035317860746721,0.2447196160687417,0.6277770578428876,0.07694550178482798,0.9541549320827019,0.0587867295224943,0.6845645979524437,0.03786182459437614,0.44454443253091336,0.03545105181331577,1.0252464837838584,0.006369821990588335,6.883398741700068,1.10059959510216,159128.0,0.0
train,facebook,dir_05,0.7,0.9238635605631386,0.011087533175122217,0.8845126835781041,0.07550949252426169,0.9002354524049782,0.24788094553443285,0.5314959859631385,0.0679794956710322,0.9485443930548095,0.0787877308021138,0.6232430891387817,0.018113173798239166,0.34102390778776626,0.02577402801974727,1.0240908785719784,0.01080554973112074,6.739523083300265,1.202403320038887,124964.0,0.0
train,facebook,dir_05,0.8,0.9179947190532092,0.010520657920064787,0.7631464174454828,0.06279940710180673,0.889640094180962,0.2510406145764958,0.4072404190332441,0.05257535426896218,0.924867920956079,0.09781019046802844,0.5507841373498595,0.005832930866963676,0.18894627695278535,0.025339595861162974,1.0238840496413155,0.016218297663328943,6.146977008199883,0.8100104561104708,90800.0,0.0
train,facebook,dir_05,0.9,0.9106752325298977,0.008273447869701364,0.4223453493546952,0.015576400985956997,0.8026572485704675,0.23901443108275966,0.25469316388938235,0.04515222992601906,0.8961123408103397,0.16146667632323222,0.502531785071558,0.007647561193204685,0.04446101207355356,0.014151772311110441,1.0173693824566754,0.03233558869213509,5.411287716799973,0.6874219838129907,56634.0,0.0
train,facebook,dir_06,0.1,0.9348012017597987,0.008449666096861595,0.9723364485981308,0.064218991851382,0.9204170871173899,0.21388960869426127,0.9683777824890623,0.056638255779203124,0.9868002876445067,0.04905998631697051,0.8226770497482084,0.05055372287751312,0.6727911410167706,0.07965476082245564,1.0092284925697388,0.014637039054437893,9.19459447500003,0.8867467240616954,329952.0,0.0
train,facebook,dir_06,0.2,0.9352042596113834,0.008199395386794183,0.9700445037828216,0.0673954424520241,0.9176252943155061,0.21971069385646275,0.9180282227297125,0.06546737519891284,0.9656911898761968,0.0426896383933392,0.8189176003604428,0.05157924159724696,0.7011229814716549,0.07381756765781904,1.0183619931951764,0.013242889007426525,8.335274475299968,0.9352212398835558,295786.0,0.0
train,facebook,dir_06,0.3,0.9345538262896701,0.009743329730671477,0.967801513128616,0.06996604326627419,0.915640766902119,0.22348059417974492,0.8423452865087768,0.08323390201104407,0.9589475791830185,0.03988521572594102,0.7914383525840957,0.04681010860860557,0.6449940334472116,0.06427054372255077,1.0219586413490678,0.012775416384044197,7.640897758299923,0.6299568442378597,261622.0,0.0
train,facebook,dir_06,0.4,0.9336833316733255,0.00933395948639819,0.9640498442367601,0.07305518164449563,0.9130507904473596,0.22740232051977638,0.7748802425627825,0.07584437511442585,0.9615319704986447,0.042146014072490925,0.7690373314509419,0.04412969718899594,0.5983162323235414,0.05429549650293306,1.0230589820413138,0.01231080810117846,7.328523570700213,0.5468740127103664,227458.0,0.0
train,facebook,dir_06,0.5,0.9329277057236729,0.009528844490500907,0.9571918113039608,0.07494641528576935,0.9106626303397242,0.23029466867927811,0.7067711022943334,0.08819392580226684,0.9675489451770541,0.046943928015646536,0.7287137615260388,0.03731173211510781,0.5135499452104405,0.05658631121096489,1.0222865922932853,0.011569444772519541,6.8945805543002505,0.7794349025371243,193292.0,0.0
train,facebook,dir_06,0.6,0.9278687472716826,0.010422835763837129,0.9384913217623498,0.07579855074411988,0.9071644803229061,0.2347326678769111,0.6383059288828185,0.09385471051668216,0.9720367884824391,0.058493182099491565,0.688490059051574,0.02497960087336442,0.45168958723151087,0.032227652852005136,1.021294898391031,0.009289793969307111,7.12611382909995,1.0877294187544062,159128.0,0.0
train,facebook,dir_06,0.7,0.9237794106165452,0.011336722181431818,0.8891588785046729,0.07180533064919384,0.8995627312478979,0.23881270503732097,0.5452291552906597,0.09835397963317467,0.967910609597727,0.07994336858571043,0.6299982927718195,0.014259644780143799,0.3469519726783111,0.024570220072451045,1.0193362216755886,0.014558667616112436,6.292484800099953,0.790353872630815,124964.0,0.0
train,facebook,dir_06,0.8,0.9176362053969381,0.010011709488499165,0.7596128170894526,0.06492312093788849,0.8820719811638076,0.24359196044415182,0.42657301870170616,0.09268778933254454,0.9588163954886803,0.12195474553390662,0.5474132340448145,0.009448985772701453,0.18988981959388002,0.024845671328844295,1.0157987290529709,0.02504574651282169,5.67408614599974,0.6007418257911582,90800.0,0.0
train,facebook,dir_06,0.9,0.9097184010383692,0.008099919289081695,0.4162082777036048,0.02081815101112514,0.8040363269424823,0.24045179554458576,0.27508091632729337,0.08107710564449355,0.9026644843347617,0.18863583381518445,0.502213798697135,0.00830971244972918,0.0404784638709068,0.008538576533594763,1.0155004396169829,0.03793083458932739,5.207906691499943,0.5384561999919423,56634.0,0.0
train,facebook,dir_07,0.1,0.9355014603501142,0.010616514085049369,0.9775656430796618,0.06850118491673739,0.9231752438614194,0.2363784159924885,0.9762072749715685,0.052842879999823573,0.9737884603252229,0.04257860035950233,0.8284285338093834,0.04528023314011228,0.6652756278455544,0.06779953672488546,1.0146510466828598,0.00997414621590818,8.647061541799967,0.7654507600528957,329952.0,0.0
train,facebook,dir_07,0.2,0.9353224330958685,0.01087259061648082,0.9762883845126836,0.07178043322999587,0.9212579885637403,0.2403192410362289,0.9311108224049048,0.052313762794619745,0.9575392658691111,0.03973056943716245,0.8167034374483114,0.04511692988794572,0.6680253809665053,0.07989987644982986,1.0224358735067827,0.010778552357044993,8.570283775099794,1.1545276977892862,295786.0,0.0
train,facebook,dir_07,0.3,0.9351871918163376,0.010153511838993486,0.9746684468179796,0.07376400471890114,0.9197107299024555,0.24182353147240765,0.8385583885325337,0.06803535643491271,0.9527799199872652,0.04061060506024251,0.8004008438652045,0.04407251896459554,0.6343416332165202,0.06034709116442815,1.024661099465141,0.011820324500419208,8.338339624899865,0.8599003716466832,261622.0,0.0
train,facebook,dir_07,0.4,0.9344751802388187,0.011076357835988036,0.9723809523809525,0.07571306088175278,0.9183316515304407,0.24386148645600036,0.7816642922706507,0.06162342210327886,0.9558277076358117,0.044251420220657194,0.7739485812496892,0.03981149921754072,0.5907486934388451,0.05252396125610379,1.0251955577506384,0.011961911762084224,7.511920320800006,0.5538416245831835,227458.0,0.0
train,facebook,dir_07,0.5,0.9342504326522251,0.011290305498782063,0.9671206052514464,0.07711900998887489,0.9170534813319879,0.24628088907406698,0.7173711799628772,0.06912182458243118,0.9621062902487507,0.046662700760805906,0.7365035806699738,0.03560609107772466,0.521710586482335,0.046744464143955784,1.0239070590459551,0.011152633866846026,6.942100012799905,1.0985319002330194,193292.0,0.0
train,facebook,dir_07,0.6,0.9300782849270355,0.011147539391898307,0.9504005340453938,0.07572715075946201,0.9151362260343088,0.24860250595828978,0.6545960635105381,0.0700024627509655,0.9643027578670627,0.05071658208163198,0.6941761019571356,0.022633063249564295,0.44808893133028543,0.03190353537239968,1.0226797482166687,0.007898557253459287,6.589651962500099,0.8693012239781058,159128.0,0.0
train,facebook,dir_07,0.7,0.9244721687991433,0.011602955322759793,0.8972407654650645,0.06810881954200564,0.9110326269761184,0.2516597234615812,0.5546316669325285,0.0762369315038878,0.9621342489866777,0.06481888851892949,0.6310093056970264,0.008727054428383426,0.3459373944783072,0.01884517816265663,1.0202577798164665,0.01366314038435436,5.960925937599957,0.7010136269674188,124964.0,0.0
train,facebook,dir_07,0.8,0.9181847775183064,0.009847065373271267,0.7608277703604807,0.06306538228538634,0.8979818365287588,0.25504931572699285,0.41102731700948725,0.062222777651199046,0.9355382501562373,0.09740404835659491,0.5513440290843754,0.008971797571718818,0.18364776402528785,0.024203117746720047,1.020098748108701,0.019984841251145954,5.6638651585001245,0.5945775346055336,90800.0,0.0
train,facebook,dir_07,0.9,0.9120501081643345,0.009968334361306338,0.42483311081441927,0.02088009062685989,0.8029599730911536,0.23978144080115524,0.24222229388727548,0.058750934223658,0.8856272508915508,0.1629900316631865,0.4978453841257493,0.008804989524891298,0.03845263176236967,0.0175899786838822,1.0170374894113996,0.02567633480527712,5.075999950200028,0.7632079862817597,56634.0,0.0
train,facebook,dir_08,0.1,0.934763654149689,0.01254440441383357,0.9740320427236314,0.07834753369203011,0.9188361923982509,0.24657440844953596,0.9690445354660759,0.07427227343599907,0.9804833208963852,0.05337103095237549,0.8344402213328934,0.05593962279671045,0.711080218571041,0.08753374413035554,1.0129135622904801,0.011339684174007556,8.455675133299852,0.6792050996078229,329952.0,0.0
train,facebook,dir_08,0.2,0.9349071729644912,0.01235691624422354,0.9712327547841566,0.08622865197553362,0.9162462159434914,0.2530146116521688,0.917426203051438,0.07809492458962043,0.9622296635566274,0.05166012886133032,0.8148346027828284,0.050084766345195465,0.6637357639868369,0.08548552732914125,1.0213152974929083,0.010685279873884382,8.342832183399986,0.8273168452107534,295786.0,0.0
train,facebook,dir_08,0.3,0.934815324902195,0.012757320854823166,0.9694080996884734,0.08821860739836333,0.9150016818028928,0.2541638924065887,0.8284049706252901,0.09517298780813814,0.9585432319861358,0.05018393180700246,0.7987043530948686,0.049833421237748664,0.6464083810366804,0.0705772754866592,1.0238400602462225,0.010972897778260708,7.7404466874,0.5819770577124914,261622.0,0.0
train,facebook,dir_08,0.4,0.9335027174883092,0.012862279575750979,0.9670404984423676,0.08990752363158235,0.9139926000672721,0.25516087995313713,0.7693779121699506,0.09266490009312546,0.9610210306110007,0.053269572370003765,0.7728164895326783,0.045580362832753955,0.5941274749391947,0.060506379715958666,1.024735202097422,0.011101604744368573,7.724458716699971,1.1370077938515668,227458.0,0.0
train,facebook,dir_08,0.5,0.9338940446377398,0.01230213271023932,0.9614463729417,0.09127776136985723,0.9126807938109653,0.2568912284543093,0.7055282229585407,0.10002742378969016,0.9676396777454258,0.05448593669434552,0.7330605185511556,0.03526448386499281,0.5211510678278555,0.053585701151829236,1.0238474858049216,0.009783232623162748,6.768941445899875,0.8800929405840694,193292.0,0.0
train,facebook,dir_08,0.6,0.9299187790862569,0.011512600285510021,0.94456608811749,0.08932007197431398,0.9113017154389504,0.2584390169440247,0.639467891595187,0.10292881068183216,0.9695490118005164,0.06652634177866588,0.6932542038600468,0.023713046708043174,0.45177326210559743,0.02846800092578414,1.023007116305068,0.00789497117203657,6.233748083499938,0.71063776939401,159128.0,0.0
train,facebook,dir_08,0.7,0.9251963491698272,0.011081394083663541,0.8924655095683134,0.08048116730420611,0.9076690211907165,0.26081380125051484,0.5353573272329317,0.10523941392745668,0.9708718760511406,0.09468593978745517,0.633534069187924,0.011270616547954903,0.35454867693037706,0.017300242020857462,1.0205588205428326,0.013708803881188229,5.894096474999745,0.5593236552849365,124964.0,0.0
train,facebook,dir_08,0.8,0.9184327682040065,0.011309895224906039,0.759190031152648,0.07114855142578014,0.8962663975782039,0.26029857390974886,0.3995792331274598,0.09390145094458491,0.9500350146938077,0.1378969894966551,0.5503947797096115,0.007782365589580863,0.1885656604793032,0.025338030004284,1.0200109960237795,0.020430807285365917,5.660542566500093,0.5649974009750723,90800.0,0.0
train,facebook,dir_08,0.9,0.9122158041745049,0.008109228502400853,0.41364485981308413,0.01590866482503019,0.813757147662294,0.24874147419340462,0.2433033399762201,0.08437622673724496,0.9097705284151976,0.2593319198825423,0.5012986423826952,0.009393323020875277,0.040762821465149104,0.01887239155835685,1.0193635765786657,0.024793061698441688,4.917545616499933,0.615452209450586,56634.0,0.0
train,facebook,dir_09,0.1,0.9360234635984327,0.009185138657496967,0.9823319982198487,0.05489031616850002,0.9308779011099899,0.21424612549437452,0.9833991444614936,0.031438788574940466,0.9683605859181441,0.034491775604186176,0.8395551344011583,0.04576911284703958,0.6968116228233342,0.0784039542577451,1.0163164765802135,0.00867213398512428,8.648297087299898,0.9114525300719224,329952.0,0.0
train,facebook,dir_09,0.2,0.9362038144979163,0.008993610642583656,0.9814463729417,0.05739572370659864,0.9289942818701649,0.21985305802394486,0.9282107706213887,0.036688538953858,0.9538485816858178,0.03493435142375784,0.8150332847468915,0.03797145550648191,0.6524545612808555,0.07433462753928514,1.0231864008388747,0.010794738822088003,8.230895275200021,0.6204391964181009,295786.0,0.0
train,facebook,dir_09,0.3,0.9361488609441425,0.008917514757971918,0.9800044503782821,0.05948498078014896,0.9278842919609822,0.22277287490696518,0.8391118582367538,0.03838725490268341,0.9496479054696488,0.03730638335189131,0.8032625270645142,0.03402733876317118,0.6625705738629699,0.03627267240719313,1.025454778561523,0.012217455462386772,8.052766841599993,1.052830050139114,261622.0,0.0
train,facebook,dir_09,0.4,0.9357159222918214,0.008723799810430855,0.9780729862038273,0.061682696268258175,0.9267070299360916,0.22614675971784667,0.7858039867250225,0.03660562887942997,0.951035557673152,0.04125811387337972,0.7742207606051927,0.034899045412508475,0.5889413751031023,0.053772150162592285,1.0261374840518915,0.012462016977414612,7.546740083100059,1.1014817510951922,227458.0,0.0
train,facebook,dir_09,0.5,0.9351378825809803,0.009136503752407375,0.9728437917222964,0.06340808782659983,0.9241170534813319,0.23034171727804043,0.719261392286062,0.04108031005980498,0.9582504722115607,0.045522372341600156,0.7386962140870155,0.02950512723179742,0.524791938626714,0.046862715233923706,1.0248249632821527,0.011544005959552156,7.606247762499874,1.5228366868273273,193292.0,0.0
train,facebook,dir_09,0.6,0.9311223178204575,0.008547529500171888,0.9559546061415221,0.06347507786250836,0.9212579885637403,0.23539727009177452,0.6557321329034111,0.043273873305417154,0.9611305262179395,0.04797565129233882,0.6962804666780974,0.019812459106838407,0.4536868376280908,0.028120718208090357,1.0234675053506677,0.008246052726258599,6.969850275000056,0.6091562003213509,159128.0,0.0
train,facebook,dir_09,0.7,0.9253560533730353,0.010110912138732345,0.9026079216733421,0.057892817912417835,0.9177934746047762,0.23909373890805008,0.5539390206360191,0.05512077923705622,0.9524438815057584,0.05927612825748219,0.6370958216830837,0.009475327435581583,0.36035238436220157,0.01208465283255924,1.0220519808440014,0.012859285201617688,6.008142441699709,0.7939878050147489,124964.0,0.0
train,facebook,dir_09,0.8,0.9186396494560993,0.009943074944655805,0.7701557632398754,0.053669607062496835,0.905247225025227,0.24372382332258777,0.4103929306818431,0.04659064784707987,0.9149455102598705,0.07995979690569271,0.5543413750085426,0.007286881718457414,0.19080225420641475,0.01860183161300007,1.023630106545058,0.016738816918891647,5.809650529499914,0.722579309206941,90800.0,0.0
train,facebook,dir_09,0.9,0.9133221332880781,0.009561190189545243,0.4205251446372942,0.023313222607857096,0.8200807265388497,0.23505353055167572,0.24061043474866942,0.04513140679468677,0.8530971690774495,0.13371298012472374,0.49807622868895923,0.006070724425699756,0.03503257039928111,0.00884678340665145,1.0223489887570643,0.025680395189049444,5.07741713750026,0.4925239738866207,56634.0,0.0
train,facebook,dir_10,0.1,0.9322326496513321,0.012945330402271773,0.9618736092567868,0.07958479044051339,0.8992263706693576,0.24462592210364215,0.9529065240903934,0.07479023736664475,0.9955300599162609,0.06132564412711625,0.8167995816055258,0.05779793461678091,0.6675378504798648,0.07972376309906998,1.0081330807777784,0.0158498546658143,8.537702895800237,0.9402755299947526,329952.0,0.0
train,facebook,dir_10,0.2,0.9312456847919378,0.014249884216494941,0.9426835781041388,0.10261543291307307,0.8870164816683485,0.2545361720162522,0.886273303033198,0.11670746250011242,0.9828910290780639,0.06579087538883292,0.7901884597974375,0.07652863597546,0.6358279193057965,0.10935497672540549,1.013271202677164,0.020981310070044844,8.429047153999818,0.4826086550993186,295786.0,0.0
train,facebook,dir_10,0.3,0.9307622704151679,0.015080054801971911,0.9310324877614597,0.12010802856036687,0.8815338042381432,0.2588393086036138,0.8019711280851378,0.13566151859393924,0.9818214532096947,0.07486668833544718,0.7657072950011795,0.07983448311439863,0.6036350281330986,0.11085548341567084,1.0145218445865107,0.023934309134099573,7.4452127790000535,0.37673894303322253,261622.0,0.0
train,facebook,dir_10,0.4,0.9306021140069995,0.014497253711592176,0.9256831330663106,0.12637894367531594,0.8795829128826101,0.26135123158163737,0.739082728360005,0.12570847911152666,0.9796283775875173,0.06716582171878673,0.7371151914414026,0.07018309242299776,0.538000643963173,0.09687412920247292,1.0174430754211021,0.02033431352275755,7.331696083199773,0.8606729739500462,227458.0,0.0
train,facebook,dir_10,0.5,0.929819380750665,0.014879393638213122,0.9191455273698264,0.1288930182093886,0.8779347460477632,0.263449647641767,0.6666364570760294,0.13197359815895984,0.9800141511693452,0.061890046482121874,0.7106472538203642,0.05877842300544961,0.49846484536839314,0.07373083570234899,1.019383578206341,0.015844758763248947,6.917651741599786,0.7347107710121183,193292.0,0.0
train,facebook,dir_10,0.6,0.9260887891111175,0.013926104012223496,0.9025589675122385,0.12816787649188105,0.8757147662293979,0.2656805374897489,0.6007250122997759,0.13546901781293563,0.9797201368929057,0.07620605249632166,0.6751045005227219,0.04818408084974634,0.4322579280029831,0.06493165953896878,1.0218318179307218,0.008739636619220401,6.349998079200065,0.8642551634311981,159128.0,0.0
train,facebook,dir_10,0.7,0.9232360849972657,0.011726947211892581,0.8562394303515799,0.1208408240072496,0.8708039017827112,0.26632473022847003,0.5059748829352089,0.13365281668325268,0.9724385691575523,0.10218891091076715,0.6189992940631729,0.026707832814731703,0.32959623396405163,0.030590438703390968,1.021554090520627,0.011148526296424642,6.51342782100013,0.8283653925665428,124964.0,0.0
train,facebook,dir_10,0.8,0.9159699718625616,0.011791559692037153,0.7402269692923898,0.09674428271173308,0.8541876892028254,0.265957475590607,0.3856194972543513,0.11402109679798188,0.959927974638136,0.12852284795458685,0.5480663895630782,0.008373399778437129,0.18706608501805586,0.017084371476203522,1.0204469734012518,0.019124951829367277,5.881834974900062,0.6588538418240791,90800.0,0.0
train,facebook,dir_10,0.9,0.9096586578915205,0.008210271019730563,0.41117489986648864,0.022491587899740723,0.7840565085771948,0.2545418293061111,0.23852278586433023,0.08919448133018769,0.9250886180377622,0.21732159969622322,0.5042561504322778,0.012294751794457128,0.04669211274221495,0.019795462033930386,1.0153339110042798,0.03716953994285787,5.279281241600017,0.7384824340535512,56634.0,0.0
train,facebook,dir_11,0.1,0.9354333573694488,0.01018243914638779,0.9746906987093903,0.07443693736156476,0.9178607467204843,0.24409360648059258,0.9706628679345559,0.052603268832676346,0.9808488707137245,0.04829550892832802,0.8324157891105687,0.05362991432868649,0.6821965626178712,0.08611606933371631,1.0122907727586798,0.011343078358935697,8.683029620899868,1.1108303432698856,329952.0,0.0
train,facebook,dir_11,0.2,0.9353995308066747,0.010906192822629677,0.9732398753894081,0.0775823838634027,0.9163807601749075,0.24750751350348038,0.9326126349356543,0.05586807880015706,0.9617171358780752,0.04287571293390023,0.8121018038302186,0.04748895462129468,0.6544592640304617,0.0739392788223118,1.0210436545998451,0.010529757637850109,8.133349979000139,0.9171956569729047,295786.0,0.0
train,facebook,dir_11,0.3,0.9357945245731324,0.010635202329619403,0.9714285714285713,0.07971551402327441,0.915741675075681,0.24872475560660007,0.8367199628483404,0.04029899593700564,0.957486404922461,0.04068878239093524,0.8023052892076705,0.04751960381419655,0.6498707154515528,0.06961936395533484,1.023202616406198,0.010757536048359535,7.338860229200191,0.4094716488177691,261622.0,0.0
train,facebook,dir_11,0.4,0.9344816312820315,0.010823326646562643,0.9688295505117935,0.0816645888801731,0.9141607803565422,0.2517709197965125,0.7775634377955225,0.055932771303782935,0.9603023074565662,0.04266549002701608,0.7711488390504531,0.0430127558625546,0.5882535744640245,0.06307831568383464,1.0239973113216192,0.010918024270993872,7.006059895600072,0.7210289470588969,227458.0,0.0
train,facebook,dir_11,0.5,0.933296826074493,0.011693154558245803,0.9633288829550513,0.08298711497736515,0.9128489741002355,0.25418582200974676,0.7170928267782988,0.058959067821258905,0.9647048533832109,0.045712016575056524,0.7369326353475598,0.03663927317174599,0.5326380361146088,0.050575213934984195,1.0235954267541172,0.008647444223998782,6.705463020500008,0.36087691294052004,193292.0,0.0
train,facebook,dir_11,0.6,0.9301218788322269,0.010883792558867424,0.9468847352024922,0.081875272611544,0.9111671712075345,0.2558899906346029,0.6524113146780902,0.051456051879843624,0.9661353254411569,0.05687876993566198,0.6941768316071608,0.021985857321703866,0.44464841724589743,0.025806391034351457,1.0226510886849178,0.006040833975349682,6.361157154099976,0.7800923981138848,159128.0,0.0
train,facebook,dir_11,0.7,0.9242000959874741,0.011739189251847108,0.8960658655985758,0.0723750686527019,0.9078372014799866,0.2577746378158582,0.5560719828294757,0.04945454138212575,0.9657790470316735,0.0735647502088654,0.629503855609308,0.010733747907873731,0.3434816153961003,0.0212907119299215,1.019665387251818,0.011667370021726188,6.470857229000001,0.8638891910792926,124964.0,0.0
train,facebook,dir_11,0.8,0.9191129587084106,0.009964410057298506,0.7598486871384067,0.06345356436619821,0.8946518668012109,0.25783738376390924,0.42230709431479285,0.044245816608083625,0.9448215127465043,0.10242214828519107,0.5500578006014294,0.0069952560695144455,0.18711501549108872,0.017364927397705263,1.0182553846144082,0.019485078857303082,5.678771654000139,0.7644931209146031,90800.0,0.0
train,facebook,dir_11,0.9,0.9112379167034808,0.007882268985092743,0.4170182465509568,0.01632630773970528,0.8039690548267743,0.24495220591757672,0.2636134124556441,0.04601377627198626,0.8982159338381409,0.16427169669465388,0.5021799507825964,0.007918447278566509,0.04186240858094843,0.015213870876452732,1.014703525535862,0.0321909034995446,5.184567396100045,0.6289894638751624,56634.0,0.0
train,facebook,dir_12,0.1,0.9357810487148545,0.009874083366332118,0.9815576323987539,0.05729248294877574,0.9295324587958291,0.2186163929575484,0.9797708430671614,0.044109831104354014,0.9700630250718476,0.037182640434821924,0.835187648960868,0.04125697440628502,0.7011548557757254,0.07197678310841107,1.016147911030577,0.008688807291356362,8.519276187500088,0.7278660327529615,329952.0,0.0
train,facebook,dir_12,0.2,0.9361895364147855,0.008791449850181751,0.9805919003115265,0.05990963138729776,0.9280188361923983,0.22293492632075773,0.9259774718148861,0.04846473177838383,0.9542660067380752,0.036989079933404105,0.8220723130262725,0.04148391539012481,0.6811456661542008,0.07717950672734282,1.0232069665545587,0.010860542440682401,8.170093412700158,0.984341225664112,295786.0,0.0
train,facebook,dir_12,0.3,0.9357937110517112,0.010216725896041633,0.979247886070316,0.061784477187850684,0.9272115708039017,0.2248998152405213,0.8352149136526539,0.052235549051184965,0.9498500408297454,0.03914868866694209,0.8058435330666602,0.04062192322946645,0.657766591415746,0.06256477593092322,1.0254612206716656,0.012232183391760413,7.704774358400016,0.9762843110600279,261622.0,0.0
train,facebook,dir_12,0.4,0.935552696982158,0.009597493528907375,0.9771740097908322,0.06412126159883974,0.9255970400269089,0.22871094710386536,0.7812338158340351,0.0528015148755371,0.9517006805412359,0.04352537343287406,0.7760451481734659,0.03465567647756031,0.5964017247258006,0.0462653563438716,1.0261257037955918,0.012523476180046782,7.337480474900178,0.5849194133575125,227458.0,0.0
train,facebook,dir_12,0.5,0.9344403106949587,0.009966331977909738,0.9718424566088117,0.06565300065748415,0.9228388832828791,0.23240248042220718,0.7147430080340658,0.054780828002563745,0.9588910492302611,0.04696021991909916,0.7417248143098742,0.028993232586759482,0.5299026401445741,0.03394403852590274,1.024836658689694,0.011600018036897256,6.827484270699983,0.500191055471857,193292.0,0.0
train,facebook,dir_12,0.6,0.9306068014210245,0.009363809924366273,0.9553271028037382,0.0656354902804329,0.92058526740666,0.23659504427266703,0.6512137486514149,0.05804280637900256,0.9605792638958931,0.04943168816809838,0.6996127591352674,0.022686634072696187,0.46068972859461343,0.03647758035182854,1.0236905529504774,0.007923183723454004,6.726781779300313,0.6737884654883043,159128.0,0.0
train,facebook,dir_12,0.7,0.924758913135528,0.010884436745304479,0.9027236315086782,0.05924299112800534,0.9172216616212581,0.24032101954674895,0.5483266436353305,0.06990631065011628,0.9519199249055857,0.06149418908124122,0.6297683142665668,0.011217840495000162,0.3472848424743943,0.01693175486989789,1.022365359857179,0.012086586675509554,6.207050733500216,0.8127271668768395,124964.0,0.0
train,facebook,dir_12,0.8,0.9197214766091373,0.009954059183730648,0.769305740987984,0.05481630912479682,0.9044735956945846,0.24656726827096195,0.4067419726329523,0.0589751103766352,0.9157130799103952,0.0860625377280993,0.5551049568333901,0.0071547954700344005,0.18995943450843367,0.022378238546877875,1.0238116547464824,0.01626740684292081,5.607937995699899,0.9096902680676366,90800.0,0.0
train,facebook,dir_12,0.9,0.9134404254089992,0.010324855651682004,0.42008455718736093,0.024963391925947348,0.8218634376051126,0.23740445173966512,0.2348329878361958,0.05653520775203723,0.856973908616529,0.14810602133358514,0.4976585793571674,0.006799031441456208,0.035268144657131316,0.011213001012392964,1.023006785203888,0.023241644938594312,4.9489301249998,0.6527148341747785,56634.0,0.0
train,facebook,dir_13,0.1,0.9358769625820225,0.007972675865348274,0.9773787271918113,0.05911363778982955,0.9261352169525731,0.2125557098244922,0.9687661822814974,0.04800570981366271,0.9775085357474635,0.03909033735438919,0.8338246535574463,0.045996901080326995,0.7094618648808936,0.08109746359419331,1.0128220343778152,0.010235532707625707,8.048010858300051,0.7543748257372883,329952.0,0.0
train,facebook,dir_13,0.2,0.9360762251157272,0.008088705388882669,0.9758477970627503,0.06195640566793838,0.9235452404978137,0.21878048883605075,0.9139953382182604,0.051479724883891756,0.9579036866971891,0.03466924523272579,0.8127105937922838,0.045103427185628625,0.6570579613714843,0.07694402495011034,1.021210355728042,0.009850597620233326,8.043031120900105,0.6969599148271645,295786.0,0.0
train,facebook,dir_13,0.3,0.9366114018458097,0.00870956803630707,0.9736715620827769,0.06448346855833662,0.920887991927346,0.2245633843717373,0.8282787406927486,0.054846639531947176,0.9538170255186149,0.03453757811636975,0.7976263835208385,0.044730835093911896,0.6423107866782211,0.062209016276153,1.023773992549296,0.010584242377422372,7.465278879000232,0.8297825929729392,261622.0,0.0
train,facebook,dir_13,0.4,0.9348784678626172,0.008329993104137368,0.9704450378282153,0.06726769780225293,0.9180961991254625,0.22917149374874532,0.7670863533945829,0.06452160096775926,0.9567378141687941,0.03642847372255263,0.7698352890345285,0.04090360863002954,0.5792800947046205,0.06864181385389537,1.0244241501103528,0.011042656153532702,7.240011246099902,0.8432808861191688,227458.0,0.0
train,facebook,dir_13,0.5,0.9337159542428333,0.009035873635465829,0.9644192256341789,0.06934015707468455,0.9153044063235789,0.2339830391996132,0.7030327542921445,0.07161892782445299,0.9627919950179488,0.038808302405022845,0.7354677693920638,0.03536607271118076,0.5256621286526999,0.05686057422466052,1.024096331003695,0.008979711246917202,7.085172829199837,0.6894546281450161,193292.0,0.0
train,facebook,dir_13,0.6,0.9292430184183585,0.009970652812668322,0.9476991544281264,0.06931580588134396,0.9126135216952573,0.23717620548933707,0.6382670889035749,0.07312091725452147,0.964376696091013,0.04514980217363819,0.6928085304546137,0.025655486400529923,0.4542914122555784,0.034986447347764835,1.0233000810013309,0.00714832449446101,6.308035316800033,0.27925364231548083,159128.0,0.0
train,facebook,dir_13,0.7,0.9239994080062989,0.009947191854344704,0.8987405429461504,0.06433758936028554,0.9068281197443661,0.24111452033659403,0.5405877777710592,0.07549644290752558,0.9608171346641182,0.06714888854527673,0.6345134640729673,0.008841681144846267,0.3544786032619685,0.02287859399046789,1.0215266128792229,0.012756375702059723,6.011349358100017,0.5154882371245456,124964.0,0.0
train,facebook,dir_13,0.8,0.9173617954810469,0.009542561864938551,0.7687716955941255,0.05670470852104869,0.8910191725529769,0.24360598669722489,0.4204945619500953,0.06918311923681175,0.9433171831418677,0.10135068527459416,0.5515081703509793,0.010589829556978615,0.1935318557764125,0.02420159017357633,1.0200351520828306,0.020941451375875417,5.719874658300148,0.5890756370448252,90800.0,0.0
train,facebook,dir_13,0.9,0.9097413485723399,0.007965287540311729,0.4220382732532265,0.021249330919290675,0.8063572149344097,0.2364289781292376,0.2680508800842163,0.05697020477619307,0.8901599336108372,0.16849831719251424,0.5019618915728234,0.010104955073628224,0.04147845805308636,0.008648293443144398,1.020007484608705,0.036088059995083216,5.102450675100124,0.7843565614934587,56634.0,0.0
train,facebook,dir_14,0.1,0.935450665819582,0.00839008514480107,0.974797507788162,0.06761157630778288,0.9218634376051126,0.22455113853033432,0.983852277552668,0.01720780150784262,0.9805889148713594,0.04280732324195923,0.8302191965056929,0.0517291967512976,0.6858010295813755,0.08339637712020698,1.0113692399478622,0.011978117357113441,8.76475729589979,1.5980266134760948,329952.0,0.0
train,facebook,dir_14,0.2,0.9357973516526217,0.008815980407686158,0.9732932799287939,0.07030187146840434,0.9200807265388496,0.228688047829138,0.9300491963055819,0.036490209559931285,0.960556154263692,0.03890254255883885,0.8128877013957986,0.04468947618168467,0.6680665716424861,0.07298442247275799,1.0199874011424186,0.0116280655627705,7.899655325099923,1.1754053750839777,295786.0,0.0
train,facebook,dir_14,0.3,0.9357609095718555,0.009316511619658853,0.9711838006230529,0.07230129917945896,0.9180289270097545,0.23242551403403577,0.8540296469312023,0.048450437958000345,0.9561328632672333,0.03996222431522839,0.7948104458471844,0.04339211831242228,0.6398860396483876,0.0726569306928559,1.0230276713347934,0.012097741143109256,7.595540370900039,0.8613683672259236,261622.0,0.0
train,facebook,dir_14,0.4,0.9348110736810604,0.008580494239314063,0.9683622607921674,0.07409854877829447,0.9163807601749075,0.23478901092212617,0.7888496884307019,0.035796226699734965,0.9590322327410294,0.042502542671912794,0.7730487465440204,0.04431783636284397,0.593710117689843,0.07205282504265179,1.0236004550659838,0.012408619014521404,7.615397046099906,0.9905963542273901,227458.0,0.0
train,facebook,dir_14,0.5,0.9342022508060284,0.009149976860985455,0.9623230974632844,0.07537928475057681,0.9144971409350824,0.2386552405110378,0.7214331944587621,0.04929202601078496,0.9658936993228412,0.046803835324828,0.7315970291007121,0.0392921660229719,0.5174944706566926,0.06793416714082716,1.0225233059096381,0.011796689677911192,6.7058009958999945,0.6363693726621531,193292.0,0.0
train,facebook,dir_14,0.6,0.9302294432163926,0.008879695811086956,0.9441878059635069,0.07457005548751477,0.911974436596031,0.24142563101622844,0.6535959340450175,0.05454953890376806,0.967991822573801,0.05637043054280371,0.6936305902806346,0.025100928567574555,0.45732460639861594,0.03454737839207588,1.021555233349947,0.010006296415686695,6.6207921748002265,0.930686636140767,159128.0,0.0
train,facebook,dir_14,0.7,0.9245942191311662,0.010228688138023362,0.894392523364486,0.0695043249379227,0.9043726875210225,0.2437908663031787,0.5558162862994559,0.0679005938620256,0.9660241913125628,0.0790166562509422,0.6295523631828971,0.009395063203281411,0.34996667641505863,0.022477453789937155,1.019185973329078,0.016281601509612435,6.338287579199994,1.0894896561113143,124964.0,0.0
train,facebook,dir_14,0.8,0.917388195781748,0.010815442500711524,0.7653938584779707,0.06581927162057791,0.8869492095526403,0.24683032928853157,0.4310752196290175,0.07818973912283547,0.9472317466706196,0.11492637663157856,0.548843381944285,0.006716953509541655,0.1863763033611574,0.0218192941115635,1.017065281522234,0.025721922192468303,5.499261616800027,0.7592953460644886,90800.0,0.0
train,facebook,dir_14,0.9,0.9096610367433267,0.008896163539033986,0.41903871829105477,0.01936378632349074,0.8083081062899428,0.24365296463430197,0.277217115185687,0.07991421418760654,0.8910497126777468,0.1796036029499822,0.5017960551326771,0.007785314397643632,0.04056416637146549,0.008324835923834656,1.0178045906045678,0.03879538643889565,5.64331165420001,0.7203950435872984,56634.0,0.0
train,facebook,dir_15,0.1,0.936295724666944,0.008416768460466397,0.9814641744548286,0.058146982073404005,0.9317860746720484,0.21429690580945585,0.9881182019395812,0.015697357419025195,0.9681012742131049,0.03571945186140798,0.8405315810529752,0.045949263229881764,0.6990776536119017,0.07629428013685927,1.0162670866597594,0.009179949400248577,8.420869083199841,1.0715819515819265,329952.0,0.0
train,facebook,dir_15,0.2,0.936739829376885,0.007853318575627162,0.9804850912327548,0.06114956605660986,0.9300033636057854,0.2196991931663733,0.9254952087392792,0.03338034914779098,0.9537901674014897,0.03421934037449628,0.8195698576356459,0.040139201159738645,0.6565248673746538,0.07109927694671607,1.0231560341895065,0.010194207080957404,8.542429833399922,1.3917102931471677,295786.0,0.0
train,facebook,dir_15,0.3,0.9366916080306519,0.008754871331743552,0.9792434356920339,0.06323181450252177,0.9284224688866465,0.2244634387892594,0.8445494553308466,0.013027323287965603,0.9485076406546569,0.035785815157946224,0.804524935777757,0.03985907314104635,0.6601137740583265,0.0563380764998132,1.0258616327923038,0.011243528593842833,7.670940841799916,0.6257588020436774,261622.0,0.0
train,facebook,dir_15,0.4,0.9355129789781061,0.008942434956816214,0.9774588340008901,0.06583559930173932,0.9266397578203834,0.22939602122685246,0.7872928525960242,0.017823037688247303,0.9512039544985743,0.040009516078943735,0.7813873368001266,0.03301723253758267,0.6035025727130853,0.03557771617353025,1.0262102713811756,0.01147496110618268,7.356673354199813,0.8267018643197722,227458.0,0.0
train,facebook,dir_15,0.5,0.9349226669839419,0.009329206561113064,0.9726657765910103,0.0677837783488896,0.9247561385805584,0.23453314964442362,0.7252006724453836,0.025922122380953472,0.9612527839545999,0.04201334719931635,0.7384474598145324,0.034748761306829586,0.5173902263286541,0.05744888100970669,1.0249052485762857,0.008934358097250792,6.623541891799983,0.823679430980981,193292.0,0.0
train,facebook,dir_15,0.6,0.9303925037648213,0.009158122403637543,0.9559724076546507,0.06664970094798778,0.9227379751093172,0.23834285014243298,0.6622734327410073,0.024852567318049586,0.9606676473295359,0.04572880805469555,0.6941405076390564,0.02098069406093645,0.4442579540528976,0.028117616514066798,1.0237701259712773,0.007642406848814624,6.586443637599825,0.9370391504723609,159128.0,0.0
train,facebook,dir_15,0.7,0.9257083634639957,0.009830842914096685,0.9050111259457054,0.06033933318242928,0.9198116380760176,0.24125062151608595,0.556861729074094,0.04013074943035196,0.9583912992968282,0.062396190905678925,0.6319666801834715,0.012835056996430035,0.3425703399094155,0.018877958653642377,1.0215529326432125,0.011771015374833393,6.144276616799663,0.9258049073593781,124964.0,0.0
train,facebook,dir_15,0.8,0.919297123264202,0.009472872675403265,0.7737338673787272,0.05326589413633479,0.9061217625294316,0.2452952782462538,0.425537285921879,0.0479139248125818,0.9249422602381202,0.08493561568769545,0.5500897816489102,0.006739870115192356,0.18464879013831947,0.021387606791160568,1.0216784114517379,0.01709415879776695,5.5587134457999925,0.8112592920988662,90800.0,0.0
train,facebook,dir_15,0.9,0.9120755743814977,0.008942268088231281,0.421704494882065,0.02153247414298197,0.8140598721829801,0.23438064873906672,0.2579104088367206,0.05262286165409404,0.8755436663324346,0.15018222223756286,0.4973362549975736,0.006615198879051036,0.03579289687181534,0.005678804958325379,1.016959189471726,0.029510384754473536,4.962862116399753,0.5286099023126092,56634.0,0.0
train,facebook,dir_16,0.1,0.9352955908424503,0.011209844001213044,0.9765910102358701,0.07188204565010874,0.9221997981836528,0.24038522542388582,0.9735208430738916,0.05811508271250738,0.9753178411577593,0.046614864407600584,0.8387476593423819,0.053438063317798996,0.7106309114938869,0.09253604319537814,1.0146899892324703,0.00973762264946635,8.52354132080004,0.6349575940133722,329952.0,0.0
train,facebook,dir_16,0.2,0.935484324896154,0.011682209514572307,0.9752959501557632,0.0753605783167265,0.920551631348806,0.24361779330704555,0.9274436810313291,0.056013871834813184,0.9572173637780024,0.0426768801036878,0.8202778968859237,0.04645624109899919,0.6730942060724459,0.07871228519724165,1.02289205396214,0.00982737853046704,7.8881379751001415,0.640173714451787,295786.0,0.0
train,facebook,dir_16,0.3,0.9361629395585839,0.011423160585930283,0.973818424566088,0.07717195780578982,0.9194080053817693,0.24525723633151908,0.8275504910819327,0.05985277386589204,0.9548438873822022,0.04241827859480012,0.8008588918407854,0.04584275984513404,0.6463709897713275,0.06168681950403254,1.0246581954890908,0.010372344029141143,7.648166195800059,0.5444023716785591,261622.0,0.0
train,facebook,dir_16,0.4,0.9345728696181469,0.011589211060653994,0.9718024032042724,0.07891316266994004,0.9179280188361923,0.2473781578834665,0.7745857060535192,0.0673539771994323,0.9577637390393452,0.04563876543051776,0.7719751704669294,0.03921340521194728,0.5844473123146261,0.057127199297046904,1.0251864579518344,0.010687782666642873,7.13518551259981,0.6287559343195237,227458.0,0.0
train,facebook,dir_16,0.5,0.9339465302913658,0.011690969199259073,0.966791277258567,0.0802846016360141,0.9164480322906157,0.24961939762156074,0.7149987045640855,0.0714405042082808,0.9639106754778289,0.047058337770913304,0.7374910048698691,0.032779272198806636,0.5156201353407152,0.04217338029411619,1.0245445237225785,0.00847247242426882,6.821084166800256,0.6900070754606695,193292.0,0.0
train,facebook,dir_16,0.6,0.9300765790246027,0.012272276042608853,0.9507476635514018,0.07932725475259995,0.9144635048772283,0.25203537279080834,0.6520876481843941,0.07062732262149092,0.9644920910201167,0.053310199029216125,0.700356142642565,0.023837974211354213,0.46135049538270134,0.023614838449095104,1.0233372184687521,0.0071377349883326715,6.423968541800127,0.7056383116734587,159128.0,0.0
train,facebook,dir_16,0.7,0.9250021940253508,0.012596894537023003,0.8986203827325323,0.07120642337835477,0.9112680793810967,0.25464980486813876,0.5501068093506585,0.07737144076531266,0.9637772949978911,0.07592200532070316,0.6297714650990487,0.012051498932756447,0.34756094838393353,0.023141067279521962,1.0205577335735023,0.01311058712486674,6.300847916700104,0.5350876536079537,124964.0,0.0
train,facebook,dir_16,0.8,0.919236077233843,0.01039282569283532,0.7639697374276814,0.062179039360445026,0.9,0.2570307943723464,0.41085901043276535,0.06627033752115896,0.9348457135206992,0.10567490218161808,0.5512997076417303,0.007002056780470535,0.18716206048638404,0.023562691584894876,1.0204975150879774,0.018798210869787634,5.405039829099951,0.5403779280123733,90800.0,0.0
train,facebook,dir_16,0.9,0.911804494851881,0.008812401261220973,0.41964396973742774,0.01927043145377415,0.8180961991254625,0.2453161533059037,0.24826191065964281,0.0659476551334312,0.8869731935692695,0.18794985911391549,0.499497825986873,0.008704590423403238,0.038941020691862095,0.01567267600587811,1.0180847633715013,0.024413017803228076,4.840214350100109,0.6634344475264209,56634.0,0.0
train,facebook,dir_17,0.1,0.9344007267768809,0.012749859291683109,0.9689452603471296,0.07890633730882317,0.9130844265052136,0.2471022828928939,0.9614027695499134,0.07931711605600546,0.9886812135798959,0.0553921051041027,0.8256856428709464,0.056402860018245425,0.6804088697163112,0.0795003189218717,1.0099879624988903,0.0130913082120894,8.422115308299885,0.8673328276605442,329952.0,0.0
train,facebook,dir_17,0.2,0.9341095639460274,0.012760500828932536,0.9651935914552737,0.08799010122823374,0.910494450050454,0.25372834074923356,0.9113962962738814,0.0895412059852519,0.9673858930010137,0.05372571265944078,0.80733629377749,0.05566415462583508,0.6583944984066131,0.09256265087565488,1.0200121476252026,0.011075115554217203,8.039571524699955,0.7645445094160839,295786.0,0.0
train,facebook,dir_17,0.3,0.9343810036759832,0.01381947593737683,0.9631019136626613,0.09030076825437902,0.9095862764883955,0.25526878818560333,0.827854737586007,0.10719757306760937,0.9619194633012166,0.05227759303390383,0.7924568181708798,0.05141904157575512,0.6293855965688765,0.069242974238173,1.0235995549467014,0.010490933652964917,7.534423808199881,0.7658158647919825,261622.0,0.0
train,facebook,dir_17,0.4,0.9336861530680955,0.012373135195219851,0.9601824655095683,0.0926147138824017,0.9079381096535487,0.2573017502280167,0.7582858614309886,0.1007518855446895,0.9630355948961322,0.05334965781463609,0.7655414856866105,0.04593363148910268,0.5859559800538932,0.05843275725956949,1.0250981504376124,0.009121403460946913,7.392113908299962,1.401780483401851,227458.0,0.0
train,facebook,dir_17,0.5,0.9320307742929975,0.012922607656170182,0.9545571873609257,0.09481676994576099,0.9068617558022201,0.2591317885154692,0.701375581844421,0.10971426541061852,0.9636174700908393,0.0532801880275666,0.7336335788141897,0.03799369955955467,0.518597956018862,0.03989103192704579,1.025770741675257,0.0066456286764240155,7.287872929299783,0.7097374499096055,193292.0,0.0
train,facebook,dir_17,0.6,0.9285646476546789,0.012829209865800183,0.9371784601691143,0.09415895777848168,0.9054154053144972,0.26109429091556374,0.629204427080087,0.11758711452300426,0.9634390764916526,0.06904006818066506,0.6972875233703142,0.027473604273234337,0.46611332377231446,0.03410248679890167,1.024286020657603,0.008184620870033021,6.687637079099841,0.907781640430009,159128.0,0.0
train,facebook,dir_17,0.7,0.9237507371036952,0.011548197565457363,0.8877926123720516,0.08564172531211635,0.9020181634712412,0.26207912447283244,0.5266409885576985,0.12051048040789578,0.967071870107351,0.0951260626755421,0.6309311513378726,0.013365934969977325,0.3472022901874259,0.015266590901538738,1.020965122137012,0.014875615775318568,5.8794014583999115,0.3864743221038876,124964.0,0.0
train,facebook,dir_17,0.8,0.9185008822655056,0.010847198868479726,0.7564886515353806,0.08069273989446514,0.8917591658257653,0.2625442117028052,0.3953068354106726,0.10684897105820419,0.9456738750899272,0.14175846465493924,0.5523197286398103,0.00806342943066172,0.19013285637814492,0.02193139381372574,1.0196162154976514,0.025503530250955486,5.716147091499693,0.6624855600395491,90800.0,0.0
train,facebook,dir_17,0.9,0.9122304892261643,0.009242486325588556,0.41491321762349803,0.01795209576813578,0.8177598385469222,0.2506073069821812,0.23659373356190203,0.08922094255612024,0.9038838129010607,0.24772243969532243,0.5008658330407288,0.010599486588322939,0.04005625103244416,0.017904000579830052,1.0209357098028848,0.025675610417471885,5.168454595799949,0.6751908111511556,56634.0,0.0
train,facebook,dir_18,0.1,0.9303940318161107,0.014339891628334198,0.9374321317311971,0.10714157819704605,0.8032963336696939,0.35325298337515953,0.9214849808823857,0.09970566380286003,1.0159989316083489,0.06576936618334554,0.8022649714410124,0.06962197830733663,0.6625325519972144,0.10640859555175462,1.002420792914974,0.015704708938342592,7.875510591700072,0.6055590224346862,329952.0,0.0
train,facebook,dir_18,0.2,0.9283872976983053,0.018569494713600507,0.9183400089007566,0.14031182317445937,0.7903800874537504,0.3774463237580098,0.8553502062254822,0.15031472591729553,1.0090954297872927,0.08648148987208445,0.7774956512011967,0.0778891041925193,0.6243235507329865,0.12026665215569217,1.006139703801192,0.02236893566524062,8.052014341499921,0.8887755835660918,295786.0,0.0
train,facebook,dir_18,0.3,0.9278618449664728,0.01803291404556523,0.9121450823319982,0.14682899444209416,0.787958291288261,0.3785036959850482,0.7691222156399308,0.15194737635453726,1.0070903328434626,0.09635135440565432,0.7611783963596179,0.07354361103792159,0.5975597164940256,0.10793624868363312,1.0085456373583357,0.02320382395739107,7.699657437600104,0.861652719394557,261622.0,0.0
train,facebook,dir_18,0.4,0.9259376238069498,0.02007587288773223,0.9071117044948821,0.14960019216319884,0.7859737638748738,0.378963931457604,0.7016345150393778,0.1538400551328695,1.0098640838920978,0.11125721326981115,0.7377677739816508,0.07009070170182105,0.5493431166699453,0.1000774653787432,1.0119377381439334,0.022102056545977262,7.865134599999896,0.7444196447256591,227458.0,0.0
train,facebook,dir_18,0.5,0.9255235051909689,0.019926121927019914,0.8993680462839342,0.1502963385357586,0.7840565085771948,0.3793391830976852,0.6302919464989054,0.16545169168147034,1.0117838514273552,0.12373896538791708,0.7119074620179283,0.059307040839426214,0.5020320799775884,0.08024991546794091,1.014414428943131,0.021659728781836123,6.863556183200126,0.7076966326899864,193292.0,0.0
train,facebook,dir_18,0.6,0.9228996547751629,0.019647273985024357,0.8796350689808634,0.14751984970007107,0.7815001681802893,0.3798531925730504,0.549164939854003,0.16208404868061485,1.0275929981075251,0.15198264338890968,0.6712393828935725,0.043344967126955763,0.4309612753767748,0.060892418621860706,1.013104353949063,0.02132583056981695,6.239855795699805,0.9261134292294576,159128.0,0.0
train,facebook,dir_18,0.7,0.918513843049482,0.018010314039010294,0.8380507343124165,0.13612886848919484,0.7781365623948873,0.37992182374442,0.45970999432630266,0.15498305734173495,1.0334292795500533,0.19281429283581314,0.6183117780408679,0.02038467594715531,0.33445901673315886,0.028586214223385406,1.0144269322257733,0.01913633326094199,5.991820879199873,0.7714041644483843,124964.0,0.0
train,facebook,dir_18,0.8,0.9133096205591149,0.01721126496445443,0.7327325322652426,0.10676813207857844,0.7681466532122435,0.3774619852187641,0.35510098356375547,0.12738412126343526,1.0112789647373517,0.24495488693512407,0.5538317408562496,0.008066728388130695,0.19707612526157942,0.02587740924457453,1.0190346919729174,0.024553355068321032,5.36922984150001,0.9576158545033814,90800.0,0.0
train,facebook,dir_18,0.9,0.9072291846402563,0.014718608921799848,0.4132443257676902,0.011779344171942796,0.6957282206525395,0.3540339635123695,0.22241714113801722,0.10197915745980242,0.9751629809075666,0.3489470799824811,0.5074449978597698,0.013176088313931272,0.054183333564250355,0.03479558618362339,1.0229372977295472,0.03397344543636091,5.543424024900037,0.47392654113092336,56634.0,0.0
train,facebook,dir_19,0.1,0.9332754361460317,0.009726723064925282,0.9628304405874498,0.07409705000373346,0.8969727547931383,0.24014978276753968,0.9476663635574551,0.07720914855058225,0.9955396124927647,0.0559940899833441,0.8216262322332224,0.05524881709925986,0.6841588975944113,0.0823026659334439,1.0077157856703018,0.015187007798112322,8.725965450099853,0.7275222414631397,329952.0,0.0
train,facebook,dir_19,0.2,0.932464898214306,0.011921043757876637,0.9474098798397863,0.09141116244634236,0.8865119408005382,0.24584316288163371,0.8847455971829528,0.12262106473496476,0.9829400696842507,0.06464313219020083,0.7917223067526479,0.07423982342960261,0.6446899205285763,0.10553389927087292,1.0127354780781068,0.021354361404996233,8.668032466699788,1.0847338179393893,295786.0,0.0
train,facebook,dir_19,0.3,0.9312315569777043,0.013751339738269941,0.9409790832220739,0.09812912172874064,0.8829465186680121,0.24892672613340544,0.8139208950323941,0.12328153189916738,0.9745884396429563,0.05766308719996509,0.7729171723471113,0.06951675956566718,0.6203554144718334,0.09010893604317614,1.0166254647364845,0.020421032551665715,8.625740537399997,1.3353791083643527,261622.0,0.0
train,facebook,dir_19,0.4,0.9307266155137717,0.013021695213480578,0.9366310636404094,0.1012674197377349,0.8802219979818364,0.25166507827227513,0.7448698852672895,0.1415132533683025,0.973764890324046,0.053128032835050035,0.7424935846260101,0.062156409823913475,0.557141600732567,0.08037284495950726,1.0187483284997143,0.01856475030224878,8.094057729100086,1.6981290094182515,227458.0,0.0
train,facebook,dir_19,0.5,0.9296082772169317,0.01324387398678578,0.9287049399198931,0.1040207652992192,0.8769929364278507,0.2535729006059322,0.6734237434488344,0.13469484691878722,0.9782825198623829,0.05515400848296391,0.7154266165998543,0.05065607499453512,0.49874260338194903,0.06189177761560655,1.0194347746824333,0.01650660110720088,7.063780841600055,1.063193537015991,193292.0,0.0
train,facebook,dir_19,0.6,0.9269904143767601,0.012704665653634638,0.9095861148197597,0.10649060218482581,0.8720147998654557,0.25588423296325513,0.6031784043219915,0.14219932446719355,0.9851205963309928,0.07466684974088791,0.6778950056639185,0.036032790941060315,0.4340108259299097,0.045096877625763955,1.0192646603080533,0.012633377434617081,6.899994574999982,1.108008993395162,159128.0,0.0
train,facebook,dir_19,0.7,0.9217001356811473,0.01287650245075468,0.8614953271028037,0.10534631010845158,0.8639085099226371,0.2591489489803286,0.5157366643850803,0.13878266861965802,0.9726214539409288,0.09088229220755663,0.6231596697423651,0.021691620330611026,0.3397907699987363,0.020194427181782038,1.0195062312669445,0.01370816407588102,6.321191891699914,0.946678436454248,124964.0,0.0
train,facebook,dir_19,0.8,0.9160609093129392,0.010813312216543268,0.7442501112594571,0.08798150379486233,0.8461823074335688,0.26378267123302906,0.3957146551927295,0.1125508584106968,0.9646976456470089,0.13333102026635543,0.5500239880330806,0.008230087927634243,0.1904128453754539,0.02425878239582456,1.0170934631708703,0.024998251563576837,5.706461233600021,0.884795506905331,90800.0,0.0
train,facebook,dir_19,0.9,0.9080689270135889,0.010437364290308027,0.4105785491766801,0.0332690974601344,0.775849310460814,0.26692303393151173,0.24782819755809019,0.08929596571521443,0.922187901760231,0.2145788476503915,0.5054837019743659,0.010737802132539278,0.0469930209836012,0.018000313453847703,1.0167445589954214,0.03854649113043847,5.4689804208000625,0.9317726151321493,56634.0,0.0
train,facebook,full_graph,0.0,0.9385978638434302,0.004597634414583646,1.0,0.0,1.0,0.0,0.9999999989231615,0.0,1.0,0.0,1.0,0.0,1.0,0.0,1.0,0.0,9.183156254099906,0.3005400947177067,364116.0,0.0
train,facebook,gassip_adapted,0.1,0.9308445008863968,0.005596332420704556,0.9606809078771695,0.02037218417692448,0.8778338378742012,0.06009408051018036,0.8648077411712792,0.12519133650024064,1.0662168568757024,0.018317845306426373,0.8088286436363535,0.021648715487122713,0.6770291313581371,0.0674032455337807,0.9904007519670144,0.002290410406858149,8.53041210829998,0.3641636932009121,329952.0,0.0
train,facebook,gassip_adapted,0.2,0.9231085444121725,0.005792976157860566,0.9217178460169114,0.02937341069875271,0.7846955936764212,0.07952056207767111,0.7718928008259685,0.17916784979979647,1.1438330897967195,0.03435254843195582,0.7564502726416693,0.01686981161238916,0.5952824388310611,0.05122059698263294,0.980960113877187,0.004743519407610584,8.172638204099917,0.29270550264772616,295786.0,0.0
train,facebook,gassip_adapted,0.3,0.9150026284367007,0.006293410337071645,0.8756208277703605,0.034360480200217876,0.6995290951900437,0.09377941644666704,0.686315379892746,0.2166715279519208,1.2328348215512714,0.03839378616185277,0.7089884350564437,0.01696542584526442,0.5255705807810557,0.03519645705949894,0.9711596575913525,0.008759287863458093,7.888857329099954,0.49256712288925353,261622.0,0.0
train,facebook,gassip_adapted,0.4,0.9052178167416589,0.005356485953874061,0.8227414330218069,0.03826867607800819,0.6158425832492431,0.09923117841878083,0.5906557476808934,0.24647741018212557,1.3286955090182166,0.04008977044523775,0.6741265837691098,0.012980683278486057,0.47956500233678784,0.01639826562103927,0.9611065881860295,0.014157584021331219,7.316293437399873,0.4445426014911521,227458.0,0.0
train,facebook,gassip_adapted,0.5,0.898333378093724,0.006797518794819449,0.7575567423230976,0.04098463652822964,0.5289606458123108,0.10426927168288602,0.5065315893043659,0.2621650762458156,1.4432903853947643,0.03615279315233683,0.6387669495526457,0.01219066849973927,0.41743527732312113,0.02987771255795132,0.9508511915541051,0.019732115775726537,7.139201933199923,0.44476140638838996,193292.0,0.0
train,facebook,gassip_adapted,0.6,0.8914487092087577,0.004742169902106146,0.6805073431241656,0.03998693435646528,0.4353514968045745,0.09869762326125336,0.4184522263748735,0.258675874621944,1.585425876258473,0.051537789508431665,0.607051066250687,0.0065277495069791395,0.355631740455315,0.017314777654189765,0.9398718153806632,0.02527502712565993,6.736391316799882,0.3796156192735761,159128.0,0.0
train,facebook,gassip_adapted,0.7,0.8840650818260414,0.004078901706391442,0.5860747663551402,0.03399212831625014,0.33403969054826776,0.08571534846075198,0.31062273400005114,0.22741427285762603,1.7781818146655606,0.06363766947612684,0.5751224900780141,0.005965573586838214,0.2830132918920435,0.022878381775397402,0.9251134212228175,0.029526983782666723,6.065575129099886,0.3765031518323678,124964.0,0.0
train,facebook,gassip_adapted,0.8,0.8813457014283193,0.007749193324910821,0.46558077436582107,0.027045684356229022,0.22297342751429533,0.06347556758307765,0.1920280940448998,0.1770462238870856,2.0838831805164086,0.12095633366814343,0.5468125782589748,0.005322606298674805,0.2049088939823469,0.019263858947300278,0.9026329950649874,0.0316057989749374,5.891764912399969,0.5189676431398128,90800.0,0.0
train,facebook,gassip_adapted,0.9,0.8842102567355695,0.006705881872176132,0.3033155318202047,0.023915954061175266,0.1089808274470232,0.032754067845280684,0.07979997402074879,0.09743250725913538,2.698234278719215,0.1747261094136636,0.5229820926660091,0.002941401433385207,0.11230358388508459,0.01659360733585378,0.8574913324107264,0.03197973928059572,5.341475779099864,0.4182117824000067,56634.0,0.0
train,facebook,grp_deletion_only,0.1,0.9335614674315588,0.012377474317833592,0.9653983088562528,0.0797147527754059,0.9080390178271106,0.24625572354484657,0.9568908586277912,0.08166164212718711,0.9990188942785881,0.05742722413436169,0.8242522716593772,0.05774470194237249,0.698513185840915,0.0866634768192865,1.006030875685544,0.015634798926865305,8.814924221100114,0.5653859080248733,329952.0,0.0
train,facebook,grp_deletion_only,0.2,0.9326357314601841,0.01414351864971064,0.9497641299510459,0.10944173802221895,0.8963000336360579,0.27115762970184043,0.8891248048426597,0.11166565353577303,0.9917500752911929,0.07697178862026711,0.7940533120342992,0.07177045026191829,0.6351796047802875,0.10099187195731313,1.0113374037095748,0.018608582965510424,8.693851549799831,0.5767697233128166,295786.0,0.0
train,facebook,grp_deletion_only,0.3,0.9318189919541346,0.015931383883989653,0.9473431241655541,0.1115493761101842,0.8956945845946855,0.2718342202225071,0.8140730182844311,0.12824530505782047,0.9819408226286699,0.06977355352843412,0.7800998740629782,0.06422345513534819,0.6255374683757384,0.08869230513141874,1.0166652522398738,0.015694024040422073,7.860335166699974,0.43780153708881747,261622.0,0.0
train,facebook,grp_deletion_only,0.4,0.9309048827705562,0.014194376237035502,0.9440676457498887,0.1138761351650387,0.8950218634376051,0.2726620377392887,0.7491455196490137,0.15522452882549725,0.9795301094736354,0.07737900636438674,0.755214241615813,0.05625017812122518,0.5774422054188625,0.0751651661582724,1.0207976699588306,0.012638793177751344,7.576270837500056,0.4688178472694746,227458.0,0.0
train,facebook,grp_deletion_only,0.5,0.930079115242423,0.01512519923732811,0.9364886515353804,0.11658081215295384,0.8939455095862765,0.2732311382700089,0.6698472286934937,0.16857717965390345,0.9916482793295801,0.10305740082064109,0.7220278466953702,0.04996807052324322,0.5075426764964184,0.06781453664272127,1.0211695888671746,0.011105029075467688,7.261492733400087,0.36197424803670375,193292.0,0.0
train,facebook,grp_deletion_only,0.6,0.9269762272456464,0.014784216685011098,0.918237650200267,0.11762995682741648,0.8927346115035318,0.2737734719866,0.605327549840133,0.17139608861082697,0.99708039504776,0.14161724053616442,0.6815197019627228,0.03575763651039512,0.436783212354638,0.04081623984426995,1.0213510880988985,0.009484675636372716,6.894065633499929,0.5087419978724876,159128.0,0.0
train,facebook,grp_deletion_only,0.7,0.9227570433149321,0.01319863983177487,0.8701379617267468,0.11247601117749835,0.889640094180962,0.2739448276278413,0.5104123505637811,0.15953475913122891,1.0002227465553126,0.19586986364798079,0.6277762124750934,0.019760620595251785,0.3503148371307202,0.029609750437789642,1.0197792130783927,0.013857904926831772,6.212554137400036,0.5605776395591632,124964.0,0.0
train,facebook,grp_deletion_only,0.8,0.9174570406349203,0.01135771515958615,0.7470894526034713,0.09764063790153973,0.879112008072654,0.2722464465662567,0.38762299285032953,0.12736918223121624,0.9876860937740911,0.24621456260836466,0.5524902435183148,0.0065626791518610525,0.19344775938349865,0.020990451817690197,1.0185036524546311,0.026139553414308073,5.830696970899771,0.42846631151989073,90800.0,0.0
train,facebook,grp_deletion_only,0.9,0.9110907709800304,0.008587372815404734,0.41178905206942595,0.019250759308199892,0.8061553985872856,0.25839221930036294,0.24358492982573562,0.0952818804172024,0.9287456519688437,0.3030229910592194,0.503852167657217,0.011703975474937303,0.043482325531132494,0.020090998613060546,1.0203430860089913,0.031142401437034912,5.294643708300032,0.483001448108847,56634.0,0.0
train,facebook,grp_proxies_only,0.1,0.935843323655339,0.008353954390963453,0.9777436582109479,0.06280819165672127,0.9272452068617557,0.21501829630236796,0.9884030284540337,0.008629259378981853,0.9791318147457989,0.03923724661357688,0.841542388241739,0.051044048462089,0.7170260240975402,0.09190637268401398,1.0114850256294683,0.012580525911214765,8.68510149589988,0.46135326447475067,329952.0,0.0
train,facebook,grp_proxies_only,0.2,0.9361628431603632,0.008027552380918002,0.976243880729862,0.065302031597856,0.9250252270433904,0.21854871381669197,0.9237635929980057,0.05192227362959141,0.9605786722218816,0.035918796294207814,0.8154906078531274,0.04548637585199716,0.6658295299994201,0.08447418458146722,1.0191410026823766,0.012978622727638833,8.210917049899967,0.42870304606480547,295786.0,0.0
train,facebook,grp_proxies_only,0.3,0.9358002863759586,0.007887061218053656,0.9744281263907432,0.06711674164088825,0.9228052472250253,0.22244026030815997,0.8565510089170942,0.050903251718970526,0.9550844975401743,0.03676272320063008,0.7988598636987134,0.039743639050773806,0.6524989408182921,0.06427679728980192,1.0228222949369026,0.012869518849473306,7.960281362700039,0.38742032949338273,261622.0,0.0
train,facebook,grp_proxies_only,0.4,0.9352079339749853,0.007856340370735139,0.971651090342679,0.06854767935168163,0.9211907164480323,0.2240733232372031,0.7930152762045695,0.03261270043531508,0.9563049929289429,0.042055569605939924,0.7709234906638037,0.04152186932393776,0.5897092750576444,0.07248369677955117,1.023982450042523,0.012683465215700402,7.552154175099997,0.5390458770097752,227458.0,0.0
train,facebook,grp_proxies_only,0.5,0.9349864472842979,0.00865397521260035,0.9657854917668003,0.07002957665885566,0.9192734611503532,0.22688894432549817,0.7273368713037771,0.04555383772673334,0.9628994034587599,0.048573414948061944,0.7317639872245455,0.03338897981714736,0.5074783678978416,0.056250775975403365,1.0230892289375348,0.011921654863078345,7.049212304199966,0.4251500913381725,193292.0,0.0
train,facebook,grp_proxies_only,0.6,0.9303010246604375,0.008745254808223435,0.9485135736537605,0.0700426532592231,0.9166162125798856,0.23122834451712,0.6559166228048178,0.05544256779991991,0.9638389535883711,0.055287535623078296,0.6925474703272503,0.022364012176517834,0.44438278160227496,0.02991174673623612,1.0222180480883485,0.01075542276461889,6.893699725099884,0.4681971455419965,159128.0,0.0
train,facebook,grp_proxies_only,0.7,0.9251006890676307,0.008649247226349467,0.8982732532265242,0.06612238733957586,0.9089471913891692,0.23335232069272488,0.5560655094996019,0.07477948344039463,0.961844024511775,0.07560096367417733,0.6323116568283556,0.014257096423317187,0.3518178194339516,0.0182896427827576,1.0192193274225008,0.01814914257810878,6.249759483400214,0.3895070304603053,124964.0,0.0
train,facebook,grp_proxies_only,0.8,0.9181183583627328,0.00893902544783295,0.7655674232309746,0.06816071372968253,0.8909182643794148,0.24004077315936753,0.4208085184489804,0.09574042974898435,0.944297034837029,0.11046209531585367,0.550248245612501,0.0074626769618256995,0.1855685225267366,0.014395796417731385,1.0170817179323826,0.027952052499177975,5.978676891700002,0.3758923558335577,90800.0,0.0
train,facebook,grp_proxies_only,0.9,0.9106872011536673,0.009671898888226744,0.4132443257676902,0.02279426235861662,0.8048435923309787,0.2399020965927369,0.26429958542227966,0.09567322753218699,0.8809998785889694,0.17024643667040446,0.5011856038227398,0.006074819247910436,0.03969372066838539,0.008442520403743029,1.0181864690055946,0.040933369410989816,5.477821712400077,0.49799391271811594,56634.0,0.0
train,facebook,grp_task_plus_proxies,0.1,0.9316083582490213,0.01291069303520319,0.9410636404094348,0.10245485240530385,0.8155398587285569,0.33769266443976736,0.9526411175655627,0.05673439375071455,1.0058042778547163,0.06303495727259661,0.8078618421786388,0.06824088105046956,0.659705071317543,0.08997517852328611,1.0046701286705635,0.015643205371202142,8.70349328330003,0.5490094787273923,329952.0,0.0
train,facebook,grp_task_plus_proxies,0.2,0.9288579573843203,0.018113976938157025,0.9224521584334668,0.13965365248324177,0.8027581567440295,0.3608762957857679,0.893869755640243,0.09137324166065826,0.9911902469277841,0.07921620432316584,0.7847100745281295,0.08394237873650866,0.631002098253518,0.1244287272110539,1.0126708044063304,0.01879942062044929,8.398236416699945,0.37315575233705744,295786.0,0.0
train,facebook,grp_task_plus_proxies,0.3,0.9290054672070326,0.019269070730120526,0.9097997329773031,0.16662425994764185,0.7971745711402624,0.36856494555783004,0.8093118841621632,0.11469505436238954,0.9953514994670785,0.1104942827884443,0.7636929290385724,0.08109186907039304,0.5940959135307742,0.12030139416737465,1.0146106263993766,0.022848170153434016,7.817985154099972,0.5841171504416776,261622.0,0.0
train,facebook,grp_task_plus_proxies,0.4,0.9265670001781163,0.020440268712009695,0.9003782821539831,0.18096122609714552,0.7936764211234444,0.3718855654851489,0.7344025108611609,0.13540135356824046,1.011322429508386,0.15178586077551692,0.7411064862599079,0.07921861607566864,0.5563767243519486,0.1258924818668044,1.01383222286147,0.02720679223281192,7.573014375000161,0.4106100342353244,227458.0,0.0
train,facebook,grp_task_plus_proxies,0.5,0.9252956031504848,0.021636788070320993,0.8887538940809968,0.1907022804493327,0.791321897073663,0.3730188838445429,0.6596776274615653,0.14082650428676557,1.0305818113281962,0.19982294090086183,0.7081106186275732,0.06769118058013747,0.48488277893436676,0.10215958732925923,1.0113375511887486,0.03224380079983089,7.168853512300041,0.5315971066811603,193292.0,0.0
train,facebook,grp_task_plus_proxies,0.6,0.921780409904921,0.02089110545918702,0.868121940364931,0.19472940834150418,0.7889001009081735,0.37398947726397774,0.5831434483622092,0.13890982847050248,1.0655737720685685,0.28955614456008777,0.6696108722539187,0.054136642327964,0.4200175780949144,0.08552671751859486,1.0071474594448666,0.038943016145873845,6.716187074999925,0.5055171545863674,159128.0,0.0
train,facebook,grp_task_plus_proxies,0.7,0.9182092049241113,0.019333437255164194,0.8207298620382734,0.1888148182491526,0.7853683148335016,0.374538958357456,0.4810331429309951,0.14709001796550064,1.1105406774960833,0.42915567069981037,0.6143534200497058,0.033469058094703165,0.32465514436265763,0.05735982303527472,1.0011663306558445,0.051853925982086185,6.4080693040000485,0.33652732046757156,124964.0,0.0
train,facebook,grp_task_plus_proxies,0.8,0.9133691779988666,0.01718388238126238,0.7111971517578994,0.1622809083553652,0.7763538513286242,0.37328546937866625,0.37156913476300796,0.1270275905705565,1.1365283276143738,0.5977537943912637,0.5464855846864962,0.009312448506287046,0.18471077828467028,0.029129371955228824,0.9989569647116454,0.07018011676906807,5.864589408200095,0.5247753012973768,90800.0,0.0
train,facebook,grp_task_plus_proxies,0.9,0.908038860297037,0.01494694013361989,0.3901201602136182,0.06743425075781832,0.7076690211907165,0.3525788941724175,0.23731874650778106,0.09382903251174288,1.1531516289917334,0.9026180447195483,0.5044657991168306,0.008707934971305769,0.046184152223738076,0.022284353446872514,0.9943095176209622,0.09893065925899659,5.300403787399785,0.3809976207253282,56634.0,0.0
train,facebook,loo_comm,0.1,0.9334756268264179,0.012586854260285016,0.9680729862038273,0.0787311769527728,0.9112680793810964,0.2479345237446244,0.9620533392022423,0.08109545538354153,0.9934790307806916,0.0555621193155589,0.8249792806749585,0.059306608000795256,0.6918898528096783,0.09353711420054982,1.0075444555407267,0.014582646605321884,8.840806666800063,0.3892206542485077,329952.0,0.0
train,facebook,loo_comm,0.2,0.9335928461329029,0.013894480726551839,0.9596751223854028,0.10181668302622032,0.9043054154053145,0.26821143328784275,0.9102634635459455,0.10302105950542706,0.9787335599267987,0.06878849466917021,0.8078578048562634,0.06336675424154573,0.6624779264194609,0.10381147737608207,1.015910779742283,0.014763920627116641,8.60747332490026,0.472547256453157,295786.0,0.0
train,facebook,loo_comm,0.3,0.9332556396597654,0.015065744763611067,0.9574588340008902,0.10393519779387199,0.903329969727548,0.26930678440157985,0.826223458457779,0.12448729030144841,0.9695661005503343,0.06424505658550565,0.7903092560815693,0.058465347075952065,0.6287071571816352,0.08315009383584514,1.0204377793589094,0.013201297098677258,8.080660541600196,0.3811698147946399,261622.0,0.0
train,facebook,loo_comm,0.4,0.9328908850819311,0.013447261133965696,0.9539563862928349,0.10602409833123898,0.9021863437605113,0.27016629263086284,0.7664713870565605,0.14037226848661094,0.9711894490635145,0.0696169676744275,0.76300008130963,0.0506713228372159,0.5813343357637827,0.06583926725339027,1.022509401761744,0.012323887960081043,7.3556161793,0.5447424235899213,227458.0,0.0
train,facebook,loo_comm,0.5,0.9315560634909715,0.014609890709222929,0.9475211392968402,0.10756632496555335,0.9011099899091827,0.2709138018817752,0.6872572493894016,0.1505160005811191,0.9803291169037716,0.0832171898454307,0.73159720402445,0.04576441323129784,0.5148161899646226,0.06123633930490204,1.0218142163536617,0.011789360211008628,7.441101862800323,0.16243561870732703,193292.0,0.0
train,facebook,loo_comm,0.6,0.9288390805349801,0.012646466892475172,0.9295104583889631,0.1060593099593319,0.8997309115371678,0.271400143028062,0.6196756855056768,0.15816368440950337,0.9850052218375888,0.1118334292581332,0.6874749689145403,0.02990144250941453,0.44351796305790103,0.03866391644665293,1.0215042257993674,0.009275597606066891,6.910950720799889,0.5911384149544306,159128.0,0.0
train,facebook,loo_comm,0.7,0.923693674323909,0.01268116378449839,0.8801290609701825,0.0989182698546053,0.8968045745038682,0.2722650359244548,0.523362246976558,0.15184363552182775,0.9892303057949313,0.15920701652431066,0.6276492261804307,0.014947594028242892,0.344408544260658,0.020035880392407137,1.0191016782796614,0.015212661695123579,6.171434666699926,0.5225960717282685,124964.0,0.0
train,facebook,loo_comm,0.8,0.9184520846999282,0.011053162408240669,0.7484735202492212,0.09252493736297487,0.8859064917591658,0.27064740704699225,0.39291494002225913,0.12396064374255804,0.9713551196066856,0.20891915465508704,0.5525961182363704,0.008694227127243275,0.19235025676134054,0.021713980765917584,1.0186109760671656,0.025892000760692552,5.854585333400044,0.5140146567812655,90800.0,0.0
train,facebook,loo_comm,0.9,0.9116111627989106,0.008204698796615005,0.4105919003115265,0.015811241985670764,0.8117726202489068,0.25626900210639375,0.24358816649067258,0.09227924597315179,0.9188896852282348,0.2899844182924593,0.5031497925686435,0.01076257970867011,0.042384037358319734,0.01996784880300812,1.020533425467611,0.02807575763742365,5.494441379200046,0.5258878542141722,56634.0,0.0
train,facebook,loo_conn,0.1,0.9349081898814401,0.010307062321237627,0.9730485091232755,0.07723932689375532,0.9174907500840902,0.24821233271187645,0.9746633857966385,0.046183083690464845,0.986419366334027,0.054289211897764325,0.826567098171135,0.050712268883337165,0.6556873263097026,0.06542569698614845,1.010705054383961,0.013971476921202725,8.76963812900009,0.45549245262092275,329952.0,0.0
train,facebook,loo_conn,0.2,0.9343223337814572,0.012473679763126149,0.9692656875834447,0.08670563427789227,0.9135889673730239,0.2584329561053176,0.9152641108735488,0.05440853120365978,0.9687818152636087,0.0530668169452556,0.8184055680366171,0.05364781731067984,0.695634308050231,0.07899814933223631,1.0185537741125728,0.01428606723302024,8.32063011259994,0.5119624698978051,295786.0,0.0
train,facebook,loo_conn,0.3,0.9348384602359114,0.012458080525502763,0.9675656430796618,0.08860140927448303,0.9124453414059872,0.2604130955546413,0.8261004651901747,0.033981501131888886,0.9632518410059149,0.049052953023892745,0.7974581440151416,0.048515263875948844,0.6422227946640835,0.06840244751922947,1.0222881294608563,0.012343008967790751,8.268499891699912,0.315782946258483,261622.0,0.0
train,facebook,loo_conn,0.4,0.9338167234633893,0.011828203840270722,0.9646639964396974,0.0903236771564014,0.9115708039017827,0.26120758779842634,0.7645811747333758,0.05310438037571573,0.9624506742491639,0.047561150415126124,0.7721119494414245,0.04580304376810524,0.6002260326107727,0.0665377434066789,1.0246067758246988,0.009296052346736023,7.4787449918000615,0.31445034591136944,227458.0,0.0
train,facebook,loo_conn,0.5,0.93302276058666,0.012529058591365941,0.959136626613262,0.09160158073245597,0.9105953582240162,0.2625614004987705,0.7051916098050969,0.05516048218085485,0.9629084633476157,0.0479230362442154,0.7379602825642466,0.03651097006696027,0.5302893432474323,0.05239581703924881,1.0253840377794332,0.007078763777980725,7.094745954099932,0.581402338099483,193292.0,0.0
train,facebook,loo_conn,0.6,0.9295653949968287,0.011937890207948955,0.9399643969737428,0.08964238336766923,0.9092162798520013,0.26382405282182353,0.6285150174485145,0.06023957641302702,0.9675570134476252,0.06845340437817957,0.6924799534182297,0.025407423643162053,0.4525096370577849,0.026649197563307702,1.0235334567988201,0.008817173445272811,6.610652037499795,0.5960998720690475,159128.0,0.0
train,facebook,loo_conn,0.7,0.9245886818119677,0.011060252734309575,0.8914196706720071,0.08187104336746191,0.9060208543558694,0.26439197684082566,0.525715302385728,0.06374743268945475,0.9692699665763854,0.09506736916749033,0.6311247630745436,0.014257594504011727,0.3544667939245426,0.01666766950767775,1.0211651439193503,0.012568909166859097,6.630386141700012,0.4783748987772332,124964.0,0.0
train,facebook,loo_conn,0.8,0.9187039131777907,0.01055697946592513,0.7660124610591901,0.06951205338160506,0.8976454759502186,0.265087707001358,0.4047222937122892,0.046113281928456124,0.9365943138035796,0.11658302095735802,0.5511759309073909,0.005633766560507041,0.18695054939848516,0.01692981721709446,1.0222045850765027,0.016792377939983616,5.702648429000078,0.4760073257996403,90800.0,0.0
train,facebook,loo_conn,0.9,0.911129180147215,0.008613331067740418,0.4157454383622608,0.014593513550080019,0.8198789101917254,0.2517280986303054,0.24766636431124217,0.052039232324915405,0.8777372130216508,0.17297082997306945,0.4999784151304332,0.009205398830503283,0.03921076150488659,0.014875076762766226,1.0228580284102815,0.024099626495646315,5.528716529099756,0.4567331710401966,56634.0,0.0
train,facebook,loo_group,0.1,0.9339152616718451,0.012152561817777165,0.9701468624833112,0.07854256260992179,0.9135216952573157,0.24727545891516234,0.9664131268723276,0.07533690992552369,0.9883234728202048,0.054667244382620946,0.828715065223264,0.05928003977036081,0.6944647367787737,0.09908045635163408,1.0097991011944811,0.013979877134059272,8.82607893309987,0.5194140012554201,329952.0,0.0
train,facebook,loo_group,0.2,0.9340603975161482,0.012930791418263027,0.9642278593680462,0.09420361885754008,0.9089808274470231,0.26024810147198585,0.9139662082338276,0.0897942162206535,0.9714457129746416,0.059452133566829476,0.8140390934438851,0.05563648386590726,0.6779427000390525,0.09116961280027967,1.0179016443575317,0.014144104628288563,8.324677587400174,0.37899085612397626,295786.0,0.0
train,facebook,loo_group,0.3,0.9342149781186796,0.013011569252684582,0.9624032042723633,0.09599584772758331,0.9078708375378406,0.26183252938489443,0.8260778085356157,0.10879722783414035,0.9646292097782514,0.05519446201045061,0.7923361456083545,0.04885554526022965,0.6321654448820498,0.07332236074160013,1.0214732126613966,0.01294294887737678,7.930123158399885,0.44041711817919754,261622.0,0.0
train,facebook,loo_group,0.4,0.9332787772796298,0.012742464314870312,0.959136626613262,0.09770124109011724,0.9068617558022201,0.26343356663606693,0.7755340488800485,0.11804038526610641,0.9657240683957937,0.05882197799126972,0.7669600082267646,0.04689071044489267,0.5863125704194648,0.06737602202300577,1.023497328270004,0.011878652395177571,7.60160473329986,0.494191574828199,227458.0,0.0
train,facebook,loo_group,0.5,0.9324048710765862,0.012987569873268816,0.9532220738762796,0.09912452904798699,0.9059199461823073,0.26504749025975255,0.6990484197547467,0.1166259869478966,0.9725975507540767,0.06686130647589647,0.7331250264450692,0.03825860353882161,0.5171072096970933,0.046306639086619715,1.0226388360117542,0.011225259580795916,7.234603254299975,0.33825412912542346,193292.0,0.0
train,facebook,loo_group,0.6,0.9293942631844748,0.012516598130031151,0.9350734312416555,0.09741967728663488,0.9042717793474605,0.2665853322388337,0.6291138004618521,0.1229099373206054,0.9767744825322155,0.0840066115222568,0.6899807204403865,0.025379041232600968,0.4489096868465425,0.031764365255392904,1.0218827610618924,0.009256448356132436,6.734748241499915,0.5644127552198435,159128.0,0.0
train,facebook,loo_group,0.7,0.9235955928131399,0.011770634865209162,0.8851001335113484,0.0897297208753123,0.9011099899091827,0.26744015286811,0.5283337643197286,0.12306493809384825,0.9777974528747295,0.11156324628670894,0.6270960112375823,0.016312766159884782,0.34081145518501776,0.022378907931028914,1.019131147371222,0.01564387010050256,6.286072479099824,0.414195989930783,124964.0,0.0
train,facebook,loo_group,0.8,0.91721436581266,0.011801646239624614,0.7526613262127281,0.08402811824464514,0.8899091826437943,0.26643664988642296,0.39556253194069246,0.10836824472232313,0.961893280613398,0.16384431537135932,0.5520785613647224,0.006922322306330314,0.18976537163224066,0.020045068609520107,1.018392107517799,0.025237822861857877,6.073144578999916,0.37756740299928815,90800.0,0.0
train,facebook,loo_group,0.9,0.911437971713507,0.009680531270399181,0.41297285269247885,0.01939032138453099,0.8099562731247898,0.2521023969760998,0.24401216959741437,0.08991754881078459,0.920782011060334,0.26195191382976385,0.5018586527140224,0.011135310693747071,0.04177860253337925,0.0178201058836945,1.0187293812572225,0.028573070354900587,5.161009987699981,0.3946667518355569,56634.0,0.0
train,facebook,loo_repr,0.1,0.9337837822142984,0.01280138361053419,0.9711437472185136,0.07842082106758548,0.9136226034308779,0.24900396989668852,0.9546640331511627,0.08544684145247826,0.9875991273847321,0.05446542557415434,0.8271750362499267,0.05419789780847425,0.6773531768591837,0.08287376339374149,1.0100693666656952,0.013928786495046757,8.644738737399894,0.5197245905782468,329952.0,0.0
train,facebook,loo_repr,0.2,0.9340175797571326,0.013389196982552027,0.9619537160658655,0.10284915350508361,0.9062226707029936,0.2697345646151234,0.8978670368373887,0.10692032835205822,0.975989252494505,0.07015781652060805,0.8018369616815273,0.0631855043655395,0.6470015037903482,0.11579238153704219,1.0164972764655755,0.01709328599705554,8.382180362699955,0.5646458683894544,295786.0,0.0
train,facebook,loo_repr,0.3,0.9342475299783348,0.013763916789197002,0.959826435246996,0.10443468616473743,0.9054490413723512,0.27035186878704515,0.8155295175060632,0.12180156149482642,0.9694927304292937,0.06483392258064653,0.7845521750030794,0.055519081612236156,0.6033737209220337,0.07932401929376963,1.0203584847092002,0.015359227740143533,8.18286922909997,0.3647802193030746,261622.0,0.0
train,facebook,loo_repr,0.4,0.9325426514718751,0.01335285866229799,0.956733422340899,0.10607419100865899,0.9043390514631685,0.27113723737560463,0.7601987304087321,0.14200999239591272,0.97053753837176,0.0685670332718946,0.7701534285905636,0.04873791877604199,0.5998662267485517,0.06933973255492595,1.023017660985698,0.012921243273913526,7.497510904300009,0.5162776906826892,227458.0,0.0
train,facebook,loo_repr,0.5,0.9312236520346003,0.014818612953198057,0.949799732977303,0.10754483765122198,0.9029263370332996,0.272212875383622,0.6801980831618917,0.15189618332754407,0.9787758398530307,0.08135457994124932,0.7294426058971049,0.04269557795731803,0.5140802014622378,0.06040214714520385,1.0228209538424458,0.011420256638847708,7.136397816599777,0.42969959420020787,193292.0,0.0
train,facebook,loo_repr,0.6,0.927809719454595,0.01423889815979379,0.9299732977303071,0.10653825182778881,0.9011099899091827,0.2729669197889699,0.6053922831388723,0.1596032294531666,0.9837805593390151,0.10995509680191504,0.6914350692505675,0.03366490675675385,0.4488926955206331,0.04232551432509539,1.0224373625669994,0.010524067339512827,6.991968479199874,0.4458448218792767,159128.0,0.0
train,facebook,loo_repr,0.7,0.9242691980901722,0.011651858501973193,0.8808989764129951,0.09978690676156018,0.8973763874873866,0.27328580922711104,0.5029065245749708,0.15420359544759832,0.9855439314947547,0.14900197914386612,0.6289265319778591,0.017568742537088365,0.34425165005006586,0.025355374528583798,1.0206509114189377,0.014655216073916828,6.1685963751001625,0.498379010037951,124964.0,0.0
train,facebook,loo_repr,0.8,0.9175400511341272,0.01237551702370342,0.7564530485091232,0.08779612523125417,0.8856374032963338,0.27153774686986804,0.382004142519767,0.12534119168178035,0.9647598290326712,0.20133741411012776,0.5487529854941802,0.006852104728605127,0.1839139934388969,0.018816105952242687,1.0216033891099356,0.020205466476977584,6.0224067375001935,0.4141952666897184,90800.0,0.0
train,facebook,loo_repr,0.9,0.9115095830299301,0.008985621953390404,0.4129283489096573,0.02343095167710933,0.8028590649175916,0.2582101727203339,0.23550621414308348,0.0952753297671978,0.9197031212596253,0.2904580071048725,0.5036591369231151,0.010918485425117431,0.04253051090536973,0.019734200897220056,1.0236386658242238,0.026449838715604683,5.3666208041000685,0.6839550839850589,56634.0,0.0
train,facebook,loo_spec,0.1,0.9334679300037125,0.012170988835271035,0.9652870493991988,0.07998079447633513,0.906895391860074,0.24838374788727122,0.9583182278649905,0.07907155703412308,0.9940822575802608,0.05766526955924284,0.8184082693853794,0.054153625660328185,0.6596505386649305,0.0749615606161219,1.0079943085880547,0.015470712918223089,8.794103400100079,0.3816645500495235,329952.0,0.0
train,facebook,loo_spec,0.2,0.9324979455878145,0.014278687244923604,0.9515576323987538,0.10498272104821708,0.8959973091153717,0.26808769502457597,0.895015535027927,0.1082122742030411,0.9836880596750136,0.07079393685831092,0.797919475888374,0.06390786902635291,0.6320570846672406,0.08473353654024014,1.0140391915072895,0.017983149479214002,8.434800941500043,0.4299240878525763,295786.0,0.0
train,facebook,loo_spec,0.3,0.9322067737336537,0.015073061055383334,0.9493101913662662,0.10735441967606765,0.895156407669021,0.26967253808567665,0.8189215423599974,0.11617745999266248,0.9743834714158488,0.06428485652666453,0.7835215535023551,0.06019025452288626,0.6275491461719458,0.07683777095491014,1.0189836760113042,0.014978908568903713,7.948698820899847,0.44276534986701716,261622.0,0.0
train,facebook,loo_spec,0.4,0.9312207118454514,0.014329705811098534,0.9460436137071652,0.10935879416632394,0.8944500504540868,0.270645456238412,0.7580851882048971,0.13695637441068884,0.9725579959520705,0.06302380513332,0.7600777429930746,0.05495987133940511,0.586459188994848,0.06303464322326627,1.021810789418271,0.012606592128921542,7.755580158500095,0.42385435973539115,227458.0,0.0
train,facebook,loo_spec,0.5,0.9302692245339955,0.014157319202241257,0.9390298175344904,0.11199501304835409,0.8936764211234444,0.2717433338631098,0.681716079017326,0.13828583514055928,0.980291959282137,0.07264670446956335,0.720798301088234,0.045711643706243706,0.4997390220309407,0.05778076012025822,1.0215183620568165,0.011635176499104057,7.340541145999685,0.5145456397047056,193292.0,0.0
train,facebook,loo_spec,0.6,0.9268533792459459,0.013494107928235802,0.9200089007565643,0.11230469648045552,0.8922300706357215,0.27238350518282795,0.612367296078021,0.1458993019297569,0.984536042643868,0.094812279751453,0.6812262202512913,0.03352848657433163,0.44138207873452506,0.041330501745777834,1.0213525146374853,0.009244676827788737,6.825456228900026,0.44208241572644424,159128.0,0.0
train,facebook,loo_spec,0.7,0.9226251389669654,0.012929723343083318,0.8706720071206053,0.10612909486710966,0.8898419105280861,0.2723012529001919,0.5151702480211122,0.14289316859075205,0.98538735199513,0.13257650804847187,0.6237416096057242,0.020895488565194353,0.3449993163931387,0.028013252407820852,1.019604504174589,0.013017591933163274,6.241257008300039,0.47601382308702267,124964.0,0.0
train,facebook,loo_spec,0.8,0.9172153965582499,0.01107592090227461,0.7472719181130396,0.08976653566783546,0.8771274806592666,0.26969491262852724,0.39029000475838455,0.12056630443466174,0.9788078129928761,0.1910070279506918,0.5503043929213174,0.008832361370305812,0.18903466365052918,0.02336938901055921,1.0175409351035105,0.02373471236172914,5.97431589150014,0.38851384143162093,90800.0,0.0
train,facebook,loo_spec,0.9,0.9096937006670238,0.008444258177998931,0.4073342234089898,0.020006778839537942,0.7993272788429195,0.25462405447488834,0.24780877756846845,0.0961903542680476,0.9316717264559526,0.27536447113633367,0.5048932730616558,0.0113955063248378,0.044112840289938705,0.018766478380741587,1.0171902140839264,0.032366300871188525,5.6438997748999835,0.39184745254688913,56634.0,0.0
train,facebook,loo_task,0.1,0.9342987948973676,0.011270050631901717,0.9732443257676902,0.07387531373939889,0.9162125798856374,0.2419403839093094,0.9716079740961483,0.05722832204599227,0.9832932859367529,0.04862367084213865,0.8303155188359405,0.055465381984970266,0.6954506485627336,0.09979879627544105,1.011055864052949,0.012854887716657507,8.752706920999874,0.4201622533823642,329952.0,0.0
train,facebook,loo_task,0.2,0.935403742857423,0.010690060324146112,0.9715709835336004,0.07734101847923447,0.9146989572822065,0.2456911968796703,0.9259192118460209,0.05889123647723254,0.9635669970635142,0.04376523784030457,0.8131834271062331,0.046897142533378774,0.6603141280878718,0.08033301199519387,1.0198355736545817,0.012451295306511649,8.219722645800013,0.3848839801650725,295786.0,0.0
train,facebook,loo_task,0.3,0.9348336914844454,0.011846910709009352,0.9696039163328883,0.07929154889972706,0.91372351160444,0.2472771772264656,0.836185913133742,0.0777982431564977,0.9588225816501446,0.043252631460274485,0.7894985038155821,0.044289929558188446,0.6156382849292561,0.06243145064069842,1.022499360927989,0.012522311028511831,7.848366495699921,0.3111823349599495,261622.0,0.0
train,facebook,loo_task,0.4,0.9339325271411125,0.011566248828914955,0.9666355140186915,0.08149020053286186,0.9122771611167171,0.24864557217255664,0.7848103305893759,0.07990697882583309,0.9595209568563533,0.04539647346774153,0.76885821898609,0.04258031195859698,0.5841284269895876,0.049910358686702495,1.0239522301938189,0.0121115945034165,7.703374670800043,0.6043773090987875,227458.0,0.0
train,facebook,loo_task,0.5,0.9331632195851782,0.01218647735915516,0.9609479305740989,0.08267703421002132,0.9108980827447024,0.2507258441134173,0.7113315631905099,0.07674196656963718,0.9637860528167519,0.04894928577283069,0.7390468790432827,0.037952235925066455,0.529971943214435,0.05135848996181077,1.022993178844943,0.011641900797371907,7.460422883300157,0.48872933203801083,193292.0,0.0
train,facebook,loo_task,0.6,0.929757036197695,0.011842687771060297,0.9427992879394749,0.08157625818672888,0.9090144635048774,0.2534325737607857,0.6455592950065459,0.07610664105826209,0.9665096440171315,0.05577297833132056,0.6979023419706618,0.022585555918932847,0.46029901774199944,0.03574869840774174,1.0218067269321516,0.008265648321349248,6.5072599415999735,0.5034718498734941,159128.0,0.0
train,facebook,loo_task,0.7,0.9235473657418858,0.012399988192127696,0.8912772585669781,0.07385734358681924,0.9044399596367306,0.25574158606610603,0.5444426457109784,0.07373040072730558,0.964454023542412,0.06939395152030842,0.632470718649845,0.015860249902308367,0.3556441456317705,0.03082325560426541,1.0193190379641162,0.01363911342446227,6.68929260850023,0.31736540530713525,124964.0,0.0
train,facebook,loo_task,0.8,0.9169014680769336,0.010146905385902464,0.7563417890520694,0.06957363667754833,0.8887991927346116,0.2565111638168096,0.4083441217767475,0.06910650596218665,0.9459954872820535,0.10617104816552876,0.5501076319459444,0.00817627961954168,0.18660644737553495,0.018499370060386926,1.0175348289789528,0.023381450034773592,5.727124054099855,0.6426811469444872,90800.0,0.0
train,facebook,loo_task,0.9,0.9114938866728268,0.00919267909959928,0.4195282599020917,0.01961486578567549,0.8051126807938109,0.24660760335872126,0.24689603805624571,0.0663624620992033,0.8970135603743412,0.1768731931917677,0.501829593904964,0.009132724630455478,0.04201680814378448,0.01598585389387259,1.0145335674250135,0.0318096060032011,5.650714862699853,0.3933934803142829,56634.0,0.0
train,facebook,mog_adapted,0.1,0.9260207719431186,0.008401848995586993,0.9363328882955051,0.036700361700210654,0.8010090817356206,0.13535997428196794,0.7481097868691864,0.23466066639315997,1.0737369133201855,0.07843341154943997,0.7841103986684701,0.028696698097309105,0.6332729090138448,0.06621269401788235,0.9908469140686549,0.005123822303349887,8.686730541699944,0.4361717156450341,329952.0,0.0
train,facebook,mog_adapted,0.2,0.9157927709539144,0.008944941425359038,0.8733155318202048,0.06542834491450548,0.6686511940800538,0.1823517280757602,0.6252524591920589,0.29721328168556693,1.1557264605296043,0.11104441969764886,0.7283349789965381,0.036273921249595185,0.5448345969929866,0.04972086211756722,0.9815072451375684,0.00804136525483754,8.372536520800054,0.28560608709511676,295786.0,0.0
train,facebook,mog_adapted,0.3,0.9103212794295825,0.009548536016763493,0.8146773475745439,0.08500283565768714,0.5700639085099226,0.1943887897425278,0.5511943287694769,0.31245297445529435,1.2548738938133277,0.1676381243963617,0.6881073445110405,0.03505186565794649,0.5047900673827385,0.06699492810973078,0.9716095579259271,0.012324596870213991,7.724153153999976,0.4576261856931298,261622.0,0.0
train,facebook,mog_adapted,0.4,0.9043239159027892,0.009256302690886025,0.7604227859368047,0.08700803819398062,0.4906155398587286,0.19166180081169368,0.4818390725002981,0.31572485539126766,1.3770624385508152,0.25333898135612715,0.6540924385480247,0.024237305398647723,0.45007270482338263,0.054532421533031485,0.9605990026005482,0.018663441781911344,7.4671588082000655,0.35878396429911635,227458.0,0.0
train,facebook,mog_adapted,0.5,0.8972890590432915,0.009308912206941628,0.7000712060525145,0.08252250312353891,0.41708711738984194,0.18056030241217366,0.42053340192933886,0.30921782999342573,1.5108547842835427,0.32581009165802705,0.6222962237543673,0.01854782925074253,0.39158308499693956,0.0450339650211122,0.9486029192734838,0.026795363387173747,6.991054162500018,0.44062364410022414,193292.0,0.0
train,facebook,mog_adapted,0.6,0.8920423484503435,0.008617785034641764,0.6285536270582999,0.07427298167860719,0.34456777665657584,0.1598127106304061,0.35513658687806204,0.2983425838230143,1.681696048400457,0.38319248576944126,0.5905886786665459,0.009078868248405389,0.32621085555168683,0.03391544540868841,0.934321605516305,0.03746128942925776,6.575922141800038,0.333838095362953,159128.0,0.0
train,facebook,mog_adapted,0.7,0.8866549603913982,0.008109074246319542,0.5396039163328883,0.06376023708494813,0.26733938782374705,0.13110420831489744,0.2794471773272524,0.26972359361173226,1.9030241613229955,0.45935403682649467,0.5652927435703335,0.00869347106893988,0.2688687724613136,0.03880456079090568,0.9167048511633344,0.05089357434992775,6.516356733599968,0.3617373292962272,124964.0,0.0
train,facebook,mog_adapted,0.8,0.886624372982137,0.007825560811567088,0.42923008455718736,0.0541754500278833,0.18338378742011435,0.09225683875255127,0.1914616776809318,0.22230897041356412,2.2864238940696913,0.5471155194169081,0.5414735494426213,0.00886699213157349,0.18847131753969046,0.03227433828187627,0.8863247940955586,0.0645884643106144,5.784916346000034,0.40697959733949796,90800.0,0.0
train,facebook,mog_adapted,0.9,0.8852065709221174,0.006873506032155841,0.2734846461949266,0.03592828972601309,0.09667003027245206,0.04503219298849074,0.103816027852992,0.15451525877057595,2.8740202969279087,0.5353318883833694,0.5192501515784756,0.005605276849250253,0.10049765459285205,0.02389605848616635,0.831021987443893,0.08284220617347798,5.36652568349997,0.41968676536620225,56634.0,0.0
train,facebook,neuralsparse,0.1,0.92904058876903,0.005300636771196351,0.9604405874499331,0.01672203541418369,0.8663303060881266,0.05205425530791353,0.9128689788201981,0.039240186872401266,1.06734152714963,0.024439730651365687,0.8055990457729834,0.020314942822743924,0.674406705509732,0.06884094856705979,0.9895014698395576,0.0008394086399286806,8.496493275099983,0.427968958065692,329952.0,0.0
train,facebook,neuralsparse,0.2,0.9230708680381061,0.0047992615937084366,0.9185046728971962,0.022513722378473478,0.7676757484022873,0.06350716749540809,0.8520844113040894,0.05162431984790706,1.1550148834860283,0.02236246858697606,0.75643238150335,0.02066662396485126,0.6002032870027604,0.062312544886856704,0.9769848391792353,0.0019688022660953285,8.371593924800042,0.46514245164389545,295786.0,0.0
train,facebook,neuralsparse,0.3,0.915973929182867,0.005461549120228189,0.8684156653315531,0.025312791627101594,0.6824419778002018,0.06995176046223803,0.7914228370555851,0.060899807407293755,1.2519867597193852,0.016635970346092033,0.7084428360097244,0.013512993558928186,0.5344165144887845,0.026512302132351735,0.9643196080022973,0.004549523814006905,7.885605983100115,0.36814605722243615,261622.0,0.0
train,facebook,neuralsparse,0.4,0.9061113979697835,0.004356612235359896,0.8098709390298175,0.025984186573039858,0.5984191052808611,0.0730257072110599,0.7224397972541567,0.07551901949748377,1.3633507142820087,0.019960006077025583,0.669094435375108,0.007639283235544475,0.47501032650996244,0.019064809233480175,0.9516969047109022,0.00736560436066414,7.25118374169999,0.4119000921730332,227458.0,0.0
train,facebook,neuralsparse,0.5,0.8966283651815438,0.004911859630767715,0.741935914552737,0.024653587631776185,0.5107299024554323,0.06690470359228211,0.6395132049043045,0.1071829240112957,1.5011427580261003,0.03374433056135026,0.6305299557212002,0.007488191286657404,0.4138772130281024,0.01981503340979955,0.9385307093015424,0.009573138117323276,7.210301424899987,0.24584383904910775,193292.0,0.0
train,facebook,neuralsparse,0.6,0.8918149150421263,0.0047644029152698044,0.6640631953716066,0.022104961678390513,0.4194752774974774,0.05903198960105098,0.5285473842055679,0.13653141773245178,1.666760609996457,0.03903351241214531,0.5976335110500419,0.005029016408761815,0.34324561277102,0.01292266443686317,0.9230792711564124,0.012808288083354933,6.819527616499928,0.3298718949047279,159128.0,0.0
train,facebook,neuralsparse,0.7,0.8879090369840034,0.005593421639336809,0.5704361370716511,0.0191883059916022,0.31994618230743355,0.0495938424143747,0.3922676070348671,0.14208395144264177,1.8579964118790744,0.04003115564963706,0.5671000768204131,0.00458174976639503,0.26525375044247507,0.011929284622505136,0.9051541292815983,0.015319197893111059,6.116193658100206,0.39444481317163166,124964.0,0.0
train,facebook,neuralsparse,0.8,0.8837709231086043,0.0055188193047027425,0.4528838451268358,0.014468590543290234,0.2114026236125126,0.041382301010924626,0.23035020689850622,0.10271009644579757,2.1628220025372342,0.05483222680272196,0.542535334699531,0.0027548900082571826,0.20098831844659287,0.014372804110594354,0.8750410887103669,0.01809899795019417,5.974998971100044,0.4451681083584535,90800.0,0.0
train,facebook,neuralsparse,0.9,0.8850161382501611,0.007250668521775919,0.2945794392523365,0.01288921887772482,0.10053817692566432,0.024256057747660077,0.09127071455733501,0.04822576075190569,2.759385497135926,0.09455426356087074,0.5190369119315141,0.0019912601959799162,0.11125114065074396,0.0075933557932943326,0.8267207842090561,0.02305822563027305,5.321878116799974,0.41090537312882575,56634.0,0.0
train,facebook,nk_local_degree,0.1,0.9349551578855355,0.003601514238248091,0.9981753449043168,0.0,0.9976454759502186,0.0,0.9030295174118399,0.0,1.0465881089912945,0.0,0.8160161542810235,0.0,0.6222605776881703,0.0,0.9918261503985704,0.0,8.590585504300089,0.4203417384290048,329952.0,0.0
train,facebook,nk_local_degree,0.2,0.9321756798100316,0.004035795745231109,0.9978638184245661,0.0,0.9973091153716783,0.0,0.8258415319952178,2.047046644721336e-05,1.0931968364434774,2.07468744342369e-05,0.8105075957532687,0.007448412732901101,0.6622755124029291,0.05113778018087187,0.98498721990943,4.111015760700785e-06,8.41254279589998,0.34599266321476646,295786.0,0.0
train,facebook,nk_local_degree,0.3,0.9298004935777013,0.0037315745482220724,0.9976412995104585,0.0,0.9973091153716783,0.0,0.7404000509893477,7.957487007911636e-05,1.143130213418611,1.3795267787642054e-05,0.8053187188879012,0.008956774078639965,0.6542813073305359,0.059412982421413005,0.977473808491957,3.5215477388100805e-06,7.865925379400108,0.37397944066472016,261622.0,0.0
train,facebook,nk_local_degree,0.4,0.9265896607219789,0.0035856863034164784,0.9976412995104585,0.0,0.9973091153716783,0.0,0.660117813892992,0.0,1.1904221921817864,5.282699960032294e-05,0.7767974554498353,0.00971586583648386,0.6167775343977139,0.04387352783620646,0.9711251439579895,7.4291260148113494e-06,7.466867966599898,0.38557146610464416,227458.0,0.0
train,facebook,nk_local_degree,0.5,0.9215463556605957,0.004419246294364515,0.9942590120160213,0.0,0.9963000336360579,0.0,0.5595546343016446,0.0002525612786577521,1.2568273180199292,0.0002836610281415195,0.7312546582737764,0.008554421292960647,0.5316442522528081,0.03796672004092487,0.9609532767650745,3.642298005641928e-05,7.063631704200191,0.45013840572454067,193292.0,0.0
train,facebook,nk_local_degree,0.6,0.9164181580144654,0.005158993724583194,0.9938584779706275,0.0,0.9963000336360579,0.0,0.4687694194848537,9.08447022801447e-05,1.329503146058475,0.00027652721091574796,0.7094122454623739,0.0054396296060031015,0.4927545787587759,0.019677358196082725,0.9501832286197187,3.654767190162165e-05,6.695085191900023,0.4541693858005141,159128.0,0.0
train,facebook,nk_local_degree,0.7,0.9104627973659113,0.004814271290684362,0.989942145082332,0.0,0.9963000336360579,0.0,0.37004466557769977,0.00011154891258109721,1.4074388782107377,0.0005436861777376218,0.6720372217885621,0.002719834637238632,0.4337388246749801,0.004985367679845507,0.9385601115684967,8.631856242551588e-05,6.283343091900235,0.4876849564724972,124964.0,0.0
train,facebook,nk_local_degree,0.8,0.9029242662134586,0.004142089481540063,0.9841121495327103,0.0,0.9963000336360579,0.0,0.2633997925698047,0.0,1.4788532983039455,4.1174633596669416e-05,0.6062138516494999,0.004550231452716934,0.36543164898280117,0.005557572862218912,0.9286044993053919,1.2137952786258398e-05,5.805279550000068,0.5165208491479639,90800.0,0.0
train,facebook,nk_local_degree,0.9,0.8855171766128693,0.004798087879881306,0.2847530040053404,0.06911367326709654,0.7625967036663303,0.004646702325016536,0.15220740532548094,0.000795777955720209,1.4246205729736434,0.012110647928783632,0.5131783330217681,0.001997556029801352,0.0807191581797847,0.0009094083405283692,0.9470029172340727,0.0021350844086720994,5.4822041583002035,0.5382898939405928,56634.0,0.0
train,facebook,nk_local_similarity,0.1,0.9394757238855245,0.0025965720309808534,0.9817089452603472,0.0,0.9714093508240834,0.0,0.9241811227748735,1.7058722039309617e-05,0.7443420293667488,4.775990127523894e-05,0.7984817686236145,0.003657318269111652,0.6043422044145967,0.004058886486072925,1.0421092614846095,9.978443325588379e-06,8.513588075200232,0.3912219059437348,329952.0,0.0
train,facebook,nk_local_similarity,0.2,0.9377081115012371,0.0022804090518091153,0.9753449043168668,0.0,0.9640094180961991,0.0,0.8515018116154367,0.0,0.5988758874423765,0.0,0.7602780918190387,0.0,0.521959172023904,0.0,1.0681804493207032,0.0,8.334828450100053,0.34420860497265227,295786.0,0.0
train,facebook,nk_local_similarity,0.3,0.9390899953627485,0.002883784216145524,0.9662661326212728,0.0,0.9596367305751766,0.0,0.7699378552040447,0.0,0.5081866897103203,0.0,0.751578090408446,0.0,0.5233759001574418,0.0,1.0839812032295002,0.0,8.010576645899812,0.3484495051767616,261622.0,0.0
train,facebook,nk_local_similarity,0.4,0.9369402366407945,0.0025967410044929673,0.9485536270582999,0.0,0.9562731247897747,0.0,0.6816416357237759,0.0,0.43614548690559085,0.0,0.7223811759722393,0.0,0.42930427993233733,0.0,1.095525009442739,0.0,7.370917816499843,0.44968445015300884,227458.0,0.0
train,facebook,nk_local_similarity,0.5,0.9370460993992239,0.0036164310357903956,0.938985313751669,0.0,0.955264043054154,0.0,0.5919083370114968,5.1062314661904477e-05,0.39621092208390657,7.351108937478403e-06,0.7044810675116885,0.005336116379232846,0.3796657081751803,0.008033807305467718,1.1036143638033282,1.666245560781268e-06,7.201356674999886,0.5140049580054727,193292.0,0.0
train,facebook,nk_local_similarity,0.6,0.9353641714337935,0.002596049652685445,0.8847352024922118,0.0,0.9488731920618904,0.0,0.48908920195908856,1.0235233223569727e-05,0.3600499807734149,4.283856841661204e-06,0.6847446084658786,0.00318913930652166,0.32195587477619697,0.005956487638035137,1.109950426180511,9.19322138345228e-07,6.672745970900019,0.4250151149193906,159128.0,0.0
train,facebook,nk_local_similarity,0.7,0.9349095319822635,0.002427833029922941,0.8465954606141523,0.0,0.9475277497477295,0.0,0.39116390429136383,0.00011539566669017133,0.3377683707983667,0.0001696851660279672,0.6717990052931604,0.002287888899260169,0.2734846303013912,0.0036053320519891024,1.1150684817395125,2.9062839050298357e-05,6.2269550998999765,0.45450208597072844,124964.0,0.0
train,facebook,nk_local_similarity,0.8,0.9324818703844743,0.0037213218433892184,0.6767690253671562,0.0,0.9465186680121089,0.0,0.2796996371923353,2.729395526292258e-05,0.31387786269914253,5.764892001132294e-05,0.6556082204129927,0.0031830297017193137,0.21727716260167843,0.008650566647820528,1.1197067261403206,1.1295174411345776e-05,6.16884709590006,0.3638800851544114,90800.0,0.0
train,facebook,nk_local_similarity,0.9,0.9218679942407408,0.004491073735653582,0.0032754784156653317,0.00016277545437585165,0.8425159771274806,0.007078328127028284,0.1630599428591078,0.0009047814947771098,0.3497337983752322,0.0032467991669340285,0.5612181352990697,0.0002463224344515169,0.013533723167630981,0.0001738759498425865,1.1134402029478796,0.0007133623244414584,5.110046529000033,0.4339622881808329,56634.0,0.0
train,facebook,original_ilp,0.1,0.9390922524965793,0.003875188724450851,0.9995816644414776,5.223799691932491e-05,0.9984863773965692,0.00017727759054646429,0.9988056695614231,0.0002043916819678249,0.9450005456974175,0.0033593749536528637,0.850060955574844,0.007487630619411396,0.7064509110521212,0.05017286793367131,1.0243134589079037,0.0006532863811300534,8.660468604000048,0.3171817329738106,329952.0,0.0
train,facebook,original_ilp,0.2,0.9382765374808419,0.003972386296978253,0.9989141076991543,0.00023286060667972134,0.996670030272452,0.001159238212854615,0.9956822878972569,0.0010232048433329336,0.9368228401470111,0.007813659983496781,0.8282694671314559,0.013853766598687872,0.6349870868559012,0.04345616500982852,1.03118769295001,0.0009496852334992928,8.36554329590019,0.42586355959774785,295786.0,0.0
train,facebook,original_ilp,0.3,0.937799923204141,0.004269680862438393,0.9967601246105918,0.0005380685461648418,0.9928355196770939,0.0018426639025175308,0.991539356777948,0.001304179184798143,0.9607423126142072,0.011854093016161448,0.793859929861674,0.009415913123469552,0.5790055194758631,0.022656592604693996,1.030494769158042,0.0011920777557564571,7.875665908299996,0.5179939274242502,261622.0,0.0
train,facebook,original_ilp,0.4,0.9359967050444922,0.0037002076020688436,0.9907565643079662,0.0010083269170782473,0.9874873864783048,0.001653915364017087,0.9853379067587327,0.003405187557972828,1.0103819071705484,0.01789121529662921,0.7586064644029051,0.007333437809848562,0.5183518681337718,0.019628988033826702,1.0256672129234237,0.0016435361226614013,7.492745737300072,0.3899224875994594,227458.0,0.0
train,facebook,original_ilp,0.5,0.9330993295720104,0.0031552652472037015,0.9663907432131731,0.0024274219716104465,0.979347460477632,0.0026541954441395444,0.9637072749850291,0.03332918793094727,1.122251744003802,0.03298740732821981,0.6880624462846583,0.01212445037350873,0.4124476621372157,0.018811055193806693,1.0133908079343992,0.0029892820496424826,6.852019712700025,0.37036551613021923,193292.0,0.0
train,facebook,original_ilp,0.6,0.9274356019011796,0.00451655093990495,0.8609123275478415,0.022371011329319155,0.9580221997981836,0.007217266603197532,0.9012881916757554,0.04577027436526423,1.3283830154009963,0.062341676559693,0.611206830322301,0.005361957955712248,0.33670156177244637,0.006765090338220571,0.9948359409218679,0.006434341825846822,6.692718679199953,0.43695285138064854,159128.0,0.0
train,facebook,original_ilp,0.7,0.9197055611729741,0.00490364208741535,0.6954739652870494,0.007324656597529635,0.8831146989572822,0.00887415567086609,0.7305411695913675,0.023543364196678403,1.678773914246015,0.06742850958886168,0.578674780294237,0.005056639861186692,0.2809942063925443,0.014378595804574843,0.9747885196554794,0.008511982056233512,6.4863870706001,0.4484189315626128,124964.0,0.0
train,facebook,original_ilp,0.8,0.9085974520632447,0.0037961350539365553,0.5119225634178906,0.00937023832915342,0.7216279852001346,0.029243903916809418,0.5018254784860261,0.01734131118732108,1.6752209571672911,0.15808648686739468,0.5534937795276231,0.0036147350677256493,0.17079616776760967,0.015080485169982217,0.9872206675599798,0.013219380964685102,5.848320679300031,0.4857294520266591,90800.0,0.0
train,facebook,original_ilp,0.9,0.8970627641973483,0.005671124745862056,0.3045260347129506,0.006346781400450416,0.39926000672721157,0.048443708808578165,0.26022138760171004,0.009644800499629697,2.1462492115287124,0.15535836484935037,0.5209273810432506,0.0019435795864503598,0.0587485709399309,0.009427504220699144,0.9614840458618212,0.0254502509680916,5.387883737499988,0.5610408158091815,56634.0,0.0
train,facebook,psgnn_reimpl,0.1,0.9156717641717649,0.005810682048630575,0.9168357810413885,0.013423497219564321,0.8215943491422806,0.02648610263251619,0.6691254524125515,0.10448529835613572,0.8868473580332799,0.03287604469904413,0.7532786679019379,0.009707363344575096,0.5660583179089993,0.027578850703404743,1.0112357291416114,0.005354400288360777,8.641657320900254,0.2924138326959944,329952.0,0.0
train,facebook,psgnn_reimpl,0.2,0.9074509279560138,0.005488151737288568,0.849946595460614,0.016880713013039714,0.7049108644466868,0.03729342454473786,0.509606420994478,0.16212696212914707,0.8947030537060477,0.04754298530554961,0.7066531484456277,0.010388538006951565,0.5172984177341138,0.04156031000260185,1.0101424636900254,0.008748297845915772,8.307520675000012,0.5227401076669781,295786.0,0.0
train,facebook,psgnn_reimpl,0.3,0.9007042560922841,0.006315585157795429,0.7887316421895861,0.016509787795622313,0.6173562058526741,0.0432011193692031,0.39950802649884665,0.17255773246718334,0.924185478960573,0.05667346462475616,0.6692274696833879,0.0073037589122563595,0.46125065509688756,0.021976246596520258,1.0063433958980144,0.01234431988145173,7.950792379200232,0.28802437267724085,261622.0,0.0
train,facebook,psgnn_reimpl,0.4,0.8949098549802909,0.006908170509942718,0.7239830885625278,0.014246331380406077,0.5425496131853347,0.045026553715245166,0.3008480058904319,0.17153135176191647,0.9676879475695822,0.06371731177544096,0.6391205425202882,0.006079559130259293,0.416247339670357,0.023786350963479166,1.000704148757567,0.016218884086936648,7.359159704200022,0.5614992800155875,227458.0,0.0
train,facebook,psgnn_reimpl,0.5,0.8925918621216542,0.006825248685267334,0.6525055629728527,0.014075236283000628,0.467339387823747,0.04412558527999181,0.21620921778892796,0.1558527215397156,1.0117594292115861,0.06451471776983943,0.6122862353950025,0.007282788011771111,0.3654723253605349,0.03283342205511386,0.9938611332110316,0.0211521894191011,7.159826304199998,0.3646638993114783,193292.0,0.0
train,facebook,psgnn_reimpl,0.6,0.8919236757712617,0.006034300503559842,0.5700222518914108,0.01884643045941396,0.39286915573494785,0.04433783067276624,0.13825090611730942,0.1118423117109429,1.0982934902826789,0.06696196857879842,0.5849831712549679,0.005164338234413684,0.30191965747120647,0.026224536831505933,0.9850186783167428,0.02802801222291139,6.7184389541999625,0.5368017453425082,159128.0,0.0
train,facebook,psgnn_reimpl,0.7,0.8886759104779612,0.0061304160349481785,0.47353360035603026,0.021732817818091693,0.31395896400941814,0.0443163341739822,0.06672061101049344,0.05397023198290806,1.2291572002091697,0.08859172105350223,0.5605289349581335,0.004203774013436671,0.22874301189005855,0.019902361570680576,0.9740269661317214,0.03560435999407464,6.322428441799912,0.5154368483851569,124964.0,0.0
train,facebook,psgnn_reimpl,0.8,0.89133642740859,0.0060863662925121015,0.33942590120160215,0.062453928894064606,0.22465523040699628,0.04157541629247112,0.025242749843351037,0.01992349748179068,1.4557834317701164,0.11833683520117258,0.5381270453630268,0.0032499311591597476,0.14651825687668513,0.02713295126814718,0.9613458593672005,0.04247086353045891,5.753417916900082,0.47075289918081,90800.0,0.0
train,facebook,psgnn_reimpl,0.9,0.8926837599650277,0.006482352566146573,0.1618469069870939,0.052601057585096325,0.11624621594349142,0.029788628279746352,0.007343992741962238,0.0048414432319202295,1.8101046799250942,0.20837132039481857,0.5175131394355356,0.0018642256947347668,0.05454876297512531,0.010219631459369315,0.9534670169002222,0.04428903298751611,5.399099204300216,0.41531379625651876,56634.0,0.0
train,facebook,ptdnet,0.1,0.9385293814312451,0.004487349988614543,0.9840943480195816,0.00800450293894824,0.9432896064581231,0.0152377900845077,0.9612085696536958,0.028569664308682418,0.9146126997977062,0.0327990466895394,0.7957429518042044,0.02457138182938533,0.6123007360762909,0.023258915689843167,1.0177127818656202,0.01202428771088647,8.57966757499995,0.3376495846829742,329952.0,0.0
train,facebook,ptdnet,0.2,0.9354551279357495,0.004418686209655592,0.9509434801958166,0.025784607837871596,0.8764547595021863,0.04484556837920887,0.9004466587921458,0.07567890625070647,0.8788372874976724,0.05118918217518862,0.7407301987919251,0.0417136007921126,0.5549030604776102,0.041983090746334065,1.025826037010935,0.01865054744793816,8.231326558499944,0.3311381355535397,295786.0,0.0
train,facebook,ptdnet,0.3,0.931890278576782,0.004934336861540044,0.903440142412105,0.04668627615515584,0.793104608139926,0.07374891803369919,0.8159438106179941,0.1289354051543599,0.8480724754571783,0.06361098627647728,0.6949732013129809,0.043367582290824526,0.5015180910819763,0.07365459043357261,1.0319847788251022,0.022799956858745002,8.006667416700088,0.5286979016229988,261622.0,0.0
train,facebook,ptdnet,0.4,0.9250492735843416,0.005937213924700825,0.8375344904316867,0.07338936079322268,0.701681802892701,0.10050166027315904,0.7178146030592408,0.1874640512251756,0.8166232638328401,0.07683418479286211,0.6523805742102861,0.03634826561894979,0.3976481130090204,0.04440321717137191,1.0376021668010034,0.0256345328722164,7.464987058200052,0.3781161960240553,227458.0,0.0
train,facebook,ptdnet,0.5,0.9213424419842896,0.0073294711923146535,0.7539830885625278,0.1018496508260933,0.6073662966700303,0.12323555212902898,0.6296316668517656,0.2297546581816226,0.7807785521186126,0.08783545146756158,0.6182286255404318,0.03225984896062409,0.3238806238429492,0.051820114302915686,1.0433731022157366,0.0272191746140857,7.06713781670017,0.45537320570018175,193292.0,0.0
train,facebook,ptdnet,0.6,0.9158057067917523,0.007612200480035669,0.6552736982643526,0.12550910159940387,0.5166498486377397,0.13999623784494195,0.5442516824796979,0.2620587729320104,0.7441833721554758,0.09141526791048,0.5943824483403816,0.022448783826307217,0.2633527557472,0.05500901225421845,1.0489753780956943,0.027314317402215724,6.83982894990005,0.42590057300813766,159128.0,0.0
train,facebook,ptdnet,0.7,0.9102382455360793,0.005346373768795537,0.550115709835336,0.1321718801806193,0.42230070635721495,0.15108721215347642,0.46872734284067324,0.2785603338422763,0.7203249937979652,0.09794333140861172,0.5703253565022517,0.012922561683604008,0.1962381890824772,0.04017953691105051,1.0541247827445948,0.02772374392373023,6.137293279299973,0.4538008991791199,124964.0,0.0
train,facebook,ptdnet,0.8,0.9063960316428161,0.006682084448637407,0.41724966622162885,0.1082877203033996,0.3248570467541204,0.14032340910700908,0.3968571979154764,0.27887238623982635,0.7078983104167748,0.11480716527618205,0.5462019945130218,0.011735838205535318,0.12109868032068691,0.0201484659666933,1.0572551685439877,0.03071249657793148,5.933442820900018,0.4616380259272919,90800.0,0.0
train,facebook,ptdnet,0.9,0.9022183970036795,0.006207187982768829,0.22273253226524253,0.023362802782903147,0.20191725529767912,0.0903656828738218,0.30189344866507006,0.2544409828865547,0.7362125202891584,0.17602144170526884,0.5246896388151417,0.007138575706208978,0.047494634688034346,0.012204736842879732,1.051606212482922,0.04572184483236552,5.417112070800107,0.29912924071771274,56634.0,0.0
train,facebook,random,0.1,0.9356950239100877,0.004651999403673107,0.9833733867378728,0.0010903578163637309,0.9034981500168181,0.005929557782539172,0.9003916354882175,0.0021141393907144605,0.9987438429685097,0.0024596014660886244,0.8163508486088773,0.014127085974749997,0.652701416268057,0.044206492908106035,1.000114398965335,0.0004098863255063522,8.768297008499811,0.2900418023921853,329952.0,0.0
train,facebook,random,0.2,0.9321262919388766,0.0038969130529131453,0.9621450823319982,0.0019422784214038781,0.8022536158762194,0.008006119781325535,0.8006117288116146,0.00327065307734309,0.9980615235373019,0.0044193682759645905,0.786681407131847,0.013404459086693894,0.6557393854674757,0.04036485975833254,1.0002183708397825,0.0007003090948038005,8.33502117899992,0.5321018160849276,295786.0,0.0
train,facebook,random,0.3,0.9274171516688978,0.005359085262992443,0.9373742768135293,0.001961288211201627,0.7029936091490078,0.006909733798914949,0.7004272390178917,0.0039186435451767625,0.996376950285768,0.005183236696530669,0.7579677742992985,0.008668883886926933,0.609796139533554,0.044148131446506665,1.0005204211658236,0.0007591579991344437,7.831579633499949,0.452585931172912,261622.0,0.0
train,facebook,random,0.4,0.9213187178356603,0.006212979904362288,0.9044592790387183,0.0025477352173313293,0.6003699966363942,0.010494414114433323,0.6004919724243147,0.004229677019984535,0.9969794946613838,0.005009646130786155,0.7231350224321534,0.011301813782496423,0.5545978216584573,0.04583908609312343,1.0003538959062888,0.0006076724430708212,7.487327241700018,0.5818293696722685,227458.0,0.0
train,facebook,random,0.5,0.9170711037140888,0.00553323749069226,0.8634935469514909,0.0030940034991493053,0.501715438950555,0.005363518780101627,0.49967309630294776,0.0034817332265199338,0.9972808747681521,0.007788757342692989,0.6864073142441189,0.009849349321095446,0.49510472068679573,0.03714408119258603,1.0003510097195365,0.001065339493235414,7.100020312499952,0.5569570061027672,193292.0,0.0
train,facebook,random,0.6,0.9110353254833747,0.006212239773531485,0.8085046728971962,0.002597236257805123,0.4006727211570804,0.007436874159113568,0.40082858579312636,0.0029166324297526377,1.0005214362377344,0.008604216579584517,0.6586098294642172,0.007546549811114242,0.45251023772627635,0.0261878558330554,1.000204078724129,0.0012458409356619845,6.843687379199944,0.5027487580450919,159128.0,0.0
train,facebook,random,0.7,0.9030783287742941,0.006242679212329485,0.7312016021361816,0.0031577447163848205,0.2996300033636058,0.008550295021949733,0.30074766927738616,0.0030831468148788156,1.0004863941460262,0.011252908938702271,0.6151867493718199,0.005660698960455056,0.36014879330081134,0.021215211595822278,1.0002825040910603,0.0017376120353025796,6.226048820799893,0.5931618440377152,124964.0,0.0
train,facebook,random,0.8,0.8963142407620491,0.004860358833616989,0.6119982198486872,0.0034802350212337022,0.19979818365287588,0.007516235345708874,0.2003139562835174,0.003091253189515082,0.9986461764782332,0.012668336475524953,0.580363617902452,0.004217656106373478,0.27973576975772513,0.014326659548772148,1.0003761476535042,0.002136470072181636,5.854770791800017,0.5759563364929136,90800.0,0.0
train,facebook,random,0.9,0.8904592157898877,0.005558630151851829,0.40109924343569203,0.003242168370341135,0.10174907500840902,0.006200662285928678,0.10039163634968831,0.0017173007936384158,0.9942791831849324,0.020022008459353695,0.5388401488404304,0.001967585697974484,0.14714490325247515,0.007993166008219236,1.0012453195401154,0.0033563454906928958,5.378925187299923,0.5479235014490228,56634.0,0.0
train,facebook,resistance_proxy,0.1,0.8982379972999327,0.004407303330106903,0.6618602581219404,0.0,0.0023545240497813654,0.0,0.7893254781764351,0.0,1.0914861165397516,0.0,0.6455276102729356,0.0,0.4421437996885566,0.0,0.9877289863500216,0.0,8.715590124999972,0.43869692470107596,329952.0,0.0
train,facebook,resistance_proxy,0.2,0.8886928907345727,0.005040212035527136,0.5106364040943481,0.0,0.0006727211570803902,0.0,0.6190121691935999,0.0,1.1705302830961415,0.0,0.5979022541473279,0.0,0.32889211963664905,0.0,0.9779858272586599,0.0,8.283786583399921,0.34933764002709694,295786.0,0.0
train,facebook,resistance_proxy,0.3,0.8887487416554694,0.005243935853189652,0.4001780151312861,0.0,0.0,0.0,0.48125970947658236,0.0,1.277036336538845,0.0,0.567373553588705,0.0,0.236303267883472,0.0,0.967484068135003,0.0,7.872363012400092,0.4210176773925126,261622.0,0.0
train,facebook,resistance_proxy,0.4,0.88716841575614,0.006156523645575607,0.3170894526034713,0.0,0.0,0.0,0.3628301394332159,0.0,1.4334523698638866,0.0,0.5465319929895115,0.0,0.1680125136416079,0.0,0.9534771896300139,0.0,7.395648916500084,0.45793300279020227,227458.0,0.0
train,facebook,resistance_proxy,0.5,0.8862259589380427,0.0065314885486905195,0.25202492211838007,0.0,0.0,0.0,0.28608881377789436,0.0,1.703851761684031,0.0,0.5357137571967787,0.0,0.12922771555959586,0.0,0.9334400411640151,0.0,6.960170616699929,0.32144617392646346,193292.0,0.0
train,facebook,resistance_proxy,0.6,0.8865458768108481,0.007197450710998117,0.19857587894971074,0.0,0.0,0.0,0.22271491431221752,0.0,2.0480204404539726,0.0,0.5226559821964958,0.0,0.0838984396300514,0.0,0.9023956425276293,0.0,6.741739379100028,0.428059253413025,159128.0,0.0
train,facebook,resistance_proxy,0.7,0.8886564394050598,0.00582309521855792,0.14882064975522918,0.0,0.0,0.0,0.1676268770851584,0.0,2.4737863403534304,0.0,0.5153064171083354,0.0,0.057276866012381786,0.0,0.8546676000137952,0.0,6.089690245799983,0.431678074039163,124964.0,0.0
train,facebook,resistance_proxy,0.8,0.8893826373587986,0.006642986653713288,0.09928793947485537,0.0,0.0,0.0,0.1102731744022272,0.0,3.211519009453349,0.0,0.5066327223344307,0.0,0.029404531303782722,0.0,0.7734451642663118,0.0,5.669231904399998,0.5633298725740695,90800.0,0.0
train,facebook,resistance_proxy,0.9,0.8914429221369191,0.005939754051095683,0.05558522474410325,0.0,0.0,0.0,0.006926462965094399,0.0,4.305745387684862,0.0,0.5021988352709922,0.0,0.011546346277466014,0.0,0.5845750706531981,0.0,5.2798145292000696,0.5042035788413403,56634.0,0.0
train,facebook,task_only,0.1,0.9327873039704325,0.01032006901761613,0.9601068090787717,0.056612497730224795,0.8976118398923646,0.17469809883895823,0.9385066017858584,0.09999402924383537,0.9983659167673551,0.05104253393670203,0.8123192385672817,0.04926071737120358,0.6742114544839224,0.08061259327799805,1.0058488760282533,0.013115494756465325,8.697260637500012,0.3546447051408753,329952.0,0.0
train,facebook,task_only,0.2,0.9317445192769721,0.010590330495307715,0.9452736982643526,0.07631168219530719,0.8788429196098217,0.1976681734524838,0.8605871300934835,0.1320684365800451,0.999979829220613,0.0813321052220153,0.7831612513116302,0.05584525438722648,0.649025742298788,0.08004346472232873,1.0077364597257146,0.020764291563410472,8.406173566500064,0.5619155324986342,295786.0,0.0
train,facebook,task_only,0.3,0.9299003742393825,0.011949735558963497,0.9284112149532711,0.0983304369092411,0.8686175580221999,0.21477600859642446,0.7481324435237451,0.14195482474962084,1.0095362116664441,0.10263672959277281,0.7481146808240505,0.06511246907492992,0.5789077196255586,0.08437310577438133,1.0057095590516383,0.026499896021725484,7.969503050200001,0.38924558530317793,261622.0,0.0
train,facebook,task_only,0.4,0.9277325581334113,0.012654028442761407,0.905776591010236,0.12554654085454553,0.8600067272115709,0.23069725115120943,0.6725174772664857,0.15039819510415,1.0257214875141234,0.13146047945573952,0.7193593926234716,0.07349177187082707,0.5213447712156439,0.10768459613962288,1.0037124202158005,0.03141847425265921,7.602418841599987,0.5749666066230743,227458.0,0.0
train,facebook,task_only,0.5,0.9267172763089168,0.01349136563396348,0.8800489541611037,0.15252717606165483,0.850016818028927,0.24739047808167725,0.6039357839172401,0.1564756563660356,1.0366223705961894,0.150455729244558,0.6866424304074105,0.07713324312131968,0.45348168431121394,0.13161686690827817,1.001305159960402,0.03686283268301278,7.235394454099992,0.5349154810723783,193292.0,0.0
train,facebook,task_only,0.6,0.921349617491038,0.013178951484829499,0.845318202047174,0.17838359366274267,0.8384460141271444,0.2643594458380888,0.5276022780439755,0.17724107215199952,1.0352474858055096,0.1783398602812996,0.6496421814568797,0.06641363918690059,0.38018324635558054,0.12261683138161401,0.99903697824161,0.04774474231404726,7.069292829299999,0.5960049887037924,159128.0,0.0
train,facebook,task_only,0.7,0.9176451611004068,0.012484859783824725,0.7846283934134402,0.19550800930315085,0.8216952573158427,0.28093331187149867,0.43165134598779636,0.15239716858428026,1.0354340681085135,0.21251744750195165,0.603280986834722,0.04968202677830726,0.29423891060126534,0.10972765707288695,0.995976614302578,0.058057226721222106,6.222160004199961,0.6276765360176854,124964.0,0.0
train,facebook,task_only,0.8,0.9143956669180586,0.011424070043058244,0.67196261682243,0.1794324186779433,0.7904137235116044,0.289192187420228,0.3197274724677196,0.11408331024728574,1.0168294893448449,0.21772736271567056,0.5475632863808456,0.023671486546038307,0.17365634870076194,0.06825591739764351,0.9930646946166363,0.0656228234896744,6.090635308199998,0.6148825258402024,90800.0,0.0
train,facebook,task_only,0.9,0.9070067030180257,0.011704608310051465,0.39338228749443704,0.09361651142678751,0.6696602758156744,0.2614956088975434,0.18987894852675838,0.079735909504413,0.9873716677233325,0.22695467954481385,0.5057304262804133,0.016760949037174597,0.04708424821003492,0.02143729557580803,0.9985451678479891,0.06406202787654834,5.527628333099983,0.6127733469142428,56634.0,0.0
train,facebook,w_balanced,0.1,0.9355868832662123,0.010715551983415821,0.9751357365376057,0.073323487566087,0.9195425496131854,0.24262218036924071,0.9784405737780709,0.04389281896815405,0.9781639883528364,0.04788862340035406,0.8370312584941022,0.05167605622257681,0.710038270778232,0.092702431568877,1.0138650378213998,0.010555780180280581,8.439437720899978,0.3378679113164645,329952.0,0.0
train,facebook,w_balanced,0.2,0.9359894178124053,0.010484115043248952,0.9737605696484201,0.07651620510915175,0.9178607467204843,0.2460897912735007,0.9343474873418648,0.044801725927808664,0.9598665038175691,0.04378632972190847,0.8226987431397594,0.04759329963453639,0.7003805385716915,0.07516031424070686,1.0222156716327166,0.010407747794390229,8.511185608299938,0.4808153135716633,295786.0,0.0
train,facebook,w_balanced,0.3,0.9358053886705304,0.01069344534158628,0.9720694259012015,0.07806202345286586,0.9168180289270097,0.2472046113903984,0.8399663377801112,0.036866522008747495,0.9556319382457545,0.0420267333781503,0.7948197573886471,0.04490705955833676,0.6320846656499504,0.06426636333366348,1.024317956816907,0.010856390844135828,7.923163483199993,0.45710564672428605,261622.0,0.0
train,facebook,w_balanced,0.4,0.9348816113800374,0.009918672739754698,0.9695816644414774,0.08005478938093182,0.915674402959973,0.24886127133448463,0.7841241576227403,0.045728714017592154,0.9589850049846153,0.04444420456874289,0.7655901584109338,0.03872542624825734,0.5707752997229878,0.055328580875521914,1.0246002009560695,0.011216999387298867,7.392349004199971,0.4936949907098812,227458.0,0.0
train,facebook,w_balanced,0.5,0.9336009772081765,0.011675067230404727,0.9640498442367601,0.08159947568446313,0.9141271442986882,0.2516898328005784,0.7230353436025573,0.050862670676624186,0.9666024121232063,0.04775798288950362,0.7331627765422992,0.032104855031985714,0.5225705830490048,0.05226932600852668,1.0234765324015052,0.009736072567865494,7.136441741799982,0.4897410666392298,193292.0,0.0
train,facebook,w_balanced,0.6,0.9296397904047451,0.011325520686844049,0.9469603916332888,0.08056266150179878,0.9123780692902791,0.25465816972983346,0.6598006207291698,0.047235967388785396,0.9687273048338703,0.05457569752625382,0.6966963710123186,0.02205910780927161,0.45609334071708296,0.023039754790576024,1.0220833335639332,0.008696212791668153,6.673351783299911,0.45921546031062743,159128.0,0.0
train,facebook,w_balanced,0.7,0.9247889206591511,0.011962733148911508,0.8945616377392078,0.07216550238025525,0.9091826437941475,0.25644728945882594,0.5590367679117312,0.04854440906929796,0.9684611404011427,0.07547516794186473,0.6305999387699281,0.01107016396796755,0.3525316399780257,0.017381553495491458,1.0190610778563434,0.015244316742416459,6.436672795600053,0.483270193091099,124964.0,0.0
train,facebook,w_balanced,0.8,0.9183132323630752,0.00999604033113698,0.7595149087672453,0.0666334375097188,0.8970736629667003,0.2575854981372309,0.4220611077795839,0.04354444018311389,0.944614741896881,0.10763311633398472,0.5509724088958766,0.00615924584635662,0.1864328838635282,0.014922799005806049,1.0175642638340605,0.023216468995818956,5.9348115207999825,0.4277738211985548,90800.0,0.0
train,facebook,w_balanced,0.9,0.9117530087536496,0.009319369047527658,0.4190609701824656,0.01865386437140848,0.813858055835856,0.24605394902202465,0.26002718770549244,0.04635149996961005,0.8850626817756666,0.16002284075125614,0.4985442472828572,0.008221633327840549,0.03833290152340877,0.013992795622708363,1.0155140290033844,0.027223172380585723,5.372404133399991,0.3653017556522136,56634.0,0.0
train,facebook,w_reduced_proxy,0.1,0.9337929031479435,0.01258059406212665,0.9661281708945261,0.07961287515130425,0.9092162798520013,0.24719791912936884,0.9597326504424422,0.08119337187932127,0.9967556667800899,0.056924411207913146,0.8226525401877198,0.059903578063254796,0.6889552219263406,0.09599937595790999,1.0066912708150433,0.015246524099043222,8.617413824899945,0.45079655303945043,329952.0,0.0
train,facebook,w_reduced_proxy,0.2,0.9332872393796713,0.013340659764749602,0.9546061415220294,0.10538122603653506,0.8997309115371678,0.2698489855348008,0.8984302165364196,0.10499560845680464,0.9856506325590022,0.07290901185922435,0.7953412288900223,0.0636855483431129,0.6266753689852035,0.09162319851110226,1.0135425187188865,0.01641518002640749,8.284319745999971,0.6261881363608682,295786.0,0.0
train,facebook,w_reduced_proxy,0.3,0.9328493091463853,0.015115182964599115,0.9523542501112594,0.10764116783881267,0.8989909182643794,0.2710078910847718,0.8213943543718347,0.12454824135857034,0.9746089086565348,0.06636162954210768,0.7843662223172385,0.060160461020320403,0.6230669712002826,0.08331278089902286,1.019044146901992,0.013630839611794916,8.021306154300003,0.4950029470181779,261622.0,0.0
train,facebook,w_reduced_proxy,0.4,0.9319493542658558,0.014801862815065792,0.948669336893636,0.11000354738361616,0.898183652875883,0.2717511795026591,0.7577291550618315,0.14700213168094914,0.9753973747993939,0.07270054137063857,0.7581108576845215,0.05536673144053898,0.582139721407594,0.07431858940729999,1.0217608181542588,0.012152666177379721,7.49118021240011,0.6717927927299892,227458.0,0.0
train,facebook,w_reduced_proxy,0.5,0.9310241941354095,0.014998195203304325,0.9415264797507789,0.1120567593842165,0.8972082071981164,0.27233476472051743,0.6778385544228479,0.16039617714447138,0.9872063602802565,0.09447151019301772,0.7242388992476154,0.04730022813412395,0.5089865430997337,0.06948680394737844,1.0213683583034323,0.01139409372362282,7.247401337300067,0.6319113743727042,193292.0,0.0
train,facebook,w_reduced_proxy,0.6,0.927428718386041,0.01373109926104373,0.9228971962616823,0.11265756817980056,0.8956945845946855,0.27295510464355277,0.6119400563063423,0.16470973797522687,0.9917906622741086,0.1266577247472292,0.6874525761180006,0.033271338239715786,0.44996250881321886,0.04590030849398034,1.0213591630619452,0.009959364407881071,6.763125866599876,0.5834763955134804,159128.0,0.0
train,facebook,w_reduced_proxy,0.7,0.9231675646634974,0.012124617862646838,0.8748998664886516,0.10696774876458452,0.8928018836192398,0.27303718988053843,0.515519807834304,0.15513665837628812,0.9964787539513574,0.1811545411538145,0.6284169520762342,0.02315487078308441,0.3458343788487287,0.03299237357027567,1.0194398460305831,0.015116205644643154,6.578634679100043,0.5856290717286732,124964.0,0.0
train,facebook,w_reduced_proxy,0.8,0.9175927044758445,0.011582504592280376,0.7491277258566977,0.09627393949201553,0.8823410696266398,0.27162230606660526,0.38892413215498745,0.12544414449657346,0.9817694336226429,0.23085252368526044,0.555195159478008,0.0070898048308427955,0.1923718396211344,0.023253891681728513,1.0185774073012226,0.027534061602425774,5.956554458500085,0.49865799196997834,90800.0,0.0
train,facebook,w_reduced_proxy,0.9,0.9119204699688004,0.00902306708172383,0.41325767690253673,0.02296805743579473,0.8071644803229061,0.25719829960638546,0.2440671929013427,0.09434747460473006,0.9203938547779646,0.2952650203999525,0.505080032942514,0.010428065062224188,0.043485180076843474,0.018417993964021422,1.0220953716954084,0.03130669704331091,5.319776533200025,0.33686754001239677,56634.0,0.0
train,facebook,w_structure_focused,0.1,0.9354927293979619,0.009106428735047826,0.9761459724076547,0.06776160450395004,0.9199461823074335,0.23591474049958092,0.9831887612405913,0.03108389833083446,0.979441576670945,0.04183895877826734,0.8348386315586893,0.05123550621292755,0.6867867787452934,0.0791704804211247,1.011897528001092,0.012706812702948145,8.694681129200058,0.3945656008738623,329952.0,0.0
train,facebook,w_structure_focused,0.2,0.9355771354705439,0.009689524437088327,0.9748108589230086,0.07052537740158892,0.9184998318197108,0.2381619254281754,0.932881278125422,0.04195873089134044,0.9615005662636396,0.03825300053765706,0.8118338334242476,0.04718526394418519,0.6520734838237096,0.08688296499207987,1.0195758673956061,0.013554236444476595,8.214407212500067,0.5834840085185306,295786.0,0.0
train,facebook,w_structure_focused,0.3,0.9352693638737304,0.010386569532851058,0.9727814864263463,0.07236104394766524,0.9169862092162798,0.23981981403834993,0.8537221637621911,0.049842001587025835,0.9547226203560358,0.038353269208643584,0.7971783476018638,0.04415510533502966,0.6416355126232113,0.07178072173567085,1.0229801367175326,0.01343460530206034,7.69414624139996,0.4587593861599055,261622.0,0.0
train,facebook,w_structure_focused,0.4,0.9347498940204677,0.009677817033724381,0.9699510458388962,0.07417079599242854,0.9155062226707031,0.24220410526775288,0.7997993259124376,0.06100878106679886,0.9548186749000871,0.04295012200849114,0.7746915746581939,0.037957073178708806,0.6068904561123105,0.0604014894629829,1.0245202876503465,0.013006266949522107,7.521398687599981,0.6073877717847789,227458.0,0.0
train,facebook,w_structure_focused,0.5,0.9336271227429712,0.010062907819960195,0.9641967067200712,0.07560091522924951,0.9136898755465859,0.24587895405737162,0.727343344633651,0.04790086475624417,0.9621928176401416,0.04855115882972066,0.7324454542011463,0.03316670300392585,0.5117348290732214,0.0527654375448886,1.0228168998334763,0.012653127856722459,7.006452220900059,0.48583959464860366,193292.0,0.0
train,facebook,w_structure_focused,0.6,0.9305543793779465,0.009185398020323745,0.9459145527369828,0.07396424882878096,0.9121089808274471,0.248562757577971,0.6599430339863961,0.05082183346351012,0.964892116851566,0.05628349434540794,0.6901722311400238,0.024050314076771162,0.44179385055745807,0.04163816078092836,1.0214580945025342,0.010071876404707018,6.917414824999907,0.3696320203192218,159128.0,0.0
train,facebook,w_structure_focused,0.7,0.9247926321048261,0.010548633918593212,0.8938540275923452,0.06761038958095555,0.9078372014799866,0.2512148937918562,0.5579168818435429,0.05593358291510154,0.962838307550518,0.06620672923086389,0.6312845017415156,0.014022603901358252,0.3548382048465801,0.02192858981187757,1.0189240060156521,0.01469100379574776,6.085965641699988,0.3931392256560889,124964.0,0.0
train,facebook,w_structure_focused,0.8,0.9179403961575814,0.009273638064796697,0.7608989764129951,0.0659191023329734,0.8934409687184661,0.25288866951515043,0.4207761517996108,0.054448091001837014,0.9354731052923123,0.09593051114526734,0.5527239158229045,0.00741272805455065,0.19070215218185407,0.019864331101013124,1.0183835774032084,0.021804009272891493,6.14192732089997,0.35840144630058157,90800.0,0.0
train,facebook,w_structure_focused,0.9,0.9116715568668345,0.008609532319053205,0.41936804628393415,0.02300675603803117,0.8079717457114027,0.2435335477417188,0.25604285316809466,0.058028412923705475,0.8760767004068543,0.14985374461547027,0.5006613827463566,0.006584432100310721,0.03909272232431268,0.01017396804941415,1.0166758061733794,0.02868888869264677,5.278834420799933,0.4420485097903814,56634.0,0.0
train,facebook,w_task_focused,0.1,0.9303530286562405,0.014417879398737165,0.9353093012906097,0.09629171183997139,0.7957282206525396,0.31880852112301944,0.9489383728776805,0.0699852157417558,1.0140079701482292,0.06080750691452322,0.7963572606544891,0.06654161653759319,0.6492824274627784,0.08458701559427136,1.001908390978366,0.01609079161126719,8.706905596000013,0.39824740000395786,329952.0,0.0
train,facebook,w_task_focused,0.2,0.9286222405934895,0.016081296742424332,0.9107298620382732,0.12776677958020904,0.7762529431550622,0.34275778551847874,0.8771556179057816,0.09497043562205901,1.0062572442860138,0.07658128036662469,0.769998696482665,0.08441422881110536,0.6104459898666377,0.11643875356208845,1.0060958934253388,0.021929926949702888,8.286390058499984,0.34203766372636124,295786.0,0.0
train,facebook,w_task_focused,0.3,0.9268469902897666,0.01875753091961098,0.8983044058744992,0.14633512333294446,0.7717793474604776,0.34759763408558425,0.7871342560141132,0.10775958828649726,1.0035142544109787,0.09172240339040018,0.7520897925138839,0.08663689891017175,0.5831388736829901,0.12470441065250823,1.0101329744905478,0.02240775227488222,7.946703895799908,0.8528596101850823,261622.0,0.0
train,facebook,w_task_focused,0.4,0.9258336804668648,0.01801809676167757,0.8896350689808633,0.15569985846765422,0.768886646485032,0.3510004053541092,0.7147915580081202,0.11329473493966039,1.007648671239685,0.10813383169736766,0.7281971515194555,0.07273468345113553,0.549549410784453,0.09861809629569988,1.0114681477692622,0.02569184244233353,7.501096004099969,0.4057996685690042,227458.0,0.0
train,facebook,w_task_focused,0.5,0.9241086234114524,0.019699891760386896,0.8782198486871383,0.16157788491508518,0.7667003027245207,0.35316992961360505,0.6414454938716696,0.12982196887830236,1.0168174231420508,0.1325558493598084,0.7005742165960007,0.06766732740558527,0.4803166030628049,0.08581740236439812,1.0105217092012662,0.029572781696503667,7.090321662499974,0.408643461203789,193292.0,0.0
train,facebook,w_task_focused,0.6,0.9207530255572276,0.019439675296888087,0.8570048954161104,0.16294245885723999,0.7635721493440968,0.3558216399787351,0.5686237694550067,0.13560814260335693,1.034666390257887,0.1781225703106373,0.658901868278339,0.05189026737573096,0.4082595888931523,0.06469574715056028,1.0071250352128207,0.034130361866382776,6.891422579100029,0.43616460733097523,159128.0,0.0
train,facebook,w_task_focused,0.7,0.9168683676408408,0.018636153565813714,0.8135246995994659,0.1542553762521605,0.7598721829801548,0.35843559412541853,0.4679958565649202,0.14736228691586692,1.053243494507182,0.2462527549959631,0.6087601089416556,0.03336244285363405,0.31804024208431075,0.051539514480896505,1.0034897938958545,0.039901073395536224,6.065054900200022,0.3958001154540199,124964.0,0.0
train,facebook,w_task_focused,0.8,0.9116131387808071,0.016435519674564206,0.7093591455273698,0.12331708153989783,0.7505549949545913,0.3589993751250911,0.3582470218824806,0.11966402081330842,1.057461271220968,0.31885946938683796,0.5489757134157849,0.009832266828844654,0.19114081395681193,0.032336966525191746,1.0050839119546944,0.04181614961641013,5.867793425199935,0.3821787805208974,90800.0,0.0
train,facebook,w_task_focused,0.9,0.906722185612961,0.015546141997745965,0.40553627058299957,0.021741363949164545,0.6900773629330643,0.3409883906402448,0.22844381125063676,0.09373252011120822,1.0240956831870738,0.4251561307272263,0.509109242776274,0.011580865753840586,0.056689917911517604,0.03409815572862225,1.013485417387843,0.045541229925588234,5.500478312399949,0.448931300132927,56634.0,0.0
train,github,cilp_full,0.1,0.8152286130557993,0.006092757649400771,0.9613289124668436,0.06590424503245729,0.8272657889715702,0.24371930981658266,0.9460339730189589,0.03157136221349209,0.9735932470683494,0.029327256014111718,0.5806724731902216,0.07875074698932193,0.5786578260196498,0.1163728062254225,1.0281435499700833,0.026646727129457582,12.078724054099977,0.8374289409603503,557906.0,0.0
train,github,cilp_full,0.2,0.814248620242988,0.006788573782138767,0.9420397877984085,0.11899402090780424,0.8099980919671819,0.2821322562009725,0.8798153777397552,0.07101637994962079,0.9548540697844679,0.05276631934598831,0.5291429787212535,0.08211733017980438,0.49666997529304097,0.12495421307001939,1.0472685231429453,0.047775837515043294,11.765038221000106,1.2555586009071944,500104.0,0.0
train,github,cilp_full,0.3,0.8123154875814655,0.007614438238411319,0.9272864721485412,0.15250511085599314,0.7930356802136996,0.29035489784828766,0.804049294843139,0.10259795140115197,0.9379299511120813,0.07336226023548938,0.5080233521226029,0.07456269432548637,0.4672770838635264,0.13379279705263117,1.0637801059003533,0.06697198785790937,10.99251913339999,0.5851716707648038,442304.0,0.0
train,github,cilp_full,0.4,0.8111053722418109,0.0075332174855438335,0.9140901856763926,0.1793591472555132,0.7804426636138142,0.2938655361328078,0.7251510745310423,0.12282640049198425,0.9186497811540393,0.09752911718225685,0.4610623230476657,0.06836679642272143,0.39910141538273475,0.12262544181125641,1.0827901520359293,0.08909809534343069,9.976392395699957,0.4354685018320324,384504.0,0.0
train,github,cilp_full,0.5,0.8118085128870922,0.00583384199793345,0.892946949602122,0.2249536601085454,0.7664567830566685,0.29713649677513815,0.6360415866251417,0.12974178873319525,0.8993571607276319,0.11816171540378555,0.39741452390548837,0.04911091787908147,0.3004055481036273,0.10080829744809672,1.1012641759646782,0.1093269432192124,9.53650785440006,0.5635603583380712,326702.0,0.0
train,github,cilp_full,0.6,0.8126323636754306,0.0033789605564202687,0.8734960212201592,0.2475836842648473,0.7386949055523755,0.3094889387493094,0.5390773689986113,0.12582183443798328,0.8779278460004365,0.14658368657074877,0.3764775970486795,0.053495594200689056,0.2828913358445125,0.1312857942550484,1.1211045074384067,0.13517344572673032,9.140019012400003,0.84379890019253,268902.0,0.0
train,github,cilp_full,0.7,0.8106458671968447,0.004022376242925054,0.8414005305039789,0.26538795418933686,0.6823697767601603,0.3297156535799214,0.4330093733087792,0.11353864032641588,0.858123471525771,0.17873891937508207,0.31048167123609205,0.025561114419159776,0.19494272790790884,0.09447650474760896,1.138837658245135,0.16295094722432363,8.698628687500051,0.8690838979179646,211102.0,0.0
train,github,cilp_full,0.8,0.8078318087741934,0.004166726838310948,0.7776419098143237,0.26503921983679984,0.6352986071360427,0.3285585384204478,0.3157772645751624,0.09104374456476798,0.823152530612177,0.22417763666245807,0.22701557748105658,0.04753732253023877,0.05745154491198338,0.03465062561250746,1.1714020877544726,0.20007466492983325,7.964067254099936,1.203651112212086,153302.0,0.0
train,github,cilp_full,0.9,0.8025683568693142,0.004080337081721955,0.495026525198939,0.16246570922933593,0.5051898492654073,0.2928574240798413,0.1808027215263564,0.059749985139933966,0.7601421699069144,0.28560593018826497,0.2517053234763874,0.031172823674451677,0.006132190060278436,0.004235211304705436,1.2278809641741508,0.24853047478150136,7.122175887400028,0.27112594735062007,95500.0,0.0
train,github,dir_00,0.1,0.8151238222449185,0.00645613989301785,0.9625278514588859,0.06787335696088553,0.8395153596641862,0.245130620576489,0.9461814796803789,0.033333598535586664,0.9732228078416894,0.02961858917194642,0.5801395880546943,0.08134406560011982,0.567635956976073,0.12511631215413524,1.0284216689137173,0.02699144555104937,10.601790954100096,1.2451155242246357,557906.0,0.0
train,github,dir_00,0.2,0.8138380085513738,0.007326511183891871,0.943737400530504,0.12044370508026901,0.823411562678878,0.28292615120416287,0.87948705646111,0.07287819747110548,0.9543249034627111,0.053263456819700274,0.5274144691810688,0.07892101808083016,0.4842924150116768,0.10731900839601362,1.047672405387996,0.048305376187213464,10.436070325099465,1.716479744058862,500104.0,0.0
train,github,dir_00,0.3,0.8128845208392166,0.007423407297753788,0.9290185676392573,0.15378270031009209,0.8076702919290211,0.2915783810429146,0.8038994090420184,0.10495998799726323,0.9372770433716889,0.07322062009005594,0.5253473436027171,0.08508334266649265,0.4990230302288846,0.14264141937896443,1.0642696329276657,0.06697634086579042,9.558328037499956,1.7862734759747525,442304.0,0.0
train,github,dir_00,0.4,0.8116857398694863,0.007741959411668863,0.9152015915119364,0.1848543752789572,0.797366914710933,0.2945231173538516,0.7255460117212966,0.12570238186176896,0.9180400707325328,0.09696653261467225,0.46745789615257766,0.07088233487360474,0.4070298035696068,0.12148956163930608,1.0830044569414068,0.0891039750841242,9.016281599999772,1.172256730831805,384504.0,0.0
train,github,dir_00,0.5,0.8121043122467508,0.006428233587068696,0.8964111405835544,0.22667370209161877,0.7876168670101126,0.2959662463417109,0.6376522642022631,0.13240060248344798,0.8985329702549784,0.11820214881877626,0.40463775256820195,0.05857554647597088,0.30637620999838033,0.10859761921409966,1.1015831507196503,0.10938917200742405,8.548220962400238,1.9401911220481523,326702.0,0.0
train,github,dir_00,0.6,0.8125450695370405,0.003622927509428998,0.8783740053050397,0.25003715895614365,0.7648349551612288,0.30381906726453817,0.5410913107549381,0.12814355189778812,0.8765437080357332,0.14606670034712196,0.367321784706128,0.04706628992267552,0.2694401724293757,0.1251484173394897,1.1218080566716824,0.13472727961664968,7.765774750099735,1.7844250427491077,268902.0,0.0
train,github,dir_00,0.7,0.8101578465973798,0.004482113689791889,0.852339522546419,0.26836550981607066,0.7314825414997138,0.29788300113937066,0.4342132179971447,0.1144646798610408,0.855072016905446,0.17825506823617718,0.30620658371371134,0.02953157140325517,0.19283021917416404,0.09919070545091328,1.1412279876123785,0.16300560602505826,7.203538504199548,1.8275988142496624,211102.0,0.0
train,github,dir_00,0.8,0.8079986592304753,0.004325606201891896,0.787920424403183,0.26855430623339144,0.6754436176302232,0.315224615319112,0.315592881248387,0.09037456255451558,0.8175385958008567,0.2250817785006552,0.22330318263851923,0.04702725430176812,0.051480625469170205,0.02919298082439718,1.1761345503286893,0.20128521099403857,6.8864180539998445,1.6736608244084799,153302.0,0.0
train,github,dir_00,0.9,0.8032796743656165,0.004213689762861888,0.49176392572944294,0.1645398797811363,0.5373020415951155,0.28917087704526684,0.17996407478199108,0.057387844858328305,0.7526699860184863,0.2867774000062545,0.25045224182968256,0.031361322367627946,0.00524381314694059,0.003196631545002565,1.2350214634969843,0.24975100991896668,6.15372006659951,1.1671025827951536,95500.0,0.0
train,github,dir_01,0.1,0.8132461674599305,0.006062667860964128,0.9289363395225465,0.07058251652036304,0.667239076512116,0.27865528640976783,0.9165255033158021,0.06339826991879755,0.9928305026844491,0.041178861221107706,0.5476874038992186,0.07638846718167519,0.5451581451983746,0.10679428190774194,1.0119928240295484,0.036824586481266706,10.879871462600098,1.5132462098427515,557906.0,0.0
train,github,dir_01,0.2,0.8120250988754452,0.007228908356619418,0.8898912466843502,0.14068631083829414,0.588990650639191,0.38137062020522033,0.839814901958156,0.10669495395613163,0.9828041798852676,0.06958330365659024,0.5013726664475245,0.0769654624956766,0.4665330867499664,0.12258918246193228,1.0235212917542353,0.0618092943591813,10.888807966699769,2.543376032604789,500104.0,0.0
train,github,dir_01,0.3,0.8102473680802467,0.00783109741936507,0.8717984084880637,0.17046179000258407,0.5782865865292883,0.3862180794315759,0.7592310611683775,0.1396529938011335,0.9723703675077282,0.09476358534657135,0.47380318044061553,0.08192859195388018,0.4198860663558138,0.1349109554146816,1.0343649447276353,0.08514391249899352,9.979769983399375,1.8629007238457673,442304.0,0.0
train,github,dir_01,0.4,0.8090288391488374,0.007964623663446063,0.8554933687002653,0.19372358565183334,0.5696622781911849,0.38952890908062027,0.6762930616451254,0.15740492306923198,0.9643269063717319,0.12427785669495318,0.4251893973288544,0.07228340084157273,0.33706956313954023,0.12769819066490976,1.043217322075464,0.11069699535181414,9.327821666699773,1.7168198234014522,384504.0,0.0
train,github,dir_01,0.5,0.8109352110270258,0.006716004079600273,0.8309071618037136,0.23215673775691342,0.5610570501812632,0.3917763810833412,0.5887573746509911,0.16490551824915428,0.9571866177713486,0.15383174843168637,0.3931628575690559,0.06217168254140039,0.2920066568100467,0.14722010596748725,1.0510974908770163,0.1370054678491854,8.966555308399483,1.4485202896741718,326702.0,0.0
train,github,dir_01,0.6,0.8097663577514009,0.006689838873604342,0.8023023872679046,0.2664527108057141,0.5517267697004389,0.3938598092984233,0.49732465682772115,0.16323443403811905,0.9509239073845931,0.19705692097259855,0.36933459851412204,0.046523580526709844,0.24728068582884974,0.13253474237812235,1.0597626924862673,0.1737868915495323,8.421177333400124,1.4068562449310453,268902.0,0.0
train,github,dir_01,0.7,0.8076613522877661,0.006105789480703584,0.7603236074270556,0.3033303229231283,0.5417668383896203,0.3948204200527529,0.4012240669124094,0.15041835896371605,0.9412788351041401,0.24417286533572402,0.3146259010311243,0.02103437438818692,0.17352594938016092,0.10431151291372112,1.0707318444907474,0.21462220939866117,7.424760374999795,1.140076803360053,211102.0,0.0
train,github,dir_01,0.8,0.805902256355342,0.004991869403528346,0.6746790450928382,0.3165308949752063,0.5063537492844877,0.3800621911440035,0.29611724366150954,0.12358513275567659,0.9241047732176533,0.29556495599868793,0.2511784165574043,0.05065806277458785,0.05420564403139322,0.03484749791950513,1.0878551415642195,0.25835554596735866,7.218758204099896,1.360937226776081,153302.0,0.0
train,github,dir_01,0.9,0.8017229049318398,0.004593165919455968,0.4217718832891246,0.20299253597836422,0.40091585575271893,0.31537829502120673,0.17362366748061941,0.08226079894293817,0.899647728292061,0.38283538745700263,0.2690853862693907,0.03915330390101878,0.006899147321743485,0.004715046890027533,1.1068268580122327,0.3241299075644342,6.271835779200063,1.187391703385634,95500.0,0.0
train,github,dir_02,0.1,0.8139154414640156,0.006227115236271335,0.9436551724137932,0.08093368055024269,0.763155886281244,0.3079873245007339,0.9294668337157311,0.05718912891382867,0.9841763280994643,0.04172976584638289,0.568454949172752,0.09102767416667473,0.5651537507711851,0.1258080125616389,1.019123784634789,0.03643210025986045,11.121089654300352,2.372423445097231,557906.0,0.0
train,github,dir_02,0.2,0.8126301783165829,0.00728139581678186,0.9106816976127321,0.14526962175894156,0.7228391528334287,0.3834913723832659,0.8512193081116738,0.10513436722451425,0.9723249142719548,0.07132099176680946,0.5097189412652391,0.08790257240551128,0.45634899634875054,0.12972586291189306,1.03242825520698,0.06269588080410256,10.397706321099571,2.010344282891888,500104.0,0.0
train,github,dir_02,0.3,0.8108838218527709,0.007535288048819708,0.8911246684350133,0.17893887679143178,0.7085098263690136,0.3855614566846975,0.7696183851000056,0.13955799750438097,0.9596143377576432,0.09686798852573426,0.49265622537076403,0.09279603070309354,0.44143408625377684,0.151429801144742,1.0453247930133158,0.08640617601534335,9.437875108300613,1.6145109641108668,442304.0,0.0
train,github,dir_02,0.4,0.8102348394064919,0.007629644576276528,0.8762254641909815,0.20316371313731293,0.7,0.38574457295308084,0.6872585165239329,0.15779602925877498,0.9494423309125575,0.12699039374069282,0.4610093024248389,0.08713889357772295,0.3959042151843878,0.16421177739192078,1.056019534242233,0.11313394995392355,8.88194285019991,1.6452302847295694,384504.0,0.0
train,github,dir_02,0.5,0.8117224997310301,0.006914018361143976,0.8537771883289125,0.24257474541279772,0.6930356802136997,0.38557853376596235,0.5982572794743971,0.16445239345242463,0.9374317454388914,0.15775359393193839,0.39578137731436086,0.057265458527414395,0.27973727051485775,0.11958333674656339,1.0679559709845559,0.14124334138727385,8.7341563082,1.8637915210266014,326702.0,0.0
train,github,dir_02,0.6,0.8111106794434202,0.005992223784537384,0.8297161803713529,0.2690416215442867,0.6717611142911658,0.3775574367774863,0.503383136074604,0.15906365753349191,0.9285908902363984,0.1996309293251172,0.3682600135808266,0.053145643261842936,0.25340198260942975,0.13281921480104236,1.0773623185745889,0.17648938310036832,8.15238617919963,1.412797494313441,268902.0,0.0
train,github,dir_02,0.7,0.8090076586551147,0.005968646000961665,0.7957718832891246,0.29427273948021493,0.6427017744705209,0.37995004151067946,0.4031761510365278,0.14438778278832598,0.9221256056067885,0.2526506102081765,0.3020264927050095,0.02806082026131698,0.17264554011320846,0.10387621774270667,1.085350603935996,0.22001456298898886,7.400982499999804,1.6114206174879464,211102.0,0.0
train,github,dir_02,0.8,0.8066728270325338,0.005318126282118935,0.7224058355437666,0.3106474864487204,0.5965846212554856,0.3587021863228081,0.2931397503265502,0.11664303268070289,0.9016510924826251,0.32231324853588295,0.23768510090988135,0.05154150743578772,0.05455925732034038,0.033934744916334636,1.1063303363037837,0.2758955632809525,6.860096070900477,1.5491196588291238,153302.0,0.0
train,github,dir_02,0.9,0.8015154510655472,0.00377989141084226,0.4443899204244032,0.2006011440199923,0.49660370158366723,0.32332088932904285,0.16932456204212837,0.07349848672194183,0.8531525756644504,0.40948779834487253,0.26112739516793443,0.03887382087204324,0.004902255772227155,0.003186187851238757,1.1517483760058929,0.3459334661262962,6.287319658199744,1.3593126859293132,95500.0,0.0
train,github,dir_03,0.1,0.8144937985225675,0.0056763494015163625,0.9451989389920424,0.06690100516358048,0.7313298988742607,0.2497273843032456,0.9423796144392563,0.0296599340698289,0.9763875550780325,0.028293910789576018,0.556431646129262,0.06255133155042351,0.5459903753887682,0.08823654855282088,1.0263278900943011,0.025643924517083305,10.343453412599956,1.6337109871384414,557906.0,0.0
train,github,dir_03,0.2,0.8138743536059561,0.006645248896929198,0.9264058355437665,0.115215816209366,0.7103606182026331,0.2818182055614893,0.8775551950244445,0.0670851705335358,0.9568259697545674,0.05064226026096975,0.5101690728083978,0.0756420414770048,0.4638499280096854,0.10530809598237761,1.046800002192472,0.04610265344304114,10.673082654100302,2.1898309844022603,500104.0,0.0
train,github,dir_03,0.3,0.8128317781628583,0.00723986997131464,0.910976127320955,0.14837309863355777,0.6921389047891624,0.2964452003159357,0.8034021688446501,0.09856791918206059,0.9394077831399272,0.07153043600458935,0.49455803992377934,0.07603183780543327,0.44373978375500034,0.1209783288822535,1.0640893747931377,0.06557607534147879,9.940278603999582,1.970256253716232,442304.0,0.0
train,github,dir_03,0.4,0.8117296134624767,0.007291089620703524,0.8942015915119363,0.17923914261996052,0.6699103224575463,0.3081379993997947,0.719083078725358,0.11868033430830682,0.9267837171524513,0.09249737184568911,0.45436773503806976,0.06715090956022492,0.3800244641790362,0.12103000762879135,1.0761392735544717,0.0850958977130285,9.186971541799618,1.7969770008954726,384504.0,0.0
train,github,dir_03,0.5,0.8112990660223864,0.006187680853596171,0.8713368700265252,0.2208099830095944,0.6499713795077275,0.31898715423247764,0.6287364381752873,0.1275165185404389,0.9109800899374706,0.11352300472270796,0.4041948197651273,0.05034655624568374,0.3155593665881379,0.11158082245008617,1.0909241311969333,0.10481583902550293,8.388862620899705,1.3128151766400773,326702.0,0.0
train,github,dir_03,0.6,0.8123681742135223,0.003524957822472128,0.8517745358090185,0.24488308340870937,0.6261782102652165,0.3334475712239769,0.5319922909710372,0.12355231671154578,0.895092614089155,0.13891271756565474,0.3667843128622593,0.05692043647395091,0.2689916818111858,0.13233444514258894,1.1061536365063638,0.1285683919938593,8.050372191700479,1.3282428557089205,268902.0,0.0
train,github,dir_03,0.7,0.8101001988550476,0.0041505927060145375,0.8228275862068966,0.2636427136890886,0.5971951917572982,0.35258668781997066,0.4276693942513951,0.11350919243261917,0.8748725526901115,0.17293322356999258,0.31610384885639936,0.024102017581938858,0.19872121552121066,0.09146227679303595,1.125151473564652,0.15849611350977186,7.32517889600025,1.1866063337614592,211102.0,0.0
train,github,dir_03,0.8,0.8072638762229059,0.004791263422085487,0.7585013262599469,0.26737233351347905,0.5620301469185269,0.3529701672907605,0.31208127105070427,0.0929949416875266,0.8411603151244538,0.21996255102276854,0.23719541401348837,0.048458730583554724,0.06169541561116658,0.037961577296103444,1.1566365916907002,0.19709494776838526,6.7860899502001875,1.2998464617756234,153302.0,0.0
train,github,dir_03,0.9,0.8023032127709591,0.003700501840321315,0.48101326259946947,0.16328396585610086,0.44567830566685745,0.3050305653913166,0.18191259019655898,0.06627315026695303,0.7904436740127998,0.279746089233309,0.2553563819904991,0.030900194313283138,0.00675891741589303,0.004165961556055818,1.2016257135266484,0.2452946897577092,6.264077616900215,1.2654826824996543,95500.0,0.0
train,github,dir_04,0.1,0.8144839677317364,0.006238513917540385,0.9621087533156499,0.06469814996063201,0.8293837053997329,0.2476934751749601,0.9467465253592067,0.033927529004735384,0.9728921762113393,0.03024896948750498,0.5715145694639284,0.06260534406685014,0.5567115168510203,0.08210257152276913,1.0290426213354558,0.027390174496137114,10.798410991699644,1.4677093674945663,557906.0,0.0
train,github,dir_04,0.2,0.8136374364705826,0.007317402551679746,0.9421830238726792,0.11991997299350045,0.8129364625071551,0.28526533779741814,0.8811072505970328,0.07298980540650078,0.9535928588783674,0.0535648124100936,0.5350040527308199,0.078058638478717,0.49591797639898916,0.11288157323363504,1.048890352126019,0.04844173630067408,10.318533516699892,1.6898669182685389,500104.0,0.0
train,github,dir_04,0.3,0.8124511600392227,0.0071853287121476355,0.9278037135278515,0.15328175525849297,0.7976721999618394,0.29318426899677047,0.8062297763784889,0.1056121662114954,0.9357789986269542,0.07498323687635719,0.5177406374317988,0.07967723375356467,0.4876667283297286,0.13440212870863066,1.0663316908631137,0.06841280316182452,9.520852128900401,1.6459756127871925,442304.0,0.0
train,github,dir_04,0.4,0.8110951186364759,0.0076315655322594135,0.9150981432360743,0.18014840280407657,0.7874642243846595,0.29616917916785085,0.7262169291167888,0.12536793081215475,0.9182169730487699,0.09888811080607426,0.4708653787947535,0.07279111034535403,0.41963453899118663,0.1279112268006923,1.083306734127078,0.0904310027883538,9.238512804299887,1.950873120432868,384504.0,0.0
train,github,dir_04,0.5,0.8130808262733172,0.005614708730704576,0.8946259946949603,0.22605851668808752,0.7766265979774852,0.2975262308285169,0.6371371804571423,0.13181458252421854,0.8998258029010738,0.11884832556358355,0.40404711582501573,0.05046708996871516,0.30863264402868146,0.09845952273743518,1.1008026477942852,0.10997818696547784,8.799227658400332,1.7682673057911829,326702.0,0.0
train,github,dir_04,0.6,0.8122992216073021,0.004287065977043491,0.8751458885941645,0.2493288025985099,0.7483113909559245,0.30838311745092467,0.5398089544564618,0.12775267835032234,0.8788806592336164,0.14800516379798484,0.37216927049703946,0.04197506413296948,0.27884105112749424,0.11269002126165235,1.119935301837447,0.13630319424074777,8.385928945800174,2.023084347714825,268902.0,0.0
train,github,dir_04,0.7,0.8101794312034007,0.004544917486846189,0.8447135278514588,0.26798254767375157,0.706449150925396,0.3084031177908539,0.4336957551123236,0.11471171924427226,0.8591547616282549,0.1798629594658538,0.30458324768555695,0.02797992740469376,0.19280095515924076,0.0992745649439608,1.1383653577164508,0.16420687876044165,7.345447737500388,1.3969571449178286,211102.0,0.0
train,github,dir_04,0.8,0.8074414323766229,0.004007306792799562,0.7789893899204243,0.26908881355717595,0.6504102270559053,0.3337722002118608,0.315927150376283,0.09091917781009824,0.824772694204843,0.22579320879167522,0.22727097502464252,0.04538232061408561,0.0571271662827333,0.030069306054356478,1.170375655467399,0.20165799410929153,6.891212616599591,1.5938192683313923,153302.0,0.0
train,github,dir_04,0.9,0.803351194476214,0.004233083806001507,0.4932679045092838,0.16470137733315368,0.5191566494943712,0.29340473654928034,0.17971426511345673,0.05815954600267058,0.761824741135764,0.28792924352689453,0.25146243672115054,0.031572611434961796,0.005624566916178514,0.0034630649420417854,1.2269049259411162,0.25049230420876756,6.447972074999552,1.7062408904718465,95500.0,0.0
train,github,dir_05,0.1,0.8142519553786963,0.006032479055222045,0.948023872679045,0.08108566929468028,0.7797176111429117,0.26689877957094427,0.945744907545369,0.03214867117056863,0.9748419024600109,0.028757643044011228,0.5779287449819531,0.06873938753779077,0.5775990651399457,0.09924707632127414,1.0274531099117206,0.026184517850620967,11.018839008499924,2.1165665020843556,557906.0,0.0
train,github,dir_05,0.2,0.8136832007137016,0.006601997377190416,0.9305384615384614,0.12694957074673033,0.7617248616676207,0.29574522085647803,0.8833388836359395,0.061412006123447646,0.9549803063051296,0.049154130377763734,0.5159200927905001,0.06479151318597696,0.47656380271989474,0.08529577784737155,1.0477203619999258,0.044710479235151986,10.265640529000212,1.6860094551295575,500104.0,0.0
train,github,dir_05,0.3,0.8130893328465838,0.006627108339141521,0.9166021220159152,0.15776572826947388,0.7509635565731732,0.30638713619096525,0.8103908917143607,0.08843269930060117,0.9370434938368775,0.0662958620114842,0.49744650196712437,0.0732827902827652,0.43867278871581233,0.10144770349310181,1.0648653492490836,0.0613499653566992,9.548132683099743,1.6069560228504671,442304.0,0.0
train,github,dir_05,0.4,0.8117256680067986,0.006037441013215107,0.9003289124668434,0.18895270895389452,0.7279908414424728,0.32011556120801604,0.7330629036044799,0.10782745621268608,0.9171240223016994,0.08888844696841434,0.4587484309308164,0.06350572649731984,0.38585962138209107,0.10906312538701492,1.084510596058983,0.0827401999523245,9.230020287500441,1.869024302024946,384504.0,0.0
train,github,dir_05,0.5,0.8131499436431022,0.00458723123866598,0.8792599469496022,0.2276249764998759,0.7144056477771418,0.3308531082973819,0.6432943940015887,0.11971561556580626,0.8978972118243341,0.11171880058467888,0.41244584919559896,0.04950423765417597,0.3142729069661775,0.11112247105158898,1.102796858042085,0.10478452708456056,8.555803945999969,1.689123183934783,326702.0,0.0
train,github,dir_05,0.6,0.8120263646484094,0.004122588788987461,0.8585968169761273,0.25266013278204374,0.7005151688609044,0.34097110810347403,0.5442365334387704,0.11976301032764046,0.8784583158788273,0.1383736302032849,0.37868042658632967,0.042315461470191114,0.2807765755030236,0.12400658722585978,1.1205732105005517,0.12991895398779044,8.002419662400154,1.6459220684225668,268902.0,0.0
train,github,dir_05,0.7,0.8103438248763281,0.0034396734657147856,0.827705570291777,0.27591643948599454,0.6697767601602747,0.33982553191516035,0.43852540870398754,0.1101360374400823,0.8574111875576896,0.17141765795786437,0.30637699416011915,0.03318642299061116,0.18255681153768946,0.0986519419824802,1.139470180067595,0.15933041341318427,7.5399499375997605,1.5659610613946846,211102.0,0.0
train,github,dir_05,0.8,0.808701570833741,0.004053546741306068,0.7591724137931035,0.28184048310640314,0.6124594543026141,0.33109347074269563,0.320677102787986,0.08891051422436094,0.8247093906520051,0.21533403054999808,0.234327137469111,0.05094739192398031,0.05714544805355977,0.03629350102776101,1.1692998320968704,0.19684737206608813,6.833275266699502,1.4314874533914692,153302.0,0.0
train,github,dir_05,0.9,0.8015637839622594,0.0038049005859428875,0.4796498673740053,0.17666180800541098,0.4908796031291738,0.2946808566202017,0.18324015014934147,0.054763260457148986,0.764291139535884,0.26638591175354936,0.25452683462626036,0.035477442795132055,0.005769418429367648,0.0039055663475715346,1.2212285617213288,0.2389542326309985,6.153626212300128,1.2837327734174757,95500.0,0.0
train,github,dir_06,0.1,0.8135975501376247,0.005735699626313334,0.9384986737400531,0.08028895715078356,0.730127838198817,0.30507008678328473,0.9287923476106883,0.05684328739625201,0.9842219319921742,0.042961764964600774,0.542937123952147,0.06241479705432006,0.517486769886371,0.07830856610004852,1.019824896722666,0.037552371220200685,11.167020199699845,2.6410614601981597,557906.0,0.0
train,github,dir_06,0.2,0.8134921288248176,0.005934452455970173,0.9050954907161805,0.14416574572161,0.6887426063728296,0.3753392146712557,0.8526111048363653,0.10442562326254769,0.972193910043855,0.07198276539384936,0.5135460351015977,0.08468391854288267,0.4659662493517948,0.12947581978266504,1.0334176443823668,0.063469775554798,9.725906245799743,1.9001640703929181,500104.0,0.0
train,github,dir_06,0.3,0.8115821385840359,0.007852701274480995,0.8835225464190982,0.17672298144627127,0.6575081091394772,0.3786406183686595,0.7719547002857267,0.1392781928629209,0.95991913705687,0.09760287570602275,0.48053422761978604,0.08412747027028343,0.41349458043123255,0.13402851922126988,1.045928705988877,0.08746112860501364,9.505574875100212,2.0408022340309455,442304.0,0.0
train,github,dir_06,0.4,0.81064570168918,0.007866289203007635,0.8669389920424404,0.201728149592538,0.6449723335241366,0.38185419947448396,0.6879805854229821,0.15860961393932876,0.9504581760075592,0.12802888088864867,0.44189473428431886,0.07348368596120568,0.36900323642028143,0.14072048596176423,1.055983486837941,0.1142982989239211,9.19814706229942,2.1425396774800616,384504.0,0.0
train,github,dir_06,0.5,0.8118795482198673,0.005906561522486636,0.8423342175066313,0.24402961146622643,0.6322839152833428,0.38159183757547455,0.5981502181878825,0.164596501082617,0.9406136148844334,0.15667962837495736,0.3993187707565868,0.060846044513720304,0.29486760909671317,0.13411621117764344,1.0659888726012334,0.1404693444612392,8.048114654200093,1.7077873431676023,326702.0,0.0
train,github,dir_06,0.6,0.8098054134849344,0.005387780285024234,0.8194827586206896,0.2692583018360595,0.6199198626216371,0.3812153011252394,0.5030619522150599,0.16017614835452815,0.932443970477399,0.20042485396456147,0.3723936562460156,0.051549797647630645,0.26168096760623644,0.1438695258411229,1.0752288626639614,0.1775503867765725,7.698629241799931,1.6600268313932858,268902.0,0.0
train,github,dir_06,0.7,0.8083411290129693,0.005283610582259334,0.7830954907161803,0.29748747308235224,0.6037206639954207,0.3795644276109717,0.40233512515246217,0.1459983624909592,0.9263816066173994,0.2551496244855254,0.30407205981356156,0.021854951331294215,0.16736075934776234,0.09947160497522785,1.0830913664590778,0.22222123281825415,7.261186629199744,1.5081639244774785,211102.0,0.0
train,github,dir_06,0.8,0.8067149484807763,0.004430605901283447,0.7014907161803714,0.3104626750335474,0.5490555237550085,0.3554509769921364,0.29229396616308395,0.11786340933607697,0.9094814063853747,0.3180575843781759,0.24267777398767393,0.05092594464938991,0.049433311574600236,0.025361319194733386,1.100719906927509,0.27417745906443447,6.7007815417998575,1.5436991953483254,153302.0,0.0
train,github,dir_06,0.9,0.8030587724989108,0.0038312704361323697,0.42806631299734754,0.20676952294138662,0.4550658271322267,0.3171136384669441,0.1702643222237576,0.07619161396749219,0.863231694950878,0.3892457869596683,0.26545241412601583,0.0396494336434714,0.005597135576358827,0.003708378532647305,1.1407707208875046,0.33356041220392063,6.012010479199939,1.483180796881222,95500.0,0.0
train,github,dir_07,0.1,0.8147338166961493,0.006208433210223303,0.9603209549071619,0.06923622813636733,0.8278191184888379,0.2367246079088129,0.9473056231887836,0.031159593376759054,0.9725949194725004,0.028487575449095946,0.5814140854950572,0.07480364315654386,0.5709827063108447,0.11382705944358144,1.0289249398293756,0.026093237364027445,10.608903945800048,1.9723207401519576,557906.0,0.0
train,github,dir_07,0.2,0.8139883254718994,0.007243804410306341,0.942259946949602,0.11892214068253681,0.8111429116580805,0.27045465830904136,0.8821683469033786,0.0665681030600904,0.9536559449079792,0.05116240057154796,0.5290560061541634,0.06991487822692188,0.4887020812272692,0.10724935585254244,1.0481890101993634,0.04666519340696114,10.071856308399864,2.2596480154997467,500104.0,0.0
train,github,dir_07,0.3,0.8131431867133306,0.0071103706590893295,0.9279549071618037,0.1543915626923125,0.8012593016599885,0.2819909151562891,0.8074597916035579,0.09634277983866722,0.9360890999320457,0.07039679819557954,0.5300294741208453,0.08570732351030344,0.5086534530306339,0.13808633375004234,1.0652935185851362,0.06456487355168312,9.511603462600315,1.8853393573683555,442304.0,0.0
train,github,dir_07,0.4,0.812386032957287,0.00639263239491394,0.9137533156498673,0.18700421194007968,0.7908796031291738,0.2862985706146151,0.7289113048274092,0.11828539096603584,0.9172488939237147,0.09271252349843774,0.46405627668111216,0.06908234257647142,0.39769107922949704,0.11878145291824997,1.0834982663401407,0.08547396341894206,8.892377579000243,1.8514849682977046,384504.0,0.0
train,github,dir_07,0.5,0.812622875412193,0.005075430125107068,0.895129973474801,0.22880930138313174,0.7820454111810723,0.28859821845559985,0.6406939943091313,0.12958284585518284,0.8966418044121369,0.11538508981732082,0.4070748044315005,0.05517341048171509,0.3128398338671793,0.10940845812620578,1.1033141767877797,0.10736592413500712,8.431145037500098,1.4799406105187864,326702.0,0.0
train,github,dir_07,0.6,0.8131445286309423,0.0036537842733275197,0.8776180371352785,0.25049617638759236,0.7605228009921771,0.2847697265447565,0.5443876088097412,0.12498719209067917,0.8731319708517618,0.14044796847106208,0.3711514844769885,0.05005274796798542,0.2740505244824103,0.11810378293122861,1.1244122090485829,0.13083435776159216,7.61649926660003,1.667670839706184,268902.0,0.0
train,github,dir_07,0.7,0.8097687043518238,0.004518553934033582,0.8518620689655172,0.26593711483322496,0.732436557908796,0.28824779270796097,0.4377985815255376,0.11257773766915209,0.8516355188603729,0.170597993889867,0.309871098470377,0.0258636984651207,0.19533487447871617,0.09520902641842759,1.1438560370681214,0.1574388449258222,7.1814927499995465,1.60031622514001,211102.0,0.0
train,github,dir_07,0.8,0.8066433459564589,0.004009346806277691,0.784498673740053,0.264517628952753,0.6587292501431025,0.31787620854455106,0.31971949905860436,0.08936103020674925,0.8179513405326242,0.21436680835675193,0.22414063331488648,0.043779377730357685,0.053912596070812294,0.030860003521094588,1.1757491182829416,0.19318018159986736,6.507457162699458,1.511562520404639,153302.0,0.0
train,github,dir_07,0.9,0.8034774539780031,0.004051979253532394,0.4976790450928382,0.16312135495361163,0.5273802709406602,0.28381654485184704,0.1838194706663711,0.05735200211375846,0.7447059981139256,0.27263058910254256,0.25015578928530247,0.031176586048406743,0.0056699023944870594,0.003601563355533888,1.2404744135312935,0.24047512394861564,6.154216974899424,1.6811914418187779,95500.0,0.0
train,github,dir_08,0.1,0.8148434283365841,0.006155482514907665,0.9620265251989389,0.0689422178330474,0.836138141576035,0.24298639248208806,0.9476969916694873,0.03119824621588569,0.9719436415236509,0.028581703723125764,0.5830362428904998,0.07802591125898271,0.5743552541806161,0.10758273010707103,1.0297953803448265,0.02590628059616199,10.815585662700013,2.4768024076106507,557906.0,0.0
train,github,dir_08,0.2,0.8139262823832187,0.006586991632324099,0.9437877984084881,0.12000288844708823,0.8201106659034535,0.28027309626524793,0.8817829262719258,0.0696396185442999,0.9530661510665359,0.05211396971561842,0.5316293004580167,0.06690300463744395,0.49684267489830447,0.09628820393721906,1.0489495550255836,0.0472522367680593,10.069393599999955,1.9433980046907178,500104.0,0.0
train,github,dir_08,0.3,0.8128841206209723,0.007551018601573873,0.9294588859416445,0.15282994981554807,0.8035871016981492,0.28804610626696403,0.8066473153958962,0.10077890287177169,0.9363216399727902,0.07255717641127428,0.5159955241523464,0.08106341107187434,0.4773335329781311,0.13692913238395696,1.0651687500494955,0.06620944581342002,9.428437612700083,1.659576593537011,442304.0,0.0
train,github,dir_08,0.4,0.8110497619672985,0.007343050750502298,0.9159973474801062,0.18391412943502225,0.7946765884373211,0.2908961836502401,0.7279013600246204,0.12145865308378544,0.9171412593914067,0.09559421143606223,0.4705053747173838,0.071001023888576,0.4190080158790378,0.12704906441277516,1.083606147157443,0.08766858859744629,8.997655866700166,1.8076884607925483,384504.0,0.0
train,github,dir_08,0.5,0.8124545329253896,0.005912823358973204,0.8972281167108754,0.22564757412772105,0.7839534439992368,0.29269282927042645,0.6396352771424858,0.12995209648563902,0.8971812863351929,0.11830506092380717,0.4072381607242203,0.05730692850612424,0.3093060207844262,0.1082860192229425,1.1030076001838949,0.1095222447641463,8.627027983400506,2.180451030350309,326702.0,0.0
train,github,dir_08,0.6,0.8126959079397341,0.0037234160562443054,0.8804031830238728,0.24739165647560352,0.7655027666475863,0.29365103763342454,0.542581841777193,0.12533645463298324,0.8746588623940778,0.14494348758834247,0.3764375295851717,0.056111652413380377,0.27651815420752146,0.1259130550668709,1.1236119994673983,0.13404728189577433,8.19751903340038,1.758428497918685,268902.0,0.0
train,github,dir_08,0.7,0.8104556428881118,0.003765951018314716,0.8525172413793104,0.2637427660988954,0.7248235069643197,0.2951159814485696,0.4362830695364293,0.11265445132695995,0.8519756544840614,0.17711482080504692,0.30440072448367966,0.031586665956051724,0.1964903768793719,0.0975986678846216,1.1440928222792919,0.16186842177257996,7.191087808199745,1.7802181896695337,211102.0,0.0
train,github,dir_08,0.8,0.8070222962205138,0.0037910999778183194,0.7832732095490715,0.2609990756002435,0.6428353367677924,0.3077089868993132,0.3187166916749165,0.08962740937222032,0.8201694989918995,0.22014777460749457,0.22281516485400052,0.04382051120861878,0.053466816830571764,0.026913412916743342,1.1744901462368456,0.1964610852638641,6.633386312600004,1.5027825538511481,153302.0,0.0
train,github,dir_08,0.9,0.8028201444031943,0.004352666766875895,0.5014907161803713,0.16172113134649563,0.5042549131845068,0.27880007699875814,0.18286900435609046,0.05831421779611852,0.7506105226238462,0.282606952475399,0.24904121858377087,0.03103369335612598,0.005536374012116489,0.0035964126251814025,1.2368809055868337,0.2468725110241933,5.897515795699837,1.3403988959287225,95500.0,0.0
train,github,dir_09,0.1,0.8148251551441661,0.006351771352995633,0.9660265251989391,0.06384450975977696,0.8431978630032436,0.24960781966727957,0.9465466776243792,0.03431484968171039,0.9716276415154915,0.029264301152784757,0.5898730987595895,0.08119695597365047,0.586781085237539,0.12027262419816384,1.0298266963900145,0.026622699967672078,11.026042845799953,2.8043665554618444,557906.0,0.0
train,github,dir_09,0.2,0.813870377410254,0.0070708260875022065,0.9450954907161803,0.12195916904032375,0.8282388857088343,0.2821324999400499,0.8804898638447979,0.07134900276576772,0.9525485775159263,0.05229088145813075,0.5320356991100861,0.07013353465899459,0.4960795841605714,0.10926885778249552,1.0492443950889565,0.04750350958406481,10.076556000000261,1.966406641390897,500104.0,0.0
train,github,dir_09,0.3,0.8127675890669612,0.007457430867627635,0.9307506631299735,0.15458973683610192,0.8124403739744324,0.29024207132037405,0.8061203359522737,0.10155998714285229,0.9352044500223599,0.07195641349444712,0.5082025726218282,0.07874883731831722,0.47278979401460736,0.12198597498139452,1.066103769898818,0.06589262324521047,9.14331076259956,1.5344850143279665,442304.0,0.0
train,github,dir_09,0.4,0.8116150003436345,0.007308586018241968,0.9162970822281167,0.187048853416612,0.8023659606945239,0.29280861692500615,0.7276598773450371,0.12259742349678156,0.9159538921706176,0.09438753247829967,0.467028664646572,0.0688569972824375,0.3932529704154474,0.11898269805271774,1.0847148223668115,0.08692094277495478,8.68124245409993,1.7646972365890823,384504.0,0.0
train,github,dir_09,0.5,0.8127199951131863,0.005552585676193288,0.8988381962864722,0.2276048468696303,0.7913947719900782,0.29429051648551746,0.6395591446720752,0.13220748548322314,0.8954122821742494,0.11658549697156094,0.39553801153871,0.05150539894169968,0.2959834864567236,0.10394682247936955,1.1041704553937692,0.10814434880402897,8.480704679099961,1.8916690288752953,326702.0,0.0
train,github,dir_09,0.6,0.8126900255900317,0.004251134150446024,0.8831936339522546,0.2487367263035282,0.7769509635565732,0.2958063290118941,0.5434609338964639,0.1268960943804316,0.8719468511750836,0.14157876800917601,0.3707976892569753,0.048952551570509505,0.27924825243186,0.1165581348652357,1.1254143570267239,0.1311696726613398,7.91942642489999,1.6952954459082867,268902.0,0.0
train,github,dir_09,0.7,0.8102799095639386,0.004183335180756348,0.8584509283819628,0.2630558930924086,0.7439610761305094,0.29102799321089473,0.4372549481040129,0.11347424352066013,0.8482909473376365,0.17185665266923258,0.3102711209099067,0.029530757971819324,0.1996180919533987,0.09301715340001436,1.146337404282512,0.1578145852714049,7.506123358300283,1.823249398934928,211102.0,0.0
train,github,dir_09,0.8,0.8071412989332698,0.0037477002919215885,0.7960583554376658,0.2631192705413847,0.6829612669337912,0.311516849209964,0.3182991526575091,0.08903027095152527,0.8103922505440995,0.21610933492781081,0.22256701476556415,0.043652172941945955,0.05192497067075254,0.026661405237865886,1.1818718277901459,0.193774811990025,6.818613516699713,1.4566092261016912,153302.0,0.0
train,github,dir_09,0.9,0.8034677941804451,0.0042979043672303095,0.5022201591511937,0.1612489366079483,0.5207403167334478,0.2822931498725633,0.18208269868513235,0.05564616337364544,0.7404181110243261,0.27699895649208545,0.24779457329161958,0.031051834659487604,0.005352654095025349,0.003249925158143245,1.2471454807396105,0.24361511764715996,6.141878620899968,1.4735582378062573,95500.0,0.0
train,github,dir_10,0.1,0.8135285995374997,0.006785440525130428,0.932814323607427,0.08502844709220718,0.6983018507918336,0.32851922003092654,0.9293074313558092,0.05812411850133151,0.9831919057413346,0.042478660825737855,0.5433196280769935,0.07339889794325151,0.525914908310124,0.10039014040818962,1.0204165506942133,0.037665260737503495,10.122238200000634,1.7309453266488917,557906.0,0.0
train,github,dir_10,0.2,0.8128834529981642,0.006769354190796045,0.8940397877984084,0.15796645637237772,0.6695668765502767,0.3635429383257721,0.8536948029698642,0.10364582230432115,0.9707285890943087,0.07129020338389194,0.5044189264962223,0.09140624458690357,0.44872414271793265,0.13432709142161933,1.0347099400168553,0.0631322725747496,10.098165520799421,2.394709654828369,500104.0,0.0
train,github,dir_10,0.3,0.8116958146407451,0.007793908452116749,0.869790450928382,0.19909789172281211,0.6557717992749476,0.36910198218698287,0.7715621422351727,0.14077319370634375,0.9584492512797398,0.09806127062209678,0.48556710339389025,0.0876927429294683,0.4200240888170619,0.15557387779467236,1.0471896390694124,0.08795243236216702,9.389721304100055,1.84524820110941,442304.0,0.0
train,github,dir_10,0.4,0.8112709362121681,0.007165786376768862,0.8457877984084881,0.23534647739780545,0.6319595497042549,0.3753848683499575,0.686678006437053,0.16158251270134452,0.9493488490332306,0.12605096924658635,0.4364569620112645,0.06426579926764255,0.34699681803132915,0.1341006986062252,1.0566674946443142,0.11318966664279592,9.422277058299851,2.3880015179494634,384504.0,0.0
train,github,dir_10,0.5,0.8114211835289108,0.006219324614534227,0.8153527851458886,0.2827746135444224,0.6199771036061821,0.37941230376942153,0.5967512840440901,0.16647772866248892,0.9378996075544018,0.14904294821153843,0.40152140382345003,0.053718493087030764,0.2955851855034232,0.14509018835430923,1.0680533111460206,0.13434973477874235,8.648094241599967,2.046964333045101,326702.0,0.0
train,github,dir_10,0.6,0.8111610558864075,0.004737740217782573,0.7854164456233421,0.32028436622927303,0.6076702919290212,0.38138509123688313,0.504967643115022,0.1570151963479118,0.9165259743871126,0.1670077226031172,0.36865428063039785,0.0470576712129139,0.2415603799567144,0.14024330615751696,1.087938022989012,0.15176393231248186,7.922158370698867,1.6549467524977524,268902.0,0.0
train,github,dir_10,0.7,0.808928487245242,0.0049249090385212226,0.7541246684350132,0.3411192591363441,0.5929021179164281,0.38269642541204213,0.40627617006605404,0.13960975142197402,0.8939144250812309,0.1975570736586921,0.3146081974207735,0.019849715343417968,0.16701986683824135,0.10228655205663803,1.1090973855908257,0.17853898993154965,7.676490091700271,2.046308615716555,211102.0,0.0
train,github,dir_10,0.8,0.8072413637483825,0.004759624839911709,0.6899336870026526,0.3372774500036998,0.5468803663423011,0.3636856348278493,0.2957603727064605,0.11081952729646455,0.8591416865272847,0.23660111729539093,0.24495566058845403,0.05811824477899164,0.05280132439750792,0.030192751798630575,1.141439244132116,0.2122444767451373,7.219619825000609,1.9905944938068965,153302.0,0.0
train,github,dir_10,0.9,0.8031184806522405,0.004226351672247683,0.43211936339522544,0.20567007473423712,0.44022133180690715,0.3227020455695309,0.17112676036512614,0.07266557862005307,0.8088266687147758,0.2951171881233478,0.2654788279900012,0.04361298867289812,0.006070628710123113,0.0035860486437000183,1.1876001168928603,0.25854932737836234,6.355502704099649,1.5956486142603246,95500.0,0.0
train,github,dir_11,0.1,0.8146622495493825,0.006216207572302562,0.9569496021220159,0.07175056779391067,0.8172295363480252,0.23930674499626628,0.9467084591240015,0.03172507209204235,0.9740693209912085,0.02898352476088876,0.5631413004642025,0.06771651400889112,0.5543074999144154,0.09441943778766532,1.0278709568268916,0.0265027484106278,10.986383750099652,2.193228318761111,557906.0,0.0
train,github,dir_11,0.2,0.8141751474574939,0.006927031735742704,0.9389814323607426,0.11971570314511412,0.7985689753863767,0.27204680875716364,0.8825525779649815,0.0644720368367489,0.9544646969209449,0.05083701803986984,0.5169741985586989,0.07574947477788486,0.47702744929003604,0.1053455892195382,1.0478356340622867,0.04620255999664517,10.180702024800325,2.214555020696129,500104.0,0.0
train,github,dir_11,0.3,0.8129323599096235,0.007114073156044716,0.9237029177718833,0.15599826042859824,0.7857469948483115,0.2839383841041897,0.8080450599698382,0.09255976479258986,0.936792971437427,0.06887918919996314,0.4955215019835334,0.085315711754837,0.44614244172543654,0.14292410888555296,1.0648165434379822,0.0634120081692625,9.642998591500497,2.3063846621717095,442304.0,0.0
train,github,dir_11,0.4,0.8120387192867795,0.006790501539406865,0.9088196286472149,0.18595849701199835,0.769929402785728,0.2910207425260563,0.7289910060073701,0.11414044760527661,0.918522548693755,0.09130765695835,0.4711367642588655,0.0746571118797271,0.41441464514333265,0.13791180804358263,1.0826008255368247,0.08421781437714108,8.928682691599727,1.9577028004925034,384504.0,0.0
train,github,dir_11,0.5,0.812770890083598,0.0049379194667304215,0.8846976127320956,0.22745754235899146,0.729059339820645,0.3223892337169337,0.6397768359546552,0.12700381616557416,0.8988833787354997,0.11565352658239851,0.4166638811018336,0.05661309368095908,0.3315060824992854,0.12026281198570349,1.1016610975193455,0.10774560043251051,8.586783787600211,2.0303793436284425,326702.0,0.0
train,github,dir_11,0.6,0.8128546557825572,0.003934266650389597,0.8649177718832892,0.25291691682552697,0.7116580805189849,0.3368870614737401,0.5427150736004113,0.12374926273540131,0.8783817943649451,0.14259817885453277,0.37080199756320553,0.04980237006881101,0.28007838650849476,0.12930272888464062,1.120348750248865,0.132991190417466,7.970449154299979,1.97982050656639,268902.0,0.0
train,github,dir_11,0.7,0.8105995276577991,0.004130521738941188,0.8358302387267905,0.27155326855434087,0.6801755390192711,0.3358549431362876,0.43714550767779786,0.1133153609238884,0.8575616313307195,0.1745130205367564,0.3145797950129666,0.025043620263127606,0.2041779032749987,0.09978747006620795,1.1388811904346992,0.16107707284097797,7.60642558340046,1.8576258609088048,211102.0,0.0
train,github,dir_11,0.8,0.8077072341332816,0.004414010949517965,0.7686498673740052,0.27091546111626497,0.6325128792215227,0.3317433913390808,0.31880353027397845,0.0910483377318083,0.8255510507245901,0.21826560396223332,0.23095820177729953,0.049285237106277635,0.05685424753990229,0.03284594511648215,1.1685128433309393,0.19710206473440617,6.946791999899949,1.7195978265045084,153302.0,0.0
train,github,dir_11,0.9,0.8029917497953539,0.004586775249372204,0.4874190981432361,0.1675609864441747,0.5016409082236215,0.28872313894018864,0.18432384828284046,0.05830656203818688,0.7588048607715041,0.2753940004148707,0.25319913280429784,0.03292855932873276,0.005808482239055711,0.0038808788393073406,1.2261260663894276,0.24360147742984745,6.024595666700111,1.4892075331375845,95500.0,0.0
train,github,dir_12,0.1,0.8145605385600435,0.006412729672804306,0.9642519893899204,0.06384139858972475,0.8316542644533487,0.25063887999280604,0.9460756079637145,0.033837160733909424,0.9731774507362182,0.029840315853725614,0.5920634781966179,0.0759444848094453,0.5966393392466534,0.11827081202581187,1.0285314148268303,0.026951017122554283,10.59854372910031,2.2829854096551694,557906.0,0.0
train,github,dir_12,0.2,0.8138515891095001,0.0071294737065598236,0.9434376657824934,0.12127046481615357,0.8167143674871207,0.28425680843198736,0.8802269689079119,0.07136632029359982,0.9545655072922479,0.05268707163520145,0.5316880723773444,0.0746294165325656,0.49785664126574947,0.11400519419501119,1.0477209227877036,0.04754397364032212,10.122899516699727,2.273180487732572,500104.0,0.0
train,github,dir_12,0.3,0.8124203450886285,0.007501976418629389,0.9288859416445623,0.15364253169164174,0.8007059721427208,0.29201819112075206,0.8051877131897456,0.10343009110633929,0.9365728617656632,0.07296849071097049,0.5187792046497077,0.07822588587263733,0.4855866305761965,0.13495616493440646,1.0651922389875232,0.0665992151339675,9.39781388760024,2.0189230973726726,442304.0,0.0
train,github,dir_12,0.4,0.8113749752560844,0.007383120671130918,0.9142705570291778,0.1853947111821194,0.7879030719328373,0.29516080480116974,0.7268366950087239,0.12376633304013453,0.9167145919909178,0.09560011992194468,0.46857248090575554,0.07276580069008247,0.4034694558184483,0.12334609623193787,1.084304803285431,0.08788317426526175,8.726910579199842,1.7517211145681477,384504.0,0.0
train,github,dir_12,0.5,0.8127178953586437,0.005514470617973143,0.8937771883289125,0.22431794172523725,0.7551993894294982,0.3100345298037238,0.6383041484801527,0.13222774422709305,0.8978859711892845,0.11794658335176263,0.3994476715388199,0.05661426872794109,0.30326549726920543,0.11146303533585947,1.1025130848395077,0.10894008224217717,8.574226495999744,2.8782970326239212,326702.0,0.0
train,github,dir_12,0.6,0.8131884455781451,0.003672274355677144,0.8756047745358091,0.24693719965766064,0.7347452776187751,0.3229114389865428,0.5420072795395641,0.126920415212806,0.8755053508239847,0.14297318610250628,0.3668610334096308,0.05214168270813483,0.27369634464662645,0.12297825449325396,1.1228021980635965,0.13205793524756704,7.942052562599963,1.8861112586606026,268902.0,0.0
train,github,dir_12,0.7,0.8101221003540786,0.0049669136623489265,0.849946949602122,0.26279740952428216,0.7054188132035871,0.324796601038061,0.435902407184377,0.11357862537040406,0.8538980912352707,0.1726270772631068,0.3091085654292417,0.028234381642958717,0.20910584900017123,0.1004867812101956,1.1418645790715334,0.15802433165307386,7.547503554200466,1.7588252545565275,211102.0,0.0
train,github,dir_12,0.8,0.807679638115126,0.003719344317618687,0.7906763925729443,0.26451249061304116,0.6643579469566877,0.3366363959804537,0.3175152261262513,0.08948176693908313,0.8135160179522707,0.219710553449482,0.22621981151836318,0.045692741316130464,0.0565800734877986,0.031203445928756224,1.1794458485034047,0.19616117864411164,7.2341579957995465,2.1889105696674,153302.0,0.0
train,github,dir_12,0.9,0.8028621932223983,0.00445750821591975,0.5001671087533157,0.16151330591413687,0.5232016790688799,0.2991109133279483,0.18091097238272127,0.05603855435332203,0.7444050988296288,0.28221470669397336,0.24915115003580804,0.030575210553011257,0.005472609005170258,0.0032678424461851196,1.2435085005623225,0.24674596180086836,6.445781641700353,1.8707806318892322,95500.0,0.0
train,github,dir_13,0.1,0.8145346541534894,0.005751483318279396,0.9578567639257294,0.07364993082793814,0.8250143102461361,0.24025421537999073,0.9454058801380724,0.0355439079542702,0.9711222565916984,0.03082223945041349,0.5525924525755783,0.06804384783133005,0.5283570905051168,0.08971409132345556,1.0309148744097485,0.028059475865070637,10.057794671100009,1.7122343358560264,557906.0,0.0
train,github,dir_13,0.2,0.813403851132452,0.007520317261504571,0.9391724137931033,0.12373379974337138,0.8049799656554093,0.2752395440345721,0.8817674618638736,0.07123445477472734,0.9511175972877025,0.05389520479093508,0.533101172172577,0.07148886963766724,0.49204011834382283,0.09192910674660727,1.05160575341183,0.049146359497913336,9.677998229099956,1.7886830204188222,500104.0,0.0
train,github,dir_13,0.3,0.8132910793353563,0.006901857769259528,0.9244615384615384,0.157261472187252,0.7885136424346498,0.29269895366690984,0.809547486690595,0.10076809756352238,0.9311068775232579,0.07460864938281064,0.5113317949790888,0.07671439504961391,0.46350425259201594,0.12388038787704131,1.071324628861781,0.06857876383688642,10.016122162700219,1.9081158597030663,442304.0,0.0
train,github,dir_13,0.4,0.8116500422879716,0.00701950636675685,0.9104748010610079,0.18756923215579466,0.7751383323793168,0.30339722110610345,0.7281380844248029,0.12290844733461742,0.9140314699264582,0.09769044791862257,0.47407331065916536,0.07816031796631522,0.430936682694409,0.14506137900942584,1.0874918150541804,0.0903849211959016,8.843765358399741,1.5005057271239848,384504.0,0.0
train,github,dir_13,0.5,0.8136475859458704,0.004622524446648499,0.8897745358090186,0.23187779281296714,0.7633848502194238,0.30958231424464483,0.6382684613846478,0.13193132221362058,0.8961077062177877,0.11946337910783797,0.4177970166366964,0.056776836425561826,0.32293722375856465,0.11924661430137334,1.1043243690236078,0.11078721587162335,8.157140620899748,1.521674650275627,326702.0,0.0
train,github,dir_13,0.6,0.812897058083989,0.0038575901511204,0.8678461538461539,0.2538507646248237,0.7176111429116581,0.3107130664531688,0.5408093827004493,0.12811628078136147,0.8775729192484111,0.14574182820068057,0.3642590040248193,0.05691141943062888,0.26605809909888434,0.13527794280872352,1.1215170542415267,0.13558291011304024,7.721518925099713,1.5429105528889542,268902.0,0.0
train,github,dir_13,0.7,0.809257331709804,0.004083462471862218,0.8370265251989389,0.2738230437948871,0.6836099980919672,0.32249681849465817,0.4341097254201805,0.11539981385277491,0.8550511635947486,0.1807335620445261,0.30734802868179517,0.02716322058666055,0.1883203432698604,0.09527181538941128,1.142330940803662,0.16648291808264398,7.114484112599428,1.3166287587654535,211102.0,0.0
train,github,dir_13,0.8,0.8068519008951561,0.0031459246415207814,0.7638992042440318,0.2739347115843008,0.6068498378172105,0.30633581942550653,0.31459007386469917,0.09086317897229827,0.8256994473053474,0.2245662479344573,0.22967602641057677,0.044651339303024264,0.05421494568492796,0.027926299633350738,1.1698003162689439,0.20221140042763625,6.24954290000004,1.0877360805467002,153302.0,0.0
train,github,dir_13,0.9,0.8024674324777965,0.004885099435276504,0.481604774535809,0.1711895880649783,0.4781339439038351,0.2885538027706642,0.17638346953299883,0.05645688183609846,0.771553499881651,0.28333504699073925,0.2523598519365119,0.03342402260690076,0.005584501281369503,0.003479861410409291,1.219922329144081,0.24986795090065178,5.961611375100437,1.2873622977448849,95500.0,0.0
train,github,dir_14,0.1,0.8146051056991015,0.00613237634286988,0.9511830238726791,0.06965631852999467,0.7645487502385041,0.2779490201790495,0.9427222105561036,0.03743166437699377,0.9741348894269868,0.031131711644709206,0.5640125480120808,0.05802948899817857,0.555467072347862,0.07683875140051225,1.0285829023843789,0.028230322972243982,11.046326045799265,2.3711450963670613,557906.0,0.0
train,github,dir_14,0.2,0.8138181659864994,0.006418999391447747,0.9286870026525198,0.12385699659837597,0.7362144628887617,0.3157322458608649,0.8774921478223858,0.07576380643120353,0.9560459342624705,0.0556462349490431,0.5226159187350004,0.07095595141067512,0.4804524983815144,0.10116051106728348,1.0475688189785992,0.05031439195365181,10.305407512499551,1.944256709655311,500104.0,0.0
train,github,dir_14,0.3,0.8128940100958966,0.007437705928486981,0.9119655172413793,0.15742581817821816,0.7225911085670674,0.32938927893740816,0.80434787687553,0.10783781225530456,0.93878360665166,0.0790121706276141,0.5091181594994575,0.0814514579941011,0.4585311429782758,0.12994451528637377,1.0650460675775608,0.07195230149771226,9.595941587699894,2.102905650873743,442304.0,0.0
train,github,dir_14,0.4,0.8116251354597803,0.006913013743206997,0.890289124668435,0.19204381357048828,0.7070406410990269,0.3349458630702385,0.7227731244005653,0.1290819100531171,0.9231668494998942,0.10509497261425316,0.45632235055117193,0.060914450795361126,0.3882293723390018,0.12161282721189787,1.0804059468427312,0.09569236094813939,8.585423100000458,1.4684132069871612,384504.0,0.0
train,github,dir_14,0.5,0.8125331008911827,0.005837028166080754,0.8589840848806366,0.24809463992054429,0.6903644342682693,0.3394693931992903,0.6340704693834207,0.13644059437034153,0.906748719644861,0.1251732453505787,0.4010619640065737,0.04018811025473839,0.29156199909687686,0.11121432618368693,1.096271568451322,0.11481496129933237,8.412569024999778,1.6808087497443251,326702.0,0.0
train,github,dir_14,0.6,0.8120353042145634,0.004620349750936227,0.8312679045092839,0.2828527290642751,0.6520511352795267,0.345894000616607,0.5372323461610076,0.13433802942322395,0.8916692031022588,0.15501883482801132,0.386277071923836,0.037398682500733464,0.2804615670063959,0.1301933262773837,1.1114295249648918,0.14171209798889223,7.840622841600134,1.6665667171057528,268902.0,0.0
train,github,dir_14,0.7,0.8090960193571238,0.00458187251375453,0.8005835543766577,0.30702876230350923,0.6207212364052662,0.3562941888230927,0.4314998091689217,0.12312531074920187,0.8771763570321148,0.188616684236282,0.3192072122112989,0.02186931226323028,0.19709763829257781,0.09500928945857097,1.1255241759428825,0.1715403980508962,7.13078554990002,1.498986949985108,211102.0,0.0
train,github,dir_14,0.8,0.8061831246018671,0.00398964369441865,0.7319628647214854,0.30268188578292804,0.5783438275138332,0.35826595518210674,0.31407142141002786,0.10072019296394005,0.8570910608614305,0.23451258953321505,0.24164159782754752,0.0531174258422502,0.06129736408409213,0.03284356700884256,1.1442401526759078,0.21079380284201965,6.778523995599801,1.6140079850881175,153302.0,0.0
train,github,dir_14,0.9,0.8019159414767149,0.005470810060086309,0.4602758620689655,0.18887664801496176,0.4643197863003244,0.3068943612850223,0.17632874931989131,0.06561553483767169,0.8256710291368339,0.2987529487999726,0.26298522225720805,0.0383754584396529,0.00869216238091841,0.006619930818783193,1.1689307134238462,0.2651604244922856,6.528050933400209,1.8040666691769804,95500.0,0.0
train,github,dir_15,0.1,0.8144299488002125,0.006012182006044151,0.9628647214854112,0.06774771561383189,0.8360999809196719,0.24732685224984116,0.9448467823084956,0.03356089408011382,0.9697841442645894,0.029349109631243195,0.5682770807035896,0.05452668405521208,0.5527131297429374,0.07936444389503211,1.0318195172799027,0.0265544252162023,10.598054558500133,2.1505896920436838,557906.0,0.0
train,github,dir_15,0.2,0.8133209232025121,0.006316306298569513,0.9432944297082229,0.12170099533529795,0.8193474527761877,0.2812126780948538,0.8812797382253065,0.06830506268861855,0.9504585245720112,0.05219815953508018,0.5283234886313355,0.06272807402496482,0.4873076423203485,0.10049141669153067,1.0517445664467622,0.04728175694041261,9.95438311230032,1.7969984021872432,500104.0,0.0
train,github,dir_15,0.3,0.8138417294366572,0.006905461699152957,0.9288594164456233,0.15414031655443114,0.8,0.28932603626917575,0.8091013979967835,0.09686013790032769,0.9320936745682387,0.07279638962898093,0.5126856173825239,0.08031136431992837,0.47187942710926556,0.1333047761630957,1.0697597346082475,0.06637182511223624,8.696463275100474,1.3835560401660985,442304.0,0.0
train,github,dir_15,0.4,0.8107296135442545,0.0072275329994157,0.9136976127320955,0.1859199161739784,0.7868536538828468,0.2940161074198264,0.7267046527553559,0.11916683883172703,0.9142013814484876,0.09566907258040146,0.4734505531398693,0.07342309926124074,0.41982461791310444,0.13170553388449194,1.0869200944227364,0.08800627922606119,9.010978133300046,2.3233995290038605,384504.0,0.0
train,github,dir_15,0.5,0.8126289498548334,0.005792059665020307,0.8936737400530503,0.22738283698160944,0.7726006487311581,0.30032227516736987,0.6359916246914348,0.1293499006908499,0.8950576312428433,0.11734840818030554,0.3984147243990934,0.05120661658747257,0.30363767532729136,0.10707948503090517,1.1049112766502556,0.10864884062983936,8.422809237400497,1.787246362232179,326702.0,0.0
train,github,dir_15,0.6,0.8121659474694642,0.004181694650250375,0.8752785145888595,0.24923746223364596,0.7449341728677734,0.31255857747124494,0.538181622901438,0.12435708531282463,0.8764614282128772,0.14187963123814631,0.3610398283931225,0.05197868745184025,0.25577979939979223,0.11456987153568371,1.121842443848613,0.1314814254837878,8.331017012499796,2.367556359147273,268902.0,0.0
train,github,dir_15,0.7,0.8100041111802646,0.0035383015683593307,0.8500716180371353,0.2648991213294395,0.7223812249570692,0.3191772597734653,0.4317662728153583,0.11239700751832542,0.852869344783513,0.17447525744115086,0.3138417781272025,0.027648070313381387,0.20797406125273307,0.09497970758141883,1.142483847605724,0.1600586311980368,7.479192899800137,2.1004765606290734,211102.0,0.0
train,github,dir_15,0.8,0.8077474736377932,0.00327502023048924,0.7850371352785146,0.26494476474189615,0.6493989696622782,0.30761004576956086,0.3135527689553566,0.08917575138546621,0.8162282028764192,0.21685033355857952,0.22630649790654028,0.04639810232021171,0.052290758648348604,0.028029298805675694,1.1769106675608263,0.19440150313677965,7.227631408200091,1.8988773281168143,153302.0,0.0
train,github,dir_15,0.9,0.8029488554539504,0.00493139989116287,0.5001909814323607,0.16158282710473404,0.47954588818927685,0.2980403594419698,0.17968214672750232,0.05776625330449371,0.7509507552511968,0.27987708999290534,0.2476488282746394,0.03147376236093943,0.005455687119851621,0.003737271353886485,1.2386790834076726,0.24662506714404253,6.29192891250018,1.8183626408385403,95500.0,0.0
train,github,dir_16,0.1,0.814793184899553,0.0062111510422198975,0.9607533156498673,0.06958944142034097,0.8298988742606372,0.23235601441578305,0.9476244279086273,0.031079887248494063,0.9720051906994861,0.027762132727358037,0.5782580104798843,0.06356109933255429,0.5725991842184681,0.10053908966069755,1.0295634878176034,0.025467464607707196,10.400628562600582,1.4726903950062273,557906.0,0.0
train,github,dir_16,0.2,0.8145278439731202,0.006598261689288069,0.9427055702917772,0.11863612807199721,0.8108185460789926,0.26753644620811334,0.8842453358617641,0.06468486492538152,0.9525146985892861,0.05044427684581325,0.5220889457330886,0.07779211265034544,0.4773160375666759,0.10456438928460043,1.0495903089170848,0.04600659692175027,11.31828047490012,4.912014732615944,500104.0,0.0
train,github,dir_16,0.3,0.8130348983910206,0.007107429030747345,0.9281485411140583,0.1555304515405917,0.8013547033008968,0.279440110973146,0.8116446983364332,0.09313832291510762,0.9334914577066119,0.06924781857823603,0.5176538181119644,0.07372139733433836,0.4857650451834128,0.11671523584462387,1.0681525623451917,0.06361587222553082,9.18435384579991,1.732866315484264,442304.0,0.0
train,github,dir_16,0.4,0.8118756688561373,0.00684285084943834,0.9146312997347479,0.18534794797991444,0.7890288112955542,0.2843079458951184,0.7322254464299649,0.11569698508034931,0.9143953680459418,0.09215801232866497,0.45876648874074455,0.06707266855187746,0.38956150982696586,0.11595110232144286,1.0865344043697962,0.0852579027060868,8.500468904000012,1.8360867924529183,384504.0,0.0
train,github,dir_16,0.5,0.8128608347467414,0.004980205335136729,0.8955968169761274,0.22768958635049388,0.7781148635756535,0.2871346238920797,0.6423950791948652,0.1274710146842956,0.895210217069027,0.11452481415936622,0.4012657281289025,0.05209785801869405,0.3051908604121545,0.1071494203142805,1.104606993772713,0.106820311064162,8.0851469708997,1.5531229318955124,326702.0,0.0
train,github,dir_16,0.6,0.812050204170751,0.0038800744259423416,0.8784509283819629,0.24890622434847293,0.7585766075176493,0.28827942227634074,0.5449562231981194,0.12321733110265738,0.8740340729955074,0.13983900838625257,0.3620575606130786,0.051079743061129244,0.2529737777348434,0.11249828975337516,1.123897988654791,0.13030152634414438,7.8250249208997955,1.9847493642594096,268902.0,0.0
train,github,dir_16,0.7,0.8098870909206592,0.0043174243333941155,0.8536472148541113,0.2634838550103288,0.7295935890097309,0.2899658872842887,0.4390797482541638,0.11155059111259381,0.8502087022683285,0.17082979553177657,0.3076610606515831,0.033824490638387036,0.19883344122014474,0.1015176520978934,1.1448570840607284,0.15754494502929237,7.554007562399784,1.713531547831666,211102.0,0.0
train,github,dir_16,0.8,0.8076565721837005,0.004111403224398436,0.789315649867374,0.2635815431789592,0.6547414615531387,0.31857060069272924,0.3203606772078425,0.08782107443571345,0.8124648858963972,0.21586231112757773,0.2230708831372425,0.04586350987256424,0.053828988166411115,0.028661728666213433,1.1802778267172727,0.1935658318649531,6.513502062400084,1.4648186675597794,153302.0,0.0
train,github,dir_16,0.9,0.8034204416359184,0.004953593617938315,0.5032015915119363,0.16151304550926243,0.512459454302614,0.2836231692828569,0.18371716765925705,0.055184447790928876,0.7420313719489753,0.2761458052983107,0.2487809369854339,0.030682522117905883,0.005607363484099936,0.0035594653557119264,1.2452952190458686,0.24424379712843156,5.924467550100326,1.2904940853066096,95500.0,0.0
train,github,dir_17,0.1,0.8151101209945317,0.006191256042865955,0.960551724137931,0.06958380243660185,0.8288303758824652,0.23782452654442054,0.9492684134415533,0.031171610586040326,0.9703932508145161,0.028846573808676678,0.5697786436271421,0.052119716648282556,0.5516061880796188,0.06088016167157502,1.0319719881708163,0.026478285475197687,10.613986574999762,1.5718991132680364,557906.0,0.0
train,github,dir_17,0.2,0.8142202820526301,0.006284200699284343,0.9421671087533156,0.11873858282625625,0.8086052280099217,0.2720604642227089,0.8860653777325144,0.067844035703601,0.9494355555301477,0.05265100844391413,0.5276763551972578,0.07021693026872075,0.4862187390453925,0.10126245005296848,1.0532587861322011,0.048077336135556176,9.59700484160037,1.4372804184225945,500104.0,0.0
train,github,dir_17,0.3,0.8130106090069809,0.007810012627913318,0.9282758620689655,0.15329973494179422,0.7974813966800228,0.2843862759425522,0.8117838780089024,0.09789132735755021,0.9311825054380536,0.07287733624389124,0.5211363967274574,0.07634319316485737,0.482276770889767,0.12122687219597751,1.0709457338550172,0.06679552399079769,10.031276633500102,1.9924032715413669,442304.0,0.0
train,github,dir_17,0.4,0.8119129420262905,0.006719841476987916,0.9143501326259947,0.18365937372343905,0.7851364243464987,0.2876313391226169,0.7298593919979895,0.11939268172418212,0.9154537826417766,0.09447079988928307,0.46713140193528196,0.07676716218835633,0.4134027429591587,0.13368241582454038,1.0858973716104452,0.08712269140063562,8.786250279400292,1.4171091993899767,384504.0,0.0
train,github,dir_17,0.5,0.8122613175820288,0.005729296808600202,0.8961007957559681,0.22502909909413907,0.7741652356420531,0.29040697147153044,0.639346211668896,0.12888250476521115,0.8976877290130773,0.11625152651960467,0.4049477674924594,0.05907962265099251,0.31866443656118637,0.11737599325266188,1.1023497242818217,0.10767554171845756,7.927731495800299,1.3465202928184756,326702.0,0.0
train,github,dir_17,0.6,0.8130149467565871,0.0040374155879027845,0.8790663129973474,0.24867307839188915,0.7580423583285633,0.29465913138843264,0.5413399308536222,0.12369390277855252,0.8792164558819268,0.13968842492588585,0.3701423910356271,0.0556064455974445,0.271246888397438,0.12462332212273786,1.1193329625136064,0.12968570602141344,7.646305199900008,1.424039864676562,268902.0,0.0
train,github,dir_17,0.7,0.810354920359479,0.003952328639772747,0.8510901856763926,0.2633234841152837,0.7123258920053426,0.2963079891072824,0.433706461240975,0.11048744953789008,0.8545873131729411,0.17336638025966855,0.30992210182000635,0.0258056124067709,0.20139871216314456,0.0909602392755866,1.14146200583792,0.15879042084755432,7.31640807489971,1.5038674565105539,211102.0,0.0
train,github,dir_17,0.8,0.8079102906262268,0.004261178455940251,0.7882679045092839,0.26291566195771454,0.6532341156267888,0.3151911747881766,0.3149291012719958,0.0871152948456736,0.8155660432016768,0.21980375129708576,0.22670172072268188,0.04505768169381782,0.058368426828917366,0.03363685105155867,1.1777965604729919,0.19643026601792177,6.594283187299811,1.5228792263262456,153302.0,0.0
train,github,dir_17,0.9,0.8032423208882673,0.004547884936577571,0.5012042440318303,0.16087468025425844,0.4954016409082237,0.2851617331447024,0.17836053462397064,0.05652626204268338,0.7469647639946315,0.28119769223304486,0.2481938092368788,0.03119851790719494,0.005326975237733023,0.0032757527239205848,1.241647529646855,0.24672624756679726,6.1995550872999505,1.2635565448560608,95500.0,0.0
train,github,dir_18,0.1,0.8112048733516966,0.0056068036488971,0.8830106100795756,0.07110141821498359,0.5002480442663614,0.22563202825027648,0.8780369708137608,0.0783226544782593,1.0171197279054125,0.043727666819847646,0.4949771953102079,0.05143442414479595,0.4919470788988116,0.06364424627093408,0.9928056316273152,0.03835343808647987,10.398297787800356,1.8815140369953405,557906.0,0.0
train,github,dir_18,0.2,0.8103896799574422,0.00621883215547834,0.8316790450928382,0.12939470918488333,0.4190230871970998,0.28223434509247347,0.7830450599988014,0.12012680513400271,1.0188719124919738,0.07520792930456738,0.4565259263752912,0.08426081124234684,0.3981207016367178,0.11053333451533663,0.9941586391918866,0.06663493368443237,9.90480912070036,2.1371668843150418,500104.0,0.0
train,github,dir_18,0.3,0.8085590656632256,0.00666356974339386,0.7892572944297083,0.17899350077000384,0.37784773898111046,0.3122742992619047,0.6882577551980702,0.15117953659661829,1.0230741351187862,0.10331458945352595,0.4377697468555784,0.08662415417720895,0.3629837068491348,0.15038476600646392,0.9914869042800589,0.09194697723578571,9.258850079199828,1.987884233962373,442304.0,0.0
train,github,dir_18,0.4,0.8073395118814476,0.00780204065295568,0.7516551724137931,0.2170496573270171,0.36435794695668766,0.31385359622076936,0.5934074031952804,0.166346715847822,1.0339603674372222,0.1324708700210385,0.3970056871410476,0.06779689429480068,0.28580845901037905,0.13674222390662108,0.983167433840267,0.11734007607179484,8.424903112500193,1.3951951222013779,384504.0,0.0
train,github,dir_18,0.5,0.8082455067506455,0.006962034247831088,0.7116021220159151,0.25716721378793606,0.35327227628315205,0.3139461612436305,0.5004520359638012,0.17151341381341698,1.044614411978041,0.1633711973747879,0.3678013961613066,0.04592145182000529,0.22451271847630422,0.12574264018245443,0.9747692464133711,0.1441728959050919,8.166040533399656,1.6797373624087546,326702.0,0.0
train,github,dir_18,0.6,0.8079405712135597,0.007645202702638092,0.6799363395225464,0.2823295413618626,0.3427017744705209,0.314399223401469,0.4128461643485072,0.16168523062390897,1.0532172559778417,0.194212496874078,0.3498587013889019,0.037222150741159886,0.19559726873254862,0.12880758653712202,0.9689668464208226,0.1710110052703121,7.668907849899346,1.303471333096249,268902.0,0.0
train,github,dir_18,0.7,0.8055115829691207,0.007214619003289818,0.641684350132626,0.3053347195408992,0.33153978248425875,0.3133792248181373,0.32669275752026306,0.14601227302558684,1.0594106233059306,0.23874261245300465,0.32013486593411333,0.015321726922811928,0.14635369459038597,0.09768561674433943,0.9668616603315385,0.20788959211972535,6.9130444125001755,1.0482109705420368,211102.0,0.0
train,github,dir_18,0.8,0.8036926168338898,0.008607558584245062,0.5693156498673739,0.3075648248564963,0.3008967754245373,0.2816212200019989,0.23384088286574797,0.11937681845722699,1.0686354005263388,0.2969268169008649,0.27732522742627264,0.050389416017760466,0.056829026159940066,0.035507243626203715,0.9617053856011794,0.2547830251190996,6.752822733199855,0.6863554413563006,153302.0,0.0
train,github,dir_18,0.9,0.8015782885159968,0.007240567313847844,0.3647745358090186,0.20239469111587968,0.23236023659606944,0.20439730851229654,0.13660425374353008,0.08020143688713013,1.0571951776698505,0.34534643981485613,0.28729224502915407,0.03740438853182326,0.011229055535104273,0.009085435464628039,0.9705278516978627,0.2949202300737024,6.127193646000114,1.4953053885053977,95500.0,0.0
train,github,dir_19,0.1,0.8129077328538139,0.005179924079847684,0.9208938992042441,0.07769771955604572,0.6652356420530433,0.2838812901990353,0.911425817368151,0.06953866081923045,0.9962150866116515,0.04687609417617733,0.5313594287954039,0.06960693664217837,0.5162390642618947,0.07073180806867604,1.0104452250879807,0.041115148641719314,10.292915220900023,1.9738961567433289,557906.0,0.0
train,github,dir_19,0.2,0.8108637530974259,0.007197828491785657,0.8709602122015916,0.1480801406857295,0.5685365388284678,0.3759439202269343,0.8241411296124012,0.12412250073973789,0.9910924599959194,0.08080336384884675,0.48507672394155643,0.08584018871018569,0.42693214385320655,0.12737135025677376,1.0176825882560039,0.07129310190902455,9.663827970699913,1.7579918281950822,500104.0,0.0
train,github,dir_19,0.3,0.8097665820901426,0.006950514599726376,0.8346976127320955,0.19788274601982506,0.531845067735165,0.40876635539380896,0.7360368282298888,0.15942879299065038,0.9870800109313335,0.10879802408831192,0.4689381961839311,0.09312858766489632,0.4059685893700472,0.17029775940242842,1.0228032005593624,0.09654465804320812,9.190449766499615,1.6998106477211656,442304.0,0.0
train,github,dir_19,0.4,0.8082632693276819,0.006938884926598532,0.8111007957559682,0.22748189150319784,0.5235832856325129,0.40921751894336045,0.6490531016462304,0.17904303706945748,0.9830562379568615,0.1423391427921477,0.42807143877399534,0.08467477565887598,0.33232200837101233,0.1632983467149982,1.0277984738860428,0.12614997950976337,8.282294704399783,1.3043618701517063,384504.0,0.0
train,github,dir_19,0.5,0.8094553827808939,0.006279176785819581,0.7756684350132625,0.27079915688315925,0.502308719709979,0.40934133652969595,0.5586220016367982,0.18638351534774877,0.9835622951089427,0.1763504160161287,0.3857543502355244,0.05941860048176697,0.2530594450690933,0.13978830176010287,1.0288261850873819,0.1565823179102547,8.001005037600226,1.2476453075548795,326702.0,0.0
train,github,dir_19,0.6,0.8094363229794489,0.005573345303116643,0.7434403183023873,0.2992990537357045,0.4829612669337912,0.40561972308333055,0.46667182092870707,0.1814093966072809,0.9896012227742126,0.21908919558126594,0.3566325840663344,0.04884537517315411,0.21540685486197106,0.13987993955231479,1.0259428830926756,0.19317509940798452,7.768566737400215,1.0665121385875713,268902.0,0.0
train,github,dir_19,0.7,0.8070247461733,0.00544344535184263,0.7092519893899205,0.31975772410136555,0.4703110093493608,0.40329930045110557,0.37310739393394404,0.16357588324049113,0.9942159135208584,0.2715378493290709,0.3135269648030664,0.022675777188504883,0.15241461094486589,0.10268391585887443,1.0249180370881992,0.23647111078167943,6.929477699899803,1.151414600373227,211102.0,0.0
train,github,dir_19,0.8,0.8042472889439486,0.005371192039424843,0.6413368700265252,0.31807992378219735,0.4478725434077466,0.39791221255850984,0.27175961140956095,0.1327708072021726,0.9944258146133809,0.34393820347994664,0.25747506494004097,0.05371545527219909,0.05599812759844477,0.03789958941240744,1.028594653633324,0.2942857944760862,6.839903891599761,1.3705562188724567,153302.0,0.0
train,github,dir_19,0.9,0.8027374091834911,0.00477407801463498,0.4083978779840849,0.20488273454053207,0.3530242320167907,0.33119994469866715,0.1591121048784744,0.0873359034615829,0.9788452311943099,0.4257808505852811,0.2723470349709725,0.039963224502969956,0.0072938005058290735,0.004899728721540143,1.0445623129613477,0.3559911049533478,5.726386166700172,1.067104925558688,95500.0,0.0
train,github,full_graph,0.0,0.8152405439207581,0.006053942206075171,1.0,0.0,1.0,0.0,0.9999999988414778,0.0,1.0,0.0,1.0,0.0,1.0,0.0,1.0,0.0,12.058945320599495,0.33709501617361215,615706.0,0.0
train,github,gassip_adapted,0.1,0.8121582972867728,0.006043385709549091,0.9746525198938991,0.007151187949354104,0.8911658080518985,0.03386568040812047,0.8087588018799364,0.042769877486057116,1.0360358233892073,0.006027950792986224,0.49906959720940025,0.013529953111885632,0.48313514115715117,0.04235426017694319,0.9671468090311345,0.004911563066196772,11.510091687499813,0.371666760774489,557906.0,0.0
train,github,gassip_adapted,0.2,0.8096497266264857,0.00659826132843824,0.9214615384615386,0.00798686469580456,0.7093302804808242,0.039625696780959646,0.6556195272191332,0.04645835568104896,1.0826478745792862,0.008739207476091651,0.4286804409034696,0.01499475745701757,0.40404785226822826,0.03240232924920109,0.9271260391095538,0.006558262215563365,10.982530420800037,0.40909760720006727,500104.0,0.0
train,github,gassip_adapted,0.3,0.8081236904781708,0.006268994619149948,0.8652917771883288,0.005120458950437296,0.5442472810532342,0.0227466536075868,0.5294073556866318,0.04086636806759269,1.1402441452721501,0.010894117033899463,0.3916578639601097,0.01092989077840715,0.3665672555027254,0.03229387835406427,0.8799464179598763,0.0075618904815376135,10.193942829199864,0.2442780654013101,442304.0,0.0
train,github,gassip_adapted,0.4,0.8052926055388445,0.00610619195466064,0.8186657824933686,0.005872242799456308,0.44045029574508676,0.010256630369674396,0.42117434286950217,0.03432073015466895,1.205929059690143,0.012701618728648941,0.34703127647037657,0.007766443035345281,0.2674743385269633,0.025354364693960095,0.8270329996279063,0.008590593901106829,9.685787799799925,0.16172231290724387,384504.0,0.0
train,github,gassip_adapted,0.5,0.8024330504406236,0.005808564661808087,0.7777214854111405,0.007309396536202227,0.37437511925205114,0.008291324113069818,0.3268509703103348,0.029396654801214023,1.2786618928430933,0.014784585154168983,0.3269267910199551,0.009340931181929125,0.22495747246720046,0.028100126862745326,0.770282009830041,0.009961281906080857,9.069505308199814,0.32231135807965344,326702.0,0.0
train,github,gassip_adapted,0.6,0.7986502126294354,0.005790537589073049,0.732395225464191,0.0076826880712897,0.3211410036252623,0.005848154307569587,0.24056790036842277,0.0252211578927832,1.3715714225357734,0.024726875457069187,0.30844375217663067,0.008072911160049273,0.16658263979395369,0.022468542763697134,0.7005702791810688,0.016902836210406426,8.740434958300137,0.3471760087271157,268902.0,0.0
train,github,gassip_adapted,0.7,0.7924930321189283,0.007360716240344602,0.6779283819628648,0.011123339003624331,0.26977676016027474,0.0076688520676205085,0.16542396250344213,0.017389877304828976,1.5044505481437331,0.04775550205813661,0.29250390795364706,0.005468895011488103,0.13554952548553306,0.020120544984577327,0.6090947050197866,0.03252727740226722,8.15590642479997,0.38648669347430903,211102.0,0.0
train,github,gassip_adapted,0.8,0.787764639517421,0.006090185510387524,0.6053501326259947,0.015372466162363459,0.21772562488074793,0.007788706403880255,0.10062214491578332,0.010742678651785005,1.7080044865786026,0.0784123454994614,0.27553789351915514,0.009123051406475938,0.07684434571970891,0.008868281553945786,0.48107246904064677,0.0498772239541191,7.560418654199987,0.23525937910923367,153302.0,0.0
train,github,gassip_adapted,0.9,0.7854164800626463,0.004990538393306524,0.4712785145888594,0.010619836362746942,0.13919099408509827,0.002741863740354873,0.04676436994962907,0.0014586107766730062,1.9229519913611537,0.01964335018994385,0.27968665350243926,0.0017232182467143411,0.03628643243298528,0.003295058648484165,0.3493536551434042,0.01673284051944476,7.02470869180014,0.3710373347570886,95500.0,0.0
train,github,grp_deletion_only,0.1,0.8135371896655513,0.006345640559992444,0.944371352785146,0.08309618313743058,0.7752146536920435,0.30327285767703593,0.9305350674411781,0.056441610059322855,0.9827266429538195,0.04076970645181503,0.5738603553542589,0.09568538584493601,0.5746012590902287,0.13321893005745652,1.0200223116181737,0.0361294450149333,11.563068079100287,0.5329204953769824,557906.0,0.0
train,github,grp_deletion_only,0.2,0.812684119215062,0.006884808093043152,0.9108992042440318,0.14866572625082644,0.7335432169433315,0.3804736756050639,0.8533795669595708,0.1029162897920916,0.9710540361964191,0.07074342892387032,0.5029983097373993,0.08557534868241991,0.4472049458988005,0.12505484748305098,1.033279252225411,0.06223445328134372,11.45391686240032,0.8842810131787128,500104.0,0.0
train,github,grp_deletion_only,0.3,0.8115051128774795,0.007927791495775868,0.8842228116710874,0.19485003424824734,0.7170768937225721,0.3843691666061721,0.7711291388097132,0.13786823694475936,0.9593382486937102,0.09601250200651067,0.5104450282214514,0.09786361533669619,0.4698990183103528,0.17426370597412522,1.045226394254978,0.08539281734295624,10.61389756260022,0.45439205470138405,442304.0,0.0
train,github,grp_deletion_only,0.4,0.8101060862504774,0.008000978325163539,0.8648275862068966,0.22735681594954502,0.7086624689944667,0.38486076112655665,0.6898827076133937,0.1590933803108734,0.9453321597373303,0.12788357210563905,0.4541740804464208,0.08745299448061221,0.37687512159399567,0.15877005308827055,1.0596339596796014,0.11422036156928414,9.828713579200222,0.2492663732577889,384504.0,0.0
train,github,grp_deletion_only,0.5,0.8110906556449935,0.006429543152757413,0.8374907161803714,0.2749983716764467,0.7039496279336005,0.3855693057839074,0.6003390267121833,0.16577837032977383,0.9328374279165071,0.1553453883219122,0.40678893975813424,0.06474120811949471,0.3003500618313729,0.14274325230937343,1.0717706037840633,0.1396189722919597,9.490160233500069,0.2684597980971449,326702.0,0.0
train,github,grp_deletion_only,0.6,0.8111182532072272,0.004922005799915983,0.8149787798408488,0.2993514347133821,0.684315970234688,0.3871536168559063,0.5050532921442337,0.15980765122606921,0.9200018944228825,0.18950706029882206,0.3667477449490074,0.055833107737312544,0.2577843595790927,0.15023382417694278,1.0844010574349132,0.16965374387714685,8.995417833499937,0.37418677104612813,268902.0,0.0
train,github,grp_deletion_only,0.7,0.8092281089935982,0.005731853575445673,0.7882068965517242,0.31410408970535164,0.65649685174585,0.3765806652239773,0.4059811567432135,0.14232613587970763,0.8943975330299472,0.21287934706934714,0.30867800865214745,0.03148132363456176,0.17195207308466146,0.10614150399162123,1.1071112544017159,0.19085127306632957,8.467817962499975,0.4430134540363743,211102.0,0.0
train,github,grp_deletion_only,0.8,0.807239600558403,0.004329835969807093,0.7227665782493369,0.31751884995304236,0.6086815493226483,0.35301986942641905,0.2964455649401547,0.1139636756055211,0.8607879237332086,0.2572882113702569,0.2354663627377752,0.05398202371675431,0.049131378063775294,0.02834741948357904,1.1386223936054265,0.2278242185818574,7.880723733300056,0.31880389732826814,153302.0,0.0
train,github,grp_deletion_only,0.9,0.8016109476664294,0.003369882448006377,0.4487188328912467,0.19781177578729803,0.48065254722381223,0.3070014520453783,0.17088170897599247,0.07322475691834142,0.8041804835006843,0.3296285174181864,0.259648600941668,0.039758097478212656,0.0051521356203239055,0.0033302520484125024,1.1916324413995196,0.28428083581832436,7.162123695900346,0.2940686971936706,95500.0,0.0
train,github,grp_proxies_only,0.1,0.8141232984056694,0.005673603146597661,0.9489363395225464,0.0629431444420507,0.7608853272276284,0.23624057317106784,0.931822182019055,0.050291450884741885,0.9773205593830889,0.032219443684641934,0.5622765004148261,0.05989909726815228,0.5441019247021354,0.060632349596286245,1.0261724994787997,0.029175810579542605,11.693982124999843,0.4957784723218103,557906.0,0.0
train,github,grp_proxies_only,0.2,0.8130633806996052,0.00581797919941582,0.9240689655172414,0.11991949850464798,0.7177447052089295,0.29028801861710984,0.865528643839291,0.08572186523288823,0.958910531239517,0.055607893256801745,0.5131938844437995,0.07288551366642264,0.4709181401627013,0.0983138108288564,1.0454815838252456,0.05029671330835398,11.266155425100033,0.2824528002322951,500104.0,0.0
train,github,grp_proxies_only,0.3,0.8118899883178035,0.005558370545406047,0.9089734748010609,0.1501309222330709,0.69849265407365,0.2988133152853649,0.7880400637996381,0.1147124718709659,0.9426756072920996,0.07637441584648669,0.4950125660246802,0.07545282205620761,0.44240721845449943,0.11827433965278007,1.0612983953211799,0.0694413793420261,10.493825483100114,0.2992043937554618,442304.0,0.0
train,github,grp_proxies_only,0.4,0.8112665796719749,0.006245277984245666,0.8929177718832891,0.17510012489529758,0.6807670291929021,0.3010451541639746,0.7042729340908219,0.13244814174924463,0.9282535654039981,0.09964740201937569,0.45649168232902515,0.0739268029596349,0.40380711414660003,0.14062954457061622,1.0752951634828256,0.09088965203418545,10.147354154000004,0.5768398426319981,384504.0,0.0
train,github,grp_proxies_only,0.5,0.8117920575611205,0.004217826605734269,0.8702679045092838,0.21791498204603194,0.664071742033963,0.3025771386763941,0.6152609909126349,0.1378259932091791,0.9137957175091328,0.11997660213327173,0.4047386330676819,0.05730650013855829,0.3105205697280008,0.11068689923312813,1.0890278341779032,0.11021240582817114,9.619516145800162,0.4359908323419312,326702.0,0.0
train,github,grp_proxies_only,0.6,0.8125552738777955,0.0030912194954048197,0.8475119363395226,0.24144796418428846,0.6353749284487693,0.3001116131197157,0.5190569084203588,0.1345861043092339,0.900278261654098,0.14566466272668013,0.36361930629144756,0.044501098282048956,0.26453230697823943,0.11678577340348112,1.10154669621233,0.1339240218151191,9.093793833199811,0.5938157416197796,268902.0,0.0
train,github,grp_proxies_only,0.7,0.810084946723574,0.0035719545573838977,0.8177480106100795,0.25851500540758254,0.6074794886472048,0.3008402443226149,0.41373477302657935,0.12338040329487023,0.8856400691895827,0.17961247727093543,0.318503627625588,0.026055514170822792,0.2013771740322726,0.09555794141044119,1.1145500833205033,0.16359640037936296,8.27888587520008,0.3651727101014045,211102.0,0.0
train,github,grp_proxies_only,0.8,0.8065333044037603,0.004368682847670459,0.7444058355437666,0.26071546131051204,0.5518984926540736,0.3174779731120302,0.29736153372478064,0.10146365623373475,0.8610914187568592,0.22607533521800022,0.23974842226489854,0.0483297683104609,0.061530085671662474,0.0368557574155583,1.1372989329476515,0.20138868435272844,7.602163949900136,0.39101961695122595,153302.0,0.0
train,github,grp_proxies_only,0.9,0.8028124582037435,0.00516495482556014,0.47423076923076923,0.16460984965352518,0.4273993512688419,0.2704108646457762,0.16747478092512408,0.06540084543870159,0.8127476270543317,0.2868485904103499,0.2588485886438215,0.03382452211232733,0.008743339678513061,0.007637051784729096,1.1829395427224045,0.25076933547905994,7.046925100000112,0.3716806702263682,95500.0,0.0
train,github,grp_task_plus_proxies,0.1,0.8136563241711505,0.007027619986927979,0.9145623342175065,0.0694466373315881,0.600324365579088,0.24650832355204977,0.9076632079320837,0.07165962673311213,0.9970054759248683,0.03992146662352164,0.5250441383516969,0.052788244301373306,0.5165330160932433,0.06022882707836643,1.009885112983358,0.03567621256940267,11.42768377060013,0.3907822766804727,557906.0,0.0
train,github,grp_task_plus_proxies,0.2,0.8123544755894351,0.007720172191472176,0.888527851458886,0.11385139741004215,0.5596832665521847,0.2786298675867245,0.8327452883386341,0.10258328074786913,0.984716895967896,0.06542529098952296,0.48139496096223355,0.07929800462050461,0.4349422936716888,0.10139812845235303,1.0235675339325194,0.05881948543845617,10.971623104100013,0.3339295164621883,500104.0,0.0
train,github,grp_task_plus_proxies,0.3,0.8113815158793379,0.006948615723841316,0.8678461538461539,0.1463767498354971,0.5353176874642244,0.2929503696648489,0.7503699553545092,0.1296720450108053,0.9776043273129924,0.0909106460894283,0.4686576676788873,0.08958810069938504,0.4249823074178701,0.13637040892834854,1.0311306918930259,0.08231931404690439,10.562748962499995,0.43166459614357655,442304.0,0.0
train,github,grp_task_plus_proxies,0.4,0.8102689818906701,0.007282586164848003,0.8430742705570292,0.17495117472780738,0.4995611524518222,0.3037811268297404,0.6610261221881265,0.14573472341797927,0.977224913794603,0.11823370687507058,0.41640541306565915,0.06490962602748365,0.326252880420909,0.11576886254915987,1.0324932215582832,0.10655298289808172,10.054955154300023,0.45547575497685544,384504.0,0.0
train,github,grp_task_plus_proxies,0.5,0.8098687761678336,0.007818788736678914,0.8124350132625995,0.21738405961721544,0.4815302423201679,0.3126171502187708,0.5676175288437348,0.15156554110806147,0.9777942164116462,0.14800601584071324,0.3814164903402791,0.048800570353008735,0.27215171394080456,0.1126184489282585,1.0328533031504161,0.1322484237740019,9.480863533500088,0.5069575425223102,326702.0,0.0
train,github,grp_task_plus_proxies,0.6,0.8086780370384113,0.00899397408840471,0.7862095490716181,0.24331786678069012,0.46369013547033006,0.31778791515249527,0.4728421197415053,0.14472481634358908,0.979535606698175,0.1842424957540625,0.36953962918273325,0.04368117866981799,0.2671116190822359,0.13596703110841526,1.032773606623416,0.16378767911868738,8.855720937400156,0.39026627327533686,268902.0,0.0
train,github,grp_task_plus_proxies,0.7,0.8067925568180238,0.007472261735518668,0.7473527851458887,0.2670992736155613,0.44462888761686703,0.31838179158040875,0.37435644227661574,0.12782935120884353,0.975128943271757,0.22115270078859822,0.3192303483680667,0.016598816626453718,0.17150297995471456,0.08695781058105963,1.039096896405329,0.19530413436211932,8.322081445799904,0.4041949272384672,211102.0,0.0
train,github,grp_task_plus_proxies,0.8,0.8044694508124831,0.008301896437014705,0.6744562334217507,0.26999937907724475,0.402842968899065,0.2945297104801564,0.2654263415272903,0.10209757897491178,0.9569482566791168,0.2567893114913961,0.26741796419923164,0.04429867031763932,0.07506618034106075,0.04027151751604818,1.0555378448895607,0.2249261345644882,7.649871854200046,0.36482561489400067,153302.0,0.0
train,github,grp_task_plus_proxies,0.9,0.8003850941201696,0.007125158666264727,0.4426737400530504,0.17483896981902383,0.31341347071169623,0.22815220722089194,0.15420037096714914,0.06882344345055755,0.9199840888636581,0.3100129245105319,0.27112110706866155,0.035126031948867334,0.010222914114441766,0.008763269556475871,1.086261591959714,0.26618894279467464,7.274245366500236,0.4319224182310413,95500.0,0.0
train,github,loo_comm,0.1,0.8150560923703447,0.006405030026682385,0.961002652519894,0.06654425435144792,0.8265216561724861,0.24418296025685,0.9464860095620209,0.031234751505672228,0.9734470520063013,0.029720801887060777,0.5866275100546565,0.07270093808413555,0.580093903072076,0.10762635933897781,1.0283188178712188,0.02697136894023338,11.761174083199943,0.6382877326427012,557906.0,0.0
train,github,loo_comm,0.2,0.8139229488542089,0.007216008682397751,0.9418541114058355,0.11915899088057118,0.8090631558862812,0.2821980616903662,0.8805588588961074,0.07054168358904545,0.9543499830458634,0.05297957649334097,0.5189181593378985,0.09036579517426122,0.47262334452742527,0.1314943638098915,1.0478735259552479,0.04786754809788084,11.032006833200105,0.37947786521691274,500104.0,0.0
train,github,loo_comm,0.3,0.8122523804953113,0.007194160292748707,0.9269363395225465,0.15242348713114925,0.7909177637855371,0.2904780372508636,0.8049842967453676,0.1023893139297646,0.9369467926123354,0.07369111459888837,0.5056164193161674,0.07478327283955723,0.4726526282029675,0.12904623859273268,1.0648203551184163,0.06714105319679568,10.688987721000151,0.4333002116334797,442304.0,0.0
train,github,loo_comm,0.4,0.811726188874235,0.007743350186149308,0.9133527851458887,0.18025624488856154,0.7780767029192902,0.294249943184377,0.7252153113029511,0.12285544594742763,0.9184517051688601,0.09777906834562004,0.4575459823892164,0.07597854941427512,0.3953852402497181,0.12766708067106905,1.0830560648045007,0.08962435745800817,9.97992451660005,0.4013242416116126,384504.0,0.0
train,github,loo_comm,0.5,0.8116952615863745,0.005313687298684982,0.8916976127320956,0.22488243908184358,0.7644724289257775,0.2985626146672967,0.6351208595611151,0.12927924236104926,0.8995497616566628,0.11823292152825743,0.40590404350287124,0.06421941666846341,0.30756497021655005,0.1196861627737218,1.101010229440689,0.10927969178584503,9.619800037600175,0.3925661730010347,326702.0,0.0
train,github,loo_comm,0.6,0.811831090540451,0.004452056525482741,0.8723607427055702,0.24637898316828413,0.7443808433505057,0.3017526276981539,0.5378723347403955,0.12548363697705972,0.8781316215879125,0.14585219184942347,0.36082565176264947,0.045167775139533926,0.24746257761061158,0.11135364479069951,1.1207424206942078,0.13457807109098202,9.13273292079997,0.3196638290977231,268902.0,0.0
train,github,loo_comm,0.7,0.8098413217213581,0.004169119025694716,0.8448753315649867,0.26409731371270473,0.7140812821980538,0.29979970672997147,0.43202678861254407,0.11360375937542044,0.8571302186672931,0.1778936328416493,0.31145180017576546,0.02556594180761262,0.2007438579810897,0.09293817329260054,1.1393244405229892,0.16238124972693763,8.392780450100133,0.23337559233923688,211102.0,0.0
train,github,loo_comm,0.8,0.8071904688975099,0.003983669777176587,0.7775888594164456,0.26390147041901735,0.6516122877313489,0.3100786974825138,0.31493504912124665,0.0916594348349983,0.8255634915503338,0.22337062634831806,0.22888314995114034,0.0471062442183423,0.057361745156599586,0.03317393309621625,1.169013739170993,0.19922857630985155,7.734755653899958,0.5390611949666168,153302.0,0.0
train,github,loo_comm,0.9,0.8023767927497095,0.003432367494403067,0.4937904509283819,0.16187657254727617,0.5096928067162756,0.2883758752414915,0.18107751216174414,0.06020584774610374,0.7620740913729196,0.28675032579267223,0.25104895222166157,0.03163417198978192,0.006125876762964848,0.004477202582077065,1.2258139773150347,0.24963967038004228,7.011467595699765,0.4264948458596763,95500.0,0.0
train,github,loo_conn,0.1,0.8149331473605897,0.006029929610790959,0.9582281167108754,0.07146070612080548,0.8217324937988935,0.24471626634364577,0.9463182802131478,0.030147646226010537,0.9717146358745004,0.0296127717965016,0.5644874008562754,0.07354049490299976,0.5539631716926288,0.09367227580195331,1.030379634146351,0.02687927855395001,11.427174041699976,0.3837534341849705,557906.0,0.0
train,github,loo_conn,0.2,0.8142159538186615,0.006897678798290447,0.9404084880636605,0.11861608298066031,0.8022705590536157,0.27721407838008166,0.8824800142041216,0.06422533677498854,0.9520376427142567,0.05185412176086438,0.5167271245017447,0.0868033948515646,0.4666880635963249,0.12246760323063038,1.0505150118936082,0.04706009210742679,11.220196245899785,0.47678968492807033,500104.0,0.0
train,github,loo_conn,0.3,0.8128479532787592,0.006995213197304877,0.9250636604774536,0.1539895631535549,0.7872925014310246,0.287378863990618,0.8093095727205621,0.09307442784164888,0.933471438188695,0.07077645730328568,0.5206390535692687,0.08132997167800045,0.48052061696870174,0.1363372820634461,1.0685101548321354,0.06477234536328452,11.11834296250006,0.7186780610083273,442304.0,0.0
train,github,loo_conn,0.4,0.8122140932491148,0.007296278004772041,0.909893899204244,0.18471189561465573,0.765731730585766,0.3002367874916245,0.7295512934067971,0.11570920175687995,0.9153337727621537,0.09444418003295557,0.46584095007435716,0.07221844827069558,0.4089916398734542,0.13064855536601674,1.0863005974861266,0.08712743251766322,9.993346475000157,0.2771996937618325,384504.0,0.0
train,github,loo_conn,0.5,0.8126670082238828,0.005229928033024567,0.8893368700265253,0.2269622632765233,0.7501431024613623,0.30611318504915974,0.6388680045891302,0.12688619280689026,0.8967645768584745,0.11709350048133728,0.40705929248591816,0.05150549086137772,0.32001036260175353,0.11527366012794155,1.1037846335313477,0.10868055043566334,9.503392633299768,0.35566794489300135,326702.0,0.0
train,github,loo_conn,0.6,0.8134394023999036,0.0032011516313835424,0.8688037135278515,0.2506552644346554,0.718851364243465,0.30543327637847617,0.5411341352695439,0.12310783229732301,0.877900782902047,0.1425347859919313,0.36749350008770887,0.051301334267645965,0.2608956861651074,0.12010793892220867,1.1210855399862514,0.13228976137733522,9.169112428900178,0.42100449530471357,268902.0,0.0
train,github,loo_conn,0.7,0.8106640422971167,0.003709093684118038,0.8389177718832892,0.268393730553101,0.6734974241556955,0.33032422955166296,0.4345236957280374,0.11180547070531957,0.8562549072710166,0.17541083176912803,0.3122591573039905,0.026777967938685743,0.19928307726078076,0.09561587532799537,1.1401724802797217,0.16147440235473434,8.369385712499906,0.4043986556264056,211102.0,0.0
train,github,loo_conn,0.8,0.8083898486072328,0.0038368660219329277,0.7723766578249337,0.26835882876692563,0.6080518984926541,0.315227987664794,0.31553816103527954,0.0892658882276731,0.8246863914304645,0.21887769556044273,0.22834051421315893,0.048651638554126644,0.05306453519031842,0.034043021939418515,1.1701349099630338,0.19760558147537038,7.691739945699908,0.2806554306711994,153302.0,0.0
train,github,loo_conn,0.9,0.802581153597466,0.004621193717247219,0.49128116710875336,0.166285032863138,0.47601602747567257,0.28791298214944505,0.17906594954511762,0.05724404724120562,0.763103539560394,0.2753407319144553,0.25127091433567766,0.032149053258534656,0.005791231012421928,0.0039979437563123455,1.226040086432682,0.243309241806564,7.084049837599844,0.21519829371829508,95500.0,0.0
train,github,loo_group,0.1,0.8151559237453105,0.006135736884209763,0.9615968169761274,0.06566300100536525,0.8275138332379317,0.2435033147073557,0.9463289863417993,0.031152328714191643,0.9734864956532935,0.02921744929115448,0.5811759088063423,0.07857860250730898,0.5779371611663627,0.11543568239316787,1.028253556158082,0.026520286863589374,11.734798695800055,0.3399879640550199,557906.0,0.0
train,github,loo_group,0.2,0.8143586197224808,0.006743232251796151,0.9423554376657824,0.11885982903280413,0.8103415378744515,0.28188072280610915,0.8798605813940614,0.07095944551903131,0.9548051500745807,0.052715330510633915,0.52857517694033,0.08317514383542109,0.4901790338946392,0.12293075950613529,1.0472921181576669,0.04774820357179804,11.12779455410032,0.34934204996475354,500104.0,0.0
train,github,loo_group,0.3,0.8123513861699202,0.007710138615842153,0.9277586206896551,0.1523296822597846,0.7933600457927876,0.2901204177643712,0.8041563561296536,0.10247658979575275,0.9378483876713339,0.07327582746827913,0.5086644264819633,0.07611373798855241,0.4653194839222919,0.13582405067794096,1.0638608291512486,0.06687424101779453,10.48468990829996,0.46785875026958834,442304.0,0.0
train,github,loo_group,0.4,0.8110801446157534,0.007563148216820515,0.9147665782493368,0.1790899229114948,0.7807670291929021,0.29365811799627356,0.7251772450677458,0.12279484909170886,0.9186767762091265,0.09756102570364557,0.4684417259938199,0.07039738943692511,0.4190176394636582,0.12676519843121284,1.0827312049172162,0.0891804314127548,10.111289991799868,0.4788380577613652,384504.0,0.0
train,github,loo_group,0.5,0.811850236678384,0.005721601642729847,0.893445623342175,0.22474544213093114,0.7666857469948483,0.29698672025303696,0.6360629988824446,0.12970253870120652,0.8995034532818711,0.1183280588519684,0.39386100605521873,0.05162594872950818,0.29449734408358796,0.10047601760524846,1.1011142250315082,0.1095394873831677,9.490530258200248,0.3276822973429469,326702.0,0.0
train,github,loo_group,0.6,0.8124994561459704,0.0035237764708787945,0.8758992042440319,0.2461841501540077,0.7477962220950201,0.3029045991619496,0.5391891885645266,0.12566249649513458,0.8777289852198763,0.14631336005071932,0.37865996037720595,0.055115643945406224,0.29158270216280596,0.13557146793263872,1.121123284043638,0.13512154117170475,8.920569374999696,0.16720236003562716,268902.0,0.0
train,github,loo_group,0.7,0.8106601455788205,0.0039982274855125425,0.844448275862069,0.26307610233139317,0.6931120015264263,0.32289722558326217,0.4333269884587729,0.11313254528722941,0.8569982321318352,0.17751504440201096,0.3084701368466283,0.02840161628883219,0.19296729724448153,0.09355947970884038,1.1395957057225,0.161948613461964,8.39586024990001,0.4726953499703618,211102.0,0.0
train,github,loo_group,0.8,0.8078315710042308,0.004111711889157635,0.779790450928382,0.26312020414408266,0.6385613432551039,0.32634335551136423,0.3161793391845177,0.09069856650932015,0.8217314932451856,0.22303158470787232,0.22829353234595645,0.046432279734425104,0.05936658942340463,0.03498344649631942,1.1726555999119905,0.1987869392925768,7.767340979200037,0.35179970223484114,153302.0,0.0
train,github,loo_group,0.9,0.8026381821520617,0.004218418440625973,0.497607427055703,0.1613222852371151,0.5063346689563061,0.2924590901542641,0.18118576301810904,0.05987055297889984,0.757962822438871,0.28546138070664917,0.25109232909307444,0.030805357316033326,0.006062212456177492,0.004071478948708044,1.2299183501281348,0.2483232270048429,7.229215512699909,0.3615372044847677,95500.0,0.0
train,github,loo_repr,0.1,0.8148729257861996,0.0061419025832096935,0.9594562334217507,0.06599731905715574,0.8157603510780385,0.25023981467418266,0.9446243327465149,0.03153913814495279,0.971751284330735,0.029987272637496617,0.5771511202613738,0.06817531468195227,0.5684726202747475,0.08258751309390074,1.0302724712715507,0.027018127118917417,11.712869262499897,0.6026746058411576,557906.0,0.0
train,github,loo_repr,0.2,0.813512490071077,0.007021252342198973,0.9384190981432361,0.1184433660459441,0.7882274375119251,0.28367101004117545,0.8790611904547514,0.07056403488457447,0.9530671731266065,0.05329358898983742,0.5343800832876924,0.0785786353215082,0.4991337885313076,0.12160767139589232,1.0495433450710734,0.048248287353787674,11.296952500100236,0.44182668080866905,500104.0,0.0
train,github,loo_repr,0.3,0.8126035905470083,0.007318375041149612,0.9234190981432361,0.1518553471568936,0.7707116962411753,0.29696578825584846,0.8045691368676605,0.10306910046021275,0.9356974092919053,0.07497461929640017,0.5021338725357454,0.06794609658539807,0.4554084057397674,0.11260240532926516,1.0666181589451313,0.06859610281242545,10.595283099900143,0.3817064684296727,442304.0,0.0
train,github,loo_repr,0.4,0.8108628748188413,0.007685750671250658,0.9076684350132626,0.17875990624281465,0.7422629269223431,0.32278539315380655,0.7237949649018558,0.12427713057226139,0.9183629318946807,0.099480361876252,0.45710459672921155,0.0854611580692929,0.3847847230953906,0.14202964589017467,1.0835049666666867,0.0911482096696734,9.95554827080017,0.3731020153121857,384504.0,0.0
train,github,loo_repr,0.5,0.8125915829345696,0.0058560312519521755,0.8858992042440319,0.22467562457375512,0.7296126693379126,0.33268755837024555,0.6343880845334143,0.13083979621310643,0.8998835987592402,0.12031856304910957,0.40921099587815035,0.05864578278695401,0.32254029803227485,0.11934109239724075,1.100660157609663,0.11120618643110046,9.464519395800005,0.226837965822503,326702.0,0.0
train,github,loo_repr,0.6,0.8123996403635418,0.0038421696821693465,0.8680742705570292,0.2471258769205447,0.7125357756153405,0.3403596387787955,0.5360820321158994,0.1261234334873651,0.8817805284710765,0.14720476151180328,0.36849207475436,0.04352019897369768,0.2729972295586458,0.11586883393665869,1.1173865146942519,0.13583322997952563,9.048557687300228,0.4010956665509123,268902.0,0.0
train,github,loo_repr,0.7,0.8099148575328874,0.004228627017897442,0.8377320954907163,0.2666535269443456,0.6687845830948292,0.34383686033755195,0.42947872999349385,0.1126924975584027,0.8605590420947037,0.18016947812254464,0.3171733830489126,0.02324482507894965,0.2050809943286977,0.09233516048950048,1.1364447871320973,0.16422002290896137,8.403540204099908,0.4588063694964959,211102.0,0.0
train,github,loo_repr,0.8,0.807161191735925,0.004224545221825946,0.7743713527851459,0.26847445416300714,0.6268651020797558,0.3466942266426287,0.3120301195471472,0.08981638944356617,0.8250398377687421,0.226999313498039,0.22661053109205156,0.050732525980726514,0.05267620781369757,0.03273027238922858,1.1697035915932714,0.2030011565157029,7.747169683499896,0.3675921899496626,153302.0,0.0
train,github,loo_repr,0.9,0.8022694983600612,0.003828307004157278,0.4931697612732096,0.16454856190099768,0.48172104560198437,0.29912591889689794,0.17705795563804155,0.057094913446971284,0.7630496302213517,0.288270286960842,0.2509658748481608,0.03226189810870102,0.0055194573250571715,0.0033606764416268774,1.227152382211857,0.25197078044745463,7.0733219083002155,0.34444423272476354,95500.0,0.0
train,github,loo_spec,0.1,0.8143180273137325,0.006387188763449261,0.9595915119363395,0.06424007349345287,0.8139477199007823,0.2503233610866828,0.9448051473637399,0.032706833799598746,0.9743493380582396,0.02987297767555846,0.5689580693584204,0.07330699614937385,0.5607991848305505,0.09255738832621235,1.0277876875924508,0.026993863150888607,11.836870258299916,0.4094779961121092,557906.0,0.0
train,github,loo_spec,0.2,0.8130258332532903,0.006593589001569524,0.9391193633952254,0.1186610372376239,0.7946765884373211,0.2885106224780053,0.8787102673489532,0.07164874600495992,0.9554162132379371,0.05326578842361101,0.5188993289414453,0.080896336127596,0.4728344762493249,0.11273588102711417,1.047258477292827,0.048189698091662035,11.073770724999918,0.4926408068309,500104.0,0.0
train,github,loo_spec,0.3,0.8124993364352916,0.007828372754333172,0.9212307692307693,0.15195137713372575,0.759721427208548,0.3073076397234151,0.8034985240025133,0.10324343060999207,0.9381117214737008,0.07340116136131261,0.5060078396659875,0.08105192198063678,0.4583893310444713,0.13720259807107563,1.0640805712183545,0.06685553557905109,10.450227696000116,0.4278865340686851,442304.0,0.0
train,github,loo_spec,0.4,0.8118455017973328,0.0076017159157332264,0.9072493368700265,0.17884695460529007,0.7436367105514214,0.3217345962264779,0.7245800810029637,0.12376136671263333,0.9187736373816227,0.09861552850331058,0.4582271357960389,0.07948805559031275,0.3926495030044495,0.1344332408250611,1.0829998115765491,0.09011668388425481,10.187888912600238,0.3699938892824771,384504.0,0.0
train,github,loo_spec,0.5,0.8119206919248908,0.005755162914225402,0.8845941644562334,0.22496499227459935,0.7233924823506964,0.3360902913768963,0.6342453361513947,0.13057500749834008,0.9011268401559756,0.11923159203165926,0.4007227565577948,0.05135065699820033,0.3026141632309546,0.11301535591131302,1.0995721950636406,0.11003449599381522,9.423078058299996,0.2242800886948008,326702.0,0.0
train,github,loo_spec,0.6,0.8123435881812334,0.0037389796622052086,0.8629787798408488,0.24794909300400841,0.6939515359664187,0.33743206598431996,0.5362604675934239,0.12602489934345038,0.8827218634456315,0.1468088631552804,0.3688706207580223,0.05398282546155848,0.2656929844263936,0.12643440444298165,1.1169700155392213,0.1353327002301754,8.982979491799835,0.26404207132185364,268902.0,0.0
train,github,loo_spec,0.7,0.8106574434354483,0.003924064059270522,0.8355384615384616,0.26815127572956116,0.6688799847357374,0.34165088330813465,0.42954653547495314,0.1136354164941137,0.8627045141282721,0.17967169346970202,0.30987628894896874,0.02691762978698268,0.1846434824747602,0.08847603886619759,1.1351871199684447,0.16407174844199646,8.135288166699933,0.4234728725976096,211102.0,0.0
train,github,loo_spec,0.8,0.8075578875991637,0.003971682266977856,0.7686100795755968,0.2688120703329548,0.62018698721618,0.33810275974606446,0.3129472779016233,0.09140207608992984,0.8286315355676341,0.22574220068139733,0.2323264400172344,0.04669303238101523,0.055534513929123674,0.03353435016640523,1.1668567073544738,0.2018506799638233,7.7404601501997945,0.31420913349879953,153302.0,0.0
train,github,loo_spec,0.9,0.8011565561412961,0.003332805583354323,0.4899814323607427,0.1660927459645567,0.473363861858424,0.29800750447311314,0.17886253310073966,0.0599300781794302,0.7707216006582092,0.2859674609390344,0.2515151813093233,0.03270702541126836,0.005823072413454385,0.004257226734578955,1.2184203846911072,0.249185972537163,7.136186429400072,0.6178582732037712,95500.0,0.0
train,github,loo_task,0.1,0.8154027049649271,0.006230882011504769,0.9612015915119363,0.06653706095115536,0.8279336004579279,0.24071110652743175,0.9468428805170699,0.03275732444590887,0.9730900709900588,0.029851723659330007,0.5861821624472683,0.08237952082447625,0.5766374711431135,0.11422266259469088,1.0286752138325959,0.027046613046243385,11.560534758300328,0.3750920692517214,557906.0,0.0
train,github,loo_task,0.2,0.8135963711153755,0.007143232530057102,0.941631299734748,0.11948059102370563,0.8080709788208358,0.27778414618752495,0.8805207926609022,0.07244165168501689,0.9538056982002114,0.053011352313020586,0.5161727463564107,0.07125661346237129,0.4657421836694133,0.09914019551216598,1.0483377433696028,0.04799285090488886,11.136940895899777,0.2904299034104115,500104.0,0.0
train,github,loo_task,0.3,0.8133354846503871,0.007392108525269599,0.927944297082228,0.15303023844622896,0.7977866819309292,0.289571789717758,0.8050735144841298,0.10488615571996313,0.9364804626177271,0.07396484681576658,0.510082106391081,0.07694944807995832,0.47390913664416345,0.13178383043304187,1.0651435942093974,0.0676000634967161,10.732828149900133,0.4468813573545992,442304.0,0.0
train,github,loo_task,0.4,0.8116388575589235,0.007989627191904217,0.9150132625994696,0.18186498945735277,0.7882846784964701,0.2935303586927817,0.7266297098547956,0.1256104987833546,0.9171612973614665,0.09857744801885276,0.47084860493165814,0.081327407850129,0.42215680184475735,0.1399678735580359,1.08398430340868,0.09044521513016439,10.077919387500021,0.5001867342981433,384504.0,0.0
train,github,loo_task,0.5,0.8127477464244224,0.005450377183045183,0.8943236074270556,0.22582852309576545,0.7734020225147873,0.2952937929513219,0.6379805854809082,0.1320315480915597,0.8979591715752019,0.11889040246007562,0.4059049757051401,0.05256278726513083,0.31082287439123424,0.10872474874983173,1.1021570882037746,0.11000523687026412,9.244319887500016,0.43439671671691393,326702.0,0.0
train,github,loo_task,0.6,0.8126029287120893,0.003985056266025905,0.8751432360742706,0.24764608026362075,0.7440564777714177,0.3067503270863776,0.5409378562442669,0.12757781778383287,0.8769424469787447,0.14608689551437848,0.36547762467677836,0.04457158473968387,0.27277058811711585,0.11586206632511414,1.1216832033034003,0.13498241499918612,8.925787337399836,0.42175300205168575,268902.0,0.0
train,github,loo_task,0.7,0.809694534925093,0.005565607395442651,0.8453448275862069,0.26628374735011917,0.6968135851936653,0.31795103521898477,0.4341799100413401,0.11438448818144127,0.8564378521448376,0.17826128688084664,0.3054567330950614,0.029095714030060033,0.1847632075313264,0.0890341290370307,1.1403423600189206,0.1629047991176342,8.250064379300008,0.5126064878016601,211102.0,0.0
train,github,loo_task,0.8,0.8073340140377876,0.004405261193798163,0.7829522546419099,0.2677932204149478,0.6568784583094829,0.33087446995653735,0.31565117017104505,0.0912382991241458,0.8202224889244422,0.22554932186497484,0.2274356198515195,0.04415158923196776,0.05921323499630989,0.02829585096940186,1.1740991175694737,0.2014856658196003,7.7656727708000375,0.3802155633731158,153302.0,0.0
train,github,loo_task,0.9,0.8030834717669301,0.004400810913451824,0.4937002652519894,0.16377867002561944,0.5248044266361381,0.291143665610251,0.1799545582231898,0.05926549641827768,0.7562111966055338,0.28646247853915957,0.2509393003446598,0.03137080266713446,0.0056424598173116375,0.0035106359483074298,1.2313328875115432,0.2494543450160328,7.269188066600049,0.2519681218962744,95500.0,0.0
train,github,mog_adapted,0.1,0.8148454217324291,0.005629296336282172,0.9802201591511936,0.011763220795262335,0.8888380080137379,0.06293778643141802,0.904391890844134,0.08349831534153213,0.9624296020246277,0.03639478974004588,0.6300637635322051,0.0314458502594534,0.6753127434854652,0.047341686003382365,1.033044172795395,0.0315626792466035,11.572213812399752,0.3168965984942282,557906.0,0.0
train,github,mog_adapted,0.2,0.8126793571498869,0.005903168995372905,0.9573607427055704,0.02960026342423989,0.8128029002098837,0.10321994929055554,0.8037875894761031,0.13825854610188404,0.960088720737611,0.07069020437437887,0.5298304504320752,0.04110952794288353,0.5566893311210229,0.06162638671203142,1.042353203360355,0.052799751722598084,11.413654241699884,0.6889484390199401,500104.0,0.0
train,github,mog_adapted,0.3,0.8112518945816583,0.007378458556976793,0.9288090185676392,0.053618172191624666,0.7375500858614769,0.1633266742862152,0.7024207738341174,0.15744402074860692,0.965609492654103,0.0959958863235694,0.44912015143775674,0.05241546668322141,0.4234449340519495,0.10111454179558349,1.0442916932687472,0.06425992937468711,10.536253649899834,0.37799771163318857,442304.0,0.0
train,github,mog_adapted,0.4,0.808915226027524,0.00809144836483387,0.8891167108753315,0.07683449481535264,0.6684983781721046,0.19977657804779797,0.5960779875088975,0.1604843755420852,0.9791805027704109,0.11209074221662672,0.3919329716611296,0.042825707626894645,0.3190562469069037,0.09738659899224453,1.0354750759754203,0.07413386343708693,9.913006616699864,0.2766882134069763,384504.0,0.0
train,github,mog_adapted,0.5,0.8085307913485431,0.004383780187051041,0.8374509283819629,0.09854248172096587,0.5966037015836673,0.22008540411643351,0.4959066895663263,0.1591840892826109,0.999672740942233,0.12825164324899213,0.3519924096057414,0.018702547363556636,0.24482391364517878,0.06583340208124287,1.019006889927631,0.08687546891289219,9.41104443770032,0.3402267243647933,326702.0,0.0
train,github,mog_adapted,0.6,0.8063727538235087,0.004918741285776064,0.7707135278514589,0.11998842248468175,0.5148826559816829,0.23304970475965953,0.4010955933685918,0.15302713405261567,1.0318056334287289,0.14898942615668995,0.3253595277938783,0.014513578016688027,0.20129102488884984,0.058875305758873904,0.9918922675239978,0.1037075676695445,8.850239708399943,0.18409988685478987,268902.0,0.0
train,github,mog_adapted,0.7,0.8043791070175443,0.006823349743443644,0.681183023872679,0.13532297438069402,0.42194237740889146,0.23720676137196592,0.3084126376327999,0.14075519927916047,1.0842037590152538,0.17618827201149972,0.30587664221677724,0.01331925380534157,0.13084091564838213,0.04156817872266719,0.9498320345379911,0.1259132974515555,8.251924670700088,0.2768886858723022,211102.0,0.0
train,github,mog_adapted,0.8,0.802034965101171,0.005121820803588117,0.5596206896551724,0.13303929415933544,0.3248616676206831,0.22301723725681163,0.21302935833713682,0.11651877838521763,1.1816625546923913,0.21865770294342052,0.29433871326149996,0.02466880483703438,0.07619781779258547,0.023095836795137294,0.876779287178082,0.15920577246582443,7.754434958400156,0.227598095639463,153302.0,0.0
train,github,mog_adapted,0.9,0.8004344307339778,0.007160464329034268,0.3632732095490716,0.07763397352216674,0.21390955924441898,0.18269408311106586,0.11046345628618628,0.0652424283432126,1.4018317491488932,0.2959249176537005,0.3028457834906904,0.010718123942237584,0.025004648004499214,0.009399070431926157,0.7220268045879186,0.2146422710851524,7.069169879100059,0.23003886769301438,95500.0,0.0
train,github,neuralsparse,0.1,0.8109592329352828,0.005865315534626685,0.9629840848806366,0.004052162462549179,0.8556573173058577,0.014296600729249999,0.7340395404514642,0.02053116007528017,1.0479427212892884,0.004158147261562167,0.49310015547335756,0.022103652952685224,0.47747307011351514,0.04476494054916486,0.9577408416282381,0.003204835639072605,11.572288600099995,0.355305696940125,557906.0,0.0
train,github,neuralsparse,0.2,0.8109248707942938,0.0057165138571558275,0.9115411140583554,0.0036446058776690307,0.6807670291929021,0.016746410793817158,0.5826084880954958,0.01801698494758448,1.100605268567214,0.004715429001887933,0.4224481370197018,0.010682289708463747,0.4087094647408338,0.03836771003955399,0.9141737571318203,0.0036297237678901673,11.113343570700186,0.25364334843292513,500104.0,0.0
train,github,neuralsparse,0.3,0.8074287554437973,0.006336678581953796,0.8569920424403182,0.0026662538641573667,0.524117534821599,0.011520561779173741,0.46855491000151595,0.015967808193819284,1.161792077475732,0.005590648976104017,0.38395771756755515,0.004704907976723478,0.3329024130058513,0.017891778462252577,0.8652848466828807,0.003929946761923589,10.202374737500088,0.15099960326480436,442304.0,0.0
train,github,neuralsparse,0.4,0.805149987330719,0.005959110984411627,0.8116631299734749,0.002416723994107686,0.42694142339248237,0.006743635717205264,0.3736343733775665,0.012953732688380556,1.2278560708823505,0.005905491999259854,0.34542777053715684,0.01062154522118653,0.24944877105141558,0.018826616939783727,0.8129302706059468,0.004231104611377655,9.672084483399896,0.20825963246188847,384504.0,0.0
train,github,neuralsparse,0.5,0.8014789103868365,0.007048816169685154,0.7724668435013262,0.0016060345361507188,0.3669147109330281,0.002589744078293243,0.28558122349861115,0.010149018589472642,1.3038730720530352,0.00591932939670585,0.32003773346808456,0.009758589780602168,0.20800109031852548,0.012712175044323955,0.7547720598828495,0.0039288867683679885,9.263436716600063,0.2832195984702477,326702.0,0.0
train,github,neuralsparse,0.6,0.7948780081637131,0.006251256362333347,0.7296206896551725,0.0017768605827176405,0.3166762068307575,0.0020551126545127565,0.21061096283175434,0.0077845747497896625,1.3952582690009285,0.005469429786672211,0.30853640476029043,0.0031691118893234266,0.1603334545246585,0.014597018676736686,0.6843665884137476,0.004107593360081889,8.598686895700212,0.2946556946707932,268902.0,0.0
train,github,neuralsparse,0.7,0.7911501203329264,0.006384971032004158,0.676209549071618,0.0008814680098820641,0.2662087387903072,0.0012585947827731367,0.1434216785548173,0.003876798225546451,1.5429592722562633,0.004245877168065976,0.2907657452877216,0.002893767429189953,0.13648004740986297,0.009182724977511325,0.5852778866443785,0.002903333045161295,7.897367220900162,0.33013647485242936,211102.0,0.0
train,github,neuralsparse,0.8,0.7854228655843901,0.004940065786885687,0.6104005305039788,0.0011934341778658422,0.22051135279526807,0.0017967731163911213,0.09260801283523155,0.0019535040599287135,1.770071883465923,0.004509037166663309,0.26826587649995143,0.0013323031516549785,0.06962488646292025,0.003925194471885946,0.4413594969084776,0.006436453192515027,7.496426608399991,0.3771652229837873,153302.0,0.0
train,github,neuralsparse,0.9,0.785767480380505,0.005404032134740267,0.4772970822281167,0.0011670719121801222,0.13959168097691282,0.0025316111655621924,0.04766249518650254,0.0008833671984076561,1.939772240992604,0.003218547287561619,0.27973555734308103,0.0005786939687867276,0.039046872794056206,0.000830036774266738,0.34165526203536845,0.005434601192456797,6.975758883300022,0.294687725925988,95500.0,0.0
train,github,nk_local_degree,0.1,0.8150613260934285,0.005377374356728718,0.999920424403183,0.0,0.9998091967181836,0.0,0.8744623134140193,1.8428736875346555e-05,1.0367667217083252,2.0047642216402904e-05,0.4983187046602602,0.0035231487194461427,0.4805717090824392,0.002769205258485686,0.9697447919719779,1.7038754349549292e-05,11.554207166800222,0.2712061687044412,557906.0,0.0
train,github,nk_local_degree,0.2,0.8135606785733426,0.005706759224390845,0.999920424403183,0.0,0.9998091967181836,0.0,0.780357821707282,1.1215372103269575e-05,1.0649628513373728,1.2398094959313396e-05,0.4399393823117821,0.006224963691951217,0.41647749314471005,0.013811674889327356,0.9464465766780122,1.2706152239738985e-05,10.795647579199976,0.24373687743853079,500104.0,0.0
train,github,nk_local_degree,0.3,0.809971276600798,0.005893921439486877,0.999920424403183,0.0,0.9998091967181836,0.0,0.6807313467560856,1.2539167207928032e-05,1.0976003507724936,1.0207518169627617e-05,0.41637510311843473,0.004557360128296421,0.45187774689214466,0.008978018390659304,0.9197742537671679,8.272954372760622e-06,10.356692375000204,0.29629639900057025,442304.0,0.0
train,github,nk_local_degree,0.4,0.8092325958576507,0.006922255560411966,0.999920424403183,0.0,0.9998091967181836,0.0,0.5948848489491836,1.1492336576379778e-05,1.1302384218319876,1.5853922252447485e-05,0.35560352618619373,0.008252161564499122,0.3269700259304252,0.016267792435958044,0.8939650028450872,1.3146446355668761e-05,9.88796961649997,0.2852445594314703,384504.0,0.0
train,github,nk_local_degree,0.5,0.8087019538737599,0.00650069471917047,0.999920424403183,0.0,0.9998091967181836,0.0,0.503303434894643,3.805384183512606e-05,1.1723457190172515,4.959071772772178e-05,0.3441035967224183,0.01719909836910012,0.32131824132404285,0.03338177626559557,0.8605015134604299,4.266486963836777e-05,9.262970350099796,0.1370464398444983,326702.0,0.0
train,github,nk_local_degree,0.6,0.8051257487511554,0.006166890262659527,0.999920424403183,0.0,0.9998091967181836,0.0,0.4022661301011527,0.00014124802771562866,1.229703669369513,0.00018744057529749316,0.29633713480755663,0.009356352336710142,0.266270681740571,0.026441835596323838,0.816238317793589,0.00014501915749559025,8.74975232920001,0.31080599291275046,268902.0,0.0
train,github,nk_local_degree,0.7,0.8020593653859309,0.006063355701557469,0.999920424403183,0.0,0.9998091967181836,0.0,0.3050330696884853,2.0257644587712026e-05,1.2859953791776495,4.043565795368204e-05,0.22670864397065715,0.0033649130163802762,0.16014584974544696,0.006689815396442832,0.7736727864237749,3.3719231019035194e-05,8.210300195799869,0.27398527804301914,211102.0,0.0
train,github,nk_local_degree,0.8,0.7964714613514619,0.006459464793715963,0.999920424403183,0.0,0.9998091967181836,0.0,0.21046821444973474,1.7554834091118583e-05,1.3356146849017325,5.0813975144121446e-05,0.1550435069318737,0.0016585617522698315,0.0635351026201394,0.003312701389292711,0.7396999553687216,3.560627250668549e-05,7.624253237600146,0.18309346139974653,153302.0,0.0
train,github,nk_local_degree,0.9,0.7859726091854969,0.005012538028790361,0.575790450928382,0.11505732963212513,0.7674871207784774,0.004779993518831288,0.12150980191480491,0.0005912373577428114,1.2386580928422348,0.0028083313643160303,0.2517594738851948,0.0008634525587913603,0.02921401879045669,0.000876734647170484,0.8236284519129937,0.0021422983468439303,6.965913437400014,0.23006225475006473,95500.0,0.0
train,github,nk_local_similarity,0.1,0.8141737647343955,0.007102814536776459,0.9955437665782494,0.0,0.9866437702728487,0.0,0.8863009125628467,0.0,0.9571722071777551,0.0,0.6446203185438609,0.0,0.7061271749822782,0.0,1.0303760535351345,0.0,11.378447804200073,0.2873670827632344,557906.0,0.0
train,github,nk_local_similarity,0.2,0.8118715969084654,0.005710644531977777,0.9943236074270556,0.0,0.9841633276092349,0.0,0.7997037961804916,4.08438230139029e-05,0.8835689517325062,2.063368539709167e-05,0.5795942179927784,0.004521068545553633,0.6304787143346384,0.006218707430818636,1.0882675574780083,1.3998241470295753e-05,10.844065808399886,0.3061264155476468,500104.0,0.0
train,github,nk_local_similarity,0.3,0.8103808510113726,0.005743880149113679,0.9937135278514588,0.0,0.9830185079183362,0.0,0.7217358194912228,0.0,0.811493203976022,2.682172264765145e-07,0.5102486479878475,0.0,0.48336079628105966,0.0,1.148089749120018,8.03459069592051e-07,10.547504162600422,0.25969682931782395,442304.0,0.0
train,github,nk_local_similarity,0.4,0.8101533451810031,0.00578308329266823,0.9926259946949603,0.0,0.9830185079183362,0.0,0.6405286440999586,6.0448670784396976e-05,0.7459122781519997,9.312611149947292e-05,0.46329457897627646,0.005043493418351741,0.4371113618260809,0.009749847894477465,1.2036646718356414,6.358505124618681e-05,10.046588520899855,0.29226506374777944,384504.0,0.0
train,github,nk_local_similarity,0.5,0.8097041271981219,0.005161252071934511,0.9922811671087534,0.0,0.9828277046365198,0.0,0.5600280731996915,9.725738928432935e-05,0.6831390491373331,0.00010120656870279919,0.4497338867090875,0.010060828598689883,0.3909604133075536,0.021310938994457296,1.2587201697448758,7.429001727936736e-05,9.311064204200102,0.12795498398280494,326702.0,0.0
train,github,nk_local_similarity,0.6,0.8086558870707783,0.006737908713407175,0.9910344827586208,0.0,0.9826369013547034,0.0,0.472352016963238,3.996828814159993e-05,0.6291839534057518,6.046302393652698e-05,0.4013207423972617,0.006013496389616297,0.3132199200743014,0.015502094372740853,1.3060223889560354,5.2584295238067314e-05,8.95587149999958,0.2313969188064845,268902.0,0.0
train,github,nk_local_similarity,0.7,0.8072345790810239,0.003714433705770831,0.9798408488063661,0.0,0.982064491509254,0.0,0.3731835264043545,5.7461682882086245e-06,0.5765073881644399,1.650633766554364e-05,0.3636960388538458,0.0037263903029388736,0.2432832223849783,0.0036269344591406357,1.3518769302557048,1.8185886063813975e-05,8.467485804099852,0.24151166162863805,211102.0,0.0
train,github,nk_local_similarity,0.8,0.807169361867596,0.004223534693979111,0.9499787798408488,0.00023915212461611703,0.9818736882274376,0.0,0.2686572132403344,9.55283761829632e-05,0.5201553139014026,0.00014099875118894943,0.3098257656819795,0.002703569965718651,0.12445839410198815,0.005140528168014746,1.4000692725393453,9.10529649252906e-05,7.75346136229989,0.25529247903773583,153302.0,0.0
train,github,nk_local_similarity,0.9,0.8030343766473637,0.004258710534964633,0.025395225464190978,0.0038327500007118453,0.8489028811295555,0.0028619785584921022,0.15456794805084967,0.0003225857652339604,0.4858154923416502,0.002305791625248721,0.3186674504146404,0.0006518847864751257,0.004678803573366412,0.00016969645115549493,1.4326304680604014,0.002042952425811771,7.144147737500293,0.21764919323581158,95500.0,0.0
train,github,original_ilp,0.1,0.8161551530821866,0.005011060382282889,0.9794880636604775,0.0003652074569596778,0.8726960503720663,0.0020407925139661644,0.9504032630786095,0.0021328165085398123,0.9118794633878613,0.00061051467610237,0.6899102307760121,0.014232709380607845,0.7587175795836743,0.01284371399547023,1.0691106029731263,0.0012206724043069145,11.608747233399836,0.24568514209967632,557906.0,0.0
train,github,original_ilp,0.2,0.8174336280234028,0.004041862402072939,0.9616419098143236,0.0011852177337424192,0.7924823506964319,0.003991393051705529,0.8972972962577586,0.0023113409874402414,0.849907049948941,0.0004877871009595122,0.5866260259293065,0.012402446702301981,0.6369902724133445,0.01846838136487907,1.1369992022755624,0.0005545157659559849,11.090510441599847,0.2803300060394443,500104.0,0.0
train,github,original_ilp,0.3,0.8166716523348461,0.004766439724146671,0.9503766578249337,0.0005900556852906912,0.752738027094066,0.0021006662426403264,0.8242458117592155,0.005216815595784731,0.814844508111983,0.000561183757331702,0.5452827919081986,0.014002541209972411,0.5726635878514724,0.019569840344153943,1.1780869587185034,0.0009093611920493097,10.536792395700033,0.11474094842136005,442304.0,0.0
train,github,original_ilp,0.4,0.8144335994846138,0.004906705638621292,0.9383474801061007,0.0006682443508225293,0.719709979011639,0.001064249858848906,0.7508945556584314,0.008809503092452741,0.7924193612665399,0.0004629879385438461,0.49008389874972347,0.007213882914305112,0.46182668138490834,0.017374421057474755,1.2036674803265632,0.0008262756100767447,10.062723112600178,0.2692674494415889,384504.0,0.0
train,github,original_ilp,0.5,0.8120754936041601,0.005442114938824575,0.9254641909814323,0.0010846179469634505,0.6853081473001336,0.002381519161903844,0.6656571176148132,0.010386645357556673,0.7681925324645261,0.0007668585440356381,0.4373033288573967,0.014626996449596289,0.3896275469329684,0.04018821785718942,1.22881330228797,0.0010551051330065044,9.631529716599877,0.21180126973985636,326702.0,0.0
train,github,original_ilp,0.6,0.8117329946216622,0.004441432996655194,0.9071167108753315,0.0013188742184097944,0.6453348597595878,0.0020467302411313914,0.5722711260975746,0.011488538278752278,0.7447953011417197,0.001002055665836435,0.3772262598471256,0.0059551265900967395,0.29825277597703503,0.020342305970469,1.2523609225801802,0.0014381286003295047,8.98465989580016,0.24409219682249353,268902.0,0.0
train,github,original_ilp,0.7,0.8100483986649761,0.004085715614399626,0.8777347480106101,0.003172622754715516,0.5974241556954779,0.004791193292651626,0.46339931427090714,0.012460298344041394,0.7118209276985655,0.0011287558724036703,0.32946678192494827,0.010556957238743097,0.22644946001070587,0.02527709556632641,1.2814788829554309,0.0016233709224031379,8.259889516599937,0.39246379399071324,211102.0,0.0
train,github,original_ilp,0.8,0.8076092310432482,0.003980213529185222,0.8133925729442971,0.0033342935901533722,0.5279336004579279,0.005615259866293221,0.3390773692303156,0.011823879908976976,0.6730392836074943,0.0009677079888233628,0.26880088344165437,0.00464470438641956,0.1268424508146055,0.009618471185664588,1.3138909786303898,0.0018970796205989133,7.57134796680028,0.25094086205900296,153302.0,0.0
train,github,original_ilp,0.9,0.8069275705012483,0.004426675209296118,0.5634854111405836,0.004573735403057777,0.40572409845449336,0.011013168070981145,0.18926175273086931,0.010449808907073905,0.6001462279896923,0.0032442660369411654,0.2455863698043547,0.0021143291186834843,0.00749382245526186,0.0016682887203835002,1.3746555530850366,0.003630171556343365,7.129634129400211,0.25240271668285025,95500.0,0.0
train,github,psgnn_reimpl,0.1,0.8075739365528836,0.0075281155203180935,0.9256604774535809,0.008594511932953568,0.8021560770845259,0.018089217811955032,0.5969749231759208,0.02728606134637942,1.0882736560173996,0.012672849099940833,0.45593651733053575,0.030630566972280796,0.4052899216083037,0.04738307097393752,0.9343946451713879,0.005793999479972932,11.722906412600242,0.42409361500138903,557906.0,0.0
train,github,psgnn_reimpl,0.2,0.8024569067498584,0.006422554628258274,0.8708275862068966,0.01151456954378147,0.6910704064109903,0.02540200142970592,0.4362259701836214,0.02849555444570381,1.15000802427458,0.018365383076795465,0.3979921275521593,0.017275929942335712,0.3175737111540575,0.039501585543756074,0.8908528529720634,0.007520833619387978,10.951233662400124,0.5113677541016685,500104.0,0.0
train,github,psgnn_reimpl,0.3,0.7972773697804759,0.006751691915227899,0.7956816976127321,0.016021594903715915,0.568631940469376,0.030190468580024946,0.3292574701172156,0.02409941756777731,1.2096945982701244,0.023142500855303488,0.3420254183972501,0.014692646486828236,0.23468313655834697,0.01665195604800822,0.8477040182149163,0.009674531716808576,10.084987900100055,0.3110188638706243,442304.0,0.0
train,github,psgnn_reimpl,0.4,0.7972855717108621,0.005024197495729728,0.6941114058355438,0.026241170160327124,0.4558290402594925,0.02890150158940887,0.2506673483963112,0.020328287691458544,1.270020819885671,0.025778958676576706,0.32588560073362943,0.0077323628071079105,0.1773826937000377,0.0139459915458028,0.8023725233723781,0.01176024439460668,9.728144833199996,0.2655217158536767,384504.0,0.0
train,github,psgnn_reimpl,0.5,0.8009541179819092,0.003548549633824234,0.5684933687002652,0.034187748913919035,0.36687655027666477,0.017464911350515977,0.18682194496818388,0.016271741554943767,1.3344395521899777,0.02813502910465578,0.3172689887274557,0.005177838274791282,0.1193010137588518,0.012819934741248314,0.7532825511545486,0.01403119215621223,9.143991208200124,0.1303592246268533,326702.0,0.0
train,github,psgnn_reimpl,0.6,0.8030778775535605,0.004977785330948858,0.43271352785145883,0.03242644316453343,0.29229154741461555,0.01089026434367924,0.13317353429565842,0.012432622479538701,1.401188802286772,0.02893492849716043,0.31556585942699467,0.0059401951667660486,0.06640403610570984,0.007326232530117483,0.7008597946095477,0.015288486708945897,8.636441579199925,0.13249474274739237,268902.0,0.0
train,github,psgnn_reimpl,0.7,0.8075955484683224,0.0034063861385179744,0.29702652519893896,0.02524449463037639,0.21203968708261783,0.013002667749052961,0.08775575741641448,0.008026686067687722,1.4698670029583136,0.030465824285768862,0.319087384662251,0.003569398828800016,0.03242986874444513,0.005351016972220938,0.6466316619869781,0.01782951599953153,8.255172575000085,0.21422874097094816,211102.0,0.0
train,github,psgnn_reimpl,0.8,0.8096589320114689,0.00449149200234391,0.16592572944297082,0.016327505235880065,0.08065254722381225,0.021306850591733158,0.05062809282296025,0.0046792334850668145,1.552750926362615,0.026562935693995173,0.32322578083207815,0.0026053739066127287,0.011717247219012626,0.0019077612308170434,0.581077049875195,0.016811635553945513,7.591702308200024,0.16559861078727625,153302.0,0.0
train,github,psgnn_reimpl,0.9,0.808723575663838,0.0039190990874367814,0.06546684350132626,0.005625558427523445,0.0018317115054378933,0.0011455261517440108,0.02231157210966735,0.001988153666043018,1.6571177594907542,0.027325875438264934,0.32915140157177114,0.000832550091571995,0.002461092572736104,0.0002798141409136739,0.49405590010351197,0.019152810563309253,6.920301866599971,0.1633707379491336,95500.0,0.0
train,github,ptdnet,0.1,0.8159171690337044,0.005660535118448025,0.9792440318302387,0.0006354063284553542,0.8695859568784583,0.002247288652808583,0.954131374989022,0.0011264953615012852,0.911009688897035,0.0018403702050031902,0.6896812617631918,0.022654666695687442,0.7569405766881317,0.03206437741536879,1.0713723952427079,0.0016063115375512507,11.589600133299864,0.20521640348166612,557906.0,0.0
train,github,ptdnet,0.2,0.8173730083551746,0.00485110009859921,0.960551724137931,0.0008962743961282615,0.7888570883419195,0.003041169955304939,0.9100019022575051,0.0018398697440708636,0.8502609362548206,0.0011421291875613815,0.5961068380956795,0.011641081145294246,0.6501108587069225,0.01630657436792093,1.1384670351704946,0.0015648831333626015,11.109658049899906,0.37216251167214687,500104.0,0.0
train,github,ptdnet,0.3,0.8166306599104178,0.005133554302889569,0.9510238726790451,0.0008315178623967273,0.7574890288112955,0.003036910611540631,0.8662530918780407,0.006636795470220152,0.8135965793304223,0.001526399520327456,0.5424575226485601,0.005359439476002317,0.5696059471963524,0.01463503077189603,1.1811703778449383,0.001937763690131891,10.602986766600008,0.1977980667577866,442304.0,0.0
train,github,ptdnet,0.4,0.8150147029246133,0.004795190639380366,0.9392015915119364,0.0004463893182493273,0.7231825987406983,0.0017482782724445678,0.8124440892757431,0.010833007466305007,0.7890013090291009,0.0010745298566947772,0.4936767596270896,0.021223649715123635,0.4788275829043817,0.05062542395856846,1.207556975581376,0.0006837004407709564,9.981161920899819,0.22859179381717576,384504.0,0.0
train,github,ptdnet,0.5,0.8133131972203076,0.005073360317668617,0.9254429708222812,0.0010165916829530926,0.6873879030719328,0.0033001552921091996,0.7462112191583375,0.013888221349482043,0.7631351917590388,0.0009155834756038155,0.4181550085333054,0.007813933410005053,0.33181528284512435,0.018052248360495394,1.2325392807915243,0.00044752067433079685,9.424989883400013,0.31333139903907997,326702.0,0.0
train,github,ptdnet,0.6,0.8118150177795688,0.005170054147651263,0.9045729442970822,0.001217156957003712,0.6432741843159702,0.002596296058602863,0.668682193743779,0.01646995479343095,0.7354215512594918,0.0013603675127588364,0.3680197811203163,0.011816117634992717,0.2770205761829784,0.0264309052790618,1.2552083404324694,0.0019399189406063097,8.699847378899864,0.26206044593599087,268902.0,0.0
train,github,ptdnet,0.7,0.8099481617681551,0.004943226485646801,0.8698222811671087,0.0035582686285625773,0.5894676588437322,0.003728347988023113,0.5717608006318545,0.020096483226387893,0.7021935908645195,0.0021004671448431518,0.3213649495845187,0.01040326792820864,0.2158172024713653,0.026017195055275947,1.276233216423072,0.0028783309613716556,8.126070683500098,0.4358188722130975,211102.0,0.0
train,github,ptdnet,0.8,0.8054976298697927,0.0034117698276556856,0.7905251989389921,0.007688879994867575,0.5013928639572601,0.007104444324274165,0.44862128802232554,0.02113900801779711,0.6659229433320479,0.0007666269884445389,0.2765082783914945,0.004085719624878432,0.14039117633651338,0.007356465453940911,1.290792497545127,0.0086751214231429,7.833480991899864,0.2535581394221589,153302.0,0.0
train,github,ptdnet,0.9,0.8064977834225043,0.0036213737550414445,0.46898143236074274,0.02709343946900817,0.3140812821980538,0.012724495242472423,0.2899945276427178,0.019916840306471756,0.6146888161567531,0.003985584195401778,0.2777986339672166,0.007148323361768862,0.01975644055602904,0.003835321134828295,1.272079125684217,0.03004231180783337,7.235243287299772,0.17965671150574528,95500.0,0.0
train,github,random,0.1,0.8141068996919227,0.005958997674522502,0.9840477453580903,0.00043588936527537496,0.8992940278572791,0.0029937136932603097,0.900355680342529,0.0011473200954368245,1.0000552199088804,0.0006646650349716643,0.5890512286375688,0.04454302703801735,0.6107114356753816,0.08805754166007229,1.00011993184996,0.000687873433958594,11.394285971000249,0.31754665403778304,557906.0,0.0
train,github,random,0.2,0.8130019268090243,0.004487398901243122,0.9646923076923077,0.0005880184530368781,0.7992749475290976,0.004813556682166117,0.799815615746407,0.001478697475265306,0.9998277890290652,0.0010484994229584379,0.5064544495666736,0.04032569047128994,0.5221598645175785,0.08906809623103976,1.0001644173089776,0.0008658557414757763,10.9735057916001,0.30922378324780936,500104.0,0.0
train,github,random,0.3,0.810588893650095,0.00457855320985075,0.9413819628647214,0.0011295603699774228,0.7004960885327227,0.006159824229547681,0.6996657300611385,0.0013455648231333335,0.9993889474785058,0.001141082073492223,0.45919837059974655,0.025733525605922503,0.46094696172878435,0.06107337666766072,1.0006463053696968,0.0008761150719139152,10.386303054300186,0.17495904456669767,442304.0,0.0
train,github,random,0.4,0.8102412153641015,0.0057820647829585955,0.9114694960212202,0.0015548986247265809,0.6001335622972716,0.008584050945224771,0.5994765885708148,0.0015182565326175958,0.9993265052773503,0.0021768450848678577,0.4145350098584718,0.021336200085847058,0.40393246019158885,0.03965543532748093,1.0006918968579377,0.001664382972615134,9.921215225100031,0.1779275378416258,384504.0,0.0
train,github,random,0.5,0.8077100835689739,0.005903081024747788,0.873106100795756,0.0015532008359629517,0.4996565540927304,0.0077473599181134885,0.49897696934959834,0.00129300643113703,0.9996825282723698,0.0023349758855368418,0.36675669901862007,0.009783510747516808,0.3256191524203389,0.030995531771329646,1.0003275574326524,0.001859091949630289,9.401333216500143,0.2205412600022416,326702.0,0.0
train,github,random,0.6,0.8061712015786819,0.006447499637094861,0.8219787798408488,0.001087799094812726,0.3988933409654646,0.005596318044984346,0.3989317658111443,0.0011237752478932188,1.0004485939650338,0.002183661088211046,0.3367908722319569,0.00754808158615346,0.26615686913292,0.02282020660667024,0.9999192211660615,0.0019109968089556103,8.943464416700094,0.23605971725334968,268902.0,0.0
train,github,random,0.7,0.8054183185395578,0.005773371709736638,0.7499787798408488,0.0017576066430466794,0.2992177065445526,0.005001327334344733,0.29953368827117927,0.002010509909128739,1.0007486817924502,0.003118159446757259,0.3092911993658836,0.00538156919865254,0.18626070765054586,0.018582635319206463,0.9996541950780186,0.002600361407330634,8.297486466800065,0.27346350240000894,211102.0,0.0
train,github,random,0.8,0.8044297878864661,0.004181484179753678,0.6391750663129974,0.0020152732159349866,0.20030528525090632,0.0027967130201101945,0.19994290041548773,0.0016862173023344097,1.0007241702932996,0.0036498437985092993,0.29579738387532184,0.004505241834376901,0.11532112045696793,0.00894972979366261,0.9996604985401785,0.002641057026406265,7.6526615999999255,0.30295900335768833,153302.0,0.0
train,github,random,0.9,0.804954053123206,0.004514577562778869,0.4435623342175067,0.0025072214588210645,0.09986643770272849,0.0027462124563950117,0.0997418632266623,0.0007392804170983217,0.9995156692164981,0.006320131944661318,0.2867391449463818,0.002081939748490535,0.026651443857957924,0.0019266194626320588,1.0006727257544084,0.005215861013624077,6.857633166500165,0.37943236055171337,95500.0,0.0
train,github,resistance_proxy,0.1,0.8048883375659454,0.0053738270901945336,0.6438992042440318,0.0,0.0,0.0,0.8152241140155752,0.0,1.0613475484386103,0.0,0.44539709027287666,0.0,0.41300934112239307,0.0,0.9552938560187364,0.0,11.471080283200127,0.19364096752891372,557906.0,0.0
train,github,resistance_proxy,0.2,0.8064410975934362,0.007341822062103919,0.5006366047745358,0.0,0.0,0.0,0.6619956216160098,0.0,1.0899892703743956,0.0,0.40805334906923435,0.0,0.2901762606670948,0.0,0.9318799158080179,0.0,10.900260629299783,0.39034607849591363,500104.0,0.0
train,github,resistance_proxy,0.3,0.8060226393339647,0.002942578830710317,0.3962334217506631,0.0,0.0,0.0,0.5329272928732658,0.0,1.1167616658544366,0.0,0.3667726890705456,0.0,0.13246470939206112,0.0,0.9098200616433317,0.0,10.375517262500079,0.27501608430813596,442304.0,0.0
train,github,resistance_proxy,0.4,0.8073188116870738,0.005037246592929768,0.3056763925729443,0.0,0.0,0.0,0.41550485296362283,0.0,1.144665636983368,0.0,0.35597541875080685,0.0,0.08328371320215604,0.0,0.8860387946997775,0.0,9.54146147089973,0.40038443241023547,384504.0,0.0
train,github,resistance_proxy,0.5,0.8077009040123906,0.004522470917189793,0.23527851458885946,0.0,0.0,0.0,0.3152479059918396,0.0,1.1777765746222428,0.0,0.3432473159448378,0.0,0.04865553407216799,0.0,0.8586586771808593,0.0,9.000606825,0.3052344265767069,326702.0,0.0
train,github,resistance_proxy,0.6,0.8076798164422551,0.004078165472755851,0.17464190981432362,0.0,0.0,0.0,0.225839836053548,0.0,1.223455255049308,0.0,0.3387503844795281,0.0,0.028398648490868716,0.0,0.819378807264058,0.0,8.58897175030005,0.17926692033479644,268902.0,0.0
train,github,resistance_proxy,0.7,0.8068626888570156,0.004622346368240759,0.12644562334217507,0.0,0.0,0.0,0.14785163667682633,0.0,1.2911030151290763,0.0,0.337669587706775,0.0,0.0155846524580325,0.0,0.7624134776591239,0.0,8.042662737600006,0.2648242766387734,211102.0,0.0
train,github,resistance_proxy,0.8,0.8081187159437887,0.004549539113318431,0.08408488063660477,0.0,0.0,0.0,0.08469737333164401,0.0,1.3940622424466347,0.0,0.3330310144673702,0.0,0.007444134399385965,0.0,0.6833005977650068,0.0,7.4435768957998905,0.19669909623739473,153302.0,0.0
train,github,resistance_proxy,0.9,0.8084981956030024,0.004277443247774572,0.04488063660477454,0.0,0.0,0.0,0.03541349443936857,0.0,1.5324110054944593,0.0,0.33192038939628454,0.0,0.001718284990916697,0.0,0.5666073065083369,0.0,6.890010549999886,0.19720521363487117,95500.0,0.0
train,github,task_only,0.1,0.8111092159191695,0.008823281230055139,0.8909363395225464,0.09551631451926283,0.547471856515932,0.41468691720141554,0.8357430043610462,0.07558973770852544,1.0305682402763812,0.047378248517029785,0.4971121976091727,0.07468257760052549,0.5001814389193786,0.11310846353610517,0.9783871856215519,0.037488729938586575,11.69338759590006,0.5641136276792512,557906.0,0.0
train,github,task_only,0.2,0.8091491215365847,0.007941340853669635,0.8300450928381963,0.15877362967823763,0.49299751955733634,0.4291929603637796,0.7225137981732297,0.1079782149976259,1.0380415131768732,0.07231350874553263,0.45155908351826246,0.06975530389502302,0.4031931456729031,0.1281086780726018,0.9722726879548806,0.06073864755621718,11.459110183299941,0.6913754123916566,500104.0,0.0
train,github,task_only,0.3,0.8100257036787897,0.007624781557126273,0.7990981432360742,0.19575568542579241,0.48498378172104556,0.424278619753275,0.6356621138429395,0.1252077452263848,1.036139760484033,0.0908943226381565,0.42152940208865725,0.05989510383763026,0.3504552730505239,0.12685552007673223,0.9757850033591092,0.07842925215431747,10.762751795800023,0.7831031432676174,442304.0,0.0
train,github,task_only,0.4,0.8098180989449911,0.008034570077451448,0.7794031830238727,0.22072305259279493,0.4792406029383705,0.42040318330691356,0.5572611337282111,0.13511926115406794,1.03224261964897,0.11004727913932424,0.40350472634809,0.05661226979503646,0.31837842811821443,0.12949351292000558,0.9803661004352264,0.09606630346716791,10.042568774900001,0.7387458429637691,384504.0,0.0
train,github,task_only,0.5,0.809916268914247,0.00737962084199754,0.7646445623342175,0.24177784857217471,0.4740889143293264,0.4174736278128775,0.48258469681434474,0.13633812229491477,1.0217116112969913,0.12265976211775691,0.39436478457073887,0.03958028382439881,0.2994502133137945,0.1290805568966794,0.990287713210207,0.10788509315450978,9.559836833400038,0.5415067010682862,326702.0,0.0
train,github,task_only,0.6,0.8081175300343079,0.005759065285321086,0.7489496021220159,0.2602393314089165,0.47063537492844876,0.41599457588620914,0.4056278544977149,0.13400412861054936,1.0081489992769632,0.14872769478784856,0.36843823111753177,0.026317393608459083,0.26190497186988904,0.11763032577794529,1.004077854560553,0.13080221785794524,8.871286666700081,0.24454655565266917,268902.0,0.0
train,github,task_only,0.7,0.8070192994633828,0.007022147025488108,0.7179283819628648,0.2744749863784347,0.46727723716847935,0.415343952840216,0.3201691564619662,0.12652325210584467,0.9963487803267166,0.19200306394919484,0.3301857416384884,0.015390559438252013,0.1994292637779769,0.083228112075353,1.016090888279434,0.16904299598976735,8.364127179099967,0.7416828293765563,211102.0,0.0
train,github,task_only,0.8,0.8054332418190379,0.0062982850266850325,0.6490954907161803,0.2725304616191673,0.4593779813012784,0.4120077510470345,0.22652978656664283,0.10297548188522457,0.9841339120428737,0.24395238401202643,0.27630660370710697,0.05931244480927275,0.08180516065279228,0.03838664388866881,1.0280738002523127,0.21406473644487256,7.855902920700027,0.5634936780817441,153302.0,0.0
train,github,task_only,0.9,0.8022960035715935,0.004168215829491819,0.41358620689655173,0.15890077744874742,0.42104560198435415,0.3827934018099446,0.12408878934995946,0.06449305116791372,0.9538099068014174,0.3516982039889186,0.28369849521810536,0.03849835692610459,0.016707563240685036,0.012786724183149207,1.0580575613070151,0.30645815295059947,7.147692237499956,0.6056510266232515,95500.0,0.0
train,github,w_balanced,0.1,0.8154362637740048,0.0063149484684040455,0.9609204244031829,0.07020321403660074,0.8347071169624117,0.24196544569053868,0.9479170620917676,0.030920236819410543,0.9729957172395922,0.029369189487643967,0.5917502572781554,0.08420010495797722,0.5907128701577256,0.11650413490386663,1.0286434060909802,0.02677535957722318,11.025720754199945,0.5229963679235514,557906.0,0.0
train,github,w_balanced,0.2,0.8142720489998501,0.006576084359441341,0.943289124668435,0.11922843534448295,0.8189849265407364,0.27748408800011204,0.8836921858814382,0.06703278378284247,0.9527448969671408,0.05192772153424409,0.502597955632665,0.06954081501961078,0.4452671821061413,0.10418106912660031,1.0494107366951135,0.047089215555777525,10.766127833400017,0.5667825146889756,500104.0,0.0
train,github,w_balanced,0.3,0.8128305306589307,0.007320747008362038,0.92842175066313,0.15337029583141668,0.8022896393817973,0.28543411080941367,0.8097627988334745,0.09733080374913718,0.9347027742203805,0.07180315065732842,0.5028161784076015,0.06848652722757952,0.4607332802002556,0.10781686126409497,1.0671017133741092,0.06549633863317209,10.123967516600104,0.9954183057977598,442304.0,0.0
train,github,w_balanced,0.4,0.8117241546531057,0.006782898191977879,0.9143023872679045,0.18420981914954482,0.7900973096737264,0.28823770812389027,0.729688093939566,0.11955965033537631,0.9155496640196293,0.09522169519548701,0.47151701209082164,0.07257904164587202,0.40846989793802235,0.12376587959351064,1.0854655043811785,0.08765247017278117,9.5248248958,0.7687646072679291,384504.0,0.0
train,github,w_balanced,0.5,0.8131770999063829,0.0055372780636688745,0.8951618037135278,0.2256939659588509,0.7773325701202061,0.29082972862863515,0.6391118664084138,0.1288182129025065,0.8969194084592992,0.11742140446515777,0.3992289649750981,0.05219291551961448,0.2959820814941725,0.10167438456491103,1.1031734350885514,0.10888171479026053,8.797153491900012,0.695440925423077,326702.0,0.0
train,github,w_balanced,0.6,0.812507562424815,0.003237031815947162,0.8756047745358091,0.2505910584125758,0.7507727532913566,0.3028061214067383,0.5415350203090491,0.12422929808208892,0.876324084401948,0.14323570728616758,0.36797296766505355,0.05179279429212329,0.2672467872616159,0.12614665196708683,1.122131213279176,0.13292298403336564,8.59099452100001,0.8562344225518187,268902.0,0.0
train,github,w_balanced,0.7,0.810692975106709,0.004082097149732006,0.8477506631299734,0.2662217914655594,0.71450104941805,0.3009524336692715,0.43459031163964656,0.11234561033820199,0.8565205191086299,0.17436752619396978,0.31299510858662505,0.0295934555418848,0.20258724486127613,0.10020326115522217,1.1400037524755873,0.16006263713425156,7.844232974800053,0.5411763834462174,211102.0,0.0
train,github,w_balanced,0.8,0.8084350303191297,0.004057703134682562,0.7827135278514589,0.2660765442386298,0.6623926731539782,0.31667359838447656,0.31739745871108516,0.09028144904602199,0.8210779649482196,0.21971754360350054,0.22624576317646214,0.046053258966001084,0.0561292813262194,0.029990742533288362,1.1729072553032958,0.19675105822853434,7.076595441500044,0.5011579162383256,153302.0,0.0
train,github,w_balanced,0.9,0.8030189991283493,0.004547045683270607,0.49541379310344824,0.16153756112619316,0.5098454493417287,0.2873380080697659,0.1816532639692233,0.05950087870953261,0.757104329412227,0.28016265470029367,0.2510448433601345,0.03143320794476849,0.00591879697169841,0.003992083029110275,1.2298980236283719,0.24578449708976158,6.606658674900027,0.5481983265957763,95500.0,0.0
train,github,w_reduced_proxy,0.1,0.8150548133782423,0.006717288061669515,0.9624615384615385,0.06676069773387239,0.8365388284678497,0.2446278657938661,0.9473793765194938,0.03231402471925371,0.9731168192906068,0.030432105336018155,0.5825547852683417,0.06843219762551854,0.5796016496545783,0.09221593932236664,1.0285528058281528,0.027624189103618687,11.176019145799916,0.7099357460833706,557906.0,0.0
train,github,w_reduced_proxy,0.2,0.8137627309468554,0.0068372279770158905,0.9435013262599469,0.11951860557581971,0.8197481396680022,0.2828502048328543,0.8819149685252938,0.07139937770105131,0.9534345629728194,0.0533317326351927,0.5207003192348797,0.08446520311257757,0.47338844841061806,0.11928396023929755,1.048696899411493,0.04823009101395835,10.786247458299949,0.8408224563490593,500104.0,0.0
train,github,w_reduced_proxy,0.3,0.812687053654406,0.007858362493090089,0.9286896551724138,0.15318315130585694,0.8037969853081472,0.29128510929367346,0.8071041102183589,0.10343966361573541,0.9362962328387232,0.07380917304754366,0.5150022293786087,0.0764958589432791,0.4800884563274369,0.13030814069303015,1.0655527804238107,0.06726066215003017,10.110401933299988,0.7043518994323842,442304.0,0.0
train,github,w_reduced_proxy,0.4,0.8115440984400586,0.007534948067281446,0.9158488063660478,0.18106805825824052,0.7931310818546079,0.29408556861072793,0.728226112593715,0.12420666735180338,0.916709002179414,0.09842735837284705,0.4745628222049474,0.07256389890376597,0.41804153716431075,0.1251653037851445,1.0844904341089274,0.09009380371832129,9.31010458749995,0.728167005993462,384504.0,0.0
train,github,w_reduced_proxy,0.5,0.8118320576215833,0.006095835809461044,0.8962440318302388,0.22621747092597308,0.7850410227055905,0.2961484830553482,0.6389881511439968,0.1311871529436664,0.8980547699071071,0.11861803907229126,0.4159419760506455,0.05713016034697816,0.3311791459811291,0.11868828917948354,1.102164845745899,0.10975250387610676,8.907631395700013,0.8603268673358138,326702.0,0.0
train,github,w_reduced_proxy,0.6,0.81237556992671,0.003966505909834243,0.8765729442970823,0.24903575945088646,0.7596069452394582,0.3040726922308955,0.5414565086989384,0.1269814976713495,0.876218534714004,0.14726368673696766,0.369633530633756,0.055395421677785765,0.2762998895668063,0.13505647608254734,1.1224383842555155,0.13572775508765103,8.322741370799928,0.5245941529860263,268902.0,0.0
train,github,w_reduced_proxy,0.7,0.8100318595039013,0.004124824274565148,0.8485570291777188,0.2673370341885628,0.721217324937989,0.3003443321838322,0.43391344639490353,0.11415162078184107,0.8545471096046409,0.17953065017834322,0.30335761801212685,0.029078576287676253,0.18615646739245453,0.09352455203306251,1.1420920667200656,0.16396177192862507,7.909353000099952,0.7315459252641575,211102.0,0.0
train,github,w_reduced_proxy,0.8,0.806629793736694,0.004408555164103933,0.7821724137931034,0.266224701719955,0.6767792406029384,0.3017889801434465,0.3161448416588629,0.09209119875357438,0.8230244143303691,0.22347238740622766,0.22809654317457154,0.044532405083434944,0.057303472832256744,0.030790603351354088,1.171572541114392,0.1995568123771865,7.1282092709000775,0.5803382456135684,153302.0,0.0
train,github,w_reduced_proxy,0.9,0.8030929942208728,0.004007915761160398,0.4898249336870027,0.16193784751013648,0.5095020034344591,0.26853504196467193,0.18358869411543938,0.0590903639577411,0.7603045201474419,0.28487228892212496,0.25174378565794847,0.03170405701107332,0.0058338266278534666,0.004193934177626066,1.2271744016617407,0.24770403867993115,6.561978570699989,0.5675972863438778,95500.0,0.0
train,github,w_structure_focused,0.1,0.814783176218554,0.006321561603592366,0.9629442970822281,0.06679718430486434,0.8339629841633276,0.24343085527648645,0.9472925379204318,0.032063294322836104,0.9715127124912923,0.029838300581212427,0.5717267299755308,0.061753782693109396,0.5563485298709456,0.08639190785081449,1.0303289541777547,0.027011103353478602,11.408094112600043,0.4852278229352876,557906.0,0.0
train,github,w_structure_focused,0.2,0.8135311081303007,0.00718620273558925,0.9434668435013263,0.11999278089093761,0.8174012593016601,0.2812383129530735,0.8817448600367204,0.07191139519723844,0.951861046263341,0.05330231616475587,0.5367485310697485,0.06965854905286534,0.5046656878641127,0.10093793297103898,1.0504427099481168,0.048330805499183414,10.815952112399975,0.41759726264580893,500104.0,0.0
train,github,w_structure_focused,0.3,0.8124300784907877,0.007529843949818667,0.9290265251989389,0.15298320590432996,0.8009349360809006,0.2895760398292275,0.8078737619114147,0.10408683144554444,0.9333464843968964,0.07441051060647469,0.5135621086055624,0.07470893825556478,0.471716053157317,0.11932090601485441,1.0684432806463158,0.068047341124171,10.217403183200043,0.5451722740505525,442304.0,0.0
train,github,w_structure_focused,0.4,0.8113936780340738,0.007768846899916421,0.9150742705570292,0.18399494352942244,0.7900400686891815,0.292778242080165,0.7273886554192,0.12449310298297919,0.9158490610868801,0.09740351006497334,0.4617133990956603,0.0643094727025912,0.40088398194373587,0.11964598012738409,1.0852844413594345,0.0896046282063543,9.477349208400005,0.7400145353633267,384504.0,0.0
train,github,w_structure_focused,0.5,0.8126828722092778,0.005868249298159523,0.8961246684350133,0.2255940855866183,0.7785346307956497,0.294851695157172,0.6375880274303543,0.13144781853139703,0.8978441395227155,0.11882495306018022,0.3969510028561339,0.05380048960994772,0.30511559227259105,0.10577095855325007,1.1024705348571868,0.11010664871967947,8.88743505409999,0.7839235288694788,326702.0,0.0
train,github,w_structure_focused,0.6,0.8119160948351919,0.003906363709334665,0.8789602122015916,0.24738210734484506,0.7598359091776379,0.29826272681386556,0.5398137127358624,0.12626914375575224,0.8764057320792895,0.14587137011718032,0.3795807309640699,0.05185448061974839,0.292933500832104,0.1267701040737248,1.1220218841130785,0.13478406691299172,8.587502066899976,0.7656330599717128,268902.0,0.0
train,github,w_structure_focused,0.7,0.8104528177718331,0.004569944045405991,0.8509124668435014,0.2639161541908178,0.7185079183361954,0.2975044903929041,0.4338170912370403,0.11308967797962544,0.8546338559832203,0.17779769092290587,0.30294834822923744,0.03466632409192623,0.19392695568218998,0.0982487280857992,1.1418711943419706,0.16262165371030451,7.7436412415000175,0.6368554529213539,211102.0,0.0
train,github,w_structure_focused,0.8,0.8079117779756999,0.003751953806066067,0.7833262599469496,0.2638253121508078,0.6311390955924442,0.3169577065954929,0.31586767188377485,0.08921010834990402,0.8195403308373056,0.22266514191239814,0.22564376269406766,0.04543120149063027,0.055856923321283315,0.03179366691712175,1.1750077999862552,0.1990961828577353,7.569810587600029,0.8499889240825719,153302.0,0.0
train,github,w_structure_focused,0.9,0.8028491974900414,0.004915852499669631,0.4983819628647215,0.16211522245176502,0.5004579278763595,0.29273031301899205,0.17969404242600395,0.05684455859795407,0.7552368744345949,0.28450696975570244,0.24938186937405432,0.030787058702460388,0.0054236366464905945,0.0033094137728523374,1.2342009321203968,0.24861724435841237,6.732901887600008,0.49141540927362437,95500.0,0.0
train,github,w_task_focused,0.1,0.8122309245428259,0.0055841086433287305,0.9118753315649867,0.07085596562326191,0.6200915855752719,0.2440028006038149,0.8930196030765705,0.07690231314559863,1.0062143578074227,0.046431522037287995,0.5180812814324554,0.06152603136488869,0.5096883862183073,0.06989478961758197,1.0014432030563514,0.04083235681168222,11.28475677500002,1.1673593029293456,557906.0,0.0
train,github,w_task_focused,0.2,0.8102979407171895,0.006640202851098012,0.8721591511936339,0.125484606433397,0.5803091013165427,0.2820423938920915,0.8041991806442595,0.11745432486065702,1.003278589932684,0.07595110571409713,0.4759622669114587,0.08793973286820847,0.4263383619168343,0.12453371812606824,1.0065800034081342,0.06713662213043115,10.860577712499971,0.9385081346787869,500104.0,0.0
train,github,w_task_focused,0.3,0.8095462252943555,0.006725926739975282,0.835342175066313,0.17741216451049263,0.5295745086815493,0.3333324322862798,0.7139512743917524,0.14647753687996168,1.0024241965123628,0.10393921005656172,0.452577140600449,0.08840489167205702,0.38337772666067177,0.14537126839868245,1.0086396072581105,0.09210550708884986,10.190720704299919,0.8538705338565311,442304.0,0.0
train,github,w_task_focused,0.4,0.8084429871177828,0.0076996692085093636,0.8054190981432361,0.21705093481619472,0.5096928067162756,0.34847979094781867,0.621240958549407,0.16352317773386887,1.0059566620168305,0.1324807158413162,0.4103078265420087,0.07742416316541316,0.30825871191654775,0.13747109471436608,1.0061992131185389,0.11728669789983154,9.984508549900012,1.5210152968611357,384504.0,0.0
train,github,w_task_focused,0.5,0.8088827712087652,0.006233382651808662,0.7738037135278515,0.253637756396677,0.4904025949246327,0.34796299506484357,0.5288756179636087,0.16945077371184147,1.0140170154031256,0.1659675896461426,0.3697793986441055,0.05413935865410569,0.2481267713370165,0.11889381810756866,1.000512176600613,0.14593170401752242,9.14978587509999,0.7303102441399698,326702.0,0.0
train,github,w_task_focused,0.6,0.8083063439262853,0.007733990653297632,0.7476498673740053,0.2778440580950928,0.4741461553138714,0.34846651074051543,0.4379187280804041,0.1600758602475775,1.0219032067277443,0.21188423881083138,0.3502424194096393,0.051818630561253506,0.2181970736421242,0.13429313893267344,0.9955468205783001,0.184105359513758,8.49624954580003,0.7552960281417355,268902.0,0.0
train,github,w_task_focused,0.7,0.8078533058037667,0.006339006730952224,0.7166419098143236,0.2834142796243937,0.4413279908414425,0.32268518794032863,0.3475590022619817,0.13930676497588423,1.0221300839479834,0.24994541653201127,0.3136267753708288,0.02427319844529776,0.16180676112669462,0.09755418325628294,0.9981490464513815,0.21601292250289134,7.695705533500009,0.5560745441495318,211102.0,0.0
train,github,w_task_focused,0.8,0.8052209937653206,0.007276758923444815,0.6499840848806366,0.2761174301542197,0.3718374356038924,0.28241339114728425,0.25054839141129487,0.11095087878006696,1.0139339669740641,0.29844456696276594,0.2614447751047987,0.05265869687599553,0.05557174950399143,0.03171525637415097,1.0093066031667797,0.25485442126901076,6.941837329199984,0.6792977589712157,153302.0,0.0
train,github,w_task_focused,0.9,0.8012250706208721,0.007717614751782665,0.4360822281167109,0.17116197853936077,0.2658462125548559,0.1882544045285737,0.14349186317597695,0.07391359677663334,0.9963073327174381,0.3848229222004964,0.27130974183326273,0.035916739449725156,0.011328806392624418,0.009196379208272905,1.0303955859680223,0.3230228991896039,6.551595287599961,0.5966383746675793,95500.0,0.0
train,lastfm,cilp_full,0.1,0.7908265593826871,0.022720821037469384,0.9752098635886673,0.04741584794988051,0.940746500777605,0.12755696118832718,0.968181811140496,0.06079515909645604,0.9923955975535563,0.027007568951531224,0.8583799147640466,0.05934408919535992,0.8322433366390001,0.07095143293937582,1.0024789497015312,0.003552596834827879,4.741861558300001,0.4934676139160903,57674.0,0.0
train,lastfm,cilp_full,0.2,0.7873976565556078,0.026709858245814632,0.9539874081846801,0.0799283787065019,0.9158631415241058,0.17119541700994761,0.9409090840661157,0.1304262973342169,0.9896464916074551,0.033088612973408545,0.8073378588669948,0.08253068996776283,0.7501129482364972,0.1043197609950052,1.0036394378997644,0.004704105902088911,4.696179966600021,0.8217702264626838,52114.0,0.0
train,lastfm,cilp_full,0.3,0.7752079705782764,0.03526484297021531,0.934601259181532,0.10840568640433164,0.8992223950233281,0.2003320417696511,0.9227272660165291,0.17014281135204984,0.990018454997311,0.03590415908301373,0.7700217819207505,0.09094065584822955,0.6970765922167035,0.12931487000754094,1.003705951171952,0.005781016019689002,4.379450366700018,0.443054325556469,46552.0,0.0
train,lastfm,cilp_full,0.4,0.7748549366400087,0.039587701519232396,0.9113982161594963,0.1345874865907617,0.8811301192327632,0.22478973850301515,0.9136363569917355,0.18612327305942997,0.9986398716147284,0.056664695191236396,0.7248845791217778,0.10375577199131368,0.6223656419726423,0.16941726781751024,1.0021491115464225,0.007373130398478931,4.076489287399996,0.5576268155096067,40992.0,0.0
train,lastfm,cilp_full,0.5,0.7851384662385719,0.03414826994213029,0.8756164742917104,0.15446421900987542,0.8598237428719544,0.23483857209849573,0.8772727208925619,0.21751792776360415,1.0110321096367039,0.10606732970962694,0.6592835656365544,0.07755116361698892,0.5241813899924379,0.14508058590877987,1.000136885650281,0.010970811608743294,4.599253145899988,0.7850442508151635,35430.0,0.0
train,lastfm,cilp_full,0.6,0.7545327823270827,0.043053870485407666,0.8178121720881426,0.16069106802990904,0.8356143079315708,0.24029215658825318,0.8727272663801653,0.22144031240704148,1.041368521820147,0.18456910433244975,0.5811513577454989,0.04275284798272949,0.37344886884799766,0.11816028376050743,0.9976941741386918,0.013210338241842772,4.0591283709000106,0.5536317563586962,29868.0,0.0
train,lastfm,cilp_full,0.7,0.7311985969058096,0.04520564198521092,0.6833158447009444,0.12251687601196959,0.7901503369621565,0.2398237565928494,0.8136363577190083,0.23903886036166155,1.0750537628191799,0.3195943831441491,0.5025298289745521,0.0339178353001762,0.19544610200416185,0.09101236959908679,0.9952166359906871,0.01979075820690899,4.0694989751000445,0.5709849666161514,24308.0,0.0
train,lastfm,cilp_full,0.8,0.6925806119473678,0.043980542706933703,0.3823583420776495,0.0785258448360577,0.7010886469673406,0.22971178381141227,0.7409090855206613,0.253578609299131,1.1494167422418913,0.7031965782440781,0.48069273803021717,0.020203310857124943,0.06689700342197473,0.036475219824792515,0.9920276245280594,0.03905482766516972,4.042499324900004,0.5498085229477379,18746.0,0.0
train,lastfm,cilp_full,0.9,0.6076118035524454,0.05714700150004819,0.09971143756558237,0.07934340222780753,0.49103162260238464,0.16796317274134573,0.5636363595371902,0.21661898025078943,1.0908532285582884,0.8209005335919334,0.4778920856250578,0.007422867028353035,0.01637856883351015,0.011823768796353837,0.9814933044451355,0.06566517776794907,3.5595687791000117,0.4583039637188092,13186.0,0.0
train,lastfm,dir_00,0.1,0.7918324739657556,0.028057952264768662,0.976495278069255,0.04755319622470684,0.9410575427682737,0.12982390800455973,0.968181811140496,0.07122823750345016,0.9923505055761851,0.024761582056408514,0.8540204269012186,0.05289573295600573,0.8138864296392766,0.06351665582974407,1.002513780405852,0.0034925317312096433,4.5513651502001204,0.33275833881499184,57674.0,0.0
train,lastfm,dir_00,0.2,0.7929183795415173,0.03139865386439588,0.9570435466946485,0.07975051872753795,0.9179367547952306,0.17318827371527148,0.9363636295537191,0.1440589604553859,0.9888650389188853,0.026183137280061403,0.8170794656258739,0.08098090717518268,0.7636231423756246,0.09646309224636314,1.003982044507514,0.0037454759211284355,4.15728767510006,0.5003264392039816,52114.0,0.0
train,lastfm,dir_00,0.3,0.7738395198612584,0.04254462754407797,0.9391133263378804,0.10819842812931832,0.9015033696215656,0.2051117827841998,0.9227272660165291,0.18562924890199062,0.9884314793469313,0.03540505000021868,0.7654576977843963,0.09099242195875942,0.6775926247969151,0.12470075901631607,1.0045886233000985,0.004751575672803466,4.120287541600005,0.5415197268784503,46552.0,0.0
train,lastfm,dir_00,0.4,0.7700057394338634,0.038216559435333496,0.9181663168940188,0.13444214034165616,0.8877138413685847,0.22724497845586775,0.9045454479669421,0.21793967886782445,0.9966532230940868,0.049985486488243226,0.7247267117504886,0.0974466615200756,0.6262055922555718,0.1566796787282685,1.0031916410634112,0.00650408987825843,4.375483633299878,0.34951785982147465,40992.0,0.0
train,lastfm,dir_00,0.5,0.7821326145623306,0.03644749991124309,0.8880508919202519,0.15591941203103632,0.8725246241575946,0.24116144259048466,0.8999999934545455,0.21619465275175975,1.0128534179316775,0.09686222759705439,0.671053970270852,0.0845926310020699,0.5332182102526482,0.16035134538630114,1.0011013876275825,0.00992216041212346,3.6852924374999234,0.5453271158480798,35430.0,0.0
train,lastfm,dir_00,0.6,0.7556787914723746,0.05148781012891407,0.8321222455403987,0.16443029720623661,0.847900466562986,0.24662734175940348,0.8636363573553719,0.23276199066684036,1.0370321063239938,0.16533503085701398,0.578838890546314,0.03861123786361734,0.3627815977977247,0.09502126965676966,0.999053200181858,0.012229140953953712,3.9696197080999305,0.3245671401937599,29868.0,0.0
train,lastfm,dir_00,0.7,0.7301322332372084,0.05114694637504148,0.6923662119622246,0.12546399908589329,0.8022809745982376,0.24396324267642142,0.8272727212561983,0.23744894402048927,1.0468436284515608,0.2465813968383324,0.49819018611418536,0.026318263221106003,0.17903713839307284,0.06496352060860931,0.9990243437957471,0.017900328626654756,3.9681197624002045,0.3474145651599741,24308.0,0.0
train,lastfm,dir_00,0.8,0.6874780093444715,0.03932976817462918,0.38304039874081847,0.0679275808862399,0.7108346293416278,0.2320163326412718,0.759090903570248,0.25717437344817357,1.1278537956556962,0.6605486587067981,0.47836988188780366,0.019451897201157177,0.06473707874944379,0.037349920343598096,0.9996947879461366,0.036039471423803565,3.375390379000213,0.5834163540829432,18746.0,0.0
train,lastfm,dir_00,0.9,0.6175837487874578,0.0541117793954698,0.09168415529905562,0.07693882773135172,0.5001036806635563,0.16705265725919105,0.5818181775867769,0.2193571022938133,1.0622840667170754,0.86669787845794,0.4778966157839747,0.0071884645496175965,0.015815084187606732,0.012123685731339961,0.9925846685734406,0.0685690690790458,3.6650277209999507,0.4787303753933974,13186.0,0.0
train,lastfm,dir_01,0.1,0.7791374411596076,0.03493979346199846,0.9469307450157398,0.06117279498872369,0.8753758424053913,0.16834379168210314,0.9090909024793389,0.17007533452554036,0.9981977100437227,0.030453626897150695,0.8207003733990585,0.06168125167531921,0.7875478389065294,0.0707635055741196,1.0019255033859882,0.0022352438775750352,4.137433829400074,0.594171202524117,57674.0,0.0
train,lastfm,dir_01,0.2,0.7645381636541826,0.03977551269532867,0.9059417628541448,0.11038997809821616,0.8185588387765682,0.2557757584342473,0.8590909028429753,0.2548428979520796,0.9963966132588231,0.03992626968768673,0.7737640712798198,0.10071512734603111,0.7085293625929597,0.12633607987452164,1.002882309442353,0.0047515616992616595,4.324988983399869,0.40894177217934513,52114.0,0.0
train,lastfm,dir_01,0.3,0.7454581072706976,0.05774795577418773,0.8669596012591816,0.14836632380570935,0.7809745982374288,0.28849508192513146,0.8272727212561983,0.27673818118325866,1.0009585624202146,0.04473795286742122,0.7263242692632395,0.11219122599139748,0.6307635341427533,0.1700221628773243,1.002816942565114,0.00771538995120178,4.1863302459999145,0.4535427334491937,46552.0,0.0
train,lastfm,dir_01,0.4,0.7380994957588214,0.062274764058846334,0.8241080797481637,0.1803439588438436,0.7446345256609642,0.3100201327985302,0.7727272671074381,0.2999846928671315,1.0047437145565632,0.05465790355601082,0.6853421529721185,0.1091421440096748,0.5654143929629943,0.18980153393505644,1.0027056111247994,0.008885993986140756,4.199258995699941,0.4572912459291393,40992.0,0.0
train,lastfm,dir_01,0.5,0.7283227850952687,0.061249190126133106,0.7742523609653725,0.20628972859540673,0.7135303265940902,0.31913713664504434,0.7409090855206613,0.3178569747255327,1.014626226023626,0.08284620314038336,0.6311031203692392,0.08902984364385681,0.474866238609626,0.19122430365747253,1.0013691463168193,0.011553063496788214,3.7979114332997552,0.43103573885388996,35430.0,0.0
train,lastfm,dir_01,0.6,0.6930524884736318,0.07011468588837574,0.7041316894018887,0.21897092148296288,0.6764644893727321,0.323780162471329,0.6909090858842977,0.31257689368374686,1.0281657409402585,0.1162676423218257,0.5737929702539,0.05440030228163288,0.3519968212541763,0.146812081857812,0.99752935036118,0.01402237893418261,4.0654740624999715,0.41689494564190177,29868.0,0.0
train,lastfm,dir_01,0.7,0.6719621663278714,0.08029680624865125,0.57300629590766,0.1845014889855039,0.6314152410575428,0.32176132023231685,0.640909086247934,0.310846172482721,1.0410034888250892,0.16834302774551987,0.5098384902414381,0.0368801781963023,0.20161845670706455,0.1075218268345218,0.9924463114191691,0.018252213154116157,3.8048149789999086,0.3207966971687787,24308.0,0.0
train,lastfm,dir_01,0.8,0.6301249942541451,0.052337879561424584,0.3363457502623295,0.1114348952198251,0.5563504406428201,0.3071597670841801,0.5772727230743803,0.31276044933623576,1.0640836155918156,0.27434095754947035,0.4910061733515752,0.019101767501862783,0.09498971155185218,0.05901721027434397,0.988756517446802,0.026667339350700852,3.577690912400031,0.5079130851165404,18746.0,0.0
train,lastfm,dir_01,0.9,0.5792166818548712,0.052095009726510086,0.11900577124868836,0.06707947992725363,0.404199066874028,0.22026821477712838,0.47272726928925624,0.2745728777624832,1.087423112867336,0.6668427951090796,0.4801649882928337,0.0075599588300795965,0.022172198992465513,0.012744805572832094,0.9837488496144428,0.044878482906035314,3.575661266699953,0.49278642950057283,13186.0,0.0
train,lastfm,dir_02,0.1,0.7879435121487327,0.02820528598482785,0.9736752360965373,0.05077809619394846,0.9367547952306895,0.1351625021629786,0.9499999930909091,0.11429104259695066,0.9938867037833494,0.025487402093456738,0.8612243790490541,0.06659908784830483,0.838238106224502,0.0793489358520311,1.002525429842924,0.0036820838682335632,4.3246212624998694,0.44721085903823515,57674.0,0.0
train,lastfm,dir_02,0.2,0.788816959148364,0.027119755728268188,0.9512591815320043,0.08494634451249357,0.9070502851218247,0.18892433500409048,0.9181818115041324,0.1996323511784387,0.9880996214481419,0.030951073628179452,0.7963905393467511,0.07642337576401105,0.7234861719508279,0.08930696183614438,1.0040190224722063,0.004624831699876056,4.192702516699822,0.5707067348014958,52114.0,0.0
train,lastfm,dir_02,0.3,0.7727558258603373,0.03845689694782887,0.9300891920251836,0.11657196783145664,0.8869362363919129,0.22500262731096218,0.9045454479669421,0.24190284663741854,0.9905978076705619,0.03822676133779646,0.7695935123825299,0.09117170271403176,0.6907271388248545,0.12724180170822338,1.004130704520998,0.005613617975816754,4.265689549899998,0.33816753524479576,46552.0,0.0
train,lastfm,dir_02,0.4,0.7733639801324843,0.041810566779287565,0.902492130115425,0.1469921268901754,0.8663556246759979,0.25425283195750037,0.8818181754049588,0.2564144926964544,0.9965146580207529,0.050734548967982115,0.7175189303951619,0.09518939763168549,0.609274506080925,0.15094671343248214,1.0025603921468633,0.006858016719915849,3.791233008300222,0.5195349244743975,40992.0,0.0
train,lastfm,dir_02,0.5,0.7786147893645429,0.03877497264068293,0.8667890870933894,0.16861896663490408,0.8452047693105236,0.26652532466519874,0.8636363573553719,0.250802200558512,1.0087738788355303,0.07875883166832023,0.6649895279051434,0.08394391226005389,0.5276913950941473,0.15060046005113298,0.9998426062868182,0.009560451357274846,3.852423233399816,0.4433836772244496,35430.0,0.0
train,lastfm,dir_02,0.6,0.7497299864248337,0.04305602049750858,0.8076337880377755,0.1769312198680589,0.815966822187662,0.27212525915646313,0.8545454483305785,0.24970138090462835,1.0364205684256276,0.15746750857544198,0.576824997572395,0.043315127132542854,0.3643331411991819,0.11979226417720513,0.9965891856751152,0.011367229111283112,4.276957499999765,0.42502592682615975,29868.0,0.0
train,lastfm,dir_02,0.7,0.7261877818922746,0.04702392393397242,0.6733079748163694,0.13256092134784286,0.7707102125453603,0.26706275911089533,0.7863636306446281,0.2710808872199919,1.0568783656018534,0.245958604386963,0.5030100869350542,0.03223705384499477,0.18807426409066239,0.08121381162714723,0.9939884175344746,0.016680874489007007,3.4616667372999443,0.4902890786513857,24308.0,0.0
train,lastfm,dir_02,0.8,0.6856906387620676,0.05166954017968118,0.38747376705141656,0.0717593678942832,0.6810264385692069,0.2566458930641025,0.7272727219834711,0.2752409392798379,1.1552299617621828,0.6698850422747007,0.4820951519882312,0.017422872291796492,0.06724483029288397,0.03761665908192165,0.9886327991415438,0.03868151596508636,3.8420118790999593,0.4381590184594214,18746.0,0.0
train,lastfm,dir_02,0.9,0.6099999592073514,0.06081220819995971,0.10640083945435466,0.08588692115920775,0.47734577501296005,0.18349814448208565,0.549999996,0.23807654220209745,1.1292656981953342,0.7851957104008318,0.47801146343661766,0.006715689049195322,0.016631683485453453,0.012596932592969698,0.9781223358662843,0.06881733443939964,3.774134562499731,0.36259853250582474,13186.0,0.0
train,lastfm,dir_03,0.1,0.7875491271568427,0.027618097454064815,0.9666316894018887,0.04994613027744164,0.923535510627268,0.1399064281283342,0.9590909021157026,0.08690685027522282,0.9929874816507434,0.027185151278428615,0.8457216178031214,0.06343381758313407,0.812738196822943,0.07363367751432345,1.0027928522798724,0.0030330913052654617,4.4230875419001,0.5219279607224987,57674.0,0.0
train,lastfm,dir_03,0.2,0.7887943230565212,0.034240544873527644,0.9439401888772299,0.08392088858635985,0.8944530844997407,0.19124113163516748,0.9318181750413224,0.15488672842098192,0.9914085091004745,0.028240293829842965,0.8003764596671387,0.07477357742795682,0.7387857064682523,0.09184670305513416,1.0036719880650598,0.00459967885656899,4.285457258500273,0.47828053779192875,52114.0,0.0
train,lastfm,dir_03,0.3,0.7739901921078152,0.032120170238324475,0.9195041972717733,0.1135325129900213,0.8704510108864696,0.22601412958431238,0.8909090844297521,0.24355795334879213,0.9879744556022741,0.03338335728637751,0.7612001606434153,0.08473396269184078,0.6772958692875648,0.11977898341784868,1.0044052516507411,0.005405773919805017,4.257983337400043,0.4488408449538269,46552.0,0.0
train,lastfm,dir_03,0.4,0.7659351929723383,0.05158987003102345,0.8915792235047219,0.13816108413739014,0.8440642820114048,0.2474616577228842,0.8681818118677687,0.23999731994148762,0.9897275421209528,0.05641394893517631,0.7185107517359259,0.09000545383896515,0.6102511097607667,0.14892356067316567,1.0044292725246957,0.005816754527566386,4.0132071375998235,0.6557377896633182,40992.0,0.0
train,lastfm,dir_03,0.5,0.7685626888119121,0.038722133727759206,0.8544858342077649,0.1539993150896024,0.8151892172109901,0.2560266636274959,0.8499999938181819,0.24716017758008166,1.0089739972978982,0.09716579664915738,0.6638639029725371,0.07353942808938978,0.5309779416533559,0.1496319217873349,1.0014604960096798,0.008735587819250155,3.9251408376000114,0.4311318036738329,35430.0,0.0
train,lastfm,dir_03,0.6,0.7531694243488174,0.046600369156486424,0.796288037775446,0.16007572991303462,0.7750648004147227,0.2567537714753673,0.8318181757685951,0.2517614693750647,1.0343850709890037,0.14891339287401634,0.5876953467730512,0.04433090861395213,0.39097532696320136,0.12446472347885942,0.997431255417238,0.01020551276549524,3.754510779200314,0.4324931948192167,29868.0,0.0
train,lastfm,dir_03,0.7,0.7293448036208174,0.05620082628403905,0.6680482686253935,0.12395065583913387,0.7288232244686366,0.25605525954605685,0.7727272671074381,0.2818344712493595,1.0565938781911388,0.23709716564791983,0.5146983194378534,0.03782980125579106,0.21768641104964764,0.09713561066386366,0.9939621947591236,0.015821495668168473,3.8344914166001614,0.3522631232237847,24308.0,0.0
train,lastfm,dir_03,0.8,0.6856055300407499,0.05309045998702036,0.39779643231899264,0.10531877821963465,0.6399688958009332,0.24778211424148391,0.6954545403966943,0.27192643165399133,1.1168036571094597,0.5347759849935182,0.4854016043243778,0.01904245686217845,0.07878145838721243,0.03600963120459001,0.9889867183861034,0.032707093720511546,3.6231628167998364,0.3948716452712825,18746.0,0.0
train,lastfm,dir_03,0.9,0.6075283887973939,0.05747813596243468,0.11277544596012593,0.08159988131622199,0.4577501296008294,0.18009539840157995,0.5363636324628099,0.20641680293425843,1.231756076307185,0.9814854993964551,0.4776089346062185,0.006909334503952513,0.018045390080979867,0.011867228618519611,0.9721500847957323,0.06372256412509669,3.3447643877001183,0.6637103527668047,13186.0,0.0
train,lastfm,dir_04,0.1,0.7901683682545781,0.02545609965687301,0.9747770199370409,0.04847306015180758,0.93950233281493,0.1314115884390263,0.9636363566280993,0.073605804322207,0.9930227932616404,0.02557305314218644,0.8609449566031706,0.061242122725729146,0.8270730517003647,0.06908127417212583,1.0024637163336503,0.0033431410119905405,4.192469637300047,0.4709895905630596,57674.0,0.0
train,lastfm,dir_04,0.2,0.788305485622498,0.026171163729045998,0.9548268625393493,0.0805503701908796,0.9149300155520995,0.17563350884113538,0.9363636295537191,0.1440589604553859,0.9892541623930129,0.029163942913995794,0.7982981918426896,0.07620861734267957,0.7313345077591402,0.08733897628240736,1.0037755976801468,0.0040976307371508374,4.223088683300108,0.6467087566112065,52114.0,0.0
train,lastfm,dir_04,0.3,0.7815588796349109,0.03222165894186569,0.9349947534102834,0.11081993826099917,0.8967340590979782,0.209890941139515,0.9181818115041324,0.1996323511784387,0.988836930784041,0.03408992833398781,0.7623774302388785,0.09180150663760192,0.6824712104890708,0.12113873781943621,1.004203639313821,0.004650102227185963,4.267651483199728,0.4658855917752481,46552.0,0.0
train,lastfm,dir_04,0.4,0.7753313760894158,0.03505606830606326,0.9113982161594963,0.1371275827103369,0.8797304302747537,0.23460357912940963,0.9045454479669421,0.21368471251035043,0.9964743641051893,0.05274269744583606,0.7224638107923911,0.10015600444985555,0.6170727291753881,0.1549093001904208,1.0027752970989554,0.006242351239069388,3.9227517708999757,0.5673457938309163,40992.0,0.0
train,lastfm,dir_04,0.5,0.779295231780951,0.0382583678190493,0.8792890870933894,0.158209391355412,0.8634525660964231,0.24652791975441932,0.8818181754049588,0.23589697350897434,1.0099280383513154,0.0970568805066368,0.6608636960299256,0.0772733971362255,0.5253808788062253,0.14266918256094827,1.0003524401259618,0.009607480556564678,3.959466820799804,0.41478002009950304,35430.0,0.0
train,lastfm,dir_04,0.6,0.7520762801019598,0.05476346607807892,0.8228488982161595,0.16470104906609873,0.8362363919129082,0.2500971664360875,0.8545454483305785,0.24970138090462835,1.0382216659560322,0.17352559368778586,0.582978661792367,0.044354514404484034,0.37681083937672205,0.11633770185052282,0.9970692692014765,0.012322887988025779,3.9444550833996685,0.48368358527066624,29868.0,0.0
train,lastfm,dir_04,0.7,0.726603279901781,0.04716896330732146,0.6854800629590766,0.1201706634420645,0.7921721099015034,0.2478633487662249,0.8090909032066117,0.23256465108861943,1.063307606120339,0.2622987727830431,0.5012560669831211,0.028401492160247677,0.1906478088375326,0.06902122833063443,0.994429565626182,0.01812128723650075,3.5514623749001144,0.45598244979840974,24308.0,0.0
train,lastfm,dir_04,0.8,0.7015281792779747,0.043015506696849996,0.38752623294858346,0.07231113982105877,0.7016588906169,0.2338039512990377,0.7681818125950414,0.24285000314470093,1.1521928396822259,0.663659200650311,0.48043794465404777,0.020312610779264814,0.0720632707354095,0.041482323492083535,0.9927337782530845,0.0384601861250395,3.582581616599856,0.502140494512118,18746.0,0.0
train,lastfm,dir_04,0.9,0.618047262097178,0.05516037439276354,0.09401888772298006,0.08168075539727487,0.48942457231726283,0.17353988437161422,0.5727272685619835,0.22391458263712025,1.096621074604999,0.8388404240964461,0.4780450643784248,0.007711106084109915,0.016888758509902797,0.012919013782224913,0.9820630684698463,0.07175234180491905,3.541890196099962,0.48602216999617276,13186.0,0.0
train,lastfm,dir_05,0.1,0.7916564852240779,0.02382927053840352,0.9756295907660022,0.048547133106591124,0.9358216692586833,0.13612928501522964,0.9590909021157026,0.08690685027522282,0.9940373476755408,0.025118169891888933,0.8567594897584815,0.05724195944176151,0.8267319577708783,0.07186484641676494,1.002437971861767,0.0034424097018912253,4.33535744989976,0.39160162254632386,57674.0,0.0
train,lastfm,dir_05,0.2,0.7890045621005057,0.029400152244401366,0.9572796432318993,0.08057364381600085,0.9108346293416277,0.18491252485977025,0.9454545385785125,0.1282072463482272,0.9943041760677863,0.030330354910819698,0.8172789326780959,0.08851571097089717,0.76104364894939,0.11826501248603091,1.0039283374585564,0.004113047815132736,4.528935425000157,0.21669560261775223,52114.0,0.0
train,lastfm,dir_05,0.3,0.7675982443977467,0.04666426721386699,0.9387460650577125,0.10891388952871721,0.8942975635044064,0.21729138895973954,0.9136363569917355,0.21368471251035043,0.9947264688445208,0.03742207262620336,0.7745510353960797,0.09797024071628643,0.69375463278644,0.146089667457733,1.0044450935735438,0.005368460216999103,4.16544396639996,0.43879333508398816,46552.0,0.0
train,lastfm,dir_05,0.4,0.7719302100928109,0.040125318790717165,0.9211831059811123,0.1309682924610914,0.884085018144116,0.23381428958260556,0.8999999934545455,0.2275755541693728,1.0046276123705336,0.05402483178879352,0.7286799978660112,0.10152866195548543,0.6234392239184299,0.1655356927349233,1.0032110437705035,0.006886756944474916,3.9247260375001303,0.28631215084695766,40992.0,0.0
train,lastfm,dir_05,0.5,0.7811818276935684,0.037975961309998134,0.9002885624344176,0.1481607400922924,0.8724727838258165,0.24526485873836062,0.8772727208925619,0.24057056276434502,1.0249173137692287,0.09731455008338322,0.6728635272887324,0.08135400659624277,0.5398936409989998,0.14691112756639968,1.001644047733654,0.008831525884893587,3.9663373374999877,0.35588250834317814,35430.0,0.0
train,lastfm,dir_05,0.6,0.7548091135048749,0.046853970898146795,0.8536988457502623,0.15186946762824446,0.8476412649040954,0.2456952761827204,0.8727272663801653,0.2412852011227062,1.0569720233516482,0.15473016307997076,0.5783900581275954,0.04141430397063575,0.37023107368877134,0.1001619516781995,1.0002617140334544,0.010693102356860865,3.96705785829991,0.2221419466115738,29868.0,0.0
train,lastfm,dir_05,0.7,0.7362029734216408,0.04743443285008167,0.7151888772298006,0.11399510291784774,0.805443234836703,0.24244248265217688,0.8545454483305785,0.24033187775393,1.0840165326560025,0.26388817496665423,0.4919290773369568,0.026010757250625623,0.18211421742745576,0.0656631229997789,1.0005447826456917,0.016677390128687398,3.534400683399832,0.45568764814205415,24308.0,0.0
train,lastfm,dir_05,0.8,0.6988313591249169,0.04334002264493183,0.38823452256033575,0.07203898238932947,0.7156557801969933,0.2331349180159114,0.7727272671074381,0.26330525864539756,1.147869765921164,0.6608456215756439,0.47706610282653006,0.01817320814922291,0.06483387414144479,0.036605334791776356,1.0037399718679394,0.03280988602651672,3.651810658499824,0.5005267149119358,18746.0,0.0
train,lastfm,dir_05,0.9,0.6183283116633504,0.04811174800206401,0.08487670514165793,0.07961159539455304,0.502954898911353,0.1770738050368682,0.6045454501487604,0.2424715845226886,1.1137356978294328,0.9093660896711586,0.4776171450457428,0.006306867160573482,0.015255370995273387,0.011583227919154651,0.9976725366349377,0.06650615819645932,3.530017274700157,0.4163051577216817,13186.0,0.0
train,lastfm,dir_06,0.1,0.7889230114462572,0.03190986576811073,0.963811647429171,0.05450885246633395,0.9144634525660964,0.1573296895079422,0.9363636295537191,0.15628844684187343,0.9945542563865706,0.02331955439608461,0.8386324204466498,0.06127811241878434,0.795192756445968,0.07731306579631314,1.0029541638715522,0.002423465765802099,4.366303745900114,0.443127196790205,57674.0,0.0
train,lastfm,dir_06,0.2,0.782611899632545,0.032926181416172214,0.9373557187827911,0.09176313495575009,0.8786417833074133,0.22316638316005075,0.9045454479669421,0.2399973199414876,0.9927674576842687,0.027247232123427494,0.7958204500653173,0.08785843740699424,0.7326005367272612,0.11294515550831567,1.003903162051243,0.004474015107211904,4.575585566699999,0.4647650102943765,52114.0,0.0
train,lastfm,dir_06,0.3,0.7634442658878097,0.04466662651867181,0.9119884575026234,0.12443074378366126,0.8565578019699325,0.25697552779710225,0.8909090844297521,0.25551762218814816,0.9939084919150387,0.03682203474586022,0.7419303195263851,0.0886652826206869,0.6416089536147797,0.1215036045705682,1.0040875275838939,0.006733783271895855,3.7572388251000746,0.5895822346911179,46552.0,0.0
train,lastfm,dir_06,0.4,0.755655087454266,0.05602769778658376,0.8814533053515214,0.15553535395800958,0.8308449974079835,0.2767789410813956,0.8636363573553719,0.25533787005743236,0.9980054771225408,0.04714502448635933,0.7007675338713366,0.09792640130847341,0.5815569566840304,0.17121246643396418,1.003638056628504,0.008604766889608944,4.306399908400158,0.27275571354908995,40992.0,0.0
train,lastfm,dir_06,0.5,0.7591977424165245,0.04015275361309232,0.8434417628541448,0.17713796453599623,0.8062208398133748,0.28874044107978836,0.8454545393057853,0.27540770145162313,1.0067490854229686,0.06744425665703187,0.6569466740386601,0.08786345045128173,0.5122866968490977,0.17756436015911645,1.002117426454374,0.010780770338091742,4.01630008329974,0.4133208213774433,35430.0,0.0
train,lastfm,dir_06,0.6,0.7399660714421689,0.051762419802958363,0.7831453305351521,0.1868178394278282,0.7753240020736133,0.29423905379431836,0.8318181757685951,0.2818751958317915,1.0231916176782248,0.12334341956609698,0.5816913795750074,0.05087804074074397,0.36115168042538853,0.1361224229847022,0.999823296742484,0.012374772886304706,3.7179734625999687,0.4062355029540011,29868.0,0.0
train,lastfm,dir_06,0.7,0.7068033705444938,0.05487125186492619,0.6552859391395593,0.14917432391980417,0.7339035769828927,0.29146276530469883,0.7727272671074381,0.3045416832736632,1.039903108425819,0.19383375357981822,0.5066046383979341,0.041344644380570485,0.19838127845778697,0.09692543050204354,0.9992816966784845,0.013461283563794007,3.832959329299905,0.4833846060485043,24308.0,0.0
train,lastfm,dir_06,0.8,0.6746473848630665,0.05654926474675296,0.38212224554039875,0.08636596146258133,0.6490409538621048,0.27493171853407916,0.7045454494214877,0.2908538436491306,1.0406519853957068,0.3677726559740228,0.4847325191289199,0.018016536895639253,0.07566563987280478,0.041177805483262435,0.998817215908702,0.023638918381752826,3.5106362834999176,0.5796613430514767,18746.0,0.0
train,lastfm,dir_06,0.9,0.5953011521436027,0.05489697801755715,0.11785152151101785,0.07437253616468038,0.46101607050285126,0.19026006792245553,0.5363636324628099,0.23937475775159575,1.1912492012904274,0.9948451008524893,0.476720003908946,0.007693145753726243,0.017151173103792508,0.010246699127818231,0.9827840703089665,0.05527577989568052,3.451639283299926,0.5699681229263951,13186.0,0.0
train,lastfm,dir_07,0.1,0.7915207385230812,0.02605242943996313,0.9772429171038824,0.04476967136425396,0.9448418869880767,0.11732831161058604,0.968181811140496,0.06079515909645604,0.9945909260994243,0.024823446301728096,0.8594680299597799,0.062023808625601085,0.8190910617511025,0.07285133140900323,1.0024081159388722,0.0035239916116592417,4.61178531250024,0.35071508476728736,57674.0,0.0
train,lastfm,dir_07,0.2,0.7870282358146563,0.031855976470517286,0.9586831059811123,0.07519639109240282,0.9218247796785899,0.1586910373593066,0.9545454476033057,0.09090909024793387,0.9914674807462545,0.027646731015821935,0.8164764218148793,0.08539574566255226,0.7656564728456334,0.10996502333203337,1.0038692097329756,0.003682642098995682,4.043661412499892,0.5401800759387974,52114.0,0.0
train,lastfm,dir_07,0.3,0.7838415509247357,0.03581724983409298,0.94049055613851,0.10220961195099758,0.9064800414722655,0.18759996696136114,0.9318181750413224,0.15782323109461632,0.991573725916498,0.03659156013426707,0.7628790775870421,0.08447834573779771,0.6738396362837575,0.10237301997932201,1.0040828973164246,0.004398169203556908,4.169641812499935,0.5003182929972066,46552.0,0.0
train,lastfm,dir_07,0.4,0.7753458674108352,0.0390451840957257,0.9219569779643232,0.1252840357897455,0.8948678071539657,0.20594757393464916,0.9227272660165291,0.17414358071161767,1.0054031045390697,0.06358319105491969,0.7234063863843259,0.09701897953412364,0.6214978526644859,0.14718974394893686,1.0019892661966079,0.007190263083052873,3.932096366699909,0.3716593919765167,40992.0,0.0
train,lastfm,dir_07,0.5,0.7821848482777946,0.03399828789751975,0.8932056663168939,0.14747436123244426,0.8811301192327632,0.2216377527066356,0.9181818115041324,0.17248787111836344,1.0203375678704463,0.1185741247971792,0.6705790450539251,0.09161430679065094,0.5397124081601116,0.16540032170366373,1.00066705366392,0.009697286571130986,3.968370820799913,0.3174386311881137,35430.0,0.0
train,lastfm,dir_07,0.6,0.7484416916062337,0.05306079970211939,0.840988982161595,0.15348627796558736,0.8578538102643856,0.22633802580227277,0.8863636299173555,0.20356104158841068,1.0320804591108357,0.1597487813457269,0.5795590976401529,0.04234164482486649,0.36707516252196465,0.10530423626046476,0.9988789255904862,0.012359239231750484,3.6865012961001185,0.3737089476922696,29868.0,0.0
train,lastfm,dir_07,0.7,0.7336040741659654,0.04249026477780878,0.7050236096537251,0.10925442127133984,0.8151892172109901,0.22547482026995433,0.8499999938181819,0.19876801308299166,1.0759974915478083,0.3202393838427115,0.4994462184290528,0.026244647360940215,0.18212832715739186,0.06365294137253716,0.9967454274887289,0.02132912828546509,3.6842978458997266,0.42851134548600067,24308.0,0.0
train,lastfm,dir_07,0.8,0.7045510180231596,0.04496263269553426,0.3773871983210913,0.07409936845274523,0.7218766200103681,0.21683987934275367,0.7818181761322315,0.22958420348030653,1.1314286284004298,0.633544764430763,0.47813091913316635,0.01912728547172937,0.06443478980257658,0.0341094380606559,0.9989684309102052,0.03799598381207798,3.7273510084002397,0.3343375782416728,18746.0,0.0
train,lastfm,dir_07,0.9,0.6224291781903253,0.05001254723143427,0.09917366211962224,0.08347736735252956,0.5026438569206844,0.16591357603558785,0.5863636320991736,0.22003630895195486,1.0786552868819725,0.7819650201891746,0.47818369700685004,0.0068655401084187166,0.016364965996171633,0.014002667645138592,0.9898202582282181,0.07075008983984081,3.337817970800239,0.5176397355028157,13186.0,0.0
train,lastfm,dir_08,0.1,0.788707268910233,0.026065906148722433,0.9764690451206717,0.045073120470898786,0.9443234836702954,0.1186443383241309,0.9727272656528927,0.04886216781614512,0.9915285871159034,0.026125214850124,0.8552989843128248,0.05578705412633771,0.8123281727306273,0.06670964152841999,1.0025362458645528,0.003482928309873173,4.23738695829972,0.6371609676817627,57674.0,0.0
train,lastfm,dir_08,0.2,0.7913293650695434,0.024665633023475676,0.9573845750262329,0.07475626969407928,0.9219803006739242,0.15739501251201332,0.9636363566280993,0.0670786165460302,0.9895671823953572,0.03245802829787736,0.8074148522604883,0.0815226055584817,0.7375584052752023,0.09800089503084315,1.003700861553405,0.004507666591024863,4.328436087499836,0.5001555940361779,52114.0,0.0
train,lastfm,dir_08,0.3,0.7785448976905442,0.0331505263979988,0.9392838405036728,0.10141600188437858,0.9079315707620529,0.18337807728451277,0.9363636295537191,0.1440589604553859,0.9935856672513003,0.04053475032946785,0.7745812230786641,0.09673007900476342,0.6978563786386224,0.13308571357051235,1.003431084067003,0.005774814815186307,4.256762866600013,0.41963377977674204,46552.0,0.0
train,lastfm,dir_08,0.4,0.7759814320061158,0.03533614372060589,0.9196091290661069,0.12414298417954771,0.8955935717988595,0.19886595134484097,0.9318181750413224,0.14253702716205482,1.003416905771289,0.06802026823454069,0.730702622267464,0.10081818735794415,0.6380916362637131,0.15393739608172133,1.0017375788885052,0.00835827156223866,3.9422609916998907,0.6024050747557873,40992.0,0.0
train,lastfm,dir_08,0.5,0.7826032749478973,0.035750077295416426,0.8884443861490032,0.14499354153779084,0.8767755313634007,0.2125768344540582,0.9045454479669421,0.1733508137085223,1.021219774312332,0.13309694470038258,0.6640017623986048,0.07815744206196125,0.5278131372946206,0.14257495832665412,1.000151292415603,0.011580713774347681,4.063236899899846,0.5232073382947746,35430.0,0.0
train,lastfm,dir_08,0.6,0.7526444297869326,0.0492855883234758,0.8347586568730325,0.14902653100693067,0.8515811301192328,0.21904529514031487,0.8909090844297521,0.17953106831369678,1.0395144352317724,0.18055262313404194,0.5806332978649402,0.04483391387433931,0.3774566767565856,0.12511395658235708,0.9983417941899211,0.013715667683615188,3.8693453541000964,0.35026977910993357,29868.0,0.0
train,lastfm,dir_08,0.7,0.7323959528653912,0.04089508137020863,0.6983342077649528,0.10919444409413037,0.8100051840331778,0.21845480682429233,0.8590909028429753,0.183639862617476,1.0823568056499298,0.33808381330799625,0.5005286316831088,0.03166557929233042,0.18992473721176462,0.07569162156318014,0.995875676993313,0.021752891189531855,3.9605333499999573,0.32461195765653633,24308.0,0.0
train,lastfm,dir_08,0.8,0.7015740236641099,0.04862568155226946,0.3831715634837356,0.07724701532109249,0.7188698807672369,0.2108704647158526,0.7545454490578514,0.2378353542745136,1.140671761613117,0.6854111295930757,0.48174771188720494,0.018561941204567584,0.06991185321871965,0.040270587504699,0.996156494305357,0.03939184737346023,3.585436179200099,0.44152357564290484,18746.0,0.0
train,lastfm,dir_08,0.9,0.6114212373844126,0.05563151555023593,0.09201206715634838,0.07880720674201147,0.4984447900466563,0.16461774713427535,0.5818181775867769,0.2204011686512422,0.9518452763320937,0.4697942466445159,0.4778247778378641,0.007185804302925472,0.016280661119968478,0.0126579729401487,0.9862097235683691,0.06754917015524294,3.4962224208999375,0.47462690031246263,13186.0,0.0
train,lastfm,dir_09,0.1,0.7890244842571686,0.024335911379229056,0.9802728226652675,0.04044504779840002,0.9503369621565578,0.10629130731484573,0.9909090837024793,0.019165319013151504,0.9922599493781672,0.023264699839168217,0.8634176706523237,0.050543464780120645,0.8308390670157042,0.05967213833107012,1.002750302633247,0.0035087877822838503,4.50133442909995,0.4466479826246558,57674.0,0.0
train,lastfm,dir_09,0.2,0.7890834195731292,0.0310919012932257,0.9643100734522561,0.06941344413897975,0.9311560393986522,0.14589260793183187,0.9636363566280993,0.0670786165460302,0.991019881623058,0.030666582554210228,0.8081024798785978,0.0719921792101275,0.7395010082174023,0.08981059344009348,1.0041440280038278,0.004140728749955164,4.251450558099975,0.4887148479563921,52114.0,0.0
train,lastfm,dir_09,0.3,0.7715184258516053,0.03563875348464138,0.9497639034627492,0.09264878456100129,0.9175220321410057,0.16823790899407945,0.9590909021157026,0.07858365082175488,0.9959320370731366,0.04537569367436513,0.7775905122530501,0.08321926494658398,0.6971393816473934,0.1136035480414338,1.0040570014644745,0.0059708251271789305,4.259392116699894,0.47522330356897646,46552.0,0.0
train,lastfm,dir_09,0.4,0.7752881779860467,0.04269276766320225,0.9334994753410284,0.11608612464054717,0.9074131674442716,0.18360801784379988,0.9454545385785125,0.10883809009371068,1.0095744684051682,0.07611784453540674,0.7374172402718986,0.09127278076615092,0.6303907610184131,0.14847343654405695,1.0025264651225778,0.008534697685713818,3.907913504199962,0.5054833643887433,40992.0,0.0
train,lastfm,dir_09,0.5,0.7814607183443065,0.03819785953763933,0.9111227701993704,0.13986947455055948,0.8958527734577502,0.19961504030409918,0.9272727205289257,0.13753703800470296,1.0269058924892474,0.13287381587553415,0.6757648343932147,0.07646494717881329,0.5379755270135266,0.14280380442105098,1.0018403145326438,0.01050914088016017,4.011650512600158,0.4112560234136477,35430.0,0.0
train,lastfm,dir_09,0.6,0.7615470337304959,0.04380054053121055,0.862591815320042,0.14799484819102948,0.872680145152929,0.20472974472639388,0.8999999934545455,0.1629052116117877,1.03061067140422,0.1478900106084646,0.5785563317979799,0.036105278326919066,0.37679208136940906,0.10208283286190532,1.001406560729121,0.012759047001968926,3.809844141799897,0.2953596497930899,29868.0,0.0
train,lastfm,dir_09,0.7,0.73540663554108,0.050956621828907145,0.7166054564533053,0.11097474692842631,0.8262830482115084,0.20892496255780407,0.8772727208925619,0.17014281135204978,1.066775672256798,0.3220353428760993,0.4951233040489818,0.02718657720557226,0.17924231864220472,0.06898111065278635,1.0010483450953043,0.020865923411532965,3.735182724999845,0.342560362744871,24308.0,0.0
train,lastfm,dir_09,0.8,0.6984225533305317,0.040037585767606146,0.3721143756558237,0.07303920090864602,0.7304302747537584,0.20329974837581458,0.7818181761322315,0.2305819665623954,1.104559724379358,0.5774898571248226,0.4770641287684473,0.02060024964268948,0.06603816464094037,0.04186446389050205,1.001860889735974,0.03602987415439329,3.657338641500212,0.33547976100976146,18746.0,0.0
train,lastfm,dir_09,0.9,0.6186316908169447,0.04930645539029469,0.09437303252885625,0.08275538452295277,0.507983411093831,0.15631356327267318,0.5909090866115703,0.20994555090571446,0.8713792661843218,0.3664291014282472,0.47808845059016514,0.007074484830153213,0.015814094440363687,0.013015463072589658,0.9966943948887016,0.06604694653838918,3.5561474624001903,0.37180137851572215,13186.0,0.0
train,lastfm,dir_10,0.1,0.7848930618939112,0.029278123751262958,0.9697796432318994,0.04707075235287057,0.9324002073613272,0.12667139073289801,0.9545454476033057,0.10050378079498462,0.9940134687476352,0.023453322471379923,0.8519002710540209,0.06159118897999977,0.8153878905743493,0.07309379932861668,1.0027320066957954,0.0031028957602666457,4.29241356659985,0.6059187483207282,57674.0,0.0
train,lastfm,dir_10,0.2,0.7838027883125798,0.031528465555465256,0.9477701993704093,0.0789647290476441,0.9039917055469155,0.17143642917924581,0.9272727205289257,0.15628844684187349,0.9935780963734804,0.03253427545118479,0.7921078571514746,0.07385887808146159,0.7204881040121186,0.0836920631437145,1.0033768016447902,0.00533405148171843,4.2446112458000815,0.4155635578084,52114.0,0.0
train,lastfm,dir_10,0.3,0.7745183279375507,0.035161369614758804,0.9259837355718783,0.10729406119034708,0.8836702954898911,0.20413277767030202,0.9181818115041324,0.18407687803686443,0.992312695471068,0.04519562255590426,0.7645438999041627,0.09215967599490309,0.6853152788302669,0.13131244982522444,1.0032310483351865,0.008297308295613733,4.2934573206998605,0.33495835772557253,46552.0,0.0
train,lastfm,dir_10,0.4,0.7667003751038882,0.03970565297098976,0.9001442812172089,0.13350953075412855,0.860964230171073,0.2247986051467378,0.8909090844297521,0.2239145826371202,0.9957185274919839,0.06643331075135675,0.7200559483584195,0.09497605817312701,0.6180858519138936,0.15319107088105968,1.0020053952357446,0.010121978573545303,4.187871420800081,0.3161315722843731,40992.0,0.0
train,lastfm,dir_10,0.5,0.7706002746779608,0.0357602852689688,0.8621065057712487,0.15230572035087178,0.8321928460342146,0.23739979812126347,0.8590909028429753,0.23711031848237285,1.0159974315486218,0.10766440214232169,0.6620165448360934,0.07514277087078708,0.5235581879025862,0.1477915481015885,1.0000831576168292,0.01038580363780477,3.711067012700073,0.4616615102038588,35430.0,0.0
train,lastfm,dir_10,0.6,0.7524362411955863,0.04818974766262444,0.799186778593914,0.160713918569781,0.7954380508035251,0.2451275141935967,0.8318181757685951,0.2517614693750647,1.0441533045787197,0.16541630864727164,0.5852755753659371,0.0468317347030898,0.38549279694377564,0.13434291136830223,0.9970402203841392,0.012198870072944557,3.8974010747999954,0.3445014708310187,29868.0,0.0
train,lastfm,dir_10,0.7,0.7157032632597907,0.04927817920590837,0.6664087093389297,0.12415883713866736,0.745826853291861,0.24834651871482458,0.7818181761322315,0.2551579912960738,1.0917258160561762,0.33410264119379757,0.5116364356485299,0.032071174528001685,0.20701039427516754,0.08580092926834638,0.9936790774673359,0.019685676428436025,3.8372234917002404,0.3509736106351201,24308.0,0.0
train,lastfm,dir_10,0.8,0.6828591763829849,0.04383753347953682,0.39825550891920247,0.07722412161512786,0.6623639191290824,0.24317776611305103,0.6999999949090909,0.26173118454121785,1.1755019346025666,0.7379698325294052,0.4856919293579242,0.01648926313491492,0.08066283169556285,0.04391099926009635,0.9897452364005426,0.03586028983742686,3.582167362299958,0.3942310298021063,18746.0,0.0
train,lastfm,dir_10,0.9,0.5965807553853638,0.061447191841236606,0.10802728226652676,0.08968676866316225,0.471435977190254,0.17094566331823857,0.5409090869752067,0.20824378089190793,1.1534717020875103,0.786186625468713,0.47752637764276,0.006791880130584622,0.017593891392129295,0.012610919066587014,0.9755689301765489,0.06234654320237571,3.5038277165000977,0.40273494719251546,13186.0,0.0
train,lastfm,dir_11,0.1,0.7894142818420475,0.027036969343571617,0.9785545645330535,0.04081424220052878,0.9495075168481077,0.10333743083071895,0.981818174677686,0.03178208607704397,0.9954267672388276,0.024752860442982572,0.8596189000374265,0.049261244411648065,0.8197738726325348,0.050631430447391636,1.002352251881754,0.003632536468744145,4.042840187499735,0.4418201408242002,57674.0,0.0
train,lastfm,dir_11,0.2,0.7901245254290796,0.02940920042778274,0.9607292759706191,0.0694884129981143,0.9276308968377398,0.14204549416928522,0.9636363566280993,0.0670786165460302,0.9924323688857795,0.027605380790529814,0.8178170168904074,0.08039006277659301,0.7665335062301135,0.09854279940770033,1.0038342610732376,0.0036554363449548427,4.510589604099937,0.362403695325413,52114.0,0.0
train,lastfm,dir_11,0.3,0.77705868795112,0.03255385569824071,0.9431532004197273,0.09347545586534618,0.9134784862623121,0.16727012275476077,0.9545454476033057,0.09090909024793387,0.9999715672635248,0.04523346027028628,0.7705043462428506,0.08257765861809563,0.6993287201753338,0.10727301254636873,1.0032064525845135,0.005086216449256033,3.9576397458997916,0.45656773629900377,46552.0,0.0
train,lastfm,dir_11,0.4,0.7751677525509978,0.03125849286063514,0.9252229800629591,0.114637025665187,0.902954898911353,0.1819230149955077,0.9454545385785125,0.10883809009371068,1.0169727229240146,0.08023930601044707,0.7289622123387367,0.0958195646675357,0.6350960833850265,0.13163660152870715,1.0011980274260905,0.007630829251306656,4.1275710251000195,0.56962440110021,40992.0,0.0
train,lastfm,dir_11,0.5,0.7810940796458724,0.03696030590800338,0.9000262329485833,0.13188044797131432,0.8925349922239503,0.19266804900577184,0.9363636295537191,0.11968737887579783,1.031217518505394,0.12374909140793991,0.663554720804723,0.07718053383530625,0.5281046848372754,0.134409133320291,0.9998025900985361,0.009215653916845869,3.8966686832000845,0.5581249026350268,35430.0,0.0
train,lastfm,dir_11,0.6,0.7560503814351776,0.049645840973364004,0.8503934942287513,0.1365541125713483,0.8679108346293416,0.19622564998857817,0.8999999934545455,0.17248787111836344,1.0552748331645394,0.181707971896656,0.5776288347394539,0.039038261223878414,0.3660957684940805,0.09249516779967121,0.9977182453789155,0.013302258835794546,3.9242906500002164,0.5337887181193834,29868.0,0.0
train,lastfm,dir_11,0.7,0.7370892844487976,0.046821851678286334,0.712683630640084,0.10156391040291933,0.8245204769310523,0.19938271299633678,0.8636363573553719,0.17007533452554036,1.1319589885222423,0.4151551877834524,0.49769985932025895,0.024796299313920765,0.1935852314700117,0.06281908835974134,0.9957021708321095,0.021669508647320538,3.7021462664999945,0.354863138314785,24308.0,0.0
train,lastfm,dir_11,0.8,0.700087551810108,0.04286667591279352,0.3881558237145855,0.06544319060157115,0.7304821150855365,0.2018873783697235,0.7863636306446281,0.21325454657332202,1.1350490126185275,0.6358686436844825,0.4792261287883294,0.017360936932280278,0.07311954572317102,0.041226698627175457,0.9979359516444337,0.03979458980870279,3.707138391600131,0.5184145420608193,18746.0,0.0
train,lastfm,dir_11,0.9,0.6231682127907645,0.05249933894727349,0.09832109129066106,0.0909071072269883,0.5037325038880249,0.16485624899387666,0.5909090866115703,0.20994555090571446,0.9404423070123855,0.4269000985432817,0.4783694149493689,0.006245727350559062,0.016195415107979987,0.012888635399889582,0.9919837782945418,0.06964876586894167,3.5515376582996736,0.5042973860740763,13186.0,0.0
train,lastfm,dir_12,0.1,0.7923238986179851,0.02950686524867741,0.9801023084994753,0.04073711470659415,0.9491446345256609,0.10999016402380532,0.9863636291900827,0.021956631273935795,0.9913565320382471,0.025274535968141148,0.8537320464552959,0.05049543276331557,0.8141128849646642,0.06336453491195866,1.00272189954166,0.003493983658013403,4.17055417089972,0.3316097131406097,57674.0,0.0
train,lastfm,dir_12,0.2,0.7903626611311119,0.02461838442129271,0.9629721930745015,0.0701578959060619,0.9293934681181959,0.14848126454182947,0.968181811140496,0.06079515909645604,0.9898359106611443,0.03060623918349964,0.8077468938743729,0.06876080681514872,0.7379333898678829,0.07733741847932944,1.0041161936651175,0.004184220063088548,4.316507587399985,0.5031843157406418,52114.0,0.0
train,lastfm,dir_12,0.3,0.7743540760663333,0.04051140769249614,0.9481899265477439,0.09374643101847402,0.9155002592016588,0.17183903602559455,0.9590909021157026,0.07858365082175488,0.993838230024078,0.04395459425414713,0.7754005659257571,0.08677177639999537,0.6908966932692191,0.11475296222660832,1.0039851282459569,0.005811032112049719,4.003307566799924,0.4531357410246232,46552.0,0.0
train,lastfm,dir_12,0.4,0.7692572117108936,0.041693865114494494,0.9323452256033578,0.11763656459807799,0.907153965785381,0.18515659868386283,0.9409090840661157,0.10724447418480618,1.0077390188195121,0.07331241255981231,0.734331798519206,0.09536795352063586,0.6330816785857095,0.15149799436150177,1.0023517595988802,0.00856400051593394,4.140775991699968,0.5921688582066147,40992.0,0.0
train,lastfm,dir_12,0.5,0.7814315062692124,0.03264522627744271,0.909417628541448,0.139196718074318,0.8958009331259721,0.1998063552799655,0.9272727205289257,0.13753703800470296,1.0255027243908021,0.12911807664861513,0.6774017071498388,0.0775275776042145,0.5492812504490406,0.14167193822160173,1.0013153831256019,0.010698584683883428,4.255940683400183,0.44317910392988835,35430.0,0.0
train,lastfm,dir_12,0.6,0.7566693226615033,0.04514899601435485,0.8596274921301154,0.1473704334231755,0.8720580611715916,0.20774312527073988,0.9045454479669421,0.16099153166720698,1.0223081398152676,0.1481054012537067,0.5807247032103847,0.03907703548141116,0.3707571252486904,0.10218589590027727,1.0013377615758663,0.012936911522200712,3.6071915418002845,0.29728258141462177,29868.0,0.0
train,lastfm,dir_12,0.7,0.7361166244746467,0.04222431405149233,0.7125131164742917,0.11003502974344866,0.8258164852255054,0.20995910365925324,0.8772727208925619,0.15459001027794791,1.0484644803567291,0.2774006279123611,0.4985631680958312,0.02649751508623737,0.17966329529085212,0.06758020169975876,1.000697144131904,0.0207507486709784,3.8009473582998226,0.5367020185994769,24308.0,0.0
train,lastfm,dir_12,0.8,0.6991147116167487,0.04401604609723641,0.37673137460650574,0.06876807901783052,0.7297045101088647,0.20149471456167023,0.7818181761322315,0.21619465275175972,1.0994558011930105,0.5723238594754122,0.4761748416590269,0.020055138920393026,0.06218666873765364,0.036772716081786776,1.001103656576878,0.03690242887616993,3.794825133199686,0.4217782928029258,18746.0,0.0
train,lastfm,dir_12,0.9,0.6140397889825053,0.04406007231684687,0.09316631689401889,0.08257475554065231,0.5077242094349403,0.1546509464748002,0.595454541123967,0.2115251349803173,0.8804146430586919,0.396244692836956,0.47814242208034097,0.007633363723029161,0.015456069144504762,0.012864907036132389,0.9959376041901757,0.06718018298872401,3.5548413626001207,0.5647045945635925,13186.0,0.0
train,lastfm,dir_13,0.1,0.7885047412930082,0.030273188821184113,0.9655167890870935,0.05540938782291371,0.9160186625194401,0.1652329198785451,0.9363636295537191,0.15628844684187343,0.9958977252711667,0.0243778210044862,0.8355112764564859,0.0621544197775648,0.7845872024030609,0.0756356084711175,1.002914081623445,0.0026849540749834633,4.269424521000246,0.38097982902729355,57674.0,0.0
train,lastfm,dir_13,0.2,0.7871346443545737,0.03832235384560877,0.9412513116474293,0.09420385500100471,0.8812856402280975,0.23284254923543146,0.9045454479669421,0.2399973199414876,0.9964905635087566,0.028976873086591373,0.791579998736439,0.08330504328343623,0.7189011679443857,0.09765225845945834,1.0038684384436762,0.004303471596895878,4.246810699900015,0.3080253962487782,52114.0,0.0
train,lastfm,dir_13,0.3,0.765439327997146,0.043846642918507685,0.9179171038824764,0.12650000315172893,0.8618973561430794,0.26393457867606884,0.8954545389421489,0.24152294401329347,0.9951483959468671,0.0337165601774715,0.7668243427458241,0.10212176987758015,0.6874465113082786,0.14936194842648867,1.0047896903863403,0.00570184541274461,4.25334213759993,0.4191204053821142,46552.0,0.0
train,lastfm,dir_13,0.4,0.7624846771154999,0.047816320656749456,0.8909758656873032,0.15730869049132187,0.8410057024364956,0.28480956976082566,0.8772727208925619,0.2693818364028806,0.9970669940228175,0.037998381193171935,0.7193889727626952,0.10457907365107287,0.6101023393765613,0.17853607755141493,1.0048064112141541,0.007165792862012692,4.165347225100163,0.3952066239294047,40992.0,0.0
train,lastfm,dir_13,0.5,0.7658154033508189,0.04924286015565208,0.8553646379853095,0.18269625456477714,0.8161223431829964,0.2990647578135151,0.8545454483305785,0.273399842099879,1.0107642205375404,0.05825534368409217,0.6559167662419352,0.08415452181981402,0.5038416961934684,0.17096509059162723,1.0030205673623325,0.008913997479163683,3.838905608300081,0.4891012780934216,35430.0,0.0
train,lastfm,dir_13,0.6,0.739057555451489,0.05233181782707964,0.7980062959076599,0.19203307764272382,0.7847071021254537,0.2983230855782201,0.8272727212561983,0.29049844543169284,1.0283293460628273,0.11083164742278598,0.5789280167225146,0.04907078698780766,0.3543611062454858,0.12838458148965812,1.0009294260348611,0.011475610136051969,3.858296087599922,0.37850955636696915,29868.0,0.0
train,lastfm,dir_13,0.7,0.7172915205967538,0.06452548401295624,0.6685860440713536,0.15436887324757617,0.7434421980300674,0.29752702026381705,0.7999999941818182,0.2947349412695114,1.0411831991758138,0.1774270008163832,0.5023289149868253,0.030697711259902317,0.19303129784146505,0.0844457455229104,1.0012181834463205,0.013511032646599813,3.7903434752000065,0.4232703385987437,24308.0,0.0
train,lastfm,dir_13,0.8,0.6797520219927794,0.05385823953824164,0.3766133263378804,0.09197509894505716,0.6574390876101607,0.27895138608798303,0.7090909039338843,0.30918002055589583,1.035342880189566,0.3117079963504391,0.4809635694240114,0.015164072555487051,0.0710530267476011,0.04008212331750715,1.0028641499262267,0.024114175610865398,3.4505190500998766,0.43216575436470495,18746.0,0.0
train,lastfm,dir_13,0.9,0.5973258061347098,0.05582523241787161,0.11238195173137462,0.07203042026312614,0.4618455158113012,0.1925234578466352,0.5136363599008265,0.23769052404433202,1.1562905799985297,0.9363611801957916,0.4764960295021322,0.007277371929888675,0.016406716370472946,0.009736736371357768,0.9905227204723974,0.05290387079272009,3.697841187600022,0.3308855651599031,13186.0,0.0
train,lastfm,dir_14,0.1,0.788724202608373,0.029994821505744763,0.9660545645330535,0.05327620587395811,0.9212026956972524,0.1500910656925178,0.9499999930909091,0.11429104259695066,0.9953837233120316,0.02267873768916836,0.8393793081714487,0.05848093010509479,0.7951207604056747,0.07154038784972239,1.0030116175280963,0.0026839311009997143,4.400366841899813,0.5945163078421207,57674.0,0.0
train,lastfm,dir_14,0.2,0.7858831219152813,0.0356196851608174,0.9433630640083945,0.08806999879844414,0.8903058579574911,0.2065251847851344,0.9045454479669421,0.2399973199414876,0.9964803211825046,0.025752942925719627,0.8104924133355373,0.08923311726942623,0.7590198351730466,0.11809457656887858,1.003473457531328,0.004695773574763675,4.160483275000286,0.476150434376727,52114.0,0.0
train,lastfm,dir_14,0.3,0.7732373474771146,0.04292278216631429,0.9204354669464848,0.11861535508953316,0.8685847589424572,0.24208494445004164,0.8909090844297521,0.25551762218814816,0.994483072987882,0.03313988743900217,0.7600336209524853,0.09895630583393991,0.6730495220201076,0.14586737810038944,1.003749280016477,0.007134194165276911,4.1723663584998345,0.4624901667343862,46552.0,0.0
train,lastfm,dir_14,0.4,0.7592263222904236,0.05071908283266296,0.8933105981112277,0.14946639489647764,0.8453084499740798,0.26711476235626835,0.8772727208925619,0.26334884862312286,0.9993342596397884,0.04090048182194472,0.7168936212010045,0.09494996861589254,0.5987184227168363,0.16199634772286878,1.0030952363369334,0.008354807191591812,4.143924599900049,0.3088501080336721,40992.0,0.0
train,lastfm,dir_14,0.5,0.7732809923708897,0.04213137194332917,0.8629984260230851,0.16786909127797878,0.8244167962674961,0.2771900003259664,0.8590909028429753,0.26019170535046476,1.012096815250962,0.0749517621253177,0.655284718424621,0.08078325080109618,0.503777819603755,0.16380110065978765,1.0008897350303672,0.009848109387805825,3.9490022623999153,0.417730817147664,35430.0,0.0
train,lastfm,dir_14,0.6,0.7439732315968054,0.04701944474996925,0.803764428121721,0.17740610464507722,0.7926386728875064,0.28023139950915654,0.8409090847933886,0.2746146792208608,1.0297344283458894,0.1302750365419426,0.5791185763117181,0.044009185174771336,0.36009261863147435,0.11848011145433691,0.9992802879701156,0.011271968443532367,4.0880090998997956,0.5273081225457928,29868.0,0.0
train,lastfm,dir_14,0.7,0.7162447405525837,0.05536971794408006,0.6724947534102833,0.14247341756653825,0.749559357179886,0.2798124774182475,0.7999999941818182,0.2728955689830486,1.034779363105815,0.19767026556211356,0.5078651507956418,0.034382782869282695,0.19655525206706476,0.08848051411672411,0.9990569502676003,0.014405955217422042,3.6224614418002035,0.368545800473177,24308.0,0.0
train,lastfm,dir_14,0.8,0.6836209591255601,0.04866566226557768,0.37282266526757607,0.09599260443298396,0.6595127008812856,0.26706418468149273,0.7227272674710744,0.28783891061549094,1.0824874444287484,0.4340719611718877,0.48282464129783875,0.017532918471248687,0.07482882515325202,0.047835971789855575,0.9943023015437703,0.02872267270410011,3.5156852584000378,0.4083405054923782,18746.0,0.0
train,lastfm,dir_14,0.9,0.6007081371252166,0.056458827705523774,0.12221930745015738,0.07524627112748031,0.4661482633488855,0.18735541847927026,0.5227272689256199,0.23202110181429433,1.1763854124473863,0.9767754346362113,0.4771767144773552,0.00786072880254817,0.018048757737658648,0.010592361836452482,0.9801024231853954,0.06106399408628542,3.63595893330006,0.44777873121427114,13186.0,0.0
train,lastfm,dir_15,0.1,0.7959513219295883,0.02566962916570726,0.9781348373557188,0.041225813413319504,0.9471228615863142,0.10576754666800242,0.981818174677686,0.03178208607704397,0.9944914751572969,0.022405553141814936,0.8537537443718032,0.041205912261851836,0.8086185593455427,0.054090571246366875,1.003144758602422,0.0030996032401140786,4.232728925100116,0.6186024318556455,57674.0,0.0
train,lastfm,dir_15,0.2,0.7903668882825972,0.0320507953449886,0.9611096537250787,0.07145522325607365,0.9275272161741835,0.1445928781079233,0.968181811140496,0.05689388854234317,0.9978050495857709,0.03214547523419278,0.8182106855998071,0.06997696791204931,0.7652739546552673,0.07842050416943755,1.0034082029181328,0.0053607797010769495,4.524627399999838,0.27612057959527414,52114.0,0.0
train,lastfm,dir_15,0.3,0.7785311133842734,0.026264049651853402,0.9477046169989507,0.09441970848439968,0.9154484188698808,0.16709883919463558,0.9590909021157026,0.07560590823725792,1.0045071539611963,0.047932577487228324,0.7848193391282035,0.08035131256140213,0.7125251283552062,0.10642541065924091,1.0027054160152409,0.007262741820784498,4.053827316499769,0.4376995582158919,46552.0,0.0
train,lastfm,dir_15,0.4,0.7790258713412864,0.03521122687429499,0.9320960125918154,0.11745818880707308,0.9021772939346813,0.18796202302002324,0.9409090840661157,0.11548993249437325,1.0166205007982565,0.08098404107602337,0.7423509898804761,0.08543961384160091,0.6474726156113444,0.13530768391813933,1.0017470952679348,0.008424201634672014,4.124365575099932,0.5212761389289186,40992.0,0.0
train,lastfm,dir_15,0.5,0.7878743160741112,0.03240762084914087,0.9107423924449108,0.13416510157066544,0.8864696734059099,0.20213135611412716,0.9136363569917355,0.12936590333877257,1.0346341783290052,0.11755440435413037,0.6788967627447184,0.06715706950579378,0.5467607530817101,0.13121950287916875,1.0005879461582965,0.008499305810619941,3.858443500100168,0.5892380235046413,35430.0,0.0
train,lastfm,dir_15,0.6,0.7616126864428284,0.05363314344462931,0.8583027282266527,0.13607520192461292,0.8561949196474858,0.20519928695806336,0.8999999934545455,0.1496859266111141,1.0563070067293707,0.16311977524923682,0.5866806021737389,0.03829504343500474,0.3906043021519534,0.10523434236581897,0.9979299861739204,0.011590306557378862,3.8744287500002543,0.5337471021303336,29868.0,0.0
train,lastfm,dir_15,0.7,0.7343353127489728,0.049699165741100254,0.715582371458552,0.09988440284661906,0.8062208398133748,0.20983402725645725,0.8499999938181819,0.19760968146542196,1.1385264880575259,0.4065721556675046,0.49880910314907323,0.0248496980264355,0.19376589138705208,0.06556036203258218,0.9954861492170097,0.020400439459848145,3.6381936456998574,0.4869206027569274,24308.0,0.0
train,lastfm,dir_15,0.8,0.6927929064984008,0.047833250826403925,0.393205666316894,0.07936917695868519,0.7119232763089685,0.2088188294236011,0.7772727216198347,0.24473331947156468,1.1635841694041247,0.6000947497372199,0.4769859134941581,0.017049905304345515,0.06813168443894106,0.03733077104702531,0.994249679887338,0.038170723281843656,3.7705942875998972,0.39768788413010514,18746.0,0.0
train,lastfm,dir_15,0.9,0.6143409593886855,0.05705911903500856,0.10221668415529905,0.08766084416834508,0.4909279419388284,0.15602150515288535,0.549999996,0.21043703550550846,1.0054452758796406,0.46721815056958343,0.47758307415414797,0.007444953001318781,0.01654172325610025,0.011234398189546827,0.9877457709647557,0.058632840336592995,3.3246996165000153,0.5159742485973235,13186.0,0.0
train,lastfm,dir_16,0.1,0.7867196514964877,0.033703260977177366,0.9781348373557188,0.04229533860964224,0.9472265422498705,0.11053620899998491,0.981818174677686,0.03178208607704397,0.9921388840590654,0.02639614146579992,0.8531999561613157,0.04806716861449913,0.8170018108660988,0.05643948040796493,1.0025700804785571,0.0035235254475664344,4.4116770749999885,0.40764052989686334,57674.0,0.0
train,lastfm,dir_16,0.2,0.7892116360543344,0.02564013942601509,0.9600734522560336,0.07181347068812917,0.9252980819077242,0.14972903227818413,0.9636363566280993,0.0670786165460302,0.9908222903574222,0.030138401201665745,0.8140352453461682,0.07278214062710063,0.7525905653874064,0.07451197824678998,1.0036854499955672,0.004005285115476749,4.318505804000017,0.41184995763989196,52114.0,0.0
train,lastfm,dir_16,0.3,0.7803606151209801,0.029472110950918916,0.944110703043022,0.09555392182194732,0.9113530326594091,0.17534723484029058,0.9545454476033057,0.09090909024793387,0.997173666698934,0.04437983956380831,0.7691779204086865,0.08468935077530372,0.6875605307813928,0.10698502687964176,1.0031270211637924,0.005465235990963218,4.172883554299676,0.36260210481547145,46552.0,0.0
train,lastfm,dir_16,0.4,0.7785695628669705,0.03566987817341557,0.9275314795383001,0.11619576289126612,0.9020736132711249,0.18808786398366473,0.9363636295537191,0.11968737887579783,1.0120208258380152,0.07564871241178993,0.730790557083233,0.09459110329305388,0.637147391099776,0.14153381341551222,1.0011923169825856,0.007814649145832561,4.18309274180001,0.3643396247615613,40992.0,0.0
train,lastfm,dir_16,0.5,0.7841505113883338,0.03579350849277834,0.9022822665267576,0.13365793853622504,0.8885951270088128,0.19878684277434167,0.9363636295537191,0.11968737887579783,1.0301377459743244,0.1367599123992987,0.6698417807372226,0.08455931495085009,0.5438586753610017,0.15385610793115506,0.9995219795040622,0.010023704935672232,3.803640966300088,0.4782201456154487,35430.0,0.0
train,lastfm,dir_16,0.6,0.7607605011195818,0.041869758837876914,0.8484391395592864,0.13565587375021912,0.8640746500777604,0.2029714758117319,0.8999999934545455,0.1629052116117877,1.0444475082084215,0.16357533387146797,0.5839422372812982,0.04581263592590217,0.386087605939476,0.11453985049893803,0.9971494895110876,0.013602835643202638,3.7107171332998066,0.4484674020108044,29868.0,0.0
train,lastfm,dir_16,0.7,0.7372724371182379,0.04603909493690171,0.7110834207764952,0.09992670489146939,0.8204250907205806,0.2047424334484644,0.8727272663801653,0.16707937759809208,1.1236413930460074,0.4062880840450806,0.49978445886816064,0.027892468342588485,0.19021322095035523,0.06454348015958636,0.9954277519426533,0.02300659468163336,3.7633737083001733,0.48882897033424144,24308.0,0.0
train,lastfm,dir_16,0.8,0.7004531914827572,0.04665275624821537,0.3871589716684155,0.06663989529964073,0.7250388802488337,0.20233411288957828,0.7772727216198347,0.22107716768878447,1.1254035398947277,0.6098112814991642,0.4795123027890499,0.01899478947873071,0.06644894569819612,0.034968286061788006,0.9967056046557963,0.04122688102384873,3.4787420082000153,0.32863193001554813,18746.0,0.0
train,lastfm,dir_16,0.9,0.6163225360583839,0.05356281780638265,0.09228751311647429,0.08975437225346909,0.5039398652151375,0.16573120657507812,0.595454541123967,0.21793967886782448,0.9274290811509408,0.42711028684575664,0.4783430095028541,0.006489024935591345,0.01633740214239367,0.012796757338879831,0.9905112024917659,0.06999047263136667,3.6161519501000385,0.7633055858064401,13186.0,0.0
train,lastfm,dir_17,0.1,0.7936974088390144,0.026658709286719862,0.9761935991605457,0.04679035510664478,0.9407983411093831,0.12889498473999,0.968181811140496,0.06079515909645604,0.9926452808005826,0.02856284247268284,0.8546640999183287,0.05376824247895294,0.8196393877507375,0.06478523951769986,1.0023846034561954,0.003607407702002983,4.3917260209,0.4959737083634698,57674.0,0.0
train,lastfm,dir_17,0.2,0.7856299319345925,0.020229956417041638,0.9570304302203567,0.07789905381596754,0.9190772420943494,0.16570237645164945,0.9590909021157026,0.07858365082175488,0.9901341598578096,0.03406738181210577,0.8117310359509518,0.08281887376903022,0.7591326948719747,0.1049222560639223,1.0034472208279595,0.004343952518172574,4.145932212499974,0.41653348881414964,52114.0,0.0
train,lastfm,dir_17,0.3,0.7807389437517099,0.034389428969780964,0.9391526757607555,0.10237520825716138,0.9055469155002592,0.18775646096215853,0.9454545385785125,0.10231480541428101,0.9932267411716552,0.04547072691391689,0.7674637744150868,0.08465632678462713,0.6832546490374971,0.11043337258431779,1.0031913455531172,0.005776463280266021,4.252149241599864,0.4254838291521344,46552.0,0.0
train,lastfm,dir_17,0.4,0.7741122281180504,0.030593063672560775,0.9175498426023084,0.12401460086976644,0.8920684292379472,0.20322509136377737,0.9363636295537191,0.11968737887579783,0.9962901730383711,0.0704511095470954,0.7257651938459154,0.09308631763749364,0.627618689880112,0.1436318527361958,1.0021864116540034,0.008156471477848145,4.1733886666000215,0.5171818661972891,40992.0,0.0
train,lastfm,dir_17,0.5,0.7818172428255636,0.03735180787015511,0.8837880377754459,0.14233655870831308,0.8747019180922757,0.21535525272082578,0.9181818115041324,0.14814432088113608,1.0098846525464091,0.11634790266271923,0.6649495549982529,0.07442603538694431,0.5367472931849353,0.13764583366148367,1.0001529524322472,0.010642833294613867,3.8468995874999563,0.30562698290915147,35430.0,0.0
train,lastfm,dir_17,0.6,0.7487447881912549,0.05024676524784498,0.8223242392444912,0.14718527464330705,0.8425090720580611,0.21893044963822536,0.8954545389421489,0.15309779378436916,1.0219449314857743,0.15530458657360235,0.5855640581646202,0.04468739101707526,0.38684138234087617,0.11960123604829076,0.9975747068436585,0.012295200352103257,3.8953125376001934,0.5413832657560376,29868.0,0.0
train,lastfm,dir_17,0.7,0.7347680483358424,0.040490356533257235,0.6891395592864639,0.11476319543506047,0.796630378434422,0.22022225412170546,0.8272727212561983,0.1738137005504457,1.0538556174827676,0.31148350881897524,0.5082880806078773,0.03098740669456461,0.20123361313480242,0.08340361567007416,0.9945684400579043,0.02294187204645053,3.7139235500001178,0.40366318673154944,24308.0,0.0
train,lastfm,dir_17,0.8,0.6976335472480771,0.03947501792779437,0.38904774396642183,0.07745905731718881,0.705443234836703,0.21287466359211138,0.7499999945454545,0.23594562710823536,1.119492318388869,0.6663070289184664,0.4811468952560502,0.01973810767875475,0.06871956196102397,0.037628572970556426,0.9911795546698633,0.043474075172753895,3.590029221000191,0.3556130092752066,18746.0,0.0
train,lastfm,dir_17,0.9,0.6089155683612746,0.04880930747488557,0.1050367261280168,0.08629738140779669,0.494504924831519,0.16379256161034478,0.5727272685619835,0.20574842513113822,0.8966651238180923,0.3810078675896509,0.47759863905226324,0.007744219905957787,0.01637059970653152,0.01171967824405748,0.9816889992899409,0.07042466885902193,3.319259633299839,0.5653211917356123,13186.0,0.0
train,lastfm,dir_18,0.1,0.7730308952835891,0.035302814153560784,0.9247901364113327,0.057123419301360945,0.8268014515292897,0.15374918557833794,0.8681818118677687,0.18363986261747595,1.0153395748061265,0.043878624778931063,0.8092197064310758,0.06722866502057531,0.781791962798841,0.07914249459759806,1.0008761662787653,0.003171727285307603,4.449782504199971,0.3578091403936517,57674.0,0.0
train,lastfm,dir_18,0.2,0.7580065608942164,0.04505434564904631,0.8704223504721931,0.10173583404237879,0.7526697770865733,0.213292773678449,0.7863636306446281,0.24808726327143912,1.0236273005378866,0.06344396331130252,0.746282580275911,0.08835672553021139,0.6885062612054637,0.11148130152617315,1.0010493555168878,0.004676783529464715,4.052256983299981,0.5255423870224016,52114.0,0.0
train,lastfm,dir_18,0.3,0.7451858521151009,0.055116044507416695,0.8227701993704093,0.14245324155192643,0.7027475375842405,0.25203113275139294,0.7318181764958679,0.25212594509159425,1.0413531689412578,0.09492231069829969,0.711296142159841,0.09993211964184098,0.6373792386126547,0.1477165306816813,1.0000508474112517,0.0077330318977471765,4.069730649799908,0.46817438125096017,46552.0,0.0
train,lastfm,dir_18,0.4,0.7308171252991357,0.05839440340320537,0.7797612801678909,0.17377208717999443,0.6647485743908761,0.2812019373897767,0.7090909039338843,0.26347957528722926,1.0665704055851974,0.12648562877491065,0.6654427005843961,0.08996531204836422,0.5518105118051511,0.1591041486449663,0.9965775371944904,0.012536276983091241,4.0005048748998435,0.4216170636975105,40992.0,0.0
train,lastfm,dir_18,0.5,0.7367100353895923,0.06079060501677476,0.735414480587618,0.19420192954120374,0.635303265940902,0.2929275142983531,0.6545454497851241,0.30469240918404117,1.1039723419851306,0.162815082758864,0.626788230924291,0.07475005201358509,0.4720908289246696,0.16256926086632095,0.9913668105742628,0.018718301134370598,3.9805533916999365,0.4550627938913774,35430.0,0.0
train,lastfm,dir_18,0.6,0.7136067302859,0.07612532492690868,0.6797481636935991,0.20619961802083228,0.607983411093831,0.29930087371646824,0.6272727227107439,0.29829635425056505,1.127752366277675,0.1684863440629241,0.5739103069285519,0.043583174458597454,0.36206422730656806,0.1336100016198828,0.984667953819193,0.024020760836784595,3.7056580916999793,0.36651129699327334,29868.0,0.0
train,lastfm,dir_18,0.7,0.6918427518221879,0.07311625905242894,0.570291185729276,0.16759594038394676,0.578589942975635,0.3023951664304508,0.6045454501487604,0.3038247140636622,1.207005679679527,0.24198765498865488,0.5148298447342767,0.03592958394152767,0.20681090967508906,0.10726267449365612,0.9734250213951954,0.03398333010244194,3.975389745800135,0.5675345477003452,24308.0,0.0
train,lastfm,dir_18,0.8,0.6574001636048189,0.06476460229070216,0.35233473242392443,0.08508511279214304,0.5305857957490928,0.2954636413803151,0.5772727230743803,0.3105506210277474,1.292847350130939,0.41153146481411956,0.4920142858193673,0.021657950063200537,0.09701872280431985,0.07134837946275928,0.9627021554640279,0.05625318233250258,3.5258578874003206,0.36829434163987557,18746.0,0.0
train,lastfm,dir_18,0.9,0.58155561753932,0.06186679350041361,0.13844438614900315,0.0901534811952702,0.39652669777086574,0.2189777245996804,0.44545454221487607,0.2622569256492685,1.2537685365657933,0.7099228114016062,0.4768006632789955,0.007484810784273432,0.021712553524197712,0.01454297489367522,0.9476116088963892,0.08461315195321253,3.5301196333998632,0.5983336908282911,13186.0,0.0
train,lastfm,dir_19,0.1,0.7816652532727059,0.037918782260320034,0.9595487932843652,0.0543556569896558,0.9093831000518403,0.14658643565926485,0.9363636295537191,0.14083575701964604,0.9904663811209515,0.026863740855123386,0.8407914265229641,0.060271972920406855,0.8167409408643407,0.07043054221608855,1.0028237467215066,0.002971120279735977,4.285079041400058,0.4002433478190478,57674.0,0.0
train,lastfm,dir_19,0.2,0.781529442164769,0.04414297243006249,0.9298793284365162,0.09221115061958694,0.868481078278901,0.2085481058197408,0.8999999934545455,0.2393747577515957,0.9932635675650685,0.03247283557203986,0.7786940254494213,0.08577323896865979,0.7046534112339942,0.10488232990799602,1.0032047227213106,0.005293974594040317,4.151515466900037,0.42389443823534984,52114.0,0.0
train,lastfm,dir_19,0.3,0.7583500587925964,0.051091626015296945,0.8998426023084996,0.12451954158075856,0.8396060134784863,0.2464073728122685,0.8681818118677687,0.25930789944983984,0.9973383448458781,0.0451423703221441,0.7393737311983738,0.08597369838297339,0.6431676814447975,0.11576249725280591,1.0025157020694613,0.009327545991498166,4.145298020800146,0.5203306089330828,46552.0,0.0
train,lastfm,dir_19,0.4,0.7546977921563838,0.056481627640175815,0.8639296956977965,0.15578611243316967,0.8086573354069466,0.27213134360013597,0.8409090847933886,0.2591307765470348,0.9989038799135258,0.048502092751024434,0.7027288350538149,0.09935683833524411,0.6002331213615139,0.17187910042202448,1.001188691841814,0.011861662587451166,3.74681814979981,0.4728448509309913,40992.0,0.0
train,lastfm,dir_19,0.5,0.7533477701537319,0.04834092496777735,0.8220619097586569,0.17749434999815106,0.7783825816485226,0.28625412044230647,0.8181818122314051,0.28020063446076704,1.009896982187713,0.07446620126016361,0.6518099228288875,0.07978523126386215,0.5128691603081267,0.16621858369120399,0.9988840488224676,0.013191900000183587,3.9576696376998823,0.4338955532485217,35430.0,0.0
train,lastfm,dir_19,0.6,0.7336235344501626,0.05928143729806443,0.7579354669464847,0.186676182933965,0.7468118195956455,0.2903316946874265,0.7863636306446281,0.27192643165399133,1.0325509953284218,0.1312787439215479,0.5819593981252333,0.04983695322300706,0.37632153228966575,0.13630430504562988,0.9951016706330646,0.014676718813230327,3.8938040418001036,0.4195529403262534,29868.0,0.0
train,lastfm,dir_19,0.7,0.6913406434182872,0.0618660668349495,0.6342864637985309,0.1504154154488732,0.7035769828926906,0.2902279635802185,0.7318181764958679,0.30638296631925954,1.049378944990685,0.19134602354479782,0.512355127033593,0.037570951234544896,0.21712488178096576,0.10842948663835413,0.9931276716054451,0.015082134398776446,3.745932166700027,0.5575180783264028,24308.0,0.0
train,lastfm,dir_19,0.8,0.6612349171863826,0.047875351195943106,0.3771904512067156,0.09978349232582703,0.6232244686365993,0.2786801103679505,0.6681818133223141,0.29925680607013283,1.088548394537296,0.4196272834775634,0.48837014378143573,0.020737128987520892,0.08822359424536935,0.054993726016589625,0.9889648619870434,0.028944458602389502,3.9059661375002177,0.5473035449881539,18746.0,0.0
train,lastfm,dir_19,0.9,0.5924852348462515,0.05997530588571059,0.1204748163693599,0.06657759641497303,0.4490409538621047,0.20225803648250643,0.5136363599008265,0.24529549475933685,1.2085315558212828,0.9346158745276597,0.47796710147940435,0.006638074162091878,0.019501856987851847,0.011106110497018588,0.974221445184728,0.060954645061086395,3.286505699900181,0.43693315196377347,13186.0,0.0
train,lastfm,full_graph,0.0,0.8007502982536552,0.029171786773797306,1.0,0.0,1.0,0.0,0.9999999927272729,0.0,1.0,0.0,1.0,0.0,1.0,0.0,1.0,0.0,4.465498908199977,0.5835076477078238,63236.0,0.0
train,lastfm,gassip_adapted,0.1,0.7940876567890391,0.02198429035115883,0.9852439664218258,0.003507141272832252,0.9512182477967859,0.011590433714873016,0.9954545382148762,0.014373989259863626,0.9618235706937612,0.007122282679322834,0.8484339156236702,0.01918810835615308,0.8106475558535321,0.038302741703016105,1.0070020651230283,0.0021812490509991902,4.578702854100032,0.35675350343589335,57674.0,0.0
train,lastfm,gassip_adapted,0.2,0.7990293050556677,0.015105766130360219,0.9689270724029381,0.006553703107990628,0.9063763608087092,0.01745410928897372,0.9863636291900827,0.030679479672810744,0.9406421741716023,0.01664233044968964,0.7967969323169974,0.01927581807381557,0.7419172008568949,0.04341562863809201,1.0103319627827398,0.0049259802890138085,4.206684141599974,0.4589716476719751,52114.0,0.0
train,lastfm,gassip_adapted,0.3,0.7759239339058889,0.04265212401525394,0.940398740818468,0.010891009838928616,0.8471228615863142,0.021820134213844534,0.968181811140496,0.03742148165277854,0.931228982920014,0.020429879292614757,0.7463008182051337,0.015980859930582514,0.6763123782787979,0.03765917427289437,1.0110078711739252,0.007429362210839218,4.215202045700082,0.5103020392327424,46552.0,0.0
train,lastfm,gassip_adapted,0.4,0.7785373773128693,0.021566198166010877,0.892667890870934,0.018663231701258304,0.77983411093831,0.026947056791341586,0.9090909024793389,0.056691778175180105,0.9311363718534252,0.030975291174834056,0.6843272762682442,0.01586254646883745,0.5987583309235041,0.04112909887170031,1.009813679244199,0.011173095674226897,3.897092641699993,0.5687714633186378,40992.0,0.0
train,lastfm,gassip_adapted,0.5,0.777179021570972,0.019728047648876715,0.815988982161595,0.030668964135823387,0.6950751684810783,0.02657970867768783,0.7999999941818183,0.04391326254787156,0.9423416376650484,0.03285946186423291,0.6185687006633659,0.016815278289434476,0.4812476344806257,0.04764900390445987,1.005799779517103,0.015550299752293571,4.038928862399973,0.5530556749955604,35430.0,0.0
train,lastfm,gassip_adapted,0.6,0.749191132295128,0.030728813236335323,0.7061253934942288,0.0396254190296399,0.6019699326075687,0.030054280522949776,0.6772727223471076,0.0584856331068281,0.9523699676996514,0.04351101334869918,0.560661586443652,0.012970912208121917,0.3497821894451104,0.03250767544457614,0.999383049176067,0.023859107839462962,3.8363459415999954,0.470794160746832,29868.0,0.0
train,lastfm,gassip_adapted,0.7,0.7254183624326573,0.04043426359781024,0.5546301154249738,0.04162777851975791,0.4985484707102126,0.034973381423201326,0.5772727230743802,0.09594630353849697,0.9671278339867083,0.0605023560712911,0.5230695116402534,0.0100714751154209,0.2021595599931012,0.024712948316058005,0.9898928512936838,0.036190934816525265,3.5780266164999746,0.5376057877580299,24308.0,0.0
train,lastfm,gassip_adapted,0.8,0.6802975367966648,0.04242794388753207,0.37165529905561384,0.03160445864585249,0.3721617418351477,0.03462879838651576,0.4272727241652893,0.12159031819291209,0.999501048220913,0.07792666591948687,0.4959208558475317,0.006504274788202963,0.09241324751329742,0.008064182753486712,0.9713413525340995,0.05982995295308169,3.775953900199943,0.3676767773768669,18746.0,0.0
train,lastfm,gassip_adapted,0.9,0.5991931450029581,0.046526293463061266,0.1605849947534103,0.012670518691835006,0.22768273716951787,0.026581955426183242,0.23181818013223143,0.09689864750934005,1.0267595353638876,0.08113187422300033,0.47702593499035195,0.004157264887357887,0.026011847418188024,0.0072447174685991945,0.9466192339342246,0.08884621716922622,3.552928075099936,0.22463554614943024,13186.0,0.0
train,lastfm,grp_deletion_only,0.1,0.7893951617982014,0.02269463243459652,0.9741736621196223,0.04828222508722399,0.937791601866252,0.13257280124991622,0.968181811140496,0.06079515909645604,0.9938050523428729,0.025167312536544265,0.8428910886490932,0.049541470926225586,0.7924214605035507,0.05304604425006994,1.0020543811859377,0.003450880803856766,4.2684488125998765,0.5792684920655328,57674.0,0.0
train,lastfm,grp_deletion_only,0.2,0.7853993189354316,0.02756401200134697,0.9511149003147954,0.08034687349037413,0.9125453602903058,0.17347286913709703,0.9409090840661157,0.1304262973342169,0.9869539679824397,0.03058343219211528,0.8126931024680946,0.08356461319354394,0.7608494706898566,0.10094133074445427,1.003414940502568,0.004405605304271912,4.65035290429999,0.264065414458364,52114.0,0.0
train,lastfm,grp_deletion_only,0.3,0.7754223511965441,0.03624490845022033,0.9286332633788039,0.10967757846409783,0.8953862104717469,0.2022311652561855,0.9272727205289257,0.16063464465839739,0.9889270178783329,0.04111799854366546,0.7630707914817499,0.09986113695066762,0.6878583191612331,0.140863806095137,1.003423900462035,0.0051292158347120385,4.325075241699983,0.4033975553823172,46552.0,0.0
train,lastfm,grp_deletion_only,0.4,0.7718712010677647,0.03751884578994951,0.8990949632738721,0.13691038793678803,0.87900466562986,0.21959766875853481,0.9090909024793389,0.18556740340672026,0.990287499904001,0.06012709571198442,0.7165823750180839,0.09696159725528303,0.6204783809896568,0.15713616980265516,1.0023422654339402,0.007327456285906976,4.087579800100019,0.535680622064214,40992.0,0.0
train,lastfm,grp_deletion_only,0.5,0.7759204386121344,0.038730884727732576,0.8592995802728227,0.15983662893763603,0.8553136340072577,0.2336263858586802,0.8727272663801653,0.20418036855048233,1.001178873678215,0.10834567791567007,0.6634618106153561,0.08866858788453946,0.5300725577200016,0.16767829308865181,1.0000537742769995,0.011062090992110847,3.9354856457999916,0.5030731813296689,35430.0,0.0
train,lastfm,grp_deletion_only,0.6,0.7454424739410064,0.04582858895739765,0.7952911857292759,0.1693723603783306,0.8259201658890618,0.23902332190400075,0.8545454483305785,0.22040116865124218,1.025184704291035,0.1833824248184768,0.5838075179922877,0.05183049109808376,0.37910753715725093,0.14334248741674246,0.9975214343456328,0.01361261443529874,4.303943979200119,0.3019494193832332,29868.0,0.0
train,lastfm,grp_deletion_only,0.7,0.7208681546603538,0.04474771693274355,0.6620146904512068,0.1310406723447855,0.778952825298082,0.24070632104351783,0.7999999941818182,0.22898345878693926,1.0454663565217017,0.28393644567801424,0.5089705241426522,0.031635983336170695,0.19996947634184176,0.09118637482803887,0.9951074709094587,0.02039958462176291,3.6560279416000183,0.6808044905740805,24308.0,0.0
train,lastfm,grp_deletion_only,0.8,0.6847503836459188,0.040473618326097124,0.3742654774396642,0.08268684299052342,0.696630378434422,0.23374015544419746,0.7272727219834711,0.25171587280322016,1.1365977657907353,0.7177911322216124,0.48271118659762385,0.021031731923659546,0.06916820354544992,0.039982175655128065,0.992555864393092,0.03992790544697239,3.6812007792998545,0.3922255026522306,18746.0,0.0
train,lastfm,grp_deletion_only,0.9,0.6109201651172336,0.054837762045707755,0.10455141657922351,0.07772274293977072,0.4862104717470192,0.16788558121952224,0.5545454505123967,0.21298525167290216,1.0121639153625526,0.6065499352006537,0.4780195715648148,0.008170832771826168,0.01764465885117719,0.013344703433208522,0.9785342837659984,0.06878917739409404,3.9385615376001963,0.27578244998957163,13186.0,0.0
train,lastfm,grp_proxies_only,0.1,0.7888499009720946,0.02841315737447164,0.9666448058761805,0.05281965274389903,0.9224987039917055,0.14998961798795601,0.9545454476033057,0.10050378079498462,0.9965343611224183,0.023519874727533713,0.8359202025067303,0.05759545149164658,0.7871557726321571,0.06811479269041458,1.00278239357595,0.0027639923140373845,4.805292170800089,0.3124222143001146,57674.0,0.0
train,lastfm,grp_proxies_only,0.2,0.7869804219241905,0.032641212187746065,0.9450419727177335,0.08767545221925269,0.893312597200622,0.20746811949676686,0.9045454479669421,0.2399973199414876,0.997726332793083,0.02731418211979511,0.8154133238642519,0.08729671661645395,0.7726921813513679,0.1199323311733793,1.0033329813022653,0.0047632539853938866,4.395494650000063,0.31766250881656444,52114.0,0.0
train,lastfm,grp_proxies_only,0.3,0.7723716020970105,0.043028545274683576,0.9231505771248688,0.11791050493270684,0.871435977190254,0.2425494825282651,0.8954545389421489,0.2544823135508167,0.995567432292608,0.031239306368947548,0.7644408276271254,0.0938845849485605,0.6759447015844114,0.13373952220322097,1.0033671777462927,0.007106020827289341,4.310708699900033,0.42364574329989907,46552.0,0.0
train,lastfm,grp_proxies_only,0.4,0.7543808908640244,0.05019283839676975,0.8973373557187827,0.148480549521172,0.8476412649040954,0.2659405595632203,0.8772727208925619,0.258953532493091,0.9998400129355302,0.04325277790799855,0.7275627529575719,0.09830435157261021,0.626049955468456,0.17113415819687064,1.002663252492003,0.008840837255740452,4.4049415793001,0.31404396824877184,40992.0,0.0
train,lastfm,grp_proxies_only,0.5,0.7689184999362662,0.0421477808956279,0.8654249737670515,0.16789484454097373,0.8262312078797305,0.27383199743849657,0.8545454483305785,0.25873180667754514,1.0092876078683857,0.07869353604221604,0.6639696059880905,0.07586768151184563,0.5234238383375968,0.1566312781776182,1.0012441408238144,0.009454962439404352,4.028310108100118,0.6135930847500093,35430.0,0.0
train,lastfm,grp_proxies_only,0.6,0.7462251077185074,0.04848189503687086,0.8053646379853096,0.17646427047571978,0.7956972524624157,0.2774566416384172,0.8454545393057853,0.2599710355581163,1.0247044001475643,0.12625571949547607,0.5897707182087963,0.04874987365197916,0.3797261736734274,0.13029392296445091,0.9999729190380954,0.010879078688269813,4.014397791499993,0.4148603565582808,29868.0,0.0
train,lastfm,grp_proxies_only,0.7,0.7202169281056978,0.05124633987995452,0.6675891920251836,0.1415426481662176,0.7466044582685329,0.27456826609401763,0.7909090851570248,0.26865648603766795,1.0262559156889943,0.19623245996236782,0.5073217852181543,0.031166048289098462,0.20065182113856195,0.07856902973597542,0.9995745619522521,0.014970691414137512,3.7078478251000546,0.48918555078468423,24308.0,0.0
train,lastfm,grp_proxies_only,0.8,0.678054822787756,0.0482464379632189,0.3709470094438615,0.10450290998849641,0.6569206842923794,0.26291025844756216,0.7227272674710744,0.28543620656116503,1.054780725851068,0.41025131021995775,0.4845099988718594,0.01919367813586156,0.06991060139226203,0.03774345235600266,0.9949816217875579,0.02991779997930884,3.9284757332999676,0.2648884669461524,18746.0,0.0
train,lastfm,grp_proxies_only,0.9,0.6030340264483227,0.048476724600652374,0.12444910807974816,0.0740114500939244,0.4673924313115604,0.18629517249097732,0.5227272689256199,0.22293846761441968,1.158686531901643,0.9757851486655585,0.4772013557583514,0.007950984682453763,0.01851988592302429,0.01082887286426225,0.9770826382318069,0.06261895223608778,3.615399512500062,0.3656264786360712,13186.0,0.0
train,lastfm,grp_task_plus_proxies,0.1,0.7905862736247575,0.026890895986138946,0.9517838405036727,0.05536868975692125,0.8900984966303784,0.14595035511627344,0.9363636295537191,0.10756508618315604,0.9948612486743361,0.022234656010518928,0.8239710350438558,0.05935490306317265,0.7834490749043175,0.06663218676190683,1.002874054806019,0.002562096639236241,4.504571033299908,0.3890143378083481,57674.0,0.0
train,lastfm,grp_task_plus_proxies,0.2,0.7820427413433648,0.030778716755469827,0.9169989506820567,0.09905268282523601,0.839917055469155,0.20907631341827168,0.9272727205289257,0.11775369143285465,0.994880974132321,0.02953281964356573,0.7724348763705494,0.0850791360663256,0.70720319983126,0.09730920508803531,1.00310541136762,0.004694152438613917,4.621551254399958,0.5043296059569738,52114.0,0.0
train,lastfm,grp_task_plus_proxies,0.3,0.7721557487348392,0.033553172882952675,0.8831322140608604,0.13696124225949108,0.8008812856402281,0.25067603734017146,0.8545454483305785,0.2053016310639193,0.9974140135702558,0.04448477355105855,0.7455774350136507,0.0925273064835152,0.6717527193849883,0.11898910827758932,1.0027724912217113,0.006304624304674789,4.128315958499996,0.506439921259531,46552.0,0.0
train,lastfm,grp_task_plus_proxies,0.4,0.7568781622309777,0.0369247591104362,0.850682056663169,0.16361082019056714,0.7672887506480042,0.27195517435107275,0.8272727212561983,0.24692786229462604,1.0274127273102889,0.08975832468420099,0.7049913714516401,0.09556587375282444,0.6077151631751742,0.15319558940622627,1.0004211513128665,0.008429851198347419,4.3168835417000535,0.5654578035006786,40992.0,0.0
train,lastfm,grp_task_plus_proxies,0.5,0.7626334304067652,0.03774040364125675,0.8084994753410284,0.18026013880388314,0.7349922239502333,0.2791312699564056,0.7999999941818182,0.2599710355581163,1.0719016059900315,0.14176243559463525,0.6502405548757639,0.07161368839434482,0.5159410514860487,0.13743719980024133,0.9950453089522829,0.0132128631610224,4.050567474999923,0.4675304657920532,35430.0,0.0
train,lastfm,grp_task_plus_proxies,0.6,0.7371860416689058,0.049468745827362964,0.7445697796432319,0.19017498833632757,0.7005184033177813,0.2802363063511329,0.7545454490578513,0.28523506764071693,1.1365111675906756,0.22224151813925364,0.580333752862258,0.041882850054805416,0.3692005438296954,0.10920361079469725,0.9876199342121568,0.02017781043463076,4.109982004299985,0.17868712099483006,29868.0,0.0
train,lastfm,grp_task_plus_proxies,0.7,0.7055907068507281,0.04488809252159497,0.6318074501573977,0.1513205300727544,0.6599274235355106,0.2777763668786952,0.6999999949090909,0.2884364593396329,1.1760817435419573,0.2960097053491586,0.5085901228000819,0.03306152313184218,0.2094776562008372,0.08040008288885069,0.9825196052925642,0.028711873478854896,3.787991066800049,0.45916238366893286,24308.0,0.0
train,lastfm,grp_task_plus_proxies,0.8,0.6745147301772229,0.03212819707345559,0.39096274921301155,0.09377126489794645,0.5941420425090721,0.268001808372632,0.6454545407603306,0.28003672650028855,1.265560908675228,0.5818583249177666,0.48541885764013354,0.020847733403036656,0.08886032798197224,0.0534319186031776,0.9753193141705692,0.04759416754174799,3.918044625200116,0.37593582567217454,18746.0,0.0
train,lastfm,grp_task_plus_proxies,0.9,0.5913937149450039,0.03827772961516431,0.11744491080797481,0.08697485651370976,0.430689476412649,0.18943286066188594,0.490909087338843,0.2053016310639193,1.3506288732147478,1.1546303645010776,0.4769789565995327,0.007813927016020067,0.018497753910717358,0.012741319668412148,0.9553536867475272,0.09068805462896451,3.5121194126000885,0.38789174174999314,13186.0,0.0
train,lastfm,loo_comm,0.1,0.7886252107525377,0.026118777455456463,0.9751311647429171,0.048759941143569574,0.9395541731467081,0.13157557788208793,0.968181811140496,0.06079515909645604,0.9930117548069506,0.025504471359881025,0.8536193620587962,0.05552939313524371,0.8224727325358707,0.06604892279569825,1.0022129743279715,0.0034747464075376927,4.301155941700065,0.4765700201625638,57674.0,0.0
train,lastfm,loo_comm,0.2,0.7834103090929082,0.02730387553495788,0.9535020986358866,0.0804993088562157,0.9150336962156558,0.17399388748421268,0.9363636295537191,0.1440589604553859,0.9882235989048759,0.028600980342385073,0.8037496650387663,0.07914080827144292,0.740181829597169,0.0999495564511497,1.0034066870637062,0.004064048690053659,4.511874370900038,0.35625818034686874,52114.0,0.0
train,lastfm,loo_comm,0.3,0.7783048434858719,0.03756074363889717,0.9329354669464849,0.11044921260835737,0.8975116640746501,0.2051572060679171,0.9318181750413224,0.15782323109461632,0.9874930524447508,0.03717576253051615,0.769468938454205,0.09589643904281091,0.6910313239844027,0.1291560094021108,1.0038137469402113,0.004771057691105495,4.436103900099967,0.20620854273808017,46552.0,0.0
train,lastfm,loo_comm,0.4,0.7709768788387177,0.036034894376585754,0.9048662119622245,0.1377080174475625,0.8809745982374286,0.22605729456703744,0.9090909024793389,0.19986221003544027,0.9947138898753343,0.058296279192234304,0.7222192280162486,0.10354502076975072,0.6228987924800672,0.15975341136822988,1.0024181408927733,0.006633377133907834,3.8894643709000376,0.4560323713604807,40992.0,0.0
train,lastfm,loo_comm,0.5,0.7807255092407634,0.036253189612580256,0.8691894018887723,0.15834812305436347,0.8635044064282011,0.2380962284714341,0.8954545389421489,0.2153967856454289,0.9997465835503322,0.09522997396755317,0.6674329292237551,0.08728409470881479,0.5375415223867022,0.16179926878964002,1.0005513222192524,0.010023727671907927,4.370186804299948,0.2237712006519276,35430.0,0.0
train,lastfm,loo_comm,0.6,0.7522357117632076,0.04246535096331131,0.81150314795383,0.16482238639311403,0.8371695178849144,0.24174491194044523,0.8681818118677687,0.22003630895195483,1.0356390762674519,0.2018751101284777,0.579473184241858,0.045077234352416014,0.37399743722963424,0.12445641083784954,0.9976988463399401,0.012816381888873853,4.173977333199986,0.2765237746265211,29868.0,0.0
train,lastfm,loo_comm,0.7,0.7313042669203365,0.04656796474818585,0.6768887722980063,0.1252548469966805,0.7937791601866252,0.23993939759691768,0.8227272667438017,0.23516596160716505,1.0519323853234606,0.2887484101443244,0.504995220114594,0.03080701386204694,0.19502227228322386,0.07922020089451533,0.9957172045429461,0.018980324547586493,3.484629641499977,0.5198518209856084,24308.0,0.0
train,lastfm,loo_comm,0.8,0.6887351413108076,0.042288315230592115,0.3783184679958027,0.07773274254911854,0.7058061171591498,0.22905335753917835,0.7454545400330579,0.2509852010940308,1.137910029729916,0.7204573457359097,0.48243418291485246,0.01959402969219095,0.06928647951719277,0.03912763705802052,0.9939409839873186,0.039771433058935,3.8826203956999947,0.31220657535058566,18746.0,0.0
train,lastfm,loo_comm,0.9,0.6109817357975136,0.051096981083927955,0.10003934942287514,0.07713656793223306,0.4906168999481596,0.16666703842601857,0.5681818140495868,0.2058042061881834,0.9499882714404976,0.5208879227514128,0.47805562557355524,0.007245691632118217,0.017235382030430797,0.013427433571189777,0.9813475841788362,0.06867275078537363,3.7918683042998893,0.194921087240803,13186.0,0.0
train,lastfm,loo_conn,0.1,0.7917105783662371,0.025401160671418805,0.9660939139559286,0.051064944256962,0.9251425609123899,0.1397789416911154,0.9454545385785125,0.10004590241917634,0.9959013999468922,0.0242652192812706,0.8481473456169553,0.06185362091712047,0.8157617535748048,0.07288751584926839,1.0024752265585708,0.0028215537120623827,4.694464583200127,0.222336448800647,57674.0,0.0
train,lastfm,loo_conn,0.2,0.7871482168790407,0.0343716177489871,0.9441238195173138,0.08458380264085877,0.8968895800933125,0.18926595987180156,0.9318181750413224,0.1290105018339115,0.9930879113047275,0.029884239392380423,0.8027568974936841,0.07625948055483359,0.7411817340619262,0.08313062474921022,1.003410138441039,0.004632859359425522,4.446708004400054,0.24841505473500716,52114.0,0.0
train,lastfm,loo_conn,0.3,0.774509366818607,0.03601996788201214,0.9226783840503673,0.11498016461455367,0.8748055987558321,0.22241056414336438,0.8954545389421489,0.21109056824501543,0.997134170248714,0.04350652344499854,0.772051493897276,0.08962449545798985,0.701641346602301,0.12835572920942273,1.003132585985107,0.005833741529384871,4.30092204580009,0.5390069569740024,46552.0,0.0
train,lastfm,loo_conn,0.4,0.7728527300009173,0.043071474597141834,0.8997639034627491,0.13754853567932435,0.8504924831518922,0.23945971472439997,0.8636363573553719,0.2395664876643937,1.0059418399784745,0.057605450190396375,0.7244768650793771,0.08859053601209002,0.6316976950751808,0.15363907599229784,1.0026508031401071,0.0054897228690924905,4.172338991600014,0.410471862209033,40992.0,0.0
train,lastfm,loo_conn,0.5,0.7772646629474027,0.03838093666220413,0.8659365162644281,0.15179761993415664,0.8206324520476931,0.24711017335055702,0.8590909028429753,0.23999731994148762,1.0330768245675448,0.09162839487646145,0.6714662063070527,0.07461790720896354,0.5411277965864759,0.15436760466709698,1.0002215205267224,0.008191310658226786,4.0972885666000565,0.5646837848953563,35430.0,0.0
train,lastfm,loo_conn,0.6,0.7548278436485443,0.04548291387977907,0.8114113326337881,0.15516876924227793,0.7857957490927941,0.2466103423478285,0.8272727212561983,0.2431806363858242,1.0615789904035071,0.14948333267035974,0.5920229476013008,0.04128438238973431,0.40079443016179866,0.1164376728822005,0.9973719877525047,0.010249893130902773,4.05924557509997,0.27438839260288167,29868.0,0.0
train,lastfm,loo_conn,0.7,0.7356579469534156,0.05601636830552616,0.6865031479538299,0.12011963827584357,0.7419388284085018,0.2460005429211171,0.7909090851570248,0.2626068349785357,1.089489759510451,0.24946485078134634,0.5088228605094043,0.04349979906367454,0.21346079240294524,0.10903340442762421,0.9943465538175451,0.015278898455793954,3.872760916699929,0.471923450641621,24308.0,0.0
train,lastfm,loo_conn,0.8,0.6976769267604437,0.05332578635833527,0.40246589716684156,0.08214288412814086,0.6643856920684292,0.2405292329761994,0.7227272674710744,0.2680148407794549,1.1324835535164657,0.550594835026136,0.48261762775881484,0.02221798065505411,0.07926377711707273,0.04562317327148745,0.991863883671769,0.030675848110442588,3.7271105332999808,0.42620106652982565,18746.0,0.0
train,lastfm,loo_conn,0.9,0.6176358636960761,0.05793531433475009,0.10205928646379854,0.08545211479644083,0.4692068429237947,0.17998269221627597,0.5545454505123967,0.22144031240704148,1.1978828883496255,0.9797308212372697,0.47742405071853194,0.006407850234314736,0.017255690575688237,0.012113322134285148,0.9804593618429045,0.06294342097794094,3.6079483957999883,0.3483529295228665,13186.0,0.0
train,lastfm,loo_group,0.1,0.7908427164999465,0.02268459154982887,0.9751967471143758,0.04744963814064729,0.940746500777605,0.12755696118832718,0.968181811140496,0.06079515909645604,0.99240143495525,0.027016871954556005,0.8579290207700639,0.06008537422542438,0.8318335695217144,0.07109579778545626,1.0024769006237964,0.003553732066724544,4.530911520700039,0.3296454969303245,57674.0,0.0
train,lastfm,loo_group,0.2,0.7879799392070042,0.027602915541706987,0.9539874081846801,0.0799283787065019,0.9158631415241058,0.17119541700994761,0.9409090840661157,0.1304262973342169,0.9896304029761606,0.03312250241017265,0.8085884890522834,0.08313991614463266,0.752704241133238,0.10564085046114653,1.0036422634860678,0.004707523848236288,4.292685237600017,0.49283481933821693,52114.0,0.0
train,lastfm,loo_group,0.3,0.7747780729108011,0.0354663535614679,0.9346143756558238,0.1084081559543004,0.8992223950233281,0.2003320417696511,0.9227272660165291,0.17014281135204984,0.9900173643726553,0.03593194367910037,0.7714000240041635,0.09177203297884667,0.6983600769853863,0.13082814491796993,1.0037072792306587,0.005783038555737732,4.2666643374998845,0.26197335006523853,46552.0,0.0
train,lastfm,loo_group,0.4,0.7750314906043478,0.03963184359293629,0.9113982161594963,0.1345874865907617,0.8811301192327632,0.22478973850301515,0.9136363569917355,0.18612327305942997,0.9986398716147284,0.056664695191236396,0.724018054923454,0.1030498540624542,0.6195496537719157,0.16716574389579164,1.0021491115464225,0.007373130398478931,4.138508412300053,0.2542743424696543,40992.0,0.0
train,lastfm,loo_group,0.5,0.7832021372645768,0.03302689597250158,0.8756164742917104,0.15446421900987542,0.8598237428719544,0.23483857209849573,0.8772727208925619,0.21751792776360415,1.0110302206336468,0.10606738900677176,0.6594010306645253,0.07757396765390989,0.5220392034104956,0.14366768222342904,1.0001388918600547,0.010970248782494736,4.099692949899952,0.3730954354566936,35430.0,0.0
train,lastfm,loo_group,0.6,0.7537813430183694,0.042885938929405655,0.8178777544596013,0.16066883589200076,0.835666148263349,0.24020310948326504,0.8727272663801653,0.22144031240704148,1.0413929428255302,0.18455571384711839,0.5800319225702653,0.04219872796838273,0.37518015145308137,0.11794654378833215,0.9976889129629217,0.013209846728620947,3.964238683299868,0.5754346386279697,29868.0,0.0
train,lastfm,loo_group,0.7,0.731475333202894,0.045303866254224286,0.6833158447009444,0.12251687601196959,0.7901503369621565,0.2398237565928494,0.8136363577190083,0.23903886036166155,1.075057406668981,0.3195932024445558,0.5034388662805174,0.033682151333280966,0.20090347541920064,0.08893027661239708,0.9952143415198383,0.019793959322026756,3.902501408200038,0.41939771478917626,24308.0,0.0
train,lastfm,loo_group,0.8,0.6924756594576804,0.04395171795042149,0.3823583420776495,0.0785258448360577,0.7010886469673406,0.22971178381141227,0.7409090855206613,0.253578609299131,1.1494189167902624,0.7031956855861776,0.4805615471642589,0.020346501372998285,0.06667694353964215,0.03666581751177118,0.9920290697428523,0.03905586783861462,3.6710965750001323,0.36207994009445726,18746.0,0.0
train,lastfm,loo_group,0.9,0.6087305293168568,0.056493625811334415,0.09971143756558237,0.07934340222780753,0.49108346293416283,0.16801974118768176,0.5636363595371902,0.21661898025078943,1.0907497432795632,0.8209640921433383,0.4779487372929214,0.007381355620633765,0.01636778893071934,0.011834829292904758,0.981510925768081,0.06568099116924561,3.539325695699995,0.5252341487193188,13186.0,0.0
train,lastfm,loo_repr,0.1,0.7865286348239128,0.02394083126740854,0.973819517313746,0.0498146817105368,0.9370139968895801,0.13582634096396418,0.9636363566280993,0.073605804322207,0.9932146373165175,0.027853011691526996,0.8553835543407262,0.05646390308958581,0.8243689885167585,0.06287883311525393,1.00232644034559,0.0036451602081854287,4.475237687299983,0.626797871339535,57674.0,0.0
train,lastfm,loo_repr,0.2,0.7823880942367465,0.026788290619817152,0.9517313746065058,0.08376326950299443,0.9101607050285121,0.18272146967915576,0.9318181750413224,0.14253702716205482,0.9878923079557913,0.03214329534845297,0.8006588376625938,0.08153437623870707,0.7272310471686377,0.10083469222526424,1.003478267758576,0.004894752606159211,4.461020737700085,0.4187895307234485,52114.0,0.0
train,lastfm,loo_repr,0.3,0.7767358363189355,0.033685661796551435,0.9299973767051417,0.11481040831382752,0.8905650596163814,0.21810120866218058,0.9090909024793389,0.2121212105785124,0.9872356679132936,0.035797331771140216,0.7655092642561391,0.09077972660717182,0.6852824110334768,0.1271518125984695,1.0036107053807062,0.006087528037720666,4.227128595800013,0.4211837997255091,46552.0,0.0
train,lastfm,loo_repr,0.4,0.7725910284855344,0.038249000992001125,0.9022298006295907,0.143249677737867,0.8701399688958009,0.2431142990571675,0.8954545389421489,0.2298340503313434,0.9922772100354658,0.051279098634398036,0.7206341874515928,0.09876303826871484,0.6238411386752196,0.15953729917256357,1.0025509505488839,0.0073083102227349,4.317548254000144,0.3025803475725041,40992.0,0.0
train,lastfm,loo_repr,0.5,0.77632572869479,0.0371908397714828,0.8622770199370409,0.16186402446768072,0.8468636599274235,0.2541470407582291,0.8636363573553719,0.23860629747716064,1.0057853472613059,0.08753433941127045,0.6640137418406439,0.07879327698184628,0.5384445028494498,0.15212064209713755,0.9997114849263491,0.010173412537852937,4.146007416799989,0.3655763657207093,35430.0,0.0
train,lastfm,loo_repr,0.6,0.7522093294433134,0.05118719120639343,0.7995802728226653,0.16697491009476928,0.8164852255054432,0.25765102679310536,0.8499999938181819,0.24716017758008166,1.0413291340619468,0.18119420260433047,0.5831891440004833,0.04783475201328364,0.3799552767895802,0.12988466690512473,0.9962549277859148,0.01223750157052648,3.9970898123999232,0.5480212436800919,29868.0,0.0
train,lastfm,loo_repr,0.7,0.721568615647005,0.042327283803702175,0.668205666316894,0.12875414265103044,0.7699844479004666,0.2553781762725194,0.7863636306446281,0.2443578174176816,1.0534053955592486,0.26612397377278835,0.5070683896537241,0.034556435536156026,0.20036657657541715,0.09181154283400664,0.9935306239717331,0.01831818746120881,3.9863588542,0.4199789447926381,24308.0,0.0
train,lastfm,loo_repr,0.8,0.686824059661132,0.04316696842287051,0.38917890870933897,0.08267251420206607,0.6818040435458788,0.24405778781377335,0.7227272674710744,0.25842107093074557,1.138491991494266,0.6630948684448124,0.4829621615328478,0.018951008261628113,0.07401420265894511,0.03998880920955075,0.9878839502079929,0.03880562025123791,3.8114433792999534,0.3977240482556455,18746.0,0.0
train,lastfm,loo_repr,0.9,0.6100390578911836,0.055898492600149396,0.10415792235047219,0.0753060147675289,0.4796267496111975,0.17639900502900902,0.5363636324628099,0.20862926488340544,1.1430780667069154,0.9084959538895683,0.47733062863496567,0.007717559631308458,0.0172633601109694,0.012825076700039188,0.9740352892860813,0.06783303901242568,3.700888812499943,0.3877252435611986,13186.0,0.0
train,lastfm,loo_spec,0.1,0.7921433253068599,0.024224776857979812,0.9741080797481636,0.04820582188958817,0.9388284085018144,0.13037955092533937,0.968181811140496,0.06079515909645604,0.9930206792510488,0.02761989592945061,0.8513858425183687,0.05551902201596492,0.8187090486160631,0.06744903042608921,1.0023717316112992,0.0035090704096409206,4.559444437500019,0.41449336848426893,57674.0,0.0
train,lastfm,loo_spec,0.2,0.7807233010310739,0.030425308685304134,0.951403462749213,0.08121912396451768,0.9125453602903058,0.17369202679699056,0.9409090840661157,0.1304262973342169,0.9882620866621717,0.03255606082526868,0.8073069510365872,0.08034987959919372,0.7467189192407089,0.09466917642367065,1.0035659279918625,0.004907941491366729,4.341231895799967,0.320438716719135,52114.0,0.0
train,lastfm,loo_spec,0.3,0.7704535855223671,0.0420914588701857,0.9289742917103883,0.11054439976685079,0.8936236391912908,0.20361482151294572,0.9181818115041324,0.17248787111836344,0.9901567285679083,0.03630300717597936,0.7705124042542904,0.09656965742800738,0.6984943716039071,0.13995020693369686,1.0034639025340442,0.006246179694995204,4.3402310876000225,0.3853554816217741,46552.0,0.0
train,lastfm,loo_spec,0.4,0.7677377038027398,0.03815928001456037,0.9016395592864639,0.13879306144893677,0.8740798341109383,0.22615479001131247,0.8999999934545455,0.2119046498170218,0.9915808497060367,0.052507677139064624,0.7235603122957709,0.0969277253312862,0.6213399154065975,0.1545886505546617,1.0025864292882616,0.007766491302253917,4.373746999899941,0.4780968894488591,40992.0,0.0
train,lastfm,loo_spec,0.5,0.773541546232851,0.034923717801658254,0.8632345225603357,0.15875842537468737,0.8498185588387767,0.23824880648846816,0.8727272663801653,0.22144031240704148,1.0097479867808432,0.10049845700095568,0.6658023749505376,0.0847349610315073,0.5428983635540506,0.1635783796245331,1.0000231081538444,0.011174244795050695,4.3200550417000105,0.358171153534066,35430.0,0.0
train,lastfm,loo_spec,0.6,0.7439570951524564,0.05396639612268013,0.8010230849947535,0.16843859225500274,0.8187143597719025,0.24314276794729933,0.8545454483305785,0.24878031033340128,1.0416397333404463,0.1956933364201166,0.581061665606778,0.04331444930736605,0.371075023197003,0.12628979510510463,0.9975035557518094,0.013379281554883347,3.962501774799935,0.40831414156801943,29868.0,0.0
train,lastfm,loo_spec,0.7,0.725734821853101,0.04553815457171311,0.6676023084994753,0.1316053547313929,0.7737169517884914,0.2467451249401936,0.7909090851570248,0.2444986982696375,1.069146357559545,0.3232540061220891,0.5060906641265486,0.03644227826553248,0.20242718269041737,0.10154413357772157,0.9953303697786321,0.01959638835503149,3.69401897480015,0.3877227897401895,24308.0,0.0
train,lastfm,loo_spec,0.8,0.6825289525487281,0.040885176937201013,0.3830010493179433,0.07886391591992169,0.6862623120787973,0.2367792359736215,0.7181818129586778,0.26225692564926856,1.1463463352162055,0.7095461167971034,0.48311725128943783,0.020845886326894835,0.07333921484561597,0.04702819746981038,0.9920697515493998,0.037541448466432814,3.9441996750000072,0.2957853707545734,18746.0,0.0
train,lastfm,loo_spec,0.9,0.6037697820337347,0.05807936480681736,0.10312172088142706,0.07678238609133281,0.483618455158113,0.16915532828180463,0.549999996,0.20602717939137857,1.1424277570231074,0.8953728444076422,0.47758497114138165,0.007634992270697079,0.01753950599007747,0.01322867868748265,0.9799418759928263,0.06448764002307679,3.4120692083000477,0.4465651943866685,13186.0,0.0
train,lastfm,loo_task,0.1,0.790823616461457,0.02549322256248741,0.9758001049317944,0.04652125170529171,0.9423535510627268,0.12176356084135147,0.9636363566280993,0.073605804322207,0.9932739682406103,0.024488719528820344,0.8534623635356278,0.057280504337653575,0.8140238456008498,0.06850071928860474,1.0025430493696479,0.003429013172759428,4.558529254200041,0.2937351875643116,57674.0,0.0
train,lastfm,loo_task,0.2,0.7887290136570296,0.030724397456856775,0.9560598111227702,0.07723770892008709,0.9187662001036806,0.16356828214696628,0.9409090840661157,0.1304262973342169,0.9904590928013428,0.02688649431331415,0.7999992138352977,0.07538824232912318,0.7294163365774999,0.0913520337525132,1.003909174371342,0.0037145556042372132,4.321625695699932,0.33008731332911734,52114.0,0.0
train,lastfm,loo_task,0.3,0.7782447208459256,0.035299301831489306,0.9362932843651628,0.10779800373229055,0.8993779160186625,0.2008938198326334,0.9272727205289257,0.17168745904488264,0.9924051766791472,0.03666340300751545,0.7627985488594121,0.09205432892249271,0.6802583237718002,0.11941881897723573,1.0038785879763705,0.004687454943755085,4.400603270599958,0.3951777890374056,46552.0,0.0
train,lastfm,loo_task,0.4,0.7743286433984566,0.03395834031282245,0.9148216159496327,0.13199696922693877,0.8852255054432348,0.22144004265478134,0.9090909024793389,0.20440511310784223,1.0018281006990852,0.06143044738587031,0.7220425797214358,0.09723756345477808,0.6247173887218318,0.1495014600305588,1.002158420297355,0.0070016856668310345,4.307914129199913,0.19489562887925607,40992.0,0.0
train,lastfm,loo_task,0.5,0.7770978947876648,0.03772350232621806,0.8822796432318993,0.1548133737230374,0.8690513219284604,0.2346408945061216,0.8954545389421489,0.2110905682450154,1.0197825221916401,0.11248361238610544,0.6647621756740174,0.08165588133884588,0.527155743973093,0.14970040991729716,0.9999656578315925,0.009862133654619203,4.223916349999937,0.35093401132986435,35430.0,0.0
train,lastfm,loo_task,0.6,0.7549400677071987,0.04924053588766695,0.8277544596012592,0.16056994278451658,0.8411093831000519,0.24031338033854957,0.8636363573553719,0.23860629747716064,1.0361331647927963,0.1601057069048538,0.5771945132185785,0.04430994304547469,0.3665970026529317,0.11465628099440535,0.9973717046487851,0.012545840679193896,3.940843862499926,0.5312966873256608,29868.0,0.0
train,lastfm,loo_task,0.7,0.7283889922050201,0.04610661096237614,0.6946353620146904,0.11677850861709738,0.7988595127008813,0.24007155094936564,0.8318181757685951,0.24057056276434502,1.0765918447373515,0.29690630087709674,0.4999135965838599,0.02980775886676662,0.18495531731580164,0.0720758391006534,0.9946056134769107,0.021886952947163,4.086539508299916,0.3482077820589507,24308.0,0.0
train,lastfm,loo_task,0.8,0.7041845844803472,0.04539944197681692,0.3867261280167891,0.06803601177022607,0.7086573354069465,0.23038904695473644,0.759090903570248,0.24341652802765504,1.1504588249607675,0.6316226021350377,0.4797439785212877,0.0196280110255639,0.07064316524348643,0.04015626104715742,0.9935719929342408,0.04002088440273495,3.7605416458999636,0.43449263054084447,18746.0,0.0
train,lastfm,loo_task,0.9,0.6205379951147603,0.05449035745044084,0.0976128016789087,0.08210151119339781,0.4929497148781752,0.1710473385822641,0.5681818140495868,0.22293846761441966,1.1145950527683524,0.7615332791186451,0.4782256532492216,0.0066235592556236934,0.016963874107905917,0.013636493227746942,0.9848540374576933,0.07279125378670577,3.715370404000075,0.3078810582474375,13186.0,0.0
train,lastfm,mog_adapted,0.1,0.7648195416625934,0.02396321091532776,0.905076075550892,0.014988029620465087,0.7629341627786418,0.040932383930136144,0.7954545396694216,0.08367697679437394,1.0258792719685395,0.021654679181159254,0.7777713565522109,0.015383372867135169,0.7519785367860606,0.02468762812848271,0.9954287406329596,0.0038424327016628305,4.552267062599964,0.48512683251031985,57674.0,0.0
train,lastfm,mog_adapted,0.2,0.7426000744523906,0.031199466103028633,0.8276626442812173,0.015989723988547692,0.6246759979263867,0.04471844229597372,0.609090904661157,0.10320840146712923,1.0629910341435704,0.0409166343281775,0.706789093568969,0.013429078893956378,0.6591728086378141,0.023524057665605433,0.9898622359008444,0.005962000444424086,4.307864237499961,0.43289977768573185,52114.0,0.0
train,lastfm,mog_adapted,0.3,0.7108990334157343,0.043553909109565435,0.7484653725078699,0.018697819213623113,0.5050285121824779,0.04442017041303293,0.44545454221487607,0.11297788937414413,1.1094265791293279,0.05989723870684733,0.6512590061559648,0.010638898201410067,0.5766536646721727,0.022542065140684818,0.9833493852220256,0.008244339430865784,4.314810904000012,0.4192235879145822,46552.0,0.0
train,lastfm,mog_adapted,0.4,0.6734796479713687,0.034753289341963776,0.6674317943336832,0.02339380379474166,0.40134784862623124,0.04520775491911126,0.3636363609917356,0.11736313084970502,1.1795146963073604,0.10112011018322094,0.6043972115157288,0.009534473691696294,0.4836781749182165,0.018188613848038337,0.9753912571037052,0.011449240724322044,4.118152058500056,0.3662105129588473,40992.0,0.0
train,lastfm,mog_adapted,0.5,0.6561789130963084,0.04353441284230191,0.5817287513116474,0.025393052341848164,0.3087610160705029,0.040403101017675074,0.2818181797685951,0.12640396038139065,1.2802741140192144,0.14475082055131278,0.5692556705530729,0.007252503027708332,0.3979347592822074,0.021144101899776686,0.9655115379138526,0.014790957269997039,4.105447204200021,0.4090053724336108,35430.0,0.0
train,lastfm,mog_adapted,0.6,0.6029166728142835,0.03398267660551171,0.49264165792235043,0.026707656174674282,0.22187662001036806,0.03881375955662901,0.19999999854545455,0.12346393114731301,1.4319035024014384,0.21403556985015806,0.5415149693366363,0.005658774534831848,0.31342386516506493,0.020640703669935864,0.9525109996404927,0.01887933347616228,3.852340937700086,0.482906788812633,29868.0,0.0
train,lastfm,mog_adapted,0.7,0.563967651159127,0.03242486291001429,0.39753410283315843,0.025457736685828448,0.147485743908761,0.032340362911156356,0.09545454476033058,0.12576670193046724,1.648747345297306,0.2586009939037175,0.5173490648318064,0.00568593002141631,0.22220500970471316,0.020478009749054053,0.9357001604559368,0.02249012841323294,3.92946848760007,0.3270122600222959,24308.0,0.0
train,lastfm,mog_adapted,0.8,0.5322051905254004,0.021317956602893182,0.2955535152151102,0.02154440960521248,0.08367029548989113,0.024416007459897325,0.05909090866115703,0.08312646439147542,1.9720718690694106,0.24965254929412453,0.49742648141276236,0.0033514576115900242,0.13691134155518314,0.017768758290497188,0.915693297540715,0.02361052025292399,3.692268174899965,0.5507354540543843,18746.0,0.0
train,lastfm,mog_adapted,0.9,0.4983257378805255,0.0145676120224167,0.17959076600209864,0.014877651628653036,0.038413685847589425,0.01297608596680189,0.013636363537190083,0.04312196777959086,2.627626355568427,0.35390982300683643,0.48056723191219614,0.0034050825422894597,0.06006737220675068,0.010612193231029325,0.8804597077864319,0.030290374376472116,3.3809165290999603,0.5344410477812728,13186.0,0.0
train,lastfm,neuralsparse,0.1,0.7574035140508028,0.01956210088069726,0.9013247639034627,0.0023374082233464247,0.7506480041472265,0.0039023984069936806,0.6681818133223141,0.043121967779590875,1.046406922630533,0.005675849033451833,0.7682162069671408,0.009541867293828313,0.7457410192083727,0.01628314720830287,0.9914160192893192,0.000705399832414035,4.559558370900009,0.5749462333108694,57674.0,0.0
train,lastfm,neuralsparse,0.2,0.7153372453656767,0.021409274631966433,0.8211437565582372,0.0038216763574462154,0.6023328149300156,0.004561752827355408,0.5090909053884298,0.01916531901315146,1.103271853942355,0.011786853617969828,0.7177671846848221,0.004311327528175433,0.6962976408377599,0.016226651753893036,0.9834798939052487,0.0015687003251370017,3.890867058400089,0.6027238650010549,52114.0,0.0
train,lastfm,neuralsparse,0.3,0.6546569754449635,0.03193551750199986,0.7408184679958028,0.004081357478179377,0.4842405391394505,0.005300517246178202,0.43636363319008264,0.0488621678161451,1.188720120258464,0.028875030092825178,0.6545714319548777,0.008837823813183317,0.5997858564947351,0.020232467972113085,0.9741398664515215,0.0023749487598380553,4.655112491699957,0.37704287539584125,46552.0,0.0
train,lastfm,neuralsparse,0.4,0.6281421533474911,0.02046087427670441,0.6623950682056663,0.0036858355961939698,0.3737169517884914,0.003133851796869853,0.3409090884297521,0.03214121709290695,1.3060821572355656,0.0316095830075163,0.6001817962081591,0.004798807005387788,0.49653847161819753,0.012021587873275095,0.9630178184974575,0.003986343597672634,3.825016716699932,0.5830357857520092,40992.0,0.0
train,lastfm,neuralsparse,0.5,0.6048237243533701,0.020771107880808683,0.582200944386149,0.0036517598247012622,0.2853291861067911,0.004205852545796122,0.2545454526942149,0.03178208607704396,1.4407442766514236,0.026821251861989588,0.5714552025501329,0.005871014420773068,0.4193628498260087,0.010530806959482528,0.9504993356037568,0.005007573257058563,4.135522108100051,0.2759809657121923,35430.0,0.0
train,lastfm,neuralsparse,0.6,0.5641243254873534,0.027161952440029703,0.5010624344176285,0.003771452059994929,0.20979782270606534,0.00500258455539569,0.11818181732231406,0.04391326254787154,1.582210861113096,0.03598623941846287,0.5438501248027279,0.004311565513997014,0.33858157948458517,0.006086666568290828,0.9330915336428776,0.008642431821812416,4.010237562299968,0.33632888747632106,29868.0,0.0
train,lastfm,neuralsparse,0.7,0.5451570644329113,0.014038217038159223,0.41545120671563485,0.003953456116053808,0.14650077760497665,0.009258011764439312,0.022727272561983473,0.023956648766439367,1.8013981177394442,0.10977961683361138,0.5222801397722872,0.0023654011183616807,0.26529304876947823,0.005377902642034441,0.9150239850919302,0.01134312998570922,3.541280029099994,0.48518367075422003,24308.0,0.0
train,lastfm,neuralsparse,0.8,0.5316851578144347,0.021426674504714277,0.3217077649527807,0.0052210414749261505,0.09585277345775013,0.006550278871392024,0.018181818049586778,0.023472626169941006,1.8940596562258492,0.24628052006988999,0.5047979073386393,0.002393448312587508,0.18128346958993843,0.006462685395080374,0.905807755152223,0.021187228086069293,3.8004731459000682,0.48439836618767723,18746.0,0.0
train,lastfm,neuralsparse,0.9,0.4993951459702205,0.01668429202037243,0.1909102833158447,0.00535451046089984,0.04852255054432349,0.005573739784640999,0.009090909024793389,0.019165319013151494,1.8434463554090794,0.2832786034805216,0.4846886812578767,0.0011905259490836665,0.07839688782582722,0.004783387547331846,0.8918474125366899,0.024416297346690253,3.1982535750999714,0.6925551848338559,13186.0,0.0
train,lastfm,nk_local_degree,0.1,0.7858221654925057,0.02337484783069162,0.9982948583420777,0.0,0.997926386728875,0.0,0.9090909024793389,0.0,1.0299192578522538,0.0005191297294970412,0.8378849933906893,0.011882247668785506,0.8091814800754694,0.013035432175254819,0.9958309784049822,5.331192410038702e-05,4.294722995799941,0.616111026671114,57674.0,0.0
train,lastfm,nk_local_degree,0.2,0.7876215388976845,0.02632535354396547,0.9982948583420777,0.0,0.997926386728875,0.0,0.9090909024793389,0.0,1.0557771998819243,0.00024606305374005465,0.8156284353635892,0.005064504765088498,0.7831830795174044,0.0051144512513992225,0.9929881696066699,3.3503683591477174e-05,4.352372962500067,0.4036636096910342,52114.0,0.0
train,lastfm,nk_local_degree,0.3,0.7779798038954694,0.019118858757526263,0.9982948583420777,0.0,0.997926386728875,0.0,0.9090909024793389,0.0,1.0742259126460696,0.0014102412935043129,0.8051395953608488,0.008099415626160395,0.7842258196604959,0.010296555273215713,0.9915055554737112,0.0001687189177067074,4.292054616900043,0.4579759815512181,46552.0,0.0
train,lastfm,nk_local_degree,0.4,0.7705663815233413,0.022982510136174483,0.9971143756558238,0.0,0.997926386728875,0.0,0.8636363573553719,0.0,1.0871208017527045,0.0005371567454270457,0.7741240580131932,0.005974776931012587,0.735023446448835,0.020716495926937233,0.9909521938801331,6.309843589262421e-05,4.079478750300001,0.42139339738601167,40992.0,0.0
train,lastfm,nk_local_degree,0.5,0.7757905573629206,0.021120547124116484,0.9971143756558238,0.0,0.997926386728875,0.0,0.8636363573553719,0.0,1.1142486292005986,0.003652885805006502,0.7465537439589042,0.011129149517121658,0.7103552464317717,0.023054726501826352,0.9884662886094109,0.0003838233583131781,4.2053288913999385,0.3931867511061288,35430.0,0.0
train,lastfm,nk_local_degree,0.6,0.7587262075031478,0.026989431382646,0.9954879328436516,0.00038712738057322503,0.997926386728875,0.0,0.8636363573553719,0.0,1.1108336264039707,0.0025700124005581734,0.6976440823134606,0.004851687806015672,0.6325303696873819,0.015157426634752186,0.9903602742822404,0.00028360563836227773,3.91892335819997,0.3304791195869889,29868.0,0.0
train,lastfm,nk_local_degree,0.7,0.7432195010698203,0.024881465274612442,0.9880640083945436,0.0,0.997926386728875,0.0,0.8636363573553719,0.0,1.0624488154879184,0.0,0.5978547738673162,0.0,0.3363137698252372,0.0,0.996933181715651,0.0,4.019099566599965,0.4069570949896515,24308.0,0.0
train,lastfm,nk_local_degree,0.8,0.6869920413987891,0.02770355906480508,0.1410414480587618,0.028489033827627536,0.7326594090202178,0.010719380629721277,0.6727272678347107,0.07959954812754086,1.0384376060686284,0.03082582211246391,0.5208284338647834,0.00257507897156779,0.12275617928416296,0.004555570004130885,1.0003257647652284,0.0036867639175244137,3.5766745749999815,0.49620980341239684,18746.0,0.0
train,lastfm,nk_local_degree,0.9,0.5885264081304489,0.030277537610442804,0.03218782791185729,0.007356719550141894,0.3663037843442198,0.009506259858387909,0.34999999745454546,0.08847758311808082,1.0323478234263188,0.06458242036116425,0.48223381154834977,0.0015572917803200925,0.025002867968328773,0.0013381153343383374,1.0013344707781138,0.007401084498156584,3.7722595125000735,0.35230758305574494,13186.0,0.0
train,lastfm,nk_local_similarity,0.1,0.796843101889578,0.03256010611994471,0.9804564533053515,0.0,0.9704510108864696,0.0,0.9090909024793389,0.0,0.8185411227181698,0.0,0.800429831837324,0.0,0.736178457877304,0.0,1.0211056073216256,0.0,4.317547579100022,0.36800427420410436,57674.0,0.0
train,lastfm,nk_local_similarity,0.2,0.7972084566464941,0.01765709520198584,0.9742917103882476,0.0,0.9688958009331261,0.0,0.9090909024793389,0.0,0.6989459931804787,0.0008258536399125071,0.7833816698649395,0.007325964652384284,0.7342735738962638,0.015348520729204363,1.0344451202598461,8.575541278126293e-05,4.385958154200023,0.3072185719894003,52114.0,0.0
train,lastfm,nk_local_similarity,0.3,0.7864096007689974,0.03194292175664183,0.963405036726128,0.0,0.9642301710730947,0.0,0.9090909024793389,0.0,0.614438604368363,8.927564693825786e-06,0.7533348017622546,0.0024804804700001284,0.6875072175471687,0.008414288262456217,1.0438898031961195,4.298214887047217e-06,4.353655362600006,0.3201551446185466,46552.0,0.0
train,lastfm,nk_local_similarity,0.4,0.7972976134167228,0.023725719446753127,0.9480194123819518,0.0004948464084267419,0.9637117677553138,0.0,0.9090909024793389,0.0,0.5812986261206919,0.0005469791985215761,0.7151902026754564,0.010979340608130488,0.5936348752618587,0.034362406018972294,1.0491350772969676,6.813766528312773e-05,4.075769766500048,0.493647334142747,40992.0,0.0
train,lastfm,nk_local_similarity,0.5,0.7940708774737333,0.023572768049513408,0.9093651626442811,0.0002765195575523313,0.9606013478486263,0.0,0.8636363573553719,0.0,0.5380181078348232,0.0008294364964632776,0.6870469501277927,0.004920854799385769,0.49115269519104443,0.01141925394882988,1.054430065924991,0.00011270413952020494,4.029978020999943,0.4518789818541909,35430.0,0.0
train,lastfm,nk_local_similarity,0.6,0.7852086086440836,0.024242192762064796,0.8257082896117524,0.00031406584463214703,0.9590461378952824,0.0,0.8636363573553719,0.0,0.4988698605481502,0.0005909298299573569,0.6479192942540412,0.003154433036422484,0.3515231529842182,0.009495327532703901,1.0593753436167064,7.45195657304225e-05,3.9837175376999765,0.44655379745573026,29868.0,0.0
train,lastfm,nk_local_similarity,0.7,0.7783248659498632,0.020365576947122422,0.6281741867785939,0.028959387770892586,0.9569725246241576,0.0,0.8636363573553719,0.0,0.4938335461237706,0.002612240751746497,0.6070111889252827,0.002898457551693305,0.22181003081477058,0.00786140028942134,1.0619323982777433,0.00028443307563773447,3.958138887799964,0.3648766253590571,24308.0,0.0
train,lastfm,nk_local_similarity,0.8,0.7403177964442188,0.02454343277738849,0.012985309548793284,0.002877663985992364,0.8127008812856402,0.007241376680046139,0.7727272671074381,0.052486387726428635,0.5244619652381816,0.013625882677900393,0.5209047775908918,0.0008412690938417528,0.02427931588367699,0.0009891320283565172,1.0595900322539396,0.001575120741777787,3.5515130000000625,0.5198304884475173,18746.0,0.0
train,lastfm,nk_local_similarity,0.9,0.6301832567445382,0.029053436281385403,0.003593913955928647,0.000680710054425623,0.40471747019180926,0.005668561115466017,0.37727272452892563,0.10724447418480618,0.5257270971304782,0.022750945864600924,0.4824705613790288,0.0004131531389387554,0.004465804054388695,0.0002161918896421268,1.0596818691705705,0.003263501224893546,3.697526178900051,0.32426285980208736,13186.0,0.0
train,lastfm,original_ilp,0.1,0.7982399030983143,0.026579482484709455,0.9997376705141658,0.0003658009909645304,0.9995334370139968,0.0006670212222436006,0.9999999927272729,0.0,1.0169762137215026,0.008612572362929767,0.8875122920028911,0.02278678350988606,0.8350234430646347,0.056466154254900466,1.0036976076939248,0.0008635228920467943,4.218461753899991,0.5987873889025601,57674.0,0.0
train,lastfm,original_ilp,0.2,0.8014909027073708,0.016022376734849963,0.9958420776495277,0.0016171666595962534,0.9963193364437533,0.00123283628696988,0.9954545382148762,0.01437398925986363,1.0588729762814653,0.012996784794433064,0.8513722648359423,0.01458316542175895,0.7766751284103021,0.04118217180804579,1.0014870171590347,0.0011492585331587223,4.5350957913998995,0.3283434451725316,52114.0,0.0
train,lastfm,original_ilp,0.3,0.7842301304650385,0.030768448383164483,0.9823189926547744,0.0034168912044572185,0.9851736651114568,0.004527257064126555,0.9636363566280993,0.028747978519727276,1.1182339172868085,0.015750653842219086,0.8035374105254787,0.012744082145215746,0.7280105998977178,0.017854668581110594,0.996796042005694,0.0008614691975529096,4.078735408099999,0.35258442642876664,46552.0,0.0
train,lastfm,original_ilp,0.4,0.7813012380262607,0.030029800040324805,0.9490424973767052,0.007028235641773246,0.9640746500777604,0.009442754340771032,0.9454545385785125,0.041769844399523026,1.2064110595684483,0.014746225022390197,0.730866992231864,0.017031540225153893,0.636167551381093,0.023572667665785238,0.9890111304875443,0.0021244077235337898,4.390148416999985,0.25151453047467753,40992.0,0.0
train,lastfm,original_ilp,0.5,0.7820235735824526,0.018259078769747757,0.8803777544596013,0.01602215498940766,0.9201140487299119,0.016800764700611925,0.9090909024793389,0.04791329753287868,1.3257453571823625,0.02582464467662022,0.6376803947913785,0.01605671246976109,0.4986068021838867,0.023217394967187093,0.9786507657111045,0.004117916897193914,4.323375012299922,0.22058742877168097,35430.0,0.0
train,lastfm,original_ilp,0.6,0.7357281205078443,0.04288204464194896,0.7698189926547745,0.022632956866543853,0.8423535510627268,0.02425311384719719,0.8727272663801653,0.035855028727718626,1.4861852843393637,0.0381086134685052,0.5609132504921251,0.009671970889091929,0.3610454387664582,0.026568257779538883,0.9644881692278859,0.0055606253123186905,3.9290959457999763,0.2071128133784062,29868.0,0.0
train,lastfm,original_ilp,0.7,0.7150019206039447,0.025923754342336947,0.6223504721930745,0.025642086632337757,0.7199066874027994,0.035317477092262975,0.804545448694215,0.048152268080319,1.7267226020423272,0.06942436499043474,0.4993474354511984,0.0029139104569653744,0.21825897530084587,0.00982356607030674,0.9466017923488719,0.008537151480173142,3.9365431665000914,0.4068836528816918,24308.0,0.0
train,lastfm,original_ilp,0.8,0.655817426709117,0.03466990397989087,0.4484784889821616,0.025724850890019385,0.5411093831000519,0.046644008903057824,0.6545454497851241,0.09630453616063796,2.1344659320787986,0.15055844489319742,0.46650814704598853,0.0045712911831996255,0.10200747108072601,0.01093211509713975,0.9208140400075958,0.015464731131405118,3.9252912499999555,0.47467546317790804,18746.0,0.0
train,lastfm,original_ilp,0.9,0.5662604086034646,0.027964359381063755,0.23365687303252886,0.012062910172426977,0.2940383618455158,0.04069222061184975,0.3772727245289257,0.09830986714870603,2.997245395270143,0.32862114437571166,0.45645528173517624,0.002953996811428387,0.02782745543926669,0.0041545541711547306,0.8699628139491958,0.027895549575794182,3.261427250100006,0.5444395990891484,13186.0,0.0
train,lastfm,psgnn_reimpl,0.1,0.7261359830794591,0.032932064665445196,0.8791054564533054,0.0033492272089490874,0.7094867807153966,0.008208325370853016,0.45454545123966944,0.05669177817518012,0.7530893404008225,0.007851681524909655,0.7363094698903196,0.01143236850123325,0.6950156910960549,0.033980317299810395,1.022919409481613,0.0014966685915722517,4.719355608299947,0.5826875882199369,57674.0,0.0
train,lastfm,psgnn_reimpl,0.2,0.6782687944341583,0.029395552307826117,0.6865293809024134,0.07186837060411898,0.5006220839813376,0.011172229627896034,0.1727272714710744,0.028747978519727244,0.6932161031354628,0.029731478142346657,0.6693946463233815,0.00828213619320732,0.6183845492668987,0.024214791029518852,1.0201503418176394,0.004179338450208087,4.360818529200008,0.34056388443961816,52114.0,0.0
train,lastfm,psgnn_reimpl,0.3,0.6244828750449689,0.034822480190014916,0.2832502623294858,0.10334983200335525,0.3820114048729912,0.010897298642573877,0.10909090829752066,0.023472626169940995,0.663622221786019,0.05453083481579723,0.6358188209851049,0.004406753196104101,0.5874563042545823,0.01676103768970195,1.0101230610296326,0.005211173958250575,4.28528041260015,0.48447306126596046,46552.0,0.0
train,lastfm,psgnn_reimpl,0.4,0.5970155707197701,0.026907032586868065,0.15759443861490033,0.003335615662658268,0.292016588906169,0.008729620444279034,0.0909090902479339,0.0,0.7576793389283889,0.08977332143893067,0.6003552301362756,0.003463604119312834,0.5060926295161308,0.013385696774249617,0.987798833661917,0.005078246427001167,4.451413025100015,0.23884396202795086,40992.0,0.0
train,lastfm,psgnn_reimpl,0.5,0.5636455699652341,0.027554280834515436,0.13910020986358868,0.003511498986741537,0.21788491446345257,0.008254938709922478,0.031818181586776864,0.04312196777959087,0.8689132743584468,0.10000156349426084,0.570581582843311,0.0034441292453101136,0.42105392723713075,0.016616575596090883,0.9588475447365621,0.007836865362952574,3.776395458100012,0.4948359845444059,35430.0,0.0
train,lastfm,psgnn_reimpl,0.6,0.5312127751190439,0.026947820214399797,0.11669727177334732,0.0045793216668344235,0.15562467599792637,0.006093781448319667,0.009090909024793389,0.028747978519727244,0.975497733172418,0.09914323116085379,0.5372541475316488,0.0023952614462265857,0.2987426691588291,0.01448635700288017,0.9207783674541028,0.0117067170646378,4.076655620900027,0.5549579645625201,29868.0,0.0
train,lastfm,psgnn_reimpl,0.7,0.4986036811459863,0.018463632750164855,0.09024134312696748,0.005854775175642077,0.0973561430793157,0.003410797937853901,0.0,0.0,1.0801796772719898,0.14824506645168253,0.5113246137630318,0.0014397547814419475,0.17621429773287522,0.010537475137160194,0.8785415889150391,0.016037576257033996,3.8148663915000043,0.48254540390387174,24308.0,0.0
train,lastfm,psgnn_reimpl,0.8,0.4796895253449436,0.021024676188033106,0.060886673662119625,0.007111392762970649,0.046397096941420427,0.002756705742793124,0.0,0.0,1.3290726689135293,0.17705750044725446,0.4871217064972158,0.001540137867340194,0.07501366875329477,0.006548141488105752,0.8283880401794625,0.020057755934793402,3.6866952415999608,0.519791240139436,18746.0,0.0
train,lastfm,psgnn_reimpl,0.9,0.47527036100831294,0.012562048154358529,0.029590766002098638,0.0051581089891626335,0.012752721617418352,0.0012745179826912573,0.0,0.0,1.2337628637206677,0.25629166026833,0.470696993006154,0.0008743351347286124,0.0187822748712976,0.0023493679246745715,0.7406294122206127,0.03619029983970287,3.653720420799948,0.47423172597386754,13186.0,0.0
train,lastfm,ptdnet,0.1,0.7947425287233848,0.029517131125905302,0.9898216159496327,0.0011387772365232414,0.9674961119751166,0.0028294037489194597,0.9999999927272729,0.0,0.9704461009915739,0.007689270638244911,0.8436256958706905,0.012535160122974101,0.7880305202826671,0.022384146814901158,1.0082317411119839,0.0007169553247789042,4.352102108499986,0.5080001338641159,57674.0,0.0
train,lastfm,ptdnet,0.2,0.7907458448917142,0.01704528765177317,0.9747507869884575,0.00332470930105891,0.9277345775012961,0.009449550703374774,0.9999999927272729,0.0,0.9501862005223549,0.00650244285185645,0.7981194334301283,0.013774720869403139,0.7278782803276693,0.02658659744326371,1.0131230779974039,0.001529295733470844,4.404079179299941,0.5042434974597877,52114.0,0.0
train,lastfm,ptdnet,0.3,0.7835675826414666,0.04168352036865696,0.9492130115424974,0.009830027195232335,0.8893727319854847,0.01231915554566053,0.9999999927272729,0.0,0.9389613688480555,0.008496055708356213,0.7438408334796888,0.013741214718942836,0.658810816041694,0.024846258660364235,1.0161778647397195,0.002653575021576349,3.94353948319997,0.430856528275955,46552.0,0.0
train,lastfm,ptdnet,0.4,0.7874546275362893,0.02227615745583874,0.9012722980062959,0.0178136390724361,0.8324002073613272,0.018250038480735746,0.981818174677686,0.03178208607704396,0.938582525809154,0.010601080681365423,0.667636720625202,0.01664085198387808,0.5532547318305248,0.041051503743759994,1.0173009293462116,0.004410163307172922,4.158927837600001,0.5286438394048273,40992.0,0.0
train,lastfm,ptdnet,0.5,0.792430942352001,0.024482489843647225,0.8223111227701994,0.03017974089389469,0.7588906168999482,0.021309186120532335,0.9136363569917355,0.039799774063770416,0.9342346067044976,0.010336068000867064,0.6067589677286993,0.01755357157257237,0.44674146485354094,0.04696265088081972,1.017727491946449,0.005816148524801967,3.967293083400017,0.42185966364186245,35430.0,0.0
train,lastfm,ptdnet,0.6,0.7742314754316226,0.03722992461062598,0.7087618048268626,0.04096216098109223,0.6749611197511663,0.023350538699303768,0.804545448694215,0.08584372952244135,0.9258253811566238,0.021081457522654178,0.5596941944126979,0.010300996053925161,0.34076169600403466,0.02654057844898646,1.0160979298165624,0.008758903426569369,3.9841808124000493,0.3677547955797359,29868.0,0.0
train,lastfm,ptdnet,0.7,0.7532835532911297,0.025031422487153194,0.553580797481637,0.038985494511993096,0.5662519440124416,0.026030581023153223,0.6272727227107439,0.041769844399523026,0.9061507510913641,0.04221732151768903,0.5241493293306351,0.005417713078111917,0.21456185066713612,0.012830835247643387,1.0124264958261124,0.014807969650594492,3.868412645799978,0.4221262406379706,24308.0,0.0
train,lastfm,ptdnet,0.8,0.7380994957846265,0.019428017668808886,0.3429695697796432,0.03684662273457195,0.4209953343701399,0.025536530829650635,0.5272727234380166,0.031782086077043956,0.9218356708169193,0.05641899066172429,0.4989990327807582,0.0031491420518635245,0.09122524008169561,0.009761923234073072,1.0013153409491133,0.02053768010468378,3.5988531293999473,0.41228076970379657,18746.0,0.0
train,lastfm,ptdnet,0.9,0.6801297765534413,0.021946079574394168,0.13537513116474292,0.030466598712897308,0.2449974079834111,0.022241321570749092,0.38636363355371905,0.05769525038239749,0.8877377796430015,0.07496540175491852,0.48208043722849975,0.0019623077592041526,0.02808104980233677,0.005069109997621184,0.9561434006635418,0.048583405251449795,3.7367878706999305,0.2918104599274564,13186.0,0.0
train,lastfm,random,0.1,0.7883244271561333,0.027957402124041623,0.9701600209863589,0.0021278085624158575,0.9015033696215656,0.006798795774289286,0.9409090840661157,0.043121967779590896,1.0019180319227527,0.00522611129482632,0.8407474894935396,0.01076177174355809,0.8137265383613721,0.022985116148388034,0.9998609259814664,0.0005662551973680401,4.398080078999989,0.5499608274379251,57674.0,0.0
train,lastfm,random,0.2,0.7812467388609432,0.02122832705594052,0.9348373557187827,0.003035298138119091,0.8012960082944531,0.009496360202481608,0.8363636302809919,0.053353990101846736,1.000323023107095,0.009725672172189647,0.7821528453283914,0.015759290220823598,0.7488912515578192,0.02779505041968768,1.0000467056571396,0.0010608500494218155,4.292180554100072,0.4238950197098993,52114.0,0.0
train,lastfm,random,0.3,0.7616674014787226,0.04303951197689658,0.8936122770199371,0.003766380106678748,0.6998963193364437,0.008346311304571965,0.7181818129586778,0.09772433563229029,1.0003679751567665,0.010932862562036067,0.7332702687940594,0.01163435388810297,0.6898354812784481,0.021115505990875444,1.0001811463246608,0.0009907353744726924,4.2903169956999845,0.4490492035638711,46552.0,0.0
train,lastfm,random,0.4,0.7494992827419795,0.0293545983012079,0.8442812172088143,0.004489846616923881,0.601710730948678,0.009302575449073433,0.6545454497851241,0.10540925457233323,0.9975639139138253,0.016870809017475022,0.6795234261254195,0.008161315629113491,0.6113224260799026,0.01826944113247538,1.0005885803815135,0.0017001098663977652,3.916986687299932,0.30534452892604036,40992.0,0.0
train,lastfm,random,0.5,0.7449448191004618,0.02053292943080408,0.7836175236096536,0.004847794797978247,0.5011923276308968,0.009783656183409241,0.49999999636363646,0.08834775533997542,0.997587963949066,0.02164421745161987,0.6388715363353568,0.009333580296117371,0.5421216944331372,0.017611269206636346,1.0004805591399761,0.002218031077823879,4.198211287600038,0.34981745679037346,35430.0,0.0
train,lastfm,random,0.6,0.7114117462861804,0.03859433180292888,0.7077124868835257,0.005155143365396961,0.40062208398133753,0.009457763036317915,0.41818181514049585,0.0851725407293827,0.9938886378546454,0.025732064038739188,0.5983259626881609,0.008747680571037463,0.45594081597531205,0.019772852900693784,1.0010104951606946,0.0028362590677231746,4.0461323000999805,0.2258234156949303,29868.0,0.0
train,lastfm,random,0.7,0.6839847990006753,0.025204458504147847,0.6020592864637985,0.0022536343940514573,0.2997926386728875,0.010942690577860736,0.3454545429421488,0.06843387702130646,0.9948801722377707,0.020395394223663654,0.559465503694699,0.0038888127730075874,0.3473301969148755,0.011614953781123379,1.0009666424019366,0.002048451570411369,3.7528513709000313,0.6360265948882395,24308.0,0.0
train,lastfm,random,0.8,0.641279958962882,0.027341788475513048,0.4529512067156348,0.007815053735750931,0.20165889061689996,0.011745391717965391,0.20454545305785127,0.06516913033697168,0.9963080880954877,0.04007398938097546,0.5229319120464895,0.002815701839005675,0.2022010639450152,0.006590003264887136,1.0010822951143907,0.004079263604917889,3.715037883200002,0.44907077277708635,18746.0,0.0
train,lastfm,random,0.9,0.5860634740898159,0.02453610543938,0.2088273871983211,0.007364056397105734,0.10031104199066873,0.008658180401057375,0.11363636280991736,0.05356869515484491,1.0161902631445596,0.0953385672171356,0.4836410453066571,0.002178573863037561,0.04631966836560121,0.00395727114555115,0.9989560038196335,0.009346002858515006,3.538404708299974,0.3800096374737306,13186.0,0.0
train,lastfm,resistance_proxy,0.1,0.7346698962659748,0.021283304221929533,0.7275708289611752,0.0,0.04510108864696734,0.0,0.13636363537190083,0.0,1.117658942545909,0.0,0.659117399149091,0.0,0.5837650575462462,0.0,0.9879495235107175,0.0,4.51652422909998,0.34214095303900577,57674.0,0.0
train,lastfm,resistance_proxy,0.2,0.6458000343950852,0.022497356306414088,0.5737145855194123,0.0,0.0015552099533437014,0.0,0.04545454512396695,0.0,1.1600710022677656,0.0,0.5823896652675548,0.0,0.408669115985573,0.0,0.9867138165261349,0.0,4.409653154100039,0.19088438880883324,52114.0,0.0
train,lastfm,resistance_proxy,0.3,0.6171752082503819,0.02872199177859121,0.4660283315844701,0.0,0.0005184033177812338,0.0,0.0,0.0,1.1485915692327133,0.0,0.5548825654601166,0.0,0.3215956749690054,0.0,0.9874710845844199,0.0,4.275728441799996,0.38421606836417693,46552.0,0.0
train,lastfm,resistance_proxy,0.4,0.588850308332191,0.019941749698114655,0.37644281217208814,0.0,0.0,0.0,0.0,0.0,1.1483092353084101,0.0,0.5310132512934008,0.0,0.22770684633418764,0.0,0.9871250512559471,0.0,4.048382287400088,0.38923989886320837,40992.0,0.0
train,lastfm,resistance_proxy,0.5,0.5641371581542016,0.023437782731576363,0.2972193074501574,0.0,0.0,0.0,0.0,0.0,1.2185754666592081,0.0,0.5071955482427289,0.0,0.1500985027739951,0.0,0.9829005236118828,0.0,4.322508175099972,0.4596692366107826,35430.0,0.0
train,lastfm,resistance_proxy,0.6,0.537778913376153,0.01866003510584972,0.23176810073452256,0.0,0.0,0.0,0.0,0.0,1.3411248746849296,0.0,0.4945857073561485,0.0,0.09838997030385636,0.0,0.9731138708624238,0.0,3.665264450199993,0.5394759600109258,29868.0,0.0
train,lastfm,resistance_proxy,0.7,0.5181323421372421,0.012295460745615858,0.17274396642182582,0.0,0.0,0.0,0.0,0.0,1.5155599318554893,0.0,0.48353737548768033,0.0,0.059949111304187765,0.0,0.9591081611413322,0.0,4.118759999900016,0.4830129301195016,24308.0,0.0
train,lastfm,resistance_proxy,0.8,0.5037315896094887,0.02212152267955424,0.11411332633788038,0.0,0.0,0.0,0.0,0.0,1.841128339861315,0.0,0.4752257878524331,0.0,0.029745373947782445,0.0,0.9331055443073837,0.0,3.6559747958000828,0.23337558304133516,18746.0,0.0
train,lastfm,resistance_proxy,0.9,0.48411242350020156,0.017419210344934936,0.06361490031479539,0.0,0.0,0.0,0.0,0.0,2.5993786752768835,0.0,0.4685259688625135,0.0,0.01094343839364926,0.0,0.8632844433787588,0.0,3.5004694336999536,0.3262867252612989,13186.0,0.0
train,lastfm,task_only,0.1,0.7664317436479335,0.04868026643800417,0.9217077649527807,0.08315629653268976,0.7826334888543286,0.24986407141508024,0.7545454490578514,0.33001098887415,1.0415279077237483,0.06673438916614224,0.8094808652192726,0.07570329186975877,0.7848711933695454,0.09252398855700208,0.9966613380241075,0.006685182218505702,4.708145620899993,1.2624663534211813,57674.0,0.0
train,lastfm,task_only,0.2,0.7494590447663814,0.06905740862666322,0.8627229800629591,0.13974405220245403,0.6835147744945568,0.3559639239376426,0.6818181768595042,0.391601451191992,1.0714323343211396,0.11584542265087223,0.7376660469495435,0.09850649290454529,0.6744695894312702,0.12814131610519638,0.9943543371201914,0.01163901041336422,4.81044130820001,0.6781459392541165,52114.0,0.0
train,lastfm,task_only,0.3,0.7246798663882772,0.07321229717583455,0.808289611752361,0.1802049888575274,0.6307413167444271,0.38634455681932744,0.6454545407603306,0.3926552468064636,1.0979434713146072,0.1923942487239603,0.6958904031372127,0.10582427123773007,0.6001752932262823,0.151640188463647,0.9925996033842417,0.017914302227851633,4.538378204399988,0.4556156493582721,46552.0,0.0
train,lastfm,task_only,0.4,0.7197229707480254,0.0851853116693777,0.7563746065057713,0.21051071056326043,0.5927423535510628,0.39024758420526245,0.609090904661157,0.4106032621278387,1.1607390696834874,0.36663321552295824,0.6497544399886185,0.09676998502568418,0.5199700926736802,0.16713254889906262,0.9899214518992057,0.023921836723631053,4.506982212800001,0.7207052440786067,40992.0,0.0
train,lastfm,task_only,0.5,0.7088673086220874,0.0800499711676775,0.6996852046169989,0.2303908383677639,0.553343701399689,0.3877914161982857,0.5772727230743803,0.40032699841242453,1.188960865467514,0.4427182642179689,0.6111355787039092,0.08268195462806194,0.4451679126002186,0.1792574464363123,0.9861805631999063,0.031161824895798367,4.197678070899997,0.7257148267011762,35430.0,0.0
train,lastfm,task_only,0.6,0.6884267575454583,0.08907175600841566,0.6304171038824764,0.2352241702073434,0.5064800414722654,0.37970651455629606,0.49545454185123966,0.3707944438359313,1.2377312831413343,0.560860779892709,0.5597331947339569,0.04220395276155662,0.3258713732397557,0.1348739185800474,0.9798120811137364,0.04089687413795929,4.112222929199982,0.4112868087659505,29868.0,0.0
train,lastfm,task_only,0.7,0.6629372284273168,0.08209415361677033,0.5222324239244491,0.19640881928082632,0.45339554173146707,0.36529215390819586,0.44545454221487607,0.35455840174330266,1.2995654314390503,0.7564720179087976,0.5087378721121183,0.023939224985192884,0.19042732319498565,0.07977107197740012,0.9738273112858125,0.051979769798294745,4.016727458199992,0.5345121356165375,24308.0,0.0
train,lastfm,task_only,0.8,0.6201402718794979,0.06944295417647914,0.34467471143756556,0.10382086515876184,0.37791601866251945,0.3239798160663289,0.35454545196694215,0.31184159063358685,1.321751109797564,0.7854263439946209,0.48939411657778253,0.012680466294370878,0.08511349029645163,0.04196856136576486,0.9639054413006047,0.06805773626965504,4.136906604100003,0.37445403290231327,18746.0,0.0
train,lastfm,task_only,0.9,0.5540361847551951,0.05437431378934691,0.1225865687303253,0.06252440453981375,0.25603939865215136,0.23392578500692826,0.21818181659504132,0.23354968154991376,1.3598575321077035,0.9342194502900325,0.4786525342922083,0.004169959850203133,0.024242957448726062,0.012676273032618821,0.9211581875766404,0.12004603643861185,3.5262003915000064,0.6431042950783188,13186.0,0.0
train,lastfm,w_balanced,0.1,0.7916632709676755,0.02572562144614822,0.978121720881427,0.04061750403112462,0.950440642820114,0.1023902182855063,0.981818174677686,0.03178208607704397,0.992029684620832,0.026947683389572607,0.8540905725604386,0.037484131744441235,0.8121106738085603,0.049343444366098665,1.002728070433109,0.0034448692718102897,4.4760153790999775,0.6543420889288781,57674.0,0.0
train,lastfm,w_balanced,0.2,0.7883406728563518,0.02590717064654018,0.9593126967471143,0.07079950505687185,0.9268014515292897,0.14351894919137564,0.968181811140496,0.05689388854234317,0.9926808701140413,0.031300500453502605,0.8244306828348197,0.08088005462735492,0.782629323695285,0.09628161881951619,1.0036836398040792,0.004290442736828873,4.468820820700024,0.4878026564757028,52114.0,0.0
train,lastfm,w_balanced,0.3,0.780448964547291,0.03020357343317811,0.9435860440713537,0.09503010994924312,0.9148781752203214,0.16601749679360112,0.9590909021157026,0.07560590823725792,0.9987198906234793,0.05172561658207565,0.7751120147556517,0.09120759136471132,0.6998577632695573,0.13068476924194933,1.0028934334460167,0.006706883803349521,4.149349116700019,0.5083538069063811,46552.0,0.0
train,lastfm,w_balanced,0.4,0.7772005453486878,0.03436937159269032,0.9257082896117523,0.11804354336144086,0.9010368066355625,0.18769516605330464,0.9363636295537191,0.11175205321505036,1.0137144391915014,0.08500183661229728,0.7215795135411313,0.08772247738433567,0.6122874186591603,0.13693152071469114,1.00116577836558,0.008160915081983265,4.177345887499978,0.48717811174388576,40992.0,0.0
train,lastfm,w_balanced,0.5,0.7861928211044825,0.03140232464315981,0.897193074501574,0.13803846619314195,0.8829963711767755,0.20027343275350784,0.9227272660165291,0.11144348736182488,1.0246129077520003,0.12360517105838528,0.6722566374178061,0.08024009743826963,0.5405488311178249,0.1503446028976184,0.9998912225079029,0.00979255766058746,3.9359127374000034,0.5031180084356448,35430.0,0.0
train,lastfm,w_balanced,0.6,0.760962877713939,0.04552955565278141,0.8464979013641134,0.13931924208598778,0.8580611715914982,0.20515658748796,0.9045454479669421,0.14124268002031287,1.052191804581966,0.18265320872828136,0.5869243524053965,0.04320786231037398,0.38527318938695804,0.11125922796677631,0.9970900481236171,0.01361389400268684,3.925960029100068,0.5032687550705658,29868.0,0.0
train,lastfm,w_balanced,0.7,0.734524830102575,0.03942348384301437,0.7063614900314795,0.10043485821970151,0.814670813893209,0.20654268592794772,0.8681818118677687,0.16381864027253726,1.130593466937985,0.43157762922173787,0.5024506953182921,0.029595111244784658,0.19112435623802798,0.07705939224862997,0.9938403836947746,0.02362679727674341,3.864733283099927,0.19748256548373086,24308.0,0.0
train,lastfm,w_balanced,0.8,0.7048205573984803,0.04902808877564448,0.3918153200419727,0.07064495117000107,0.7179885951270089,0.2036874299111881,0.7636363580826446,0.23157543073451564,1.1298391076357963,0.580024786623081,0.4800476579528568,0.01943333320598461,0.07167158302052204,0.042520776400071854,0.9936368078480833,0.04112993060053324,3.7059937790000546,0.4611568724257384,18746.0,0.0
train,lastfm,w_balanced,0.9,0.616336625105081,0.06382989756662205,0.0981112277019937,0.09256764264615222,0.4972524624157594,0.1628064856947694,0.5772727230743803,0.2258033290882381,0.9649065988771175,0.45647546404122696,0.4780419532706377,0.007254293948667756,0.017032219005281977,0.01341751599982922,0.9847861090784498,0.06913524799214321,3.4947274583000363,0.4648161778363564,13186.0,0.0
train,lastfm,w_reduced_proxy,0.1,0.7868368935267045,0.025784938005097992,0.9745146904512068,0.048710552623276594,0.9388284085018144,0.1318514335598014,0.968181811140496,0.06079515909645604,0.9925217740815546,0.026324986005403842,0.8483270752155159,0.05448092461983618,0.807089560504858,0.05783977522057231,1.0021770071480463,0.0035297568671088493,4.44175685860003,0.4620259544113822,57674.0,0.0
train,lastfm,w_reduced_proxy,0.2,0.7814275878716049,0.02943761740213369,0.9518625393494229,0.08094526170945168,0.9127527216174183,0.1744486946158663,0.9363636295537191,0.1440589604553859,0.987143576437645,0.029539121146970913,0.8077461013891252,0.08103764711926653,0.7533880985796548,0.09975517442064752,1.0034547563021428,0.00421078383512747,4.306427070899991,0.4790732467416015,52114.0,0.0
train,lastfm,w_reduced_proxy,0.3,0.7741457869355728,0.0367044720660486,0.9289874081846801,0.11090254931047455,0.8935717988595127,0.20570635148339414,0.9272727205289257,0.17168745904488264,0.9856348582527981,0.037919994509741005,0.7644802420159521,0.0949905006137206,0.6891327798541085,0.13078792865171882,1.0038975654149245,0.0049774728632854225,4.311614600000018,0.28471516757710186,46552.0,0.0
train,lastfm,w_reduced_proxy,0.4,0.7694066598942427,0.037050916028915686,0.8999475341028331,0.13860172584571281,0.8771902540176256,0.2258321317257335,0.9045454479669421,0.21368471251035043,0.9917668577384877,0.05940023283701416,0.7176502721250965,0.09806448116935226,0.6225545046252816,0.15871861472598556,1.002512210018605,0.007154371812615273,4.120463529099959,0.49192709698388415,40992.0,0.0
train,lastfm,w_reduced_proxy,0.5,0.7746634018905986,0.03280953637379817,0.8602964323189927,0.15977637007128678,0.8549507516848107,0.2384730141097288,0.8772727208925619,0.21539678564542886,0.9997486618114371,0.09408142293199083,0.6564523079807362,0.07884755692358905,0.522922627483346,0.15478314151933178,1.0003417860561556,0.010299318494606838,4.13693729180001,0.46521484867589885,35430.0,0.0
train,lastfm,w_reduced_proxy,0.6,0.7481232052591895,0.04748606599291355,0.7997245540398741,0.16820761566169753,0.8269569725246242,0.2427105551729984,0.8499999938181819,0.2328112994250816,1.0356633287690358,0.20132900649978416,0.5805366916339864,0.04724184184569631,0.37455027351775194,0.13249642492519867,0.9973583230486632,0.012918055524599563,3.801487212500015,0.5911915643761032,29868.0,0.0
train,lastfm,w_reduced_proxy,0.7,0.7263538295566384,0.04951187552726224,0.6651495278069255,0.13003870521202393,0.7804043545878694,0.2443877113108875,0.804545448694215,0.23575095246526476,1.0529999573833488,0.2996072036074088,0.5064689288097097,0.03074587595957617,0.1968593066816242,0.0861839861465771,0.9954503931264304,0.01900744488319009,3.738979004099994,0.41156251170107094,24308.0,0.0
train,lastfm,w_reduced_proxy,0.8,0.6895210376214942,0.042748841971713164,0.3779380902413431,0.08006497608874254,0.6954380508035252,0.23361434567150327,0.7318181764958679,0.24473331947156468,1.1364458309533212,0.7221189644723269,0.48379315936307077,0.02010075203314232,0.07185509540267193,0.041344246438813986,0.9934645105283202,0.038938824449976046,3.785311462399983,0.24109040105920584,18746.0,0.0
train,lastfm,w_reduced_proxy,0.9,0.6077306720527598,0.05084595380748823,0.10089192025183631,0.07588222169278598,0.4876620010368066,0.1675212119821167,0.5590909050247934,0.2121753162318802,0.9805343318475632,0.5617247126799022,0.47812596594997103,0.00713400163135201,0.01710077107097413,0.012832385192047796,0.9803764086339439,0.06873805022443517,3.6035153083000266,0.38152578710488755,13186.0,0.0
train,lastfm,w_structure_focused,0.1,0.789138341786589,0.029601985147327804,0.9770199370409234,0.04450349262670594,0.9442198030067391,0.11699239787117029,0.9727272656528927,0.04886216781614512,0.9926761375653106,0.023751164802442284,0.8579022335972246,0.051797100290490956,0.8302937589237451,0.05709469696142882,1.0028063918347365,0.00343985282326114,4.426591045699988,0.4514786979582725,57674.0,0.0
train,lastfm,w_structure_focused,0.2,0.7911066419684951,0.031145051961244372,0.9585781741867786,0.07472704552216888,0.921410057024365,0.15751789049380477,0.9545454476033057,0.09090909024793387,0.9915568069700491,0.03215363743914738,0.8122650354652208,0.07155063870999243,0.7473431006675689,0.07833938659731068,1.0040410902047332,0.004481855976090555,4.347140562600006,0.4455090658679864,52114.0,0.0
train,lastfm,w_structure_focused,0.3,0.7802637929364499,0.03752028568658389,0.9410283315844701,0.10311479185505791,0.9038361845515812,0.19006460332382863,0.9318181750413224,0.15782323109461632,0.9923464263194578,0.04433726353971748,0.7711338442986397,0.08945585991119023,0.6921585174948736,0.1252960223223072,1.0040833236268247,0.006281039065543123,4.222392095700068,0.4973813024258456,46552.0,0.0
train,lastfm,w_structure_focused,0.4,0.7772722771549085,0.03988995329265268,0.9220750262329485,0.12783808155355897,0.8907205806117158,0.21031091527947426,0.9090909024793389,0.18055113941134,1.003546228475582,0.06952287490431926,0.7290828019848047,0.093143012192159,0.6277154635374002,0.14709979012109045,1.0023725079321852,0.008269953478032673,4.058384312400017,0.4906953944278149,40992.0,0.0
train,lastfm,w_structure_focused,0.5,0.7816679605117351,0.03824020169904687,0.8937434417628541,0.15158394384157783,0.8715396578538103,0.22867284252801906,0.8863636299173555,0.2012928811964521,1.0245049518831697,0.12229004749047236,0.6715027444918746,0.07861848285809031,0.537162625760888,0.14975687735678722,1.0006360166421788,0.009795970095375424,4.048970350200008,0.41085449762204496,35430.0,0.0
train,lastfm,w_structure_focused,0.6,0.7548054079522931,0.05134248210376463,0.8411594963273872,0.1603750619725638,0.844530844997408,0.23605016263690334,0.8681818118677687,0.22003630895195483,1.0355685986796739,0.15612813502054362,0.5826820841943734,0.040700782544342465,0.3691586657001278,0.11034971519149198,0.9991541939693075,0.011906841372549425,3.858016158300032,0.46867911347856955,29868.0,0.0
train,lastfm,w_structure_focused,0.7,0.7350783719120783,0.047063714857473925,0.6971143756558237,0.119546792428695,0.7989113530326594,0.23680668221775283,0.8409090847933886,0.23691660086957458,1.0808620702337215,0.3343508010067021,0.4986763966274734,0.029991129822245863,0.18515384154360473,0.07789290249699071,0.9965912826848745,0.020412869494642334,3.7040841749999998,0.4580241276092336,24308.0,0.0
train,lastfm,w_structure_focused,0.8,0.7000103766569119,0.04834087089553294,0.3872376705141658,0.06923557870981378,0.7041472265422499,0.22970929449047195,0.7636363580826446,0.25244442967505304,1.1448812668179933,0.6506303097510365,0.47997339518944704,0.020470784588524766,0.06922268246789072,0.04079245723442349,0.9934389361657245,0.03903001775528725,3.85636140839996,0.2605376530123369,18746.0,0.0
train,lastfm,w_structure_focused,0.9,0.6078746940966974,0.06081498056725425,0.09792759706190976,0.08717075003891181,0.49232763089683773,0.16830438289355273,0.5727272685619835,0.20796799772112354,1.101364117416405,0.7679139028959782,0.47860189524243407,0.006873959615999992,0.017491942982242145,0.013633988151941707,0.9842927278682498,0.06800218301361649,3.5838812210000297,0.4571242691256988,13186.0,0.0
train,lastfm,w_task_focused,0.1,0.7944755982199039,0.027480919939351676,0.966395592864638,0.04955365488813416,0.9254017625712805,0.13231859220889886,0.9545454476033057,0.06060606016528925,0.9917055922775434,0.027756984768499582,0.8430360460093762,0.05781957390879165,0.8051743787283971,0.06715452618454817,1.0025517848343897,0.0030320485473272775,4.484727150100068,0.42409193203242496,57674.0,0.0
train,lastfm,w_task_focused,0.2,0.7885550570752741,0.026160947388262575,0.9438090241343128,0.08035636932634568,0.8996889580093314,0.1656477296040493,0.9454545385785125,0.07666127605260599,0.9951877888331317,0.03635223238356311,0.8100739557450586,0.07900178121665224,0.7595629530886894,0.10168346715997692,1.0026085934198752,0.004819262121265874,4.41376704999998,0.3354010598355713,52114.0,0.0
train,lastfm,w_task_focused,0.3,0.7795787712888883,0.0345993230284558,0.9246327387198321,0.09997086868121083,0.8789009849663039,0.17941635179862184,0.9090909024793389,0.12676666976504172,1.0021969162100088,0.05400309066379834,0.7680706116312626,0.08275204662313983,0.6999513808941005,0.1051416997049329,1.0016124308102416,0.0073078102016443285,4.310972970899978,0.6085839073061715,46552.0,0.0
train,lastfm,w_task_focused,0.4,0.7767167394663264,0.03257784199314319,0.898596537250787,0.11962444198635384,0.8502851218247797,0.19042600333447599,0.8863636299173555,0.1342427652863356,1.0207593457395407,0.08651919794621912,0.7226234814743441,0.08214015490839066,0.6366742229120884,0.13571101282208314,0.9993725381049581,0.009324787252766663,4.168978516600018,0.3741424168948991,40992.0,0.0
train,lastfm,w_task_focused,0.5,0.7706488708244027,0.03922644347473299,0.8591946484784889,0.13810084422234759,0.8208916537065838,0.20463186199502587,0.8681818118677687,0.16381864027253726,1.0464012001101952,0.12648852668931349,0.6575822503406851,0.0701590142845388,0.5315598205948247,0.13990299828581126,0.9971712245816409,0.010462108539952117,3.8339133083999455,0.6425183915864964,35430.0,0.0
train,lastfm,w_task_focused,0.6,0.7470780509420663,0.04984576440040232,0.7941107030430221,0.14870326161785044,0.783203732503888,0.21813767157525793,0.8409090847933886,0.1931446771404927,1.076685485193146,0.1821376554474492,0.5863374076186467,0.04236669382417616,0.39293717556825536,0.11342915947939951,0.9938064894280583,0.013677657639318426,3.8526075167999507,0.4535450658290927,29868.0,0.0
train,lastfm,w_task_focused,0.7,0.7239684485724261,0.042979544711334014,0.6666448058761805,0.11772857508296582,0.7368066355624676,0.22702002025138623,0.7863636306446281,0.2078023521371186,1.131694121237984,0.38168926716371654,0.5135537685953004,0.03864227333109107,0.22201889682535808,0.1017629435293214,0.9883981900495158,0.025382225106488847,3.901582658100003,0.37497855138005814,24308.0,0.0
train,lastfm,w_task_focused,0.8,0.6894655035342907,0.04546938779777179,0.3977439664218258,0.09012245395688946,0.6594608605495076,0.22696021827824106,0.713636358446281,0.24247158452268866,1.2100821995111697,0.7704461539757379,0.4862099851134567,0.022601324894660442,0.08483040492862598,0.04943999314019499,0.9819734295327274,0.04612388783455345,3.726410033399998,0.3895859060035037,18746.0,0.0
train,lastfm,w_task_focused,0.9,0.6052654391686387,0.038192855497352574,0.1198189926547744,0.08968465962594709,0.4723691031622603,0.1756262575781159,0.5409090869752067,0.20265682371852864,1.0366841156966726,0.4785427287517953,0.4771606903697626,0.007309939236921793,0.017558774247808724,0.012167487929598103,0.9721437518854195,0.07118473646708541,3.6818152875999246,0.42199202738385705,13186.0,0.0
train,pubmed,cilp_full,0.1,0.8511483865011928,0.005123192284010796,0.9445148856316884,0.061537867044189135,0.9008585533376261,0.11281754207519423,0.8887343509631578,0.09390707554442089,1.0022997011219759,0.06570497092185665,0.6512121091373391,0.03309671508533121,0.5186600073506443,0.05821053301184314,1.003720702361463,0.017422214097412667,2.8477339293000137,0.880346048870466,99501.0,0.0
train,pubmed,cilp_full,0.2,0.8518035928839292,0.004625964999095709,0.8985748338996805,0.10493740247716422,0.8340201760034341,0.17567950047785597,0.7846756838920697,0.15264645085623824,1.0085322463761541,0.13183358966426262,0.6134321859214005,0.02599258385209461,0.4564935990804934,0.041781462810752734,1.0075209095036777,0.03233292112147142,3.049074483300016,1.508576088075511,90635.0,0.0
train,pubmed,cilp_full,0.3,0.8527800364889083,0.004336835481509574,0.8463711517979409,0.13067755311034418,0.7730521571152608,0.21016060449139906,0.6874699691359911,0.18828718147362805,1.0106843445802745,0.1890429143161339,0.5742741626570984,0.021537497960501407,0.37863454945003083,0.042088692635852826,1.0109353044950318,0.046043928270675875,2.737191812500016,0.9239705769673981,81771.0,0.0
train,pubmed,cilp_full,0.4,0.8518416331440675,0.004263101781202235,0.7827052797078663,0.14068859914477705,0.7097982399656579,0.22385875330857663,0.5949171814129819,0.20862141442797708,1.0090337725848288,0.23296675154583288,0.5407251192107979,0.014478543165568389,0.286967363407937,0.04155676314347034,1.0133217816748696,0.05850425885337693,2.235356770799998,0.49134496852130577,72905.0,0.0
train,pubmed,cilp_full,0.5,0.850732681780855,0.0041498018969684134,0.7006491859816402,0.13502528484511042,0.6446340416398368,0.22930383651890826,0.5044316588255892,0.21777634205283714,1.0109489143467694,0.30369150327845823,0.5070686071183068,0.014933459514089809,0.20384139357303846,0.05785516424906497,1.016784355321462,0.0721196594922034,2.18376931250001,0.4396879238902075,64041.0,0.0
train,pubmed,cilp_full,0.6,0.8506339006051279,0.005994827262968522,0.5868184815134148,0.10536687434710952,0.571678471775059,0.22110657244468063,0.4131116438898742,0.21634623701334646,1.0066651602432048,0.3671738814332335,0.4865283423259218,0.020490495656998495,0.13442640819138268,0.05757583457216276,1.0204210572198114,0.08448974799057324,2.137641629200001,0.40104129480710715,55177.0,0.0
train,pubmed,cilp_full,0.7,0.8504014608675929,0.006182481749590285,0.4313029365522138,0.07129148937711828,0.4780424983902125,0.19361537246382463,0.33133771566602693,0.2079586079896475,1.0071971689227548,0.43175909731035694,0.47922762631689464,0.018486778475109315,0.07938215690157824,0.041861438148968325,1.024643427228193,0.09321974128241883,2.003474079199992,0.31566242497150915,46311.0,0.0
train,pubmed,cilp_full,0.8,0.8500950984975614,0.003855800437273084,0.2522543997565553,0.08708256958521138,0.3589611504614724,0.14551566954369127,0.25045517699606934,0.18580476567571944,1.0262760739237815,0.5106564403073363,0.47956100166287835,0.011226411347833077,0.04153190514131781,0.026891541150192478,1.028348661401187,0.0990167286100737,1.8868543210999946,0.3457369697634412,37447.0,0.0
train,pubmed,cilp_full,0.9,0.850643972995217,0.004466508634584213,0.1072678399350814,0.063849223585465,0.20166344709165057,0.07776309384095573,0.1525983053318303,0.13733553509106763,1.1672372041307573,0.6443837965494209,0.47501016208519625,0.004150739857498406,0.010375253755359987,0.006163662086894909,1.0249427471002233,0.10357809919719702,1.7023752415999944,0.7093116051820496,28581.0,0.0
train,pubmed,dir_00,0.1,0.8520907563258625,0.005171327954093461,0.952315260942334,0.06110233912906722,0.915561279244473,0.11191244494066446,0.9023960022110693,0.10091613500964103,0.9923727403216235,0.06686858975975087,0.6606881251778656,0.02153938924838979,0.5394677927980304,0.047600119795089026,1.0061729895832088,0.017312072278278048,2.7553434248000213,0.5892156246406036,99501.0,0.0
train,pubmed,dir_00,0.2,0.8515438922329792,0.005458430913777071,0.9134198914642188,0.10247682138910227,0.8599484867997423,0.16876081508732688,0.8091351603743322,0.15809727749530497,0.991076721206953,0.13177087451787164,0.6202353735849719,0.02696612784084871,0.4747908905855705,0.04834067443658626,1.0119471879510704,0.031507916590602585,2.942878154199831,0.8938813677191709,90635.0,0.0
train,pubmed,dir_00,0.3,0.8517584755738475,0.005071265094060787,0.8718212709844296,0.12778941827045096,0.8129534234814338,0.19942930546862964,0.7242634954029251,0.18887162273684666,0.9843014913500644,0.1858041495785573,0.5742836742492781,0.028535004745606163,0.37038943165713434,0.03539724751994297,1.0179866936268234,0.043816885429490436,2.5756295251001236,0.589996699861498,81771.0,0.0
train,pubmed,dir_00,0.4,0.851722972984032,0.004899457640088505,0.8150682152457269,0.1334786328771671,0.7582850397080919,0.20931979321049204,0.6417309377715121,0.20321740310879968,0.9609526110116484,0.21538223888562588,0.5363686136835233,0.011299528011152585,0.2890961805720926,0.0520757922181207,1.0245480456242648,0.053269907345356166,2.534906558600048,0.8949345419572826,72905.0,0.0
train,pubmed,dir_00,0.5,0.8499043259803927,0.005255380583183593,0.7277679160115637,0.12208184968222745,0.691811547542391,0.20800427166202184,0.5551523566330825,0.20901844540457912,0.947047311355632,0.2706110295033388,0.5048066872215432,0.015734372807043255,0.20247289362037124,0.05585256695177345,1.030148317451646,0.06375675350588675,2.436182516499966,0.9106649639036588,64041.0,0.0
train,pubmed,dir_00,0.6,0.8498217521244656,0.006273237904603049,0.6046051630572602,0.09836362817610633,0.6128353723975102,0.1972972348467021,0.462738650968127,0.20639295361404017,0.9184800638945877,0.30061434818510396,0.48281275710441846,0.021353669253072763,0.13119294038682977,0.05566736187907912,1.03529314858926,0.07395454401676814,2.17831864589998,0.3299519338034885,55177.0,0.0
train,pubmed,dir_00,0.7,0.8489952999394987,0.007020103824126817,0.4342952781863366,0.07297620227469027,0.5136509980682551,0.1762731890016364,0.3727968127894896,0.19974691120996133,0.9039298221820651,0.362815208700884,0.47763978303017635,0.019136946777945352,0.07704258393243708,0.042580762303097784,1.0401476150607745,0.08300860504134218,2.086035870799922,0.6637678845793665,46311.0,0.0
train,pubmed,dir_00,0.8,0.8484757721147634,0.00445790295103987,0.2455343104934828,0.08238486926398286,0.38173427774200475,0.13674671565750005,0.2831773921090676,0.19027768310109913,0.9074975352849031,0.4311775539115294,0.4803826874604568,0.009545985149997663,0.03708905474682807,0.023175156580290006,1.040111294281968,0.09181481972422283,2.1745150499997905,0.5397295731165979,37447.0,0.0
train,pubmed,dir_00,0.9,0.850973281419334,0.005676491140321966,0.1013135872597251,0.06009503128043708,0.20994848679974246,0.07429348094348925,0.18096472326305585,0.15062898751876172,1.0407942993793717,0.5694627513388695,0.4752970831446241,0.003949352904489318,0.009774461676085052,0.0055946147044319515,1.0257761126947422,0.09965622505768333,1.7322870999999183,0.3273462620657446,28581.0,0.0
train,pubmed,dir_01,0.1,0.8522879936059369,0.004000693234377593,0.9129938631637673,0.062288251565369206,0.8500429276668813,0.1133357822546713,0.8746933850114637,0.10192968868697391,1.0303718622044702,0.06622086626525653,0.637015503151604,0.028430649962041143,0.5106693595893016,0.05435037694708924,0.9937588804963555,0.016092864327123917,3.0289195292001425,0.8912553154975357,99501.0,0.0
train,pubmed,dir_01,0.2,0.8523442951721203,0.003997501076585148,0.8339656134300351,0.10808177258734478,0.7369607211848036,0.18022920624677705,0.757105826838788,0.15713972229099832,1.0669098441437654,0.1370641731479584,0.5944205888729714,0.034074187215552214,0.4347976393911336,0.08139456029549913,0.9871310751082385,0.030196011957589187,2.6849238207998383,0.6317387385492791,90635.0,0.0
train,pubmed,dir_01,0.3,0.8539969302484549,0.004221523534757727,0.7561596591773597,0.14400149329483855,0.6421227731272805,0.22837744630773116,0.650568970369652,0.18291378527944452,1.1012375526822369,0.21024805850577613,0.5519708278445918,0.02425616181251498,0.32888763495561585,0.05789109978336006,0.9819911922278095,0.046280301048657296,2.2785527831998054,0.2883359305270231,81771.0,0.0
train,pubmed,dir_01,0.4,0.8523036608466598,0.004295774474005538,0.6770046153065883,0.16658058815060175,0.5660120197467268,0.25517194957446615,0.5559994928048642,0.19083911702651743,1.1448883627460003,0.29336437956660666,0.5239894540284553,0.012394883382400829,0.2597892182627499,0.048100523697682286,0.9775799292543083,0.06296716544466592,2.698808862599914,0.6672673310114576,72905.0,0.0
train,pubmed,dir_01,0.5,0.8508123837692348,0.004678889577860159,0.5898006796165746,0.16568308469391949,0.49284181154754236,0.2642013166764222,0.46177772038521053,0.19197295549091634,1.2141005324617518,0.40268622835724655,0.4999374974298102,0.009743526493799014,0.18418978071117137,0.040616291675561945,0.9705131025424419,0.08011677695810031,2.1701787166001933,0.5056484615952603,64041.0,0.0
train,pubmed,dir_01,0.6,0.8505934182266351,0.005946004269407529,0.49076938682355326,0.13214679860228806,0.4246190169564284,0.24782973620987342,0.3679984817866369,0.18933647523285416,1.2785515881057,0.5377667567741672,0.4886500065828893,0.017144051393350866,0.12966757406441348,0.03880727789981777,0.9655793680764898,0.09736860963105348,2.179823287499995,0.35514957121211027,55177.0,0.0
train,pubmed,dir_01,0.7,0.8520857949756293,0.004588996004261531,0.37710097885073796,0.07584296933887409,0.3492165700794162,0.20690864539469123,0.28080035329869524,0.1813269885245364,1.3309008205174298,0.648060878665417,0.48482395912209963,0.013266846623730478,0.09005816104637074,0.038418342715004376,0.9647123408275066,0.1116294056530918,2.0063785999998514,0.561990835786802,46311.0,0.0
train,pubmed,dir_01,0.8,0.8509635214765409,0.006344696059187254,0.2576456864634579,0.05626708250110425,0.2638549044859412,0.15238824774797932,0.19256543128708056,0.15598059414284482,1.389043110548831,0.7726253613200171,0.48029258431603417,0.01049858424499988,0.048874871463731685,0.025660365824968404,0.9652821643345424,0.12021869229117123,1.9365038915998696,0.3966529914589214,37447.0,0.0
train,pubmed,dir_01,0.9,0.8526860531841438,0.005096718427926238,0.11517472232083988,0.04963440244832704,0.15403520068684268,0.08609430875648884,0.10715640381864792,0.11303533779400537,1.5542138974151585,0.9693416284998208,0.47421468228662145,0.005018540648095095,0.012422990463769415,0.006831232437231464,0.9621231270833166,0.12380501314173425,1.7941101374001307,0.3370343766687941,28581.0,0.0
train,pubmed,dir_02,0.1,0.8518860190589626,0.005449879267936606,0.9406045544454024,0.0652737966737077,0.8980682549903414,0.11822254865651229,0.8920976080033656,0.11539085843901173,1.0065167988544117,0.06949628666985427,0.6671261468701533,0.03546786351199338,0.5416909295780894,0.06269986629354252,1.0024357808123077,0.018098193383948802,2.7777481293002353,0.6064100534533539,99501.0,0.0
train,pubmed,dir_02,0.2,0.8523738330932045,0.004835777596733886,0.8925292894456561,0.10828772392556298,0.8275380983043572,0.18046395810950508,0.7914717390015118,0.17086947479789155,1.0172731067251921,0.13584457581414044,0.6154576895352699,0.02734016604728783,0.4590984305975795,0.057724583199200034,1.0055391336728685,0.0325187751514907,2.611940004199903,0.5452398168758196,90635.0,0.0
train,pubmed,dir_02,0.3,0.8529420794216801,0.004485425769935061,0.8416087640107521,0.13406077029333513,0.7695213565142734,0.21364030206175902,0.7056833968292964,0.20701328015661533,1.021347045584058,0.19586120926685455,0.5738775135159793,0.02414253652262426,0.3684104201851885,0.03795443749118783,1.009367546219815,0.046100754948884146,2.5680847375000098,0.28630096159711604,81771.0,0.0
train,pubmed,dir_02,0.4,0.850842369477907,0.005282611314557617,0.7789014555966932,0.1410926288700318,0.7084460184588968,0.22474635749419214,0.6240042972813948,0.22599700243496781,1.0227744787726414,0.24557027953039395,0.5329976303334859,0.012324648417440022,0.2861197213921168,0.03228335598333861,1.0129059715722373,0.058301169268735416,2.498859900000073,0.43719805281506113,72905.0,0.0
train,pubmed,dir_02,0.5,0.8510339721637171,0.004659842007408506,0.6964700512248314,0.1281789012539545,0.6442584245546255,0.22654266896555064,0.5405550624491735,0.23528309890532706,1.012763561684377,0.29571407908280656,0.5074723708617055,0.012515971176867103,0.2069794235462985,0.052336863296652304,1.016266178577083,0.07144326010719118,2.2460111793001345,0.3646535853075444,64041.0,0.0
train,pubmed,dir_02,0.6,0.8494013513457672,0.006081106468226787,0.5810924582847289,0.09690227675049992,0.56908134792874,0.2134748883773428,0.45427361116204035,0.23666622012641084,0.9967342372915231,0.3409777160314907,0.48798620681464744,0.019904500050597945,0.1397491830614224,0.05965650039237973,1.0202323359407326,0.08225531937897079,2.2803562208999324,0.411606517851708,55177.0,0.0
train,pubmed,dir_02,0.7,0.8495619761161646,0.00595004919039747,0.4263833240350966,0.05888763589989983,0.4759927022966302,0.18508570449424133,0.3732330246988399,0.2318260169881087,0.9964705386619966,0.40244109706500286,0.4818796749696417,0.018014657968430957,0.08774387217252391,0.044919031641721445,1.0229951147516707,0.09135153749253301,1.8904255415001245,0.29469267210765643,46311.0,0.0
train,pubmed,dir_02,0.8,0.8488643743626578,0.005092813037459892,0.25487143074504237,0.0699338615033531,0.3531766473492166,0.13906064377463898,0.2934757863167713,0.2172935588713983,1.0403617613806335,0.5006581084638538,0.4813457106972012,0.00914845004681932,0.04292481798681436,0.025171281385651414,1.0217668120306747,0.0982224368225902,1.710545158300107,0.41116687985223427,37447.0,0.0
train,pubmed,dir_02,0.9,0.8507587596167593,0.005583451318974166,0.11764467211036163,0.062072751842358206,0.1961579738141232,0.07385509671903835,0.1886648117498472,0.16565073324457869,1.1730439212041057,0.6303146798263294,0.47565623968595394,0.004018993098340356,0.011410587562548978,0.005426269256822352,1.0100358325210101,0.10094171177802842,1.7369189542002403,0.27991806931565166,28581.0,0.0
train,pubmed,dir_03,0.1,0.8514728870387429,0.00438150624537832,0.9241263883958005,0.06279068707008116,0.8654324962438291,0.11475177138831175,0.8798520649829099,0.10009517111516576,1.0191800848926724,0.06554201665899052,0.6494146101698334,0.027191512232356472,0.5276389121533315,0.04696828706111699,0.9988817132037932,0.016948274634336506,2.795065321000166,0.4130505449751701,99501.0,0.0
train,pubmed,dir_03,0.2,0.8522680867908703,0.004240160469672003,0.868129025713851,0.10560145277820532,0.7847392144236961,0.17670022428253535,0.7712479433781576,0.16828491039455984,1.0319125376223746,0.1288015478676317,0.6099204942730598,0.02882233790762545,0.458488743979981,0.05891064008365876,1.00108798806933,0.03206586372589517,2.7147865581000445,0.508567510274572,90635.0,0.0
train,pubmed,dir_03,0.3,0.8520185633570044,0.00436348578416809,0.8125729066287974,0.1340029359906123,0.7204872290191029,0.21419697921156855,0.6719370320160845,0.20707382181098677,1.04247535018472,0.1893689405007352,0.5676589488129914,0.018437482924040124,0.3681042852238662,0.04400611792262159,1.0034131000017865,0.047159204516069954,2.546015383300019,0.5115591997436703,81771.0,0.0
train,pubmed,dir_03,0.4,0.8516623638083404,0.002947067619652929,0.7538317188213217,0.14840496558689814,0.6661086069972096,0.2323790595211301,0.5815653038398265,0.22452627630193595,1.0487270307266254,0.2425108429847251,0.5351560062080682,0.009864518711548535,0.2818658524523321,0.03977513625798342,1.0055294817392069,0.06171640635277131,2.7392092291000183,0.6973806712534383,72905.0,0.0
train,pubmed,dir_03,0.5,0.851774975321572,0.0037862545836981265,0.6781609778363848,0.14492303414710198,0.6081133290405667,0.2369640165602302,0.4896952825836264,0.2318537738601977,1.0569759159645844,0.31162236479769406,0.50775917883166,0.016435611634059308,0.20444249079631077,0.05291901585657335,1.007716398328617,0.07689363177081582,2.2589257789998727,0.14017275526309658,64041.0,0.0
train,pubmed,dir_03,0.6,0.8499561876022756,0.00560472512040054,0.5718821321702084,0.11683717576103293,0.5376475638549045,0.2272071659342615,0.3990896436733691,0.22885637874439496,1.0854666584655728,0.4106974720538259,0.4877128888245661,0.0196440955398043,0.13599647876083826,0.05277656826273186,1.0080393268485008,0.09067501453056838,2.3925378624999554,0.6343534543271564,55177.0,0.0
train,pubmed,dir_03,0.7,0.8504571408454517,0.0054678987955694485,0.4305421717299792,0.08039949387450279,0.4501609787508049,0.1983654693701176,0.31653812030676703,0.21190169846947657,1.1047307005886755,0.5052666276674082,0.4798049285265039,0.016190429919992252,0.08168552512633134,0.04208559699306485,1.011074053065103,0.10288434830540873,1.7653220208997766,0.3451416478583171,46311.0,0.0
train,pubmed,dir_03,0.8,0.851100219659914,0.005547556374571589,0.26051123396054165,0.08623166834351181,0.33805537669027685,0.15227870902685506,0.2320394481274132,0.17918316347981234,1.1355474614322794,0.5959362267569681,0.4778936218649966,0.00958932981706864,0.038833771751420616,0.023536974548881023,1.016608933369983,0.10803023817167598,2.0012294415998526,0.578816198054102,37447.0,0.0
train,pubmed,dir_03,0.9,0.8525280015566906,0.005250624364253902,0.0988689962976112,0.06332592560569254,0.19426915647134577,0.08935431642239433,0.1362688073339797,0.12465093710192542,1.1953805301764084,0.7358471271427798,0.4747731111510576,0.003924345979433619,0.009990098194735264,0.005911119647204288,1.017547758660345,0.11239251216838324,1.7059659000000238,0.46955205784597404,28581.0,0.0
train,pubmed,dir_04,0.1,0.8517833567167615,0.005480159297041111,0.9492113404676168,0.061367720551960186,0.9101094655505474,0.11275825148913123,0.8992729778165905,0.0992860885374958,0.9952956412859848,0.06666337677271865,0.6627697946042186,0.030250786675636552,0.5590996758491342,0.049797832183021015,1.0051721757328564,0.01727907795686356,2.9022788667000015,1.1884777012613066,99501.0,0.0
train,pubmed,dir_04,0.2,0.8519426859775645,0.005107559891392216,0.9078561647309428,0.1031879207460982,0.8505795235028977,0.17083201725187175,0.8018649618851613,0.1552930872271434,0.9979143440796593,0.13086008603515403,0.6177748945679554,0.03411694857951861,0.471656986402987,0.06103337776998145,1.0102043846802247,0.03161083486628393,2.822722833500097,0.9085874961537874,90635.0,0.0
train,pubmed,dir_04,0.3,0.8529838066933749,0.004387797163607271,0.8614596541055942,0.12971162966591843,0.7971560420691135,0.20483046605165625,0.7129662391419267,0.18842986508334433,0.9954327255015857,0.19212834829195433,0.5761836174127686,0.02746851163175251,0.3703219219764776,0.054395102609153624,1.015018013910356,0.04503259827839513,2.750954070899931,0.7032930047375489,81771.0,0.0
train,pubmed,dir_04,0.4,0.8522427464345463,0.004928268116079854,0.8007810518841609,0.13757976755504298,0.7360163125134149,0.21671392630874214,0.6255531656551747,0.20486129788011997,0.9833460958735625,0.22361648111155227,0.5334382619956216,0.016425160753988595,0.28038225506153797,0.03585478971919335,1.0189471563725843,0.05586746593304831,2.337588137599897,0.43537900222003745,72905.0,0.0
train,pubmed,dir_04,0.5,0.850834963241466,0.004713009485596589,0.7174012273672465,0.1268206404426049,0.6698647778493239,0.21720860836324066,0.5356176493882671,0.21402203285453356,0.9738396616331777,0.28171866241840293,0.5029736468738415,0.012828537546959876,0.19872206240107512,0.04820033764394647,1.0243717947386537,0.06714618765056908,2.345551637599823,0.44653259394376055,64041.0,0.0
train,pubmed,dir_04,0.6,0.849319303277168,0.006070536490786921,0.597311964294771,0.09927545261201555,0.5935715818845246,0.2074339276668041,0.4436907309264996,0.21446605154169132,0.9559023068237483,0.3225854486764871,0.48496301577578144,0.018861791008084813,0.13299558670186873,0.05532716139442646,1.0294177868580734,0.07758104253261328,2.5531234750000804,0.9488206602828257,55177.0,0.0
train,pubmed,dir_04,0.7,0.8495273504423977,0.005619580952172333,0.43558350661865397,0.0678579486132923,0.4975101953208843,0.1829460637540087,0.35663168449661165,0.20847044924193703,0.9490040226505293,0.3839494696697828,0.47977893374900404,0.017272032353659168,0.0812559153060145,0.045938161693143055,1.033188385925316,0.08680862829264813,2.200301445799988,0.6075663064497586,46311.0,0.0
train,pubmed,dir_04,0.8,0.8487551012435646,0.004797959571533344,0.24729928488106712,0.08609571837863814,0.3716999356084997,0.13926750847087882,0.2718232386425018,0.19401409805229894,0.9551584704548624,0.45648859544573567,0.4803188294456843,0.010351858899284548,0.03982876612458085,0.02544630726338316,1.0350909616432313,0.0938568795168605,1.9582903709000674,0.34875351033089624,37447.0,0.0
train,pubmed,dir_04,0.9,0.8512612593603741,0.005195119822114751,0.10824669067302328,0.06218070916764296,0.20520497960935824,0.07431370732987784,0.1731129088947514,0.15215926779608221,1.1198419746870627,0.6059817946692374,0.4753026659078192,0.003973365014274398,0.010041263003558412,0.0055564384747628275,1.0222797723360821,0.10026041694574571,1.8811076210001147,0.5590922422559974,28581.0,0.0
train,pubmed,dir_05,0.1,0.8509424348336981,0.004820443825541708,0.9456966069888928,0.05319259346382799,0.9027044430135222,0.09809457455018365,0.9181249185945969,0.05589048660948948,0.9987768595775481,0.06162047456213482,0.6529320528240307,0.042988947715863216,0.5268596321280504,0.0913061661500106,1.004897578619222,0.014930578436446667,2.864722808300127,0.5537894142645935,99501.0,0.0
train,pubmed,dir_05,0.2,0.8511332858685833,0.004817277969021135,0.9043363594867374,0.0939595041327067,0.8429383987980253,0.15642797086983126,0.8194904517876032,0.11678783614399435,0.99620936048739,0.11988824291762908,0.6122752159372742,0.033733114385092106,0.4570847976724569,0.06097713119611864,1.0099960224353477,0.028942063182904796,2.7943002499999294,0.6922565467672551,90635.0,0.0
train,pubmed,dir_05,0.3,0.8523063268672896,0.005122203049268356,0.8564893239336613,0.12517744016622187,0.7889997853616656,0.19281112528460143,0.7208370192454202,0.16034922522783276,0.9865336924754299,0.17226530827624673,0.5716923249471545,0.026158813415342094,0.35717503712017573,0.024182831813624458,1.014941359721078,0.04256587730118867,2.5352407876000713,0.5346138037234414,81771.0,0.0
train,pubmed,dir_05,0.4,0.850394343821484,0.00511874963366486,0.7990617233859106,0.13605400028191333,0.7326894183301137,0.20445580316324666,0.6249336183056629,0.18765949593038359,0.9722291306986122,0.20495663726205174,0.5377047729158011,0.010663971105546375,0.29383509230467564,0.0373596895681632,1.0198320548786473,0.052619508743312504,2.3357312792000187,0.3454062590219461,72905.0,0.0
train,pubmed,dir_05,0.5,0.8511727671197514,0.004039207984535591,0.7189379723081605,0.12948341226048943,0.667632539171496,0.20957909021611898,0.5284486014867716,0.19552846415214734,0.9515119109993384,0.24269921116941226,0.5052674803912194,0.013303194229451407,0.20404647087584551,0.0561840893121411,1.0250988376957253,0.0644509241730738,2.0954975666999758,0.3282538876170944,64041.0,0.0
train,pubmed,dir_05,0.6,0.849734230962989,0.00588358197361092,0.6055130090784602,0.10610755204617156,0.5922837518780855,0.20653215793236412,0.4287583754209157,0.19352526955030627,0.9366018065186271,0.3050992702295389,0.4850547742936845,0.020114464302819015,0.12974135203900572,0.05080759084491061,1.0296666983139067,0.07783454888270261,2.26587546260003,0.72351750843438,55177.0,0.0
train,pubmed,dir_05,0.7,0.8503478702389404,0.00474589246363702,0.4394634072120505,0.07958458020958266,0.4973706804035201,0.19014283523604922,0.3300922990552733,0.17897708182055508,0.929122580068998,0.38213471401180915,0.47591496859979987,0.01657773918911367,0.07295363550667038,0.041293618558983475,1.0343280920371876,0.09056051946765019,2.226935970899933,0.38293275976608,46311.0,0.0
train,pubmed,dir_05,0.8,0.8496741303440094,0.004135424841375254,0.23839326469544048,0.09385849572267396,0.3681476711740717,0.15399228261827905,0.2368314572185362,0.16186441196858878,0.9645835388328263,0.5123562942833273,0.47878482352052726,0.009285921374461357,0.03585685713726376,0.02372337796849733,1.034743758476392,0.10249506811824309,1.829072270699993,0.3996121597641566,37447.0,0.0
train,pubmed,dir_05,0.9,0.850641717317332,0.00453964674472952,0.08814221230410306,0.06868420788537523,0.20588109036273877,0.09170466201867469,0.1377923880608407,0.12414805436612257,1.044679138596257,0.6743683363045798,0.4753228713377055,0.004376828933659568,0.009189578979826587,0.006055318152990253,1.025852881885931,0.11428970616323146,1.4722965502000875,0.22849658664269176,28581.0,0.0
train,pubmed,dir_06,0.1,0.8518887356899633,0.004638406044998829,0.9187249581579348,0.06461072805603289,0.8586284610431424,0.1153504392661757,0.8738336050162225,0.11296475399493897,1.0280947061591994,0.0725133317400104,0.6432586508908789,0.01984890046383128,0.5198163820405741,0.04903445458492425,0.9964408639280492,0.017897238237793447,3.2842318290001913,0.6772260958930889,99501.0,0.0
train,pubmed,dir_06,0.2,0.852191003084297,0.004578350831214342,0.8500380382411118,0.11366439570876141,0.7593153037132432,0.18874255460746747,0.7668795023729255,0.17566723082395536,1.0588815520933768,0.1488433459532658,0.6036972857421137,0.03909103378248937,0.4659063171462711,0.08444437896962974,0.9944019070710117,0.035043574802643446,2.9382283082999834,0.5224760600269783,90635.0,0.0
train,pubmed,dir_06,0.3,0.8524846698873662,0.004911829202286095,0.7878125475478014,0.14999399034401886,0.6845353080060098,0.2385665271705569,0.6745100500900779,0.21098295426842154,1.081964350685189,0.2217687286330404,0.5670875056960151,0.022572859386976663,0.3659345391435579,0.0412585057384358,0.9941485721100636,0.0525407899400277,2.4192903164998314,0.4066854661814402,81771.0,0.0
train,pubmed,dir_06,0.4,0.8519447037575117,0.0033006970353140035,0.7219252421768017,0.17018025866180053,0.6210023610216785,0.26428124111210755,0.5937349839195255,0.22606163574907573,1.105579983144446,0.3020370405994273,0.5332315323221446,0.012833153961767306,0.26303491907769694,0.038686223385401765,0.9937926443291204,0.07016969923852212,2.752547075100017,0.9569632302197192,72905.0,0.0
train,pubmed,dir_06,0.5,0.8513620294445203,0.004436184092821773,0.6437186184510828,0.16305091895605817,0.5621270658939687,0.26766317058994415,0.5144013136233478,0.22727618763730728,1.1287891726279073,0.3821210778952043,0.5032411140867108,0.016397129933455736,0.1886709167489216,0.048756740664539,0.9938005761705504,0.08646285161404327,2.3003310666000174,0.610456008480913,64041.0,0.0
train,pubmed,dir_06,0.6,0.8506297155596039,0.005249903998283812,0.5450575645382157,0.1300175379920092,0.49820776990770554,0.2521477279069541,0.4303831067354521,0.22045475386907976,1.1671724131060675,0.48808496226025383,0.4890290404346903,0.02086932588473632,0.1393088994486384,0.054990272006353515,0.9951239277682469,0.10061030332601997,2.1548457082003383,0.47095711026732184,55177.0,0.0
train,pubmed,dir_06,0.7,0.8514502511282742,0.004731961532772848,0.40563473145001777,0.08525369565784358,0.41550761966087146,0.2178974209684707,0.34613098911355705,0.20691773105081773,1.221190241280137,0.6074635457535393,0.48058154098664535,0.019321845086419008,0.08636019097085479,0.045380406117789776,0.9955900542494771,0.11265967339716179,2.065610658299903,0.3354975758492307,46311.0,0.0
train,pubmed,dir_06,0.8,0.8492083939596989,0.0069659251064638425,0.24833899680478771,0.07388437385968755,0.30823138012449025,0.1634704841770567,0.25701099945978245,0.1893902015813663,1.2809605178782926,0.7158490180764547,0.47890573644126155,0.01183745975882893,0.04290759180877979,0.026140287331197932,0.9972650999416837,0.11912791665499982,1.9629030457001249,0.2653996466540036,37447.0,0.0
train,pubmed,dir_06,0.9,0.8521261775427048,0.004655201472399531,0.11254754780138967,0.06147081332964139,0.17660442154968878,0.08707522134359225,0.15509546046506723,0.13948630297856238,1.370601861428758,0.8249301482191846,0.4747889850418847,0.004535454172132259,0.011890087399837823,0.007074770670156882,0.9942870989402234,0.11982383188557134,1.753516666500002,0.49750380597490657,28581.0,0.0
train,pubmed,dir_07,0.1,0.8514010393551523,0.005341339133759572,0.9542678906527362,0.05904308152720338,0.918619875509766,0.10810752449279866,0.907061573067598,0.08686657645677838,0.9892854041859518,0.06560634199313464,0.6644108195785353,0.029682689906810982,0.5532274347669948,0.05364175516687523,1.006967410080653,0.016894720545987497,2.9508315375999588,0.5323961632271788,99501.0,0.0
train,pubmed,dir_07,0.2,0.8520869001603858,0.005047367458762148,0.9162195060100421,0.10111792199141889,0.8644666237389999,0.16542473981836808,0.8116449593310284,0.14641026857369166,0.9878183086729508,0.13099427060968746,0.6174718356181293,0.027285023367795036,0.45646080957908836,0.032832705609659604,1.0126546305072157,0.03137967053878173,2.696689791600073,0.41634274604103944,90635.0,0.0
train,pubmed,dir_07,0.3,0.8521415465395392,0.005472729587050827,0.8741339960440229,0.12660194966200455,0.8159690920798454,0.19565519944543963,0.7251548849568147,0.18059633420424198,0.9788492461473522,0.1801266322684683,0.579238204130122,0.025325907547974754,0.3831263548209113,0.0338834304052228,1.0185589648752702,0.04348196622818585,2.433348683400061,0.5053987850590367,81771.0,0.0
train,pubmed,dir_07,0.4,0.8515550855537974,0.0045000836400519925,0.8167317543236801,0.13498424243507767,0.7604099592187165,0.20748811003842016,0.6408458701293522,0.1969297285924121,0.9574790173757222,0.21368170353518084,0.5352926806736562,0.013227296596944476,0.28377072341383125,0.0471588438070684,1.0247755332955404,0.05351547835725662,2.576083462299954,0.7342359201174655,72905.0,0.0
train,pubmed,dir_07,0.5,0.8507814384633816,0.004009512925199677,0.7292387280012173,0.12644969348815707,0.6934749946340417,0.20809408094777596,0.5505752925407698,0.20565519706400784,0.9436923316577154,0.2668391832498405,0.5025894286342872,0.01483066386098837,0.20125182933643243,0.05607483594962599,1.0301830644996115,0.06409031578536528,2.1751765293000007,0.19412455090569683,64041.0,0.0
train,pubmed,dir_07,0.6,0.8496050322672953,0.0071340188746676966,0.6063397068519552,0.10289185686466905,0.613092938398798,0.20113404833634482,0.458079402023328,0.20518793920608144,0.9152667857485317,0.2984192836389747,0.48240938673254574,0.0204076764856912,0.12566543967742722,0.05022619250494951,1.0348490810959905,0.07538251703254363,2.140965845800065,0.3454614001731906,55177.0,0.0
train,pubmed,dir_07,0.7,0.8493590172398134,0.00634595215476552,0.4283968149312775,0.08187722730911542,0.5130285468984761,0.18267864031878325,0.3662978875313439,0.19735314910799737,0.901304028163929,0.35691760107536213,0.47936387859173646,0.016255203570402974,0.07870959015443477,0.04424680474412956,1.039363453117608,0.08502590276731649,2.2646386498998083,0.4572830093242379,46311.0,0.0
train,pubmed,dir_07,0.8,0.848041195379186,0.0040596917443004935,0.2404219708880661,0.09400010502312012,0.38057523073620947,0.14391521040615188,0.27561006376860026,0.18676675930331557,0.9148007995341251,0.4485455081427197,0.4806948499221061,0.00993477379663116,0.03761204367842288,0.025396869701582045,1.0385871094001442,0.09584407374196416,1.6878569415998868,0.34387472148836756,37447.0,0.0
train,pubmed,dir_07,0.9,0.8507013074676957,0.005677832420586818,0.1041284171019932,0.061378535054130344,0.209111397295557,0.07707142345809069,0.17383992874366846,0.14917532427856658,1.0436692543939967,0.5963808465570277,0.47562204864034097,0.003775074894500423,0.00996790709026546,0.005935397742802165,1.0234108586251947,0.10390057346353038,1.584102445700023,0.27846355619733515,28581.0,0.0
train,pubmed,dir_08,0.1,0.8516837534857791,0.004719074700025502,0.9452300045645889,0.06017127429340761,0.9019854045932604,0.11096494030993442,0.8912504718315839,0.08029140280488334,0.9999673701956351,0.06379681899284392,0.6559763955448947,0.02516760731552626,0.5321109837108791,0.05906937701879067,1.0042093578669748,0.017025808397654062,2.744512174900251,0.5465988481675466,99501.0,0.0
train,pubmed,dir_08,0.2,0.8514684344094599,0.005047737993586889,0.900360095349191,0.10315348761027758,0.8368212062674394,0.17230643475930163,0.7844101635994216,0.14237481638197222,1.0047650950393314,0.12748529943759995,0.614248625518949,0.02899602981814975,0.4671979331756697,0.03351200530279307,1.008112193580982,0.03185504702028824,2.7454783831998952,0.5702005367251786,90635.0,0.0
train,pubmed,dir_08,0.3,0.8527821171741354,0.0044960964841637635,0.8505756453821576,0.1291143812440358,0.7779781068898906,0.20700072935859723,0.6846883279749171,0.18140096841650416,1.0050586293238257,0.1797842784821966,0.5726996101344641,0.0194466133128358,0.36027330993208034,0.04590326016830233,1.0118342537470826,0.04533009177694874,2.7359786584001826,0.8163563070388864,81771.0,0.0
train,pubmed,dir_08,0.4,0.8514374418005669,0.0033645895039839434,0.7872546533448294,0.13844276152944954,0.7144344279888388,0.2214212373458713,0.5916108215783417,0.20403427375818697,1.0034928805575405,0.2280185596486831,0.5393431799577593,0.01076994133656839,0.28636014328890275,0.032194957052779694,1.0147243674492445,0.05741095758529065,2.2507282790999286,0.40283432971426986,72905.0,0.0
train,pubmed,dir_08,0.5,0.8510297221039023,0.004112582568558325,0.7058071714763909,0.13260196391732487,0.6497746297488731,0.22791649808632847,0.4995384991467907,0.21404468295975526,0.9954035663131604,0.28933084629047834,0.5032221078550865,0.019490200324064403,0.20780584669114255,0.061522828805254455,1.0186972508584884,0.07035212551754465,2.5814997623998295,0.5508423675309136,64041.0,0.0
train,pubmed,dir_08,0.6,0.8504640942096735,0.006139397847295525,0.591819242278237,0.1028006076613298,0.5781712813908564,0.21935253812039576,0.40773169700788775,0.21457997291868774,0.988719866022478,0.3485208200419407,0.4864961101111812,0.020373646419582375,0.13412906332390687,0.05560446563981185,1.0232407193802282,0.08156049305632183,2.262507766700003,0.303389240827519,55177.0,0.0
train,pubmed,dir_08,0.7,0.8510190930475352,0.0051673249782551835,0.4303291575797535,0.07555437936827931,0.48468555484009446,0.19418293491847155,0.32678593922063304,0.20475457152530688,0.9850448248541408,0.4123658091159995,0.4792743137427123,0.017688640341301697,0.08248598858364829,0.04746262053585819,1.0272675844015404,0.09152482881444496,1.909823479200071,0.3899590242678546,46311.0,0.0
train,pubmed,dir_08,0.8,0.8504263417377583,0.004617172932590954,0.24932799107369275,0.09420565883898122,0.36442369607211844,0.14882437374814533,0.24702237892683473,0.1819535040152686,1.0044294550742952,0.5066548606204206,0.4793829058472313,0.010732221417713541,0.04082604441034283,0.02694974591588426,1.0314978439573081,0.09876024505700438,1.8688312123000685,0.3919508444262256,37447.0,0.0
train,pubmed,dir_08,0.9,0.8517372673165223,0.004862146521983485,0.10575138205609373,0.06336781887394534,0.2047005795235029,0.08018532158508652,0.1498862051997831,0.13432302736420423,1.1350769416990165,0.6342398213912792,0.4752350379700818,0.004014291007297433,0.010073560421401614,0.00590223367257878,1.0280585358938412,0.1048468295967445,1.701879116799961,0.535580489342466,28581.0,0.0
train,pubmed,dir_09,0.1,0.8511207699983716,0.0049913181020345586,0.9555865496779429,0.05310134987596454,0.9188989053444946,0.09892681440786025,0.9146289014080653,0.06616574012280546,0.9876959366287625,0.06108340197188192,0.6555654271536826,0.029167599063111786,0.5113215633881634,0.05582513030427386,1.0079286415071163,0.015518157967807653,3.069129283299907,0.6767714190206154,99501.0,0.0
train,pubmed,dir_09,0.2,0.852033208987898,0.004831711591160465,0.9216564386062789,0.0890323003686434,0.87072333118695,0.15195547895021844,0.8256163842536959,0.11341762657710208,0.9798350968619183,0.12162269708273925,0.6137707420560756,0.027389425618070118,0.4539320305329064,0.05640664621223048,1.015519116347123,0.02815749939316292,2.725054874999836,0.7042016508305733,90635.0,0.0
train,pubmed,dir_09,0.3,0.8515863719623822,0.005134853887858738,0.8832530303798751,0.1079195886769175,0.8274629748873149,0.17507525022767478,0.7378682494452691,0.1480876278761228,0.9580100671469657,0.16082388864984834,0.578668604128565,0.023900360279501504,0.36921283417435136,0.035029259943715155,1.0234769253005798,0.037174298473389114,2.4631066166999402,0.4595686336202497,81771.0,0.0
train,pubmed,dir_09,0.4,0.8500352368633971,0.004717444477235458,0.8264238981589491,0.11673547263853809,0.7769371109680189,0.1857077780886098,0.64862814346863,0.17241586103775006,0.9349990742165604,0.20040841202409845,0.542455802700766,0.013832904839687786,0.2927719382595034,0.04771883025301218,1.030347160220863,0.045997437983765814,2.5926127458001873,0.7718676850630418,72905.0,0.0
train,pubmed,dir_09,0.5,0.850679558672673,0.004622787415785273,0.7389055130090785,0.11262814486377425,0.712996351148315,0.19182120957344004,0.5571374369162126,0.18765177428577276,0.9126432996510809,0.24081174496935293,0.5056376130910046,0.02342798959486568,0.2057267525144982,0.06311547900857839,1.0365570762010052,0.05548263659961886,2.2847111291999,0.4925472841595022,64041.0,0.0
train,pubmed,dir_09,0.6,0.8495344337792655,0.00656686442873463,0.6137241973931126,0.09476374744077616,0.6330757673320455,0.18938076636958648,0.46200530920748023,0.19494037590339805,0.8889473281394146,0.2796344253512588,0.48123309247554014,0.02053097392230607,0.12468196624557888,0.05213579935409509,1.041840328612287,0.06744388661627533,2.269767720700128,0.3747140537844291,55177.0,0.0
train,pubmed,dir_09,0.7,0.8499792143815542,0.006697254246491716,0.434756808845159,0.08877878338357996,0.52730199613651,0.1762120027883329,0.3676254889945838,0.19238655126129195,0.8846702902771677,0.35469808806080894,0.4767134495226407,0.018366167041590272,0.07510598955808327,0.04407626874626931,1.045534210430748,0.0794565368320368,2.137504120500006,0.6166155822286061,46311.0,0.0
train,pubmed,dir_09,0.8,0.8482625131004458,0.0053455464027121835,0.23254551909519705,0.1024054983008511,0.3925627817128139,0.14132490060280023,0.27623593302984195,0.1824738810249896,0.8862973857406924,0.43543427847206084,0.48067552525234236,0.009168385259691367,0.036561113323147494,0.025756405138226333,1.0469488657542165,0.09136909943549518,2.0274557002000675,0.40197517216605294,37447.0,0.0
train,pubmed,dir_09,0.9,0.8508137141942788,0.005983921923467877,0.09451234974894761,0.05927412650523125,0.2175788795878944,0.08113315160356781,0.1718295608136195,0.1435573470744006,0.9760348861816268,0.5856953806103365,0.4754406261935092,0.004112562537427167,0.00905597510954064,0.005519862739222218,1.0379522045291882,0.10099681732780239,1.6451073833002625,0.46180682194998407,28581.0,0.0
train,pubmed,dir_10,0.1,0.8512942653180555,0.004656370062568263,0.9247958614393671,0.06485487396662903,0.868684267010088,0.1183175115152005,0.8721140450257403,0.11305208995952852,1.0217124291893023,0.07068534303313487,0.640296952504949,0.02940509929042797,0.5040983132528272,0.06001096958204283,0.9985217067770797,0.01777983368102947,3.074289508100003,0.5882707784660661,99501.0,0.0
train,pubmed,dir_10,0.2,0.851591225177647,0.004530694699009591,0.864020895673784,0.10905286621783362,0.7820991629104957,0.1821661731971698,0.7614236925501825,0.1805998099852909,1.0446120834267938,0.14179098125459424,0.6060010573800856,0.029535408685621975,0.4407469068033286,0.054275897158373845,0.9990311918871054,0.03379272959122496,2.8902412002999993,0.6092521481472529,90635.0,0.0
train,pubmed,dir_10,0.3,0.8530406081142701,0.004308174827193412,0.8099102297509763,0.13461432726221575,0.7202189311010947,0.21454206541091894,0.6640219985304828,0.2189591087959842,1.0572038923495717,0.20488469453818603,0.5662000479801776,0.01797466862213635,0.36042546313446566,0.04644747799484694,1.0015646238905256,0.04771019630996403,2.6141579083999202,0.5585519881982552,81771.0,0.0
train,pubmed,dir_10,0.4,0.8522978451910346,0.0036244039063541237,0.75061621950601,0.14461302168492257,0.6661300708306503,0.22884202981376306,0.579390566204805,0.23721176227783244,1.0602249246308815,0.24743327772234305,0.5350145617171251,0.014266249896349004,0.2837831827985428,0.03311516706519585,1.0044212713977765,0.06045978276267382,2.352681162400131,0.2439191772748694,72905.0,0.0
train,pubmed,dir_10,0.5,0.8516592951606035,0.003983609749857652,0.6767155246741391,0.1385074727685678,0.6099055591328612,0.23253993297372558,0.4962511050473396,0.2410525130412013,1.0759146436275344,0.33251157800407866,0.5061670272125122,0.0148570960379631,0.2020681095559303,0.05131842276144443,1.0076547327960446,0.07521375079558484,2.4795391165999945,0.6526960871754903,64041.0,0.0
train,pubmed,dir_10,0.6,0.8509397343156971,0.006135798322131201,0.5715017497590911,0.1101024984271017,0.54243399871217,0.22224532608465883,0.4102857493466921,0.23709611544266354,1.0685658106276754,0.3824616825492794,0.48897100659797754,0.02106130692444024,0.1396367097570867,0.05578497097868109,1.010263406722056,0.08747135060091364,2.358397821000119,0.534410308091033,55177.0,0.0
train,pubmed,dir_10,0.7,0.8510020211727092,0.006051650620277803,0.4317238930871836,0.07035832873094998,0.45391714960291907,0.1960052321473892,0.3291692999427351,0.2241558510433314,1.0793200794766442,0.47076047045251324,0.47985918774298286,0.016340210071263267,0.08265091629633754,0.04311298021266352,1.0131823448602892,0.09902989133583037,2.1651369083998473,0.42851287690630124,46311.0,0.0
train,pubmed,dir_10,0.8,0.8496819062973424,0.005556742006352751,0.2562965968453619,0.0728626703389752,0.34069542820347715,0.14974337231313645,0.2492097603853157,0.20050914868755362,1.1080427268019792,0.5619523118032604,0.4797413978283457,0.009477055450245603,0.041426418467422677,0.0239405645653539,1.0167535113297954,0.10335772688388434,1.8368426872999066,0.42673354534320557,37447.0,0.0
train,pubmed,dir_10,0.9,0.8517606549359498,0.00497540441788379,0.10720190698382108,0.06713896325049203,0.1959111397295557,0.08436098527187068,0.15372360561971934,0.14840382593591026,1.2231317004454292,0.7444435383533242,0.4754336620096778,0.004337999342611556,0.01107701980865462,0.0068207962240707555,1.0162541370073017,0.10523674412984892,1.8729779918003033,0.29847111939697335,28581.0,0.0
train,pubmed,dir_11,0.1,0.8510428551804432,0.005218544792434739,0.950524927727342,0.05796336557532938,0.911676325391715,0.10673309481707946,0.909754707464456,0.07826209115758857,0.9920734317711177,0.06474749035717964,0.6504497502246243,0.027195850400148817,0.5189509523936697,0.052985601672336756,1.0059521846964752,0.01637704017685944,2.977234771000167,0.8660414327350833,99501.0,0.0
train,pubmed,dir_11,0.2,0.8520449050852905,0.004865283768568529,0.9099508038748289,0.09888874309460358,0.85460399227302,0.1617666187338616,0.809931721252276,0.143260190153342,0.9908004248460209,0.12721076720814475,0.6199418459843427,0.03292132764749421,0.45988810681989395,0.04131194388674608,1.0110625436382596,0.03085945033255067,2.768672616700053,0.7380758061110245,90635.0,0.0
train,pubmed,dir_11,0.3,0.8532032189105037,0.004761343435438584,0.8657300806410712,0.1240655807017728,0.8022966301781498,0.19144507384631065,0.7187823979332633,0.18093464287998706,0.9821560887451882,0.17070578853023427,0.5717750566631684,0.02071803001380837,0.3707486969042029,0.04203591475944443,1.0165568634456676,0.04263210992497399,2.3740479206999,0.39562244101630556,81771.0,0.0
train,pubmed,dir_11,0.4,0.8513965236085355,0.004038448068138483,0.8060759750469139,0.1336657336811378,0.7421549688774415,0.203766272197177,0.630383106216676,0.20226243720093134,0.9674971928724128,0.20868027913714463,0.5418009534474102,0.011469875919676669,0.30358012923327116,0.0394871723802808,1.0213215836628944,0.05356977757514607,2.3847652083000526,0.5083066331772769,72905.0,0.0
train,pubmed,dir_11,0.5,0.8504780938030327,0.004671900069659039,0.7232996906223057,0.12700253267034725,0.6756063532946984,0.2068578180489531,0.5388481462821508,0.21125915031846024,0.9567910778310542,0.2595743348338841,0.502666565895212,0.013590070794859707,0.1983540714716185,0.05644165210713474,1.0260566923764016,0.0643997155657778,2.184994683299931,0.4524000511909956,64041.0,0.0
train,pubmed,dir_11,0.6,0.8496743410813463,0.0064106359416069535,0.6027336815945631,0.10151270469076355,0.5970487229019102,0.20240975369016148,0.44664938561600553,0.2100769364254906,0.9324271209701067,0.29979010789832083,0.4823188460216243,0.02106474147132671,0.12944995935925224,0.05527363113200854,1.0308711414342198,0.07641049117115925,2.1233472871998855,0.40418627959913855,55177.0,0.0
train,pubmed,dir_11,0.7,0.8505104528376382,0.005740921410750399,0.431242075366435,0.07727538462171665,0.4996995063318309,0.18261495560058003,0.355253507739534,0.19751870769162558,0.9205703579980483,0.3581594347244353,0.479619625899797,0.016579027206316644,0.0790668245170387,0.04227859096119387,1.0349900277692998,0.08627883836211889,2.066519799999912,0.4892952707631003,46311.0,0.0
train,pubmed,dir_11,0.8,0.8483898259842858,0.004557434894587333,0.24594512349748948,0.09013199396029305,0.3713350504400086,0.14280759280111419,0.2644708553008447,0.1847872490213212,0.9417417597354565,0.46248442275872914,0.4804665779979381,0.01026582584251245,0.040276549826521776,0.027030751717046702,1.034204414606594,0.09683120182124395,1.813771470900099,0.34752528069321076,37447.0,0.0
train,pubmed,dir_11,0.9,0.850483589082331,0.004833963450991192,0.10860171425673278,0.06094969909393262,0.20468984760678258,0.07721088570539436,0.1633581990958031,0.1485084899987476,1.0559060617998302,0.5956758031654444,0.475594505098098,0.0038968454267796714,0.010335438236012035,0.005916377753973508,1.0158450197787487,0.1076872310595142,1.6668345958002078,0.35967326256449006,28581.0,0.0
train,pubmed,dir_12,0.1,0.8513075134199776,0.004807718766001121,0.9576964041182736,0.051583938296825886,0.9224404378622022,0.0950349458826133,0.9145720042024978,0.05967866107413921,0.9856386524400198,0.05910293060623239,0.6607401007805904,0.025345746160392976,0.5284303084147346,0.052708973700690324,1.008318605386584,0.015462464562789532,2.903987683399964,0.3788428455630425,99501.0,0.0
train,pubmed,dir_12,0.2,0.8506440759361761,0.005813703523008388,0.9213470609119035,0.08954096520727602,0.8704872290191028,0.15064118126318599,0.8228284211808921,0.10936713309096233,0.9785989539544658,0.12044713536864605,0.6175765492000576,0.03634372930635145,0.45687946961769227,0.05842302145114656,1.0150016943241031,0.02884150266252791,2.4594164251998905,0.43973867782938003,90635.0,0.0
train,pubmed,dir_12,0.3,0.8509674679889245,0.005494320891766524,0.8816909266115533,0.1096082487510039,0.8246512127065895,0.17509331397962366,0.7325957750626878,0.14360962072340708,0.9620451603002739,0.16041551404543888,0.5755144113523688,0.02430851629058889,0.37407845381716126,0.027699991056458262,1.0221477051166497,0.03801980725079411,2.566523099899689,0.6618809585195099,81771.0,0.0
train,pubmed,dir_12,0.4,0.8507501502863913,0.004062276770455169,0.8257594968808644,0.11926800545728372,0.7738033912856837,0.18734848990806913,0.6410861027750814,0.1662834059303939,0.9361327229922607,0.19710464440655334,0.5333865980512895,0.017273732411096098,0.2760251377175344,0.03838126719422824,1.0293285003735115,0.04690127000420822,2.424797354100394,0.45820562397127945,72905.0,0.0
train,pubmed,dir_12,0.5,0.849961800417941,0.005083408374743746,0.7389613024293756,0.11703607864127553,0.7090684696286756,0.19374198501698753,0.5459413312428896,0.18206669449804466,0.9138925870976655,0.2412006418457914,0.5015210042948403,0.018918395713839745,0.1980918656433919,0.05550160829511843,1.035207864234909,0.05711963770588538,2.250452512499828,0.31781425465391183,64041.0,0.0
train,pubmed,dir_12,0.6,0.8498468862986804,0.006049196099911535,0.612253385403459,0.09835517182934812,0.6282356728911783,0.19356543248510513,0.4495511430999442,0.1900660632907867,0.8904442807124401,0.2794282281588696,0.48384965103464966,0.020630904756238373,0.12947597992550763,0.05380281608613989,1.040405012109522,0.06889270249716949,2.183951916599676,0.3092364087711532,55177.0,0.0
train,pubmed,dir_12,0.7,0.8499360500657047,0.0068256727514371205,0.43354972866054675,0.08715289183417348,0.5232775273663877,0.18094813920310548,0.35541155553277687,0.18812687345759627,0.8916975603834342,0.35503604999200195,0.47748275542261454,0.01775216589400926,0.07387492498695956,0.04248108578871367,1.0437855450386473,0.08071046809847453,1.884199900199917,0.22266588431178533,46311.0,0.0
train,pubmed,dir_12,0.8,0.8479876922495265,0.004900667837505724,0.23488867474767966,0.10129031425442657,0.3890212491951063,0.14573719388746828,0.26317486339625334,0.17757336272573976,0.8973091603337267,0.4386588037447975,0.480103170502313,0.00993828648533952,0.03558355921498443,0.023545478430807728,1.044635242921381,0.09349476324068189,1.9396698751000485,0.47894539862423224,37447.0,0.0
train,pubmed,dir_12,0.9,0.8512794518953342,0.005224498024672058,0.09243799766698788,0.059432893736255835,0.2170959433354797,0.08185179170457779,0.16127829013672726,0.13710132339653283,0.990181667612636,0.5911323761272015,0.4754346750301968,0.004094075029137063,0.00892391922124172,0.0053920683407216626,1.0372858414926633,0.10286872144129393,1.8272015667999768,0.2201516088682675,28581.0,0.0
train,pubmed,dir_13,0.1,0.8510049664851831,0.00519955698623926,0.9230816047065984,0.061173758117457504,0.865754453745439,0.10961292109286275,0.8885257278760772,0.10822212254483805,1.0222431994249628,0.06902112268433275,0.646380722910962,0.02796949716354184,0.5306546600934492,0.06241138107637369,0.9978415237839455,0.01648053723795716,2.6589675332998697,0.3196645006883406,99501.0,0.0
train,pubmed,dir_13,0.2,0.8516369227835145,0.004423680296336133,0.8583253030379876,0.10597311863284767,0.7722150676110753,0.17517844595223972,0.7855797172694187,0.17099110636913345,1.0432133734440723,0.13103426145098468,0.6019893402167756,0.03540936426006497,0.4566727920873165,0.08056448183450501,0.9974444120014848,0.03115847266707769,2.4238525333997814,0.2774906455034934,90635.0,0.0
train,pubmed,dir_13,0.3,0.8524242237794883,0.004638446692362769,0.8016026778921743,0.13523234057742634,0.7037132431852329,0.21399209192938248,0.6957327077667269,0.20303975518622827,1.0571201498986214,0.19126297560506048,0.559632630840401,0.02477909799110966,0.34676682615698756,0.05191701293333223,0.9991524037234732,0.045812183491112504,2.4586603916999024,0.5874007165678818,81771.0,0.0
train,pubmed,dir_13,0.4,0.8518661298657728,0.004037990675792091,0.741679768727494,0.15124102187305208,0.6448164842240824,0.23423636472791978,0.6111897822052651,0.21193018657298654,1.0621890306015396,0.24674649387284417,0.5349820702607759,0.011704576197231174,0.2948697398460105,0.048540986674674956,1.0015952637646168,0.06097784352943841,2.5980630002000114,0.3880479211553756,72905.0,0.0
train,pubmed,dir_13,0.5,0.8511457824915146,0.004420184379091633,0.6657655829994421,0.14712898715061415,0.5861343635973385,0.23907251284286266,0.525129597828672,0.21104465753863993,1.070412468988277,0.3100468150168006,0.5066029308861526,0.015082868821998682,0.2049741145899085,0.048206030302060186,1.003115341669994,0.075849389198925,2.264674087599974,0.47433841609432764,64041.0,0.0
train,pubmed,dir_13,0.6,0.8503972046570867,0.004723841869230681,0.5607496069381752,0.12184709668520419,0.5166022751663447,0.23047374693146805,0.4307560995275052,0.2046375518141988,1.1014641798469964,0.41437426794893,0.4874155354251598,0.024163512222059366,0.14030103374503902,0.060104455042995844,1.0040370965348795,0.09148015313707622,2.0329088749999755,0.44509739047133345,55177.0,0.0
train,pubmed,dir_13,0.7,0.8512952968508154,0.003747964381858849,0.4126591266419841,0.08459299802065376,0.4272161408027474,0.2044377385715626,0.33284233065769875,0.19192422220094654,1.1333624392786223,0.5097579978529353,0.4820343853447315,0.0200391803553489,0.0896312811512429,0.04987662000942025,1.0040927954550964,0.10399526910227617,2.139323650000074,0.42593110453604816,46311.0,0.0
train,pubmed,dir_13,0.8,0.8489087790082068,0.004984136391036095,0.24819191560582238,0.08969849036082655,0.31703155183515774,0.1551456059726843,0.23437223355567754,0.16973011149189482,1.1905530942244087,0.6251689328746172,0.47968694805833934,0.010218126857492972,0.04446423379655955,0.027625593576157015,1.0061084024121532,0.11163220848957911,1.9431817039999828,0.5328741001104235,37447.0,0.0
train,pubmed,dir_13,0.9,0.8528643283252133,0.004846276524800932,0.10350458994776082,0.06847149213903118,0.1790191028117622,0.08672646652664402,0.1344797063144707,0.12423163988070819,1.2771070560960722,0.7711181364789046,0.47526989658124463,0.004007346539357152,0.011302522937639517,0.006811559496921696,1.0033659658737841,0.11772892837874975,1.6082434500999852,0.3844849956617494,28581.0,0.0
train,pubmed,dir_14,0.1,0.8519813007100682,0.004832575448587477,0.9220723233757671,0.06550432136181573,0.8637261214852974,0.11812292037930819,0.877487669995997,0.11001120451093123,1.0229434344568218,0.07266206084753149,0.6382286923502036,0.024080832967060938,0.500246153292161,0.05546856148231593,0.9976143143403542,0.017887673551622962,2.7748989418002226,0.556687499147149,99501.0,0.0
train,pubmed,dir_14,0.2,0.8522341009821244,0.004590335760476857,0.8564132474514379,0.113480871841146,0.768780854260571,0.1890296551922223,0.7687634320683802,0.17230476583156595,1.0520133822980289,0.14491477677339654,0.6030938102891793,0.028621526796697515,0.45213886527632613,0.07474701438024299,0.9960804252628247,0.034471958328095645,2.885686995900028,0.9260676009219746,90635.0,0.0
train,pubmed,dir_14,0.3,0.8512897849577191,0.004786427829218819,0.7963889029771264,0.14482647573722265,0.6976067825713672,0.22998803317194808,0.67490833052905,0.2067209628572136,1.0728769188727227,0.2150224948545214,0.5672485938618663,0.01773349481067977,0.3639678379045236,0.04932647867663881,0.9968271106951215,0.05064527573888084,2.342814154299879,0.4577645356170929,81771.0,0.0
train,pubmed,dir_14,0.4,0.8510894204220911,0.0033729561437934904,0.734675660597454,0.15901819735786668,0.6380231809401159,0.2483946963838961,0.5943545312690375,0.2193906059798544,1.0820117488508134,0.2769619146180984,0.5347184319000389,0.008078595048071043,0.28769491197219743,0.038112762914350506,0.9987408048353471,0.06561536423879218,2.5002830125001196,0.7536574529855984,72905.0,0.0
train,pubmed,dir_14,0.5,0.8512794977806675,0.003653804560773962,0.657807982958868,0.1529174664614046,0.5781498175574158,0.25324732711485587,0.5147806283271306,0.22017122706926448,1.092584829507595,0.34001774363556103,0.5010538074955001,0.014494530064348489,0.18868966896857112,0.04283175013579792,0.9996153337983149,0.08093745082827893,2.1919570875999055,0.5131826334034626,64041.0,0.0
train,pubmed,dir_14,0.6,0.8504813811915183,0.005380321077080511,0.5548917178069686,0.12273598368018455,0.5117621807254775,0.2417936387592375,0.4285434304221054,0.21459161932746398,1.123665864048191,0.4418904654149961,0.4898515294458877,0.022366221904403558,0.13609887808966423,0.049732837265797525,1.0001606152205333,0.09595468266878611,2.1757894251000494,0.5791554837051052,55177.0,0.0
train,pubmed,dir_14,0.7,0.8515061354149076,0.0043888500732236204,0.406562864533144,0.08643619980218857,0.4268297918008156,0.2103585794607793,0.3391010232701154,0.202091026060702,1.1779585088444446,0.5654532284546628,0.4805116178219195,0.020542770366542715,0.08822697060128346,0.049048789217469274,1.0017224398770006,0.10734970608772385,1.949768137400008,0.41470344790461927,46311.0,0.0
train,pubmed,dir_14,0.8,0.8490001384686721,0.006774189935395764,0.2473094284120302,0.08681689875735865,0.31734277742004724,0.1586071114184712,0.24665570804651132,0.18315045441337593,1.2326834870795693,0.6745465753236903,0.4795367357282904,0.011592015246067781,0.04395098952097617,0.027231296920597156,1.0047284480103085,0.11288785811214945,1.9830447830998765,0.5695941369951114,37447.0,0.0
train,pubmed,dir_14,0.9,0.8520615140792364,0.005238133792542501,0.10744535172693614,0.06501074578264278,0.18150890749087786,0.08683470007716533,0.14798963168086898,0.13669098714442154,1.2983862151664232,0.7769577613926563,0.4752288217903694,0.003910419134581531,0.011214574694223118,0.006518105533794832,1.0028907071590922,0.11547825884342852,1.6127549709001983,0.2678103238232846,28581.0,0.0
train,pubmed,dir_15,0.1,0.85075979463708,0.005022953911934787,0.9387127859207791,0.057660440560044816,0.8914466623738999,0.10664078417483745,0.8986723962022678,0.08261747154896841,1.004491175458753,0.0626765818744469,0.6585032495349732,0.03084497955157936,0.5307047269690934,0.058777549492440746,1.0033213950638038,0.01577239686683674,2.7378055541999173,0.32647052863086456,99501.0,0.0
train,pubmed,dir_15,0.2,0.8512579362075418,0.004969117211306428,0.8940964649794594,0.09457493969155237,0.8311225584889461,0.1558574457197909,0.7929321006110758,0.15259410667167772,1.005480414940964,0.11981636399606592,0.6137052622457682,0.029181207761782017,0.4538550085337623,0.042965319153001356,1.008204751125321,0.029333987236024633,2.8497671459000458,0.5601476201347639,90635.0,0.0
train,pubmed,dir_15,0.3,0.8525151801399076,0.004972502961166622,0.8488613886493889,0.11628505731002874,0.7820669671603349,0.17886195925946147,0.6963585770279687,0.1967182771504237,0.9889216865976408,0.15628451213238193,0.5775296826477515,0.024320424276002985,0.38078293634631166,0.046094008875856955,1.0147127910833222,0.04007880639383238,2.3227934165999047,0.47941821843628185,81771.0,0.0
train,pubmed,dir_15,0.4,0.8516512694382969,0.0037103579332145495,0.7935385707764873,0.125649995671324,0.7309186520712599,0.1891839580783949,0.6065747866425741,0.21897942656646197,0.9753796151312851,0.19599714233991408,0.5398106015034868,0.014344069368768853,0.2972866330149458,0.051666156497790446,1.0202007159793618,0.04912323663111277,2.4169582957999864,0.7157181503940105,72905.0,0.0
train,pubmed,dir_15,0.5,0.8507754260730163,0.004556431694008498,0.715230511741137,0.11958100147774119,0.6700579523502898,0.1963960646670948,0.5152547717068591,0.22770744242078467,0.9635648235808298,0.23992245859064032,0.5071727387777465,0.016460225080528832,0.21380241525119126,0.06076057403534928,1.0246248351079033,0.05970568169746532,2.3698791001002975,0.5026211534221088,64041.0,0.0
train,pubmed,dir_15,0.6,0.8498327694024821,0.006464758610951085,0.6041284171019932,0.09219720164186822,0.5973170208199184,0.19288244359881396,0.43018712747183097,0.222818690525668,0.9455443584591157,0.2804099955283676,0.485717715438245,0.02089053045966076,0.13727396912029152,0.05691424439430984,1.030783530405174,0.07060058617276369,2.2727059710999358,0.797380676790749,55177.0,0.0
train,pubmed,dir_15,0.7,0.8501747698394502,0.006338752835246568,0.4368666632854897,0.08049568434555317,0.5013629534234815,0.17669190452391687,0.3457769620566931,0.21202896556493708,0.9399489491259558,0.3559934773500943,0.4784749882859313,0.01829837064001661,0.08054377984456637,0.04448780879275496,1.0358942430505134,0.08125979312960764,2.039390833100197,0.4282699522305151,46311.0,0.0
train,pubmed,dir_15,0.8,0.8489523418123559,0.005395857249715393,0.24380483846426942,0.10148451481347422,0.3734063103670316,0.1384755830140888,0.26044379752901703,0.19602715033067317,0.9600783564743869,0.4376834731172798,0.4792660196189173,0.009914732036701068,0.03973766647828864,0.02548203670062497,1.0375462245021227,0.08977860666634126,1.8523885290998123,0.28448195468730747,37447.0,0.0
train,pubmed,dir_15,0.9,0.8520411185998766,0.004364511418226241,0.10253588274078207,0.06093746358819854,0.20860699720970163,0.0804254322972412,0.1605575921995399,0.15001878640721494,1.0363486357968057,0.5597740058975519,0.47522988831656104,0.004378716320131796,0.009238710430177212,0.0045496410793890935,1.0321677943854233,0.09532711669445058,1.7410141125000451,0.5389096600623188,28581.0,0.0
train,pubmed,dir_16,0.1,0.851286721567593,0.004958203580460052,0.9525434903890044,0.05796358647720829,0.9136939257351363,0.1074107048026957,0.908363886883919,0.06393137233489209,0.9916270371957132,0.06373281287314256,0.6663976212844116,0.023660430762463738,0.5555410449231566,0.04325397925871257,1.0066759602097743,0.016466750421640267,2.7755222084997855,0.5365639201287987,99501.0,0.0
train,pubmed,dir_16,0.2,0.8509769149960388,0.005969874573999521,0.9126033372216869,0.09943609753228265,0.857437218287186,0.16375906396122603,0.8052155751019094,0.1257925180036311,0.9876758227335273,0.12513632780403286,0.6197775256279829,0.031999280128321116,0.46317975084949126,0.03461089556095817,1.012024705542928,0.0311992986891674,2.689873266699851,0.33423663682680554,90635.0,0.0
train,pubmed,dir_16,0.3,0.8522614519441356,0.004712056469888071,0.8663741948572298,0.12467131581770553,0.8022107748443872,0.1931630863739958,0.7078644563760477,0.16456527071103094,0.9786211274582202,0.16593138558123358,0.5770289191215976,0.020896572669924004,0.37464178577257934,0.03589284954527371,1.0169817291257985,0.042713338416294835,2.6510562375000633,0.6094152239905535,81771.0,0.0
train,pubmed,dir_16,0.4,0.8503125075579142,0.0041231124972618575,0.8062889891971394,0.134713545019631,0.7409959218716462,0.20747318967767187,0.6112846108812108,0.18891848753262774,0.9678579058355451,0.21080685243028188,0.5349771560852407,0.012687216115950592,0.2865424640014739,0.03696859344939383,1.0212977429968868,0.05398611795631591,2.346702037599857,0.5039793296990163,72905.0,0.0
train,pubmed,dir_16,0.5,0.8501129028980701,0.00433641975154148,0.7245574884617335,0.1286384536523198,0.6766795449667311,0.21253621741486475,0.5159817915557762,0.19985961311328887,0.9517059533525984,0.25716540856945774,0.5029857250108499,0.01549728715636581,0.20045562535190625,0.052181295758302215,1.0262731009874275,0.06471268559390474,2.4403189376002046,0.40905308556538333,64041.0,0.0
train,pubmed,dir_16,0.6,0.8503017064421566,0.006324229400744068,0.605655018511944,0.10216552057448829,0.6004722043356944,0.20717364632188381,0.4212353004625563,0.20323833417043963,0.9361237813693523,0.30920369195348446,0.4834077731994709,0.01975597592439533,0.13552234096427856,0.06429333524800941,1.03176502383601,0.07645522658570772,2.326552558200137,0.9197438063655737,55177.0,0.0
train,pubmed,dir_16,0.7,0.8504037742390856,0.006059549315714935,0.4338337475275143,0.08506290867753191,0.5044430135222151,0.18526339702453798,0.332108988897052,0.19434411727961665,0.9309692968705006,0.3692659512477781,0.4763525330967801,0.01980975162757815,0.07604669415572585,0.04580071992032059,1.0357905625685926,0.08588317012649754,1.9778764873999877,0.36552474055322215,46311.0,0.0
train,pubmed,dir_16,0.8,0.8496335601714433,0.004901134363545097,0.2439214890703454,0.09726762134931188,0.37616441296415537,0.14591609260169847,0.24698444745645648,0.17613348012560692,0.9316867388503652,0.45064904276787,0.47993307288128423,0.01058123906337379,0.03893447156635337,0.0277250787886142,1.0393930098258148,0.09555830329011364,2.012903458499886,0.4767587851989331,37447.0,0.0
train,pubmed,dir_16,0.9,0.8509487080637937,0.004947058933399933,0.102571385099153,0.062154992139415534,0.21017385705086927,0.08029804356086202,0.15015804740416078,0.1344784565086383,1.0710592010576117,0.6030988111489932,0.4754306444361018,0.0037966869261641897,0.009944043273306318,0.005989892551638437,1.0300152920803254,0.10435048676993122,1.8287881416000573,0.32345323759497013,28581.0,0.0
train,pubmed,dir_17,0.1,0.8517247399772161,0.004300479501891772,0.9419992899528327,0.0657762868637916,0.8954496673105817,0.12020605675281884,0.8800606880699906,0.08700671640978795,1.0054664236683348,0.0721790491355433,0.6587732381890744,0.03541537951056831,0.5479834419665923,0.055369393405124034,1.0029706326740868,0.01889103550296151,2.820618579200141,0.6816383582078505,99501.0,0.0
train,pubmed,dir_17,0.2,0.8519552606092052,0.004258229627608798,0.8901709184967288,0.11236753354545807,0.8219467696930671,0.18837050027232083,0.7654444284102804,0.15151839791804914,1.0192234978901014,0.14831412084242143,0.6157773048925065,0.03298130963989383,0.45999514124790875,0.044601614686656035,1.0047186404212407,0.035575332600833835,2.7975751959998547,0.3348518178388873,90635.0,0.0
train,pubmed,dir_17,0.3,0.8528212707435706,0.004696082917424844,0.8378252269615054,0.13735180407541178,0.7632109894827217,0.21761327704203004,0.6652990246998851,0.18875626836593998,1.0267128333518305,0.20468081095202942,0.5684287377652428,0.018644619510914277,0.3611242853558772,0.03134094517153241,1.0078791883851845,0.04821568439822058,2.9847365083999646,0.5645433030107355,81771.0,0.0
train,pubmed,dir_17,0.4,0.8525864033923405,0.0030662549111562546,0.7767358117360653,0.14376032246254633,0.7046791156900623,0.22761435829612817,0.5720445047748777,0.20724694939235672,1.0214473540627516,0.251736778984444,0.5386490568545257,0.01297073104383434,0.2940893226718563,0.040471621262321074,1.0123315992002997,0.059147920923575154,2.4688432874998396,0.4100324565998034,72905.0,0.0
train,pubmed,dir_17,0.5,0.852109704964719,0.00434048904480747,0.6961708170614191,0.13625987456956237,0.6428632753809831,0.23246018550043243,0.48148944115845793,0.213347935075004,1.022813544506049,0.3154467266603706,0.5053095810571143,0.01547135611096673,0.20229292521864845,0.054697127073299476,1.0159655846162443,0.07135496859161851,2.1286030666001805,0.5040879347451209,64041.0,0.0
train,pubmed,dir_17,0.6,0.8513645079130224,0.006195402189700911,0.5845311152812294,0.10541664465316024,0.5706052801030264,0.22232215037482556,0.3907636859253361,0.2092464847967427,1.0052301190680668,0.35807358981137616,0.4868961959666419,0.02367146154996978,0.14269164410669896,0.06965036018287124,1.0202550291734442,0.0822257917527618,2.2015200873999903,0.5047723877910157,55177.0,0.0
train,pubmed,dir_17,0.7,0.8510633122330729,0.006160391983511667,0.4331592027184663,0.07323647385178302,0.47830006439150036,0.19595545290601377,0.30820584064700435,0.19608902070131362,1.0049210422132415,0.4379861172405997,0.4792848390443508,0.0176354974538286,0.08180177542239361,0.04880214431096225,1.0250816269444063,0.09279767908902119,2.2585366623999903,0.613970255218919,46311.0,0.0
train,pubmed,dir_17,0.8,0.8513129723448902,0.004461601381558955,0.2545975554090379,0.09324388829623827,0.3607963082206482,0.15104654563392123,0.22453533890424296,0.16772613654008295,1.0222768669888433,0.5370304212474433,0.4787787528942906,0.011866183035872002,0.04154560545001507,0.028240786680181117,1.0294969554446305,0.101250730382531,1.9095770748999599,0.5195386368555756,37447.0,0.0
train,pubmed,dir_17,0.9,0.8522452738948813,0.004960458144397144,0.0957143581680783,0.06683106428292243,0.20595621377978107,0.08316427563406224,0.1292325195788083,0.12200217668722843,1.1405645672197653,0.7233314118208187,0.4751510328674371,0.004044198489985638,0.009855766634022906,0.006227592655465454,1.0296195764339617,0.11017612380519769,1.832169858399925,0.685928209945173,28581.0,0.0
train,pubmed,dir_18,0.1,0.8521386674093216,0.0038843029015815157,0.9083481259826545,0.061477103790063915,0.8354904485941189,0.11150886047010393,0.8747313164818419,0.11012311846713896,1.0343619040400518,0.07335489508689837,0.6390370258103818,0.02987706580344735,0.5081700537132633,0.08201860464388369,0.9955881486337577,0.01851283284821939,2.731392437499926,0.5021251420700462,99501.0,0.0
train,pubmed,dir_18,0.2,0.8528225607611839,0.00415682869790516,0.8416899122584571,0.11025733070556919,0.7369714531015239,0.1846036814454559,0.7662978864937917,0.1618034271582393,1.0671846387927089,0.15361218729745418,0.5947334544922,0.027029661557860196,0.43304842567375623,0.06146404909556491,0.9941744190790821,0.03563151437238271,2.8501896707997503,0.5905042802879675,90635.0,0.0
train,pubmed,dir_18,0.3,0.8518846939852146,0.004555972685505009,0.7777501648323781,0.14987900149889383,0.6580060098733634,0.2401751494398908,0.6649007442609131,0.17635389787669326,1.095479669245476,0.22789608695146185,0.5622982292031662,0.026774492862958646,0.3493125880580673,0.04774109253651565,0.9926654680817233,0.05267756437612719,2.405977804100144,0.5472143526135415,81771.0,0.0
train,pubmed,dir_18,0.4,0.8513257040542299,0.0030796366091442695,0.7085459248364356,0.17251217156488424,0.59440867138871,0.2729583126769777,0.5671197355374307,0.18829043580457616,1.1345905276567236,0.3253267740050159,0.5316543727294994,0.014620045932576847,0.27195797463189797,0.028239018735262383,0.9910972562100095,0.07078867994651393,2.7641083833001288,0.9528571614597072,72905.0,0.0
train,pubmed,dir_18,0.5,0.8507619707190525,0.0032308345015574736,0.6329867626920931,0.1710496738492911,0.5330113758317235,0.2797413031390965,0.46851055637735567,0.19377497530787452,1.1610351484585164,0.40919826874071696,0.507038169789184,0.012758079169157341,0.19260534680200045,0.04063685581725408,0.9900278709483972,0.08770680807854357,2.8623472832999823,0.941903744600995,64041.0,0.0
train,pubmed,dir_18,0.6,0.8504683942654607,0.006471886024076184,0.5328802556169803,0.14313757986563752,0.4639836874865851,0.26677949185541927,0.375129598217754,0.1909999624514461,1.1941816569780248,0.49253569329436353,0.4898056830515925,0.015495947110703602,0.13082391134226717,0.04501424621780719,0.9885781596908219,0.10201664718656547,2.0524152706999645,0.25441630435412205,55177.0,0.0
train,pubmed,dir_18,0.7,0.8509523773005672,0.005494929758604262,0.4085002789471015,0.10431807007501241,0.3846533590899335,0.23253285768940737,0.2908079395668321,0.1775123144228832,1.2407897633539289,0.6071398187262612,0.47844122796231214,0.01490032432053307,0.07878299320636792,0.041482145578286375,0.9880748935240463,0.11502204604625242,2.0914373666997563,0.2903149996004575,46311.0,0.0
train,pubmed,dir_18,0.8,0.8514409526986064,0.00511367252883581,0.2599533397575696,0.07794755303710997,0.28833440652500536,0.1769991660593343,0.20042356756711474,0.14103362510103407,1.305298498533789,0.751081693557095,0.4758871439586674,0.012595993743900377,0.03894142424285607,0.025937208930758494,0.9891116857436488,0.12550748727430744,1.7646319917002302,0.3018631887642308,37447.0,0.0
train,pubmed,dir_18,0.9,0.8527517993126714,0.004906296860080237,0.09968047877466146,0.056760602704813624,0.1663876368319382,0.09987354366881566,0.09900113768731719,0.08531168401860369,1.4696880655211304,0.9757311806394668,0.4743544716048369,0.004349995100931649,0.01076662911384502,0.0068867517596575,0.9926647992012809,0.13132440754720112,1.9098671501999434,0.860574121447074,28581.0,0.0
train,pubmed,dir_19,0.1,0.8518465085470869,0.004763139775449165,0.9219303139422832,0.06582780840396762,0.8648744365743722,0.11745332529214268,0.8791566546926415,0.11862301498909605,1.0249320005733078,0.0747401714322778,0.6518715905410934,0.022387289353787143,0.5251902952920601,0.05319471022314308,0.9971362030007033,0.017993711647904708,2.6970395376999363,0.475038579759129,99501.0,0.0
train,pubmed,dir_19,0.2,0.8525207701930144,0.004284098263481758,0.85301516457879,0.11591836922860208,0.7644236960721185,0.19267115060934592,0.7718864564628587,0.17841610494663449,1.0564763473538863,0.150091824876661,0.5983966366529215,0.026923777938535346,0.4513208102385011,0.06824142976933172,0.9948636775128209,0.035102201036907615,2.7977858792002963,0.3995049833678123,90635.0,0.0
train,pubmed,dir_19,0.3,0.8524627735869666,0.004283927483287446,0.7899376172845768,0.15125044155138107,0.689504185447521,0.2428638881959975,0.680496900498117,0.21499524273596923,1.080216773240866,0.2260523650529387,0.5605846869234579,0.02067420525239468,0.34326509469393407,0.0492715941671346,0.994308451998114,0.05289763441156909,2.402253191700072,0.5568762094538692,81771.0,0.0
train,pubmed,dir_19,0.4,0.8508319017491204,0.004531769471466927,0.7224172034285135,0.17078749104576157,0.62532732345997,0.2673956821828759,0.5974965213987051,0.23067311688723077,1.1108210578891975,0.312164917825495,0.5314182186746532,0.01368873724922582,0.2713479768372661,0.03572522624077354,0.9933207799953314,0.07090436108356288,2.2852389415998915,0.4301984239437176,72905.0,0.0
train,pubmed,dir_19,0.5,0.8509727268614793,0.004673022355396885,0.6435056043008571,0.16440747370682623,0.565690062245117,0.2709717303942679,0.5188203299224177,0.23481688895881872,1.1292091589668114,0.39029328647586137,0.5036663212851273,0.009185020598521504,0.19340109515324205,0.04555284341203278,0.9933087750931439,0.08884123686149961,2.2196041334000483,0.3189703624120521,64041.0,0.0
train,pubmed,dir_19,0.6,0.8514328094784684,0.006115118903510266,0.5417051275549019,0.12793097629895603,0.5025541961794376,0.25277938205209166,0.4370527236103001,0.22688323153749054,1.164820635648405,0.49348269792093935,0.4873744094531647,0.019954080196102696,0.13541284985795674,0.05058517841661539,0.9950540950261193,0.10184889105269565,2.1147282248999657,0.320535425685853,55177.0,0.0
train,pubmed,dir_19,0.7,0.851088021600955,0.005426660474463574,0.4087082213318456,0.08328848630933233,0.41968233526507837,0.21595835065232394,0.3528954346643508,0.21268589078417527,1.2110474560363542,0.611072470612745,0.48109579069626707,0.019615772043637784,0.08996696205393338,0.04756644341983096,0.99599624828194,0.11401149446535443,1.904115383300018,0.24230431223046184,46311.0,0.0
train,pubmed,dir_19,0.8,0.849729356694765,0.005776383566552656,0.2407516356443678,0.07667469659256544,0.3113650998068255,0.15909168003545562,0.2644455676539258,0.1964809506232536,1.2628797737174036,0.7151341456788425,0.4797587151452465,0.010935666794288024,0.04550073710979913,0.02685587949190345,0.9958364341370544,0.12007769365248398,1.9110854916000108,0.44284485749617647,37447.0,0.0
train,pubmed,dir_19,0.9,0.8517152982867684,0.005095645121898435,0.11283663843383882,0.06147408812230744,0.1794698433140159,0.08413885144045705,0.16017827749575705,0.14780976946577495,1.3347492038344593,0.8170332770305261,0.4750371801885785,0.004479479939614004,0.011738790395705731,0.006938438639941822,0.9932428659728506,0.11882264458322349,1.69453669580015,0.37102274625505666,28581.0,0.0
train,pubmed,full_graph,0.0,0.8520578456687173,0.003692671053903807,1.0,0.0,1.0,0.0,0.9999999974061197,0.0,1.0,0.0,1.0,0.0,1.0,0.0,1.0,0.0,2.923606921000008,0.5789165277135875,108365.0,0.0
train,pubmed,gassip_adapted,0.1,0.8509464399495344,0.00547289568210117,0.9425926865141756,0.0216314804558641,0.9181584030907921,0.02981611554031023,0.8150398259298847,0.11615881235322006,1.0208945515445962,0.01545389605038692,0.6426854491166889,0.009196390851046855,0.5133503678150726,0.03353467864173433,0.9940643822745093,0.008717767693533707,2.914658545699993,1.0193852774379735,99501.0,0.0
train,pubmed,gassip_adapted,0.2,0.8505449399930314,0.005288221291733616,0.8736318912613481,0.038480736938886886,0.828321528224941,0.049953612101931666,0.680496900498117,0.1638143091876808,1.0486531506691723,0.035181153393048226,0.5961882760249209,0.009945464098826792,0.44667466673044265,0.024830289622626307,0.988944712937203,0.014790413573511527,2.5474101125000033,0.3122739881700789,90635.0,0.0
train,pubmed,gassip_adapted,0.3,0.8517513692905607,0.005745170346506991,0.7960693817517879,0.0501205372420394,0.7310688989053444,0.06740981164743393,0.569168034937858,0.17314683946264658,1.0865715743898654,0.06930690289733632,0.5670768130718318,0.015380442472460796,0.38699477601956583,0.03162479694093938,0.9832216665447622,0.020028537113365802,2.530449987600025,0.3294542277105295,81771.0,0.0
train,pubmed,gassip_adapted,0.4,0.851294413589831,0.005828983659278727,0.7130851549424355,0.05725608902216899,0.631809401159047,0.08016721517063527,0.4680933102031946,0.1649573139166473,1.123793114415072,0.10270291831830217,0.5405162401331769,0.010721586048977763,0.31467913443982104,0.03723614827598338,0.9774163762759681,0.02726180323725152,2.3510935041000662,0.47273801703026214,72905.0,0.0
train,pubmed,gassip_adapted,0.5,0.8527377345977565,0.003150160435888933,0.622097682203175,0.059401224470329514,0.5282786005580598,0.08475069898912069,0.37400429792986495,0.14955898542761298,1.1678155400007284,0.11978207662950328,0.5199844372532246,0.006607495356288146,0.24904973384516413,0.03448059654116844,0.9693141100866756,0.036320348336122854,2.21857199159997,0.5041233184464393,64041.0,0.0
train,pubmed,gassip_adapted,0.6,0.8524818579561847,0.0059277949372652065,0.5223867728356242,0.05824131317597655,0.4232345996995063,0.08479687342301226,0.28455556886614525,0.12740056909759498,1.2280986224047274,0.150851463644629,0.5027132660306708,0.0045455457314714865,0.1734619661025407,0.026731238430556758,0.9598400881349987,0.048988296682402455,2.1980143543000024,0.697894648474202,55177.0,0.0
train,pubmed,gassip_adapted,0.7,0.8514803601551095,0.006382568681236602,0.4139219962468935,0.0520565609879163,0.3180510839235888,0.0775674551225504,0.19886837728160517,0.10161081654382859,1.3151368018743268,0.20143315428619327,0.4910695464520772,0.005352191678821045,0.11237278192052988,0.019922242700172725,0.947839144915886,0.060778353883934065,2.1801518289999846,0.4554085393382999,46311.0,0.0
train,pubmed,gassip_adapted,0.8,0.8516416800357419,0.004108383913214158,0.29359943196226607,0.034482621904695074,0.2098948272161408,0.06257023036474751,0.12083069889001874,0.07160373129266583,1.4842031801794895,0.33277073378147254,0.48234025958757576,0.002333103493689348,0.059416476560769725,0.0077077837791086025,0.9319845132525426,0.07241085898814928,1.8036025375000322,0.38573469507462366,37447.0,0.0
train,pubmed,gassip_adapted,0.9,0.8532605922607008,0.005548675718453343,0.15775726530405235,0.014915805615432784,0.10399227301996136,0.03558658562195313,0.051169553540303024,0.03572200497710006,1.8332503248483807,0.4909969298098134,0.47420762602406386,0.0022127829861244485,0.01968807232333667,0.002875118241888866,0.9031429219992105,0.08208026355397023,1.6324587706999325,0.4700479269856371,28581.0,0.0
train,pubmed,grp_deletion_only,0.1,0.8516167247455704,0.004940645888340038,0.9423238829436527,0.06480421890323558,0.8974565357372827,0.11759126617772807,0.8869009965615409,0.09147350188726576,1.0042639479570743,0.06762525401986619,0.6599811722141175,0.032528191414907655,0.5419616354152585,0.05549919575579071,1.0028952341865445,0.017970636035335046,2.8548149916000796,0.6349132724260068,99501.0,0.0
train,pubmed,grp_deletion_only,0.2,0.8513031851816653,0.005941872471628536,0.8942435461784248,0.11038453585417439,0.8285147027259068,0.18569308039117455,0.7776710056955467,0.1512694107821177,1.0152743763213095,0.1371382203969889,0.6146321711710836,0.030951391484464706,0.4621476224018264,0.038981792729239996,1.0052052847097945,0.03376170216647557,2.628831721,0.41573380090311235,90635.0,0.0
train,pubmed,grp_deletion_only,0.3,0.8519996483910589,0.004483906903171148,0.8428868489121063,0.13659700351695353,0.7693925735136296,0.2187870484484601,0.682481980781247,0.1869049969419902,1.0260858000398998,0.20613501537281184,0.5738368719818663,0.0236056354695101,0.3704904653133353,0.03660996520875017,1.008509564140564,0.04789279879777242,2.6153159541999798,0.4504711908245594,81771.0,0.0
train,pubmed,grp_deletion_only,0.4,0.8517943621060514,0.003235594864373262,0.7802201146218999,0.14475396655867556,0.7086069972097017,0.23022272905572885,0.5909090893763433,0.20667771759505993,1.020779069079881,0.24809191834417726,0.5360030506225348,0.011209520785626863,0.28693858562662256,0.02588935377416023,1.01187034203321,0.06025475766091992,2.477586087499924,0.3581130585297061,72905.0,0.0
train,pubmed,grp_deletion_only,0.5,0.8509133529397529,0.003861701083051719,0.6968960795252828,0.13658148627992964,0.6444623309723116,0.23338805690534362,0.5027942836875934,0.2150787148218055,1.024113337161301,0.3196460604353836,0.5040359139853703,0.014844269121497404,0.20228402931790415,0.04867926634712633,1.0150154728602216,0.0742154522964168,2.3399938625000174,0.4752170081738597,64041.0,0.0
train,pubmed,grp_deletion_only,0.6,0.8503896754881112,0.006534281297585511,0.5806512146878328,0.10622572245709629,0.5710345567718395,0.22331880355972097,0.41154380978090516,0.21233945793534595,1.013356945020414,0.37380661810289373,0.48637150134794,0.021042300297293343,0.13560865682971854,0.0594464845746885,1.018893920200376,0.08579080580772822,2.175738762399965,0.46286747484608726,55177.0,0.0
train,pubmed,grp_deletion_only,0.7,0.8511525154107119,0.0063644465266773,0.42750418420652225,0.07120961206496255,0.47700150246834083,0.19583641734097001,0.3276583630393335,0.20300908940195775,1.0168930519615882,0.4437890014798398,0.4807828574576816,0.01956321774601795,0.08860321796955598,0.053972607145347296,1.0223557224397566,0.09609514605501517,2.173371983299893,0.2708841139606844,46311.0,0.0
train,pubmed,grp_deletion_only,0.8,0.8504093112700655,0.004283483247782091,0.25490186133793175,0.08576355079410114,0.3578450311225585,0.14848402357291593,0.24394360791446418,0.1794547767585792,1.03678285034321,0.5396681347940391,0.480339316582236,0.01176656415054346,0.04315863748913601,0.028945313687061894,1.0263564952910535,0.10398786883947882,2.079400824999982,0.3957862422463904,37447.0,0.0
train,pubmed,grp_deletion_only,0.9,0.8516129686932548,0.005116529029738433,0.10552315260942333,0.06365163880917164,0.20141661300708305,0.07710269200949103,0.1448666072863904,0.13212227589533826,1.1805096870652552,0.7082498005658852,0.47529199581802867,0.003958157270100605,0.011169524277771972,0.007190937787506666,1.0233044662710153,0.10974349936585395,1.7022451999999362,0.29306272722827803,28581.0,0.0
train,pubmed,grp_proxies_only,0.1,0.8517882272585672,0.004940513343000942,0.9238829436526854,0.06348522799092947,0.8666344709165056,0.11460628610553125,0.8923757721194729,0.10269745001551846,1.0179576441314429,0.07038146740726674,0.645942564657837,0.028686059141337223,0.5333251899108409,0.0529340532324647,0.9987650078822421,0.017145702630707756,2.9536242417000778,0.35357493030032205,99501.0,0.0
train,pubmed,grp_proxies_only,0.2,0.8520698671244078,0.004991107854225621,0.8616118070700411,0.10961430891988312,0.7764327108821636,0.1823591494156472,0.7880642285791961,0.1642950521783194,1.0391144730940405,0.13783823903138528,0.6049461814364856,0.031400314535010625,0.447018060001637,0.0643006571633221,0.9985457471715335,0.0327162360914032,2.7450031207999643,0.35226041963509375,90635.0,0.0
train,pubmed,grp_proxies_only,0.3,0.8518080551292894,0.005461381069211935,0.805573870264239,0.1369205612045113,0.7103777634685555,0.21813883784104474,0.6977241099615868,0.19801949503974234,1.0541973017826867,0.19543187020235353,0.5653150612147504,0.023219780441115424,0.3541107032298106,0.030327943012884113,1.0005517250725406,0.04709758712562244,2.618868054200044,0.44020391391901614,81771.0,0.0
train,pubmed,grp_proxies_only,0.4,0.8508928384447584,0.002331804977791595,0.7423999594258761,0.15073910910018276,0.6478536166559348,0.23543915381210892,0.6138449851317449,0.20888341041470945,1.0608467203108973,0.2499115012837554,0.5330364023634299,0.012203760461153363,0.27428408457913755,0.03127833682899711,1.0021101874546785,0.06196411629909516,2.7587554540000383,0.6888202356524963,72905.0,0.0
train,pubmed,grp_proxies_only,0.5,0.8515483798504168,0.0034991050590624886,0.663300704975402,0.14635934971399286,0.5872504829362524,0.24131880835304217,0.5293336691289315,0.2080312681030662,1.068260185128267,0.31599739701782587,0.505802783763281,0.015594595580530043,0.20143429033596374,0.04687140971472985,1.0033538739204375,0.07773962001077091,2.201653270799949,0.45814358703407954,64041.0,0.0
train,pubmed,grp_proxies_only,0.6,0.849726843295181,0.005458681427614566,0.560425013947355,0.11974361434011321,0.517138871002361,0.2310503440271833,0.4362624846440859,0.20252077508231497,1.103003484399128,0.40920818526357683,0.4865797964674372,0.02390968229683521,0.13744612141859114,0.05689146086498682,1.0028120689398006,0.09206939325137292,2.401385370800017,0.446199560061625,55177.0,0.0
train,pubmed,grp_proxies_only,0.7,0.8511460314735919,0.004808870363826666,0.4142212304103058,0.08288991003851434,0.42913715389568574,0.2005881718211272,0.3392590710633582,0.19139639751081572,1.1369084434654422,0.5140195864440829,0.4810148240882552,0.020194506801176543,0.08735591501546439,0.04769026024153079,1.0054586483483197,0.10156123140498277,2.218829441800074,0.32120512633930093,46311.0,0.0
train,pubmed,grp_proxies_only,0.8,0.8500181042274401,0.005837836492128326,0.24717249074402797,0.08888552012719865,0.3185554840094441,0.14978602674341374,0.2421292192480363,0.1757358245905052,1.171947942785126,0.6009162270884431,0.4798766015994511,0.010773082132171152,0.04501122683488029,0.02764317623387722,1.0074607527525525,0.10660044430226864,2.0791209500001004,0.5125198601083719,37447.0,0.0
train,pubmed,grp_proxies_only,0.9,0.8522536943674688,0.005177730296227764,0.10554343967134958,0.06635181437273947,0.18081133290405665,0.08414769911333785,0.13958781099207943,0.13319568728638126,1.2558255488288532,0.7054070378490859,0.475015390743238,0.00420031526394055,0.01119140601934164,0.006451400433903205,1.0034127297526376,0.11124723968495721,1.6264751707000413,0.23842183632489275,28581.0,0.0
train,pubmed,grp_task_plus_proxies,0.1,0.85150533030579,0.004446845736534946,0.9113810417406298,0.06786456872025606,0.8416076411247049,0.12435977332293086,0.8734858998710882,0.12014885892741181,1.0334106383870538,0.07860469084939414,0.6449372636623171,0.02293898763913342,0.5134394549202197,0.06319332890830191,0.9958482949734471,0.01894300293676273,2.8993212083999707,0.7238962960653044,99501.0,0.0
train,pubmed,grp_task_plus_proxies,0.2,0.8530990815069754,0.003791789121520783,0.8475934472789979,0.11549048378405198,0.7515239321742863,0.19403841656033363,0.7704829920588623,0.17731598737219803,1.0622027019169378,0.15448476977159326,0.59905703955158,0.027414735436780958,0.43600985827457545,0.05778339522835791,0.9957719169444591,0.035590249598929036,3.3429856624999728,1.9831896984578739,90635.0,0.0
train,pubmed,grp_task_plus_proxies,0.3,0.8525353831769159,0.004388712264043964,0.7846173352944159,0.15010594633160756,0.6776239536381198,0.24047159190328263,0.6740485505338089,0.1958144562943955,1.083952169314879,0.22751193253313173,0.5639143103864006,0.019469329985522574,0.35511560513564794,0.04103284275338002,0.9956415776330539,0.05234154845299714,2.7101688542998716,0.4658358907606073,81771.0,0.0
train,pubmed,grp_task_plus_proxies,0.4,0.8519016450627417,0.001967277345221395,0.7141907998174164,0.1747072292934724,0.6086713887100237,0.2729636814353681,0.5783348069459427,0.2060800112943639,1.1118519610450037,0.310737752011721,0.5293520098833204,0.015028127567923235,0.26087023561973455,0.028146347644629484,0.993971949447296,0.07007429104542547,2.285246416500024,0.39569237579772154,72905.0,0.0
train,pubmed,grp_task_plus_proxies,0.5,0.8517096811144083,0.003708175724646742,0.6333975756960999,0.17655930612607879,0.5439364670530156,0.2835402871693176,0.4831584258551024,0.20620595599117414,1.1481036602962926,0.4134673700372349,0.50533726029548,0.014749868575252666,0.19300026088914127,0.03596263740161637,0.9924932558919085,0.08811707736266565,2.1005043918000297,0.3207600940623984,64041.0,0.0
train,pubmed,grp_task_plus_proxies,0.6,0.8504062152881501,0.00584288441069709,0.5342699193589289,0.14644786192014328,0.47688345138441723,0.27031470748685676,0.3919205957718737,0.19468675494685397,1.1780463295746417,0.5007238133548557,0.48852229328097946,0.016117212448300305,0.1329854879685243,0.047097955543955614,0.9907652881307356,0.10407571353472854,2.201939320799994,0.21571366430165936,55177.0,0.0
train,pubmed,grp_task_plus_proxies,0.7,0.8510907436927129,0.006287622853372043,0.4083024800933205,0.10352896224186527,0.3955247907276239,0.23638422303509585,0.30688456109549417,0.177427408389103,1.2418411414254373,0.6513921312507214,0.47724637912753803,0.016321156936075814,0.07494293227288329,0.0376912741556533,0.9919703175539277,0.1177154417042035,2.1616417958000342,0.3335639496614416,46311.0,0.0
train,pubmed,grp_task_plus_proxies,0.8,0.8508659774985945,0.005672395438521517,0.25406502003347364,0.08844400335112713,0.29920583816269586,0.18006908349228898,0.21359843161183817,0.13572913352268212,1.305881193933585,0.7941254912301609,0.475631983139424,0.012258161924494203,0.03936486199731659,0.02592326656269297,0.9946326684789044,0.1254190769646221,1.9005025039998997,0.4017238138047639,37447.0,0.0
train,pubmed,grp_task_plus_proxies,0.9,0.8522685179466377,0.004622678885544752,0.09631789826038444,0.05892128238221045,0.17230092294483795,0.10318499963889043,0.10560121353313834,0.07626588295853157,1.4193112675695336,0.9628054031947006,0.47441272020976133,0.004462674694730512,0.01083749603383714,0.007696807590115746,0.9974346127182272,0.13505068094573183,1.6764935500999285,0.2514301355807547,28581.0,0.0
train,pubmed,loo_comm,0.1,0.8514564621115719,0.004556061246773135,0.945473449307704,0.06230040620403568,0.9026507834299207,0.1134013591252198,0.8911240335969897,0.0868521966423679,1.001136585878307,0.06633885058487526,0.6630078241016018,0.031103108356839312,0.5316648950122834,0.06184016264112685,1.0039703968004021,0.017732029693372495,2.9257713288998786,0.4563005667039203,99501.0,0.0
train,pubmed,loo_comm,0.2,0.8518502552592,0.0048587181299812035,0.8989704316072424,0.10832048646999826,0.8348679974243399,0.18183426318637178,0.7838411915437474,0.14533718589647562,1.0077429599688679,0.1348146836332155,0.6192701973851028,0.021482304708630773,0.48182836771230947,0.026439646718519588,1.0067611908765826,0.03341567226342047,2.435966416400009,0.4001381869129677,90635.0,0.0
train,pubmed,loo_comm,0.3,0.852166251974578,0.004363089351478306,0.8510523913374245,0.13634981123438067,0.7801674179008371,0.21828124259460813,0.6885952694238802,0.18079411176878443,1.0160444729985236,0.20287651476464622,0.5735747076992124,0.023741922630089334,0.37393178324617016,0.027143478802064278,1.010517316307407,0.047428571851313925,2.854571799799962,0.8617695788389409,81771.0,0.0
train,pubmed,loo_comm,0.4,0.8519200538627496,0.0038343509956317145,0.7891514936349343,0.14457898378433778,0.720133075767332,0.23401609753987382,0.5980781372778388,0.19875400587853023,1.0085603811886712,0.24499964134821484,0.5356260585143344,0.014976151302351482,0.28380525264717205,0.04479303971313058,1.0142268982939637,0.059608461758210336,2.4675716625000446,0.6756189349912342,72905.0,0.0
train,pubmed,loo_comm,0.5,0.8507977255176961,0.0037378332456134136,0.7034285134655374,0.135838761810881,0.6526293195964799,0.23433115952412795,0.5074851421910409,0.20800879163499816,1.0047872170946284,0.3093199877212834,0.5044813901983174,0.014766280015257142,0.1981943250667592,0.05126121783768271,1.0175665642286895,0.07322956425579255,2.5546228039999574,0.7177620423289184,64041.0,0.0
train,pubmed,loo_comm,0.6,0.8505946526353373,0.006127739329790296,0.5851803012628696,0.10539528394813526,0.5783751878085426,0.22380582045751177,0.41529902534835517,0.20620668733239464,0.9925134631934075,0.3641471823663858,0.48743164808776546,0.021470397471827888,0.13638058834294883,0.06149333088965082,1.0221165142527127,0.08469726597967606,2.599894045900089,0.8586969510148823,55177.0,0.0
train,pubmed,loo_comm,0.7,0.850553745359394,0.006348294616517782,0.42666227113658267,0.0695484035410558,0.48442798883880667,0.19697716772747467,0.3290555055316003,0.19732824868274595,0.9917424696143693,0.43463343822272293,0.4803840739978532,0.020021424360767093,0.08881355757600402,0.057372295668666765,1.0256349717285156,0.09537471068938252,2.2440004623999754,0.6800553532193083,46311.0,0.0
train,pubmed,loo_comm,0.8,0.8506722454085931,0.00434782071219957,0.2509205254349039,0.0853585687769148,0.3642627173213136,0.15039238377041844,0.24534707231846062,0.17420350580988353,1.0148555784670386,0.5388411533061428,0.48002989185720824,0.01191936259645186,0.04228067755805903,0.028572425468573744,1.029665508689525,0.1035967319279964,2.03758439580004,0.32285173934316486,37447.0,0.0
train,pubmed,loo_comm,0.9,0.8513672247940163,0.005120106698071243,0.10567023380838869,0.06232572365904146,0.20379909851899553,0.07725469473074102,0.14628903742557597,0.12994704554005726,1.1517845099515902,0.6730582280324344,0.4754683338352318,0.0037371162989331273,0.010967051691763178,0.007216685117013136,1.0258585482382825,0.10898808807364792,1.9768914250000265,0.4537146384102067,28581.0,0.0
train,pubmed,loo_conn,0.1,0.8509290572386842,0.004478526123120527,0.922528782269108,0.06558871687534738,0.8619231594762825,0.12015498138463121,0.884821087602465,0.10175818390195929,1.0226272543198207,0.07234381449228663,0.6523674789738488,0.03671077832813228,0.5209067792675235,0.07545201862019427,0.9988848616033008,0.018273055285018967,3.376817241699959,0.8022170863218906,99501.0,0.0
train,pubmed,loo_conn,0.2,0.8523628324445163,0.003934604059612041,0.8662524724856724,0.11028846963561295,0.7806288903198111,0.185825109841468,0.7748703987992835,0.16052211403067695,1.0398742715243239,0.1430261949379297,0.6059137366884696,0.023039797008847354,0.44953126544688776,0.04136811852926331,1.0004877623149075,0.03420949613669424,2.6748042207000013,0.4273036791393305,90635.0,0.0
train,pubmed,loo_conn,0.3,0.8517454807602945,0.00483053204577465,0.8099355885783842,0.13849675138212228,0.7152929813264649,0.22182334162467338,0.6704513827596017,0.19043039745458057,1.0523703674243348,0.2011429464658771,0.5703924753458205,0.018923914976197033,0.3731310614527967,0.03293479138956894,1.0025029273170554,0.04809604156450165,2.4199443375999636,0.6611833980799212,81771.0,0.0
train,pubmed,loo_conn,0.4,0.8524605010515989,0.0025782554233578607,0.7504488512451184,0.15121692582127186,0.6608499678042499,0.23826118314953362,0.5749905156409243,0.20755551532820554,1.0581299079915352,0.24803885094457753,0.5323114768719734,0.01414715739263181,0.27418531093424514,0.03687587313742822,1.0049588733747536,0.06061536716686744,2.4400179125999757,0.5473647596997735,72905.0,0.0
train,pubmed,loo_conn,0.5,0.8519518608264848,0.0031412188859935705,0.6742354313536543,0.14834250874578808,0.6016956428418115,0.2448745085665636,0.47988999749084044,0.21139955118875275,1.0501504380878581,0.3013874066666711,0.5080568084140806,0.017023569914806032,0.20810391624550945,0.0585712698193266,1.007502023834451,0.07560642370583093,2.471378583400022,0.3518543305189389,64041.0,0.0
train,pubmed,loo_conn,0.6,0.8502869071967805,0.0052433630667647595,0.5706192625652989,0.12022172504907967,0.532732345996995,0.23363382426279047,0.38293083729222077,0.20766807159391315,1.0720661598839176,0.384687850556043,0.48796560811907214,0.022165847657649944,0.13633879482561234,0.0577673735992119,1.0081033703872215,0.08954249733943419,2.1041531418000092,0.23968414911885944,55177.0,0.0
train,pubmed,loo_conn,0.7,0.8507611518111371,0.00457756191512791,0.4271643759192575,0.0851613148799187,0.4447950203906418,0.20679693554122358,0.297370083942275,0.1881820546178088,1.0844688279716128,0.47066742781099036,0.47695420077860023,0.017557509050518685,0.07734982054220377,0.04500936140607711,1.011420189502524,0.10064576142355972,1.9135476501999278,0.27063539616231963,46311.0,0.0
train,pubmed,loo_conn,0.8,0.8509409134596382,0.005477609117603679,0.2620124765430846,0.08997016995922255,0.33656364026615154,0.16068599973484168,0.2082627381119598,0.14807005089929656,1.10996315106711,0.5819741672812664,0.4770844352518925,0.011560160998131562,0.03954637202811216,0.025326149316086056,1.0189643896457758,0.10702807907040213,1.915069008300091,0.3986511064167984,37447.0,0.0
train,pubmed,loo_conn,0.9,0.8527069866035764,0.004444092811595524,0.0937363696302683,0.06410495248186265,0.1937432925520498,0.09583487528010956,0.1101403461550728,0.09070084651430746,1.2053714318826807,0.7643028570477337,0.4745839099508139,0.004328502729400324,0.009907862879606603,0.006532878045068132,1.019206108918928,0.11862929553012454,1.7982634918999623,0.4360691706932829,28581.0,0.0
train,pubmed,loo_group,0.1,0.8511712557383143,0.00509514923418763,0.9446923974235432,0.06170032991408405,0.9011697789225156,0.1130987258273633,0.8884056115532127,0.09360299449051956,1.0021839831634156,0.06575381010531169,0.6507805740556009,0.03265291361280642,0.5222055951933734,0.06157093731054595,1.003818235448381,0.017471456893031544,3.04609863339993,0.6021082512549889,99501.0,0.0
train,pubmed,loo_group,0.2,0.8517616278334355,0.004875381460553336,0.8988385657047218,0.10518517506381778,0.834342133505044,0.17596917890604763,0.7841256775715845,0.15207544654371438,1.0082570247306921,0.13200171533646246,0.6087116606797338,0.02428078500585039,0.451491691350975,0.04042735036960312,1.0076477890502429,0.03241022529111346,3.010638591599951,0.8947328737123437,90635.0,0.0
train,pubmed,loo_group,0.3,0.852914755323632,0.0042403129503630335,0.846812395394837,0.13116338891175153,0.7734921657007942,0.21063358819863232,0.6868188122278307,0.1876399667490493,1.0108202452431292,0.18893412838411752,0.5717141483335269,0.0218063286680886,0.3718132650594999,0.03750714557689437,1.011046485089478,0.04612710338652241,2.727989124999914,0.6329987054152787,81771.0,0.0
train,pubmed,loo_group,0.4,0.8517455058720268,0.004343422442622335,0.7830603032915758,0.14117082894961608,0.7103026400515132,0.22452174776375766,0.5942280930344431,0.20797364657887515,1.008394176443574,0.23363756217134202,0.5405459447642507,0.014677771228286963,0.2876354968792498,0.041074535308590475,1.0135009182553965,0.05867504596158646,2.5586236583999833,0.5346053359633716,72905.0,0.0
train,pubmed,loo_group,0.5,0.8506620486657296,0.004431713503793087,0.7007607648222346,0.1351925416446075,0.6453852758102597,0.23043203257968564,0.5033948653019161,0.21695409865767085,1.0100934568848463,0.3046083943528051,0.5049033966516876,0.01795310488328812,0.197572499637742,0.052983204137512285,1.0169258695916026,0.07225738439674306,2.231686650000006,0.4981602969499857,64041.0,0.0
train,pubmed,loo_group,0.6,0.8505610079179775,0.0061371587378273446,0.5868945579956383,0.10543522579743606,0.5724511697789225,0.22231736699310287,0.4125363499224702,0.21597057194243277,1.0062120617327612,0.36768298519310033,0.485179434904936,0.021221923415884254,0.13336033015234713,0.058519950225235415,1.020521666217833,0.08459640236478323,2.1807777458000146,0.6567461270231779,55177.0,0.0
train,pubmed,loo_group,0.7,0.8505165001113871,0.0059427668973592645,0.4297509763148552,0.07308897286123493,0.4789869070616012,0.19511150495050897,0.3310405858147304,0.20777257651925501,1.0066315247159203,0.43246232680744007,0.4790600376171468,0.018606742388560093,0.07916735883699852,0.04218600769555794,1.0247969055529251,0.09339141217732193,2.087281666599915,0.3076587806033373,46311.0,0.0
train,pubmed,loo_group,0.8,0.8498761544500351,0.004158460900977122,0.2502713394532637,0.0925728383844196,0.35966945696501396,0.14667926718410287,0.25075862875909555,0.18593535992762533,1.0252903070982202,0.511634980928993,0.47971253785220097,0.011282845568924744,0.04165627364037195,0.027126568436560167,1.0285411034729113,0.09922017479607279,2.0197616666999636,0.3813674140190653,37447.0,0.0
train,pubmed,loo_group,0.9,0.8506801533556427,0.004440129168352905,0.1072678399350814,0.063849223585465,0.20196394075981972,0.07827861412703586,0.15313566782885596,0.1374202853708342,1.1655462159130894,0.6462092121069447,0.47503336535762947,0.004168287181332596,0.010368377186276267,0.006173657912909,1.0254931047499167,0.10414394710490713,1.6793742628000075,0.37475601680195847,28581.0,0.0
train,pubmed,loo_repr,0.1,0.8522388556977767,0.004831392381718855,0.9386468529695187,0.06799587715700148,0.8901051727838591,0.1244609233265543,0.8807877079189076,0.10463781884059588,1.0113807399987278,0.07525030075492674,0.6589882048196294,0.03941804019383541,0.5387114720706521,0.06651184711543438,1.0018489378654636,0.019273635842766087,2.873448266800048,0.5314616374187261,99501.0,0.0
train,pubmed,loo_repr,0.2,0.8521938352824401,0.004870663748189821,0.8869959933052696,0.11463154792515598,0.8157973814123203,0.19354200571835453,0.7711341489670228,0.16335431934882794,1.028312401661862,0.1488702861747554,0.6097752992174363,0.02414363561349969,0.45598389802686423,0.036522907710453606,1.0036425138852303,0.03531581902184675,2.8277283626999377,0.40222572971147,90635.0,0.0
train,pubmed,loo_repr,0.3,0.8530983697986481,0.004012994711702482,0.8332809250900238,0.14034211574225092,0.7553015668598412,0.2247628262904885,0.6752244261155356,0.1961252772247933,1.0362297185963283,0.21299642684033124,0.5721778970729641,0.024592724497605144,0.36690939094842395,0.02360379709629144,1.0066883627311944,0.04905666532521943,2.5394056876000177,0.6484961273387806,81771.0,0.0
train,pubmed,loo_repr,0.4,0.8523654842001134,0.0034793566673789037,0.7717502662676877,0.14836777455610653,0.6956535737282679,0.23529126058059657,0.5865659360180301,0.21199407379832746,1.0366166981073066,0.26027038706018263,0.5385616657748271,0.012760917257665254,0.2916094986367796,0.03124745919793734,1.00994973713056,0.0607563017360785,2.54353107919986,0.711949683860197,72905.0,0.0
train,pubmed,loo_repr,0.5,0.8518431207653849,0.0038172053200438197,0.691738094030532,0.13941164507206272,0.6338699291693496,0.23742109616523763,0.49970286885176324,0.21882498292851044,1.0376710684580697,0.3332596610137656,0.5072803841777398,0.016619245278680535,0.20317459628759207,0.05156321253037795,1.014082533508978,0.07427970327941791,2.342278016600022,0.42194662820657586,64041.0,0.0
train,pubmed,loo_repr,0.6,0.8504235483777285,0.006261275287002532,0.5776740883501547,0.10761488564245839,0.5619982828933248,0.2266851523687434,0.4088949287661551,0.21342907879889578,1.01701317019102,0.37457986201629584,0.48626572641679644,0.019611298037978658,0.13209656521181995,0.055007852002574575,1.0176224077083627,0.08624788631868602,2.0497624123999856,0.35981267907236186,55177.0,0.0
train,pubmed,loo_repr,0.7,0.8508235371885551,0.0061452004387725695,0.4280925090023837,0.07249678731749953,0.470197467267654,0.1986002786552882,0.3287394099451145,0.2018497129546802,1.0278484579748945,0.4539442740374444,0.4811008347591456,0.018177708787487017,0.09006279988125955,0.053431799316987307,1.0212375108253882,0.0964796743774405,1.837567608400039,0.29455337226480954,46311.0,0.0
train,pubmed,loo_repr,0.8,0.8515362508252752,0.004934140033780455,0.25182329969062234,0.08371314479440031,0.3538849538527581,0.14990592403045896,0.24591604437413483,0.17919405102247238,1.0568139541095096,0.5565016320543671,0.4788607517057433,0.01231923940793738,0.04441253922963231,0.03055827132087636,1.0246774908518679,0.10347373650152822,1.9714868833999617,0.17721552629474682,37447.0,0.0
train,pubmed,loo_repr,0.9,0.8513290704856862,0.004419690522330282,0.10687224222751941,0.06528918285241558,0.1985297274093153,0.07993457805254486,0.14831837109081408,0.13151309557937643,1.1591615852490371,0.6815509233846158,0.47541481958739074,0.00387831892107083,0.011195703350032227,0.006988319094505379,1.023513785280145,0.1080645643230072,1.7461022959000558,0.32671510329785464,28581.0,0.0
train,pubmed,loo_spec,0.1,0.851579678500775,0.004556089264682048,0.9367500126794137,0.06768543113712971,0.8876904915217858,0.1235751538237564,0.8786888332246428,0.1046085037789628,1.0120994102389522,0.07333301379762333,0.649595081863845,0.03608263411267201,0.5212305319380006,0.06897372758034248,1.001380616996728,0.018930675411239408,2.61303131229989,0.4918155900677972,99501.0,0.0
train,pubmed,loo_spec,0.2,0.8521978162640165,0.004933879809046672,0.883405183344322,0.11234281087425897,0.8110753380553767,0.18911435438368024,0.767619166045302,0.16616729869165045,1.0301490755624072,0.14678691829271542,0.6112334614242908,0.024468493498337934,0.45545195346077144,0.038977038394691466,1.0028311143931885,0.03514026263917741,2.556614391699958,0.565762147364224,90635.0,0.0
train,pubmed,loo_spec,0.3,0.8530226262493887,0.0041182362751934634,0.8274737536136328,0.13757614253881584,0.7468018888173428,0.222199330491334,0.6691364251198213,0.20257840361596796,1.040322187532693,0.20831832296086406,0.5687497707963292,0.021951392531715307,0.3601422315444973,0.04406307993462585,1.0052421221272179,0.048689522116786545,2.656913383299977,0.33455658101550456,81771.0,0.0
train,pubmed,loo_spec,0.4,0.8526545587717995,0.003494627177010611,0.7661206065831516,0.1467049625044264,0.688355870358446,0.23429951372350333,0.5812934616354488,0.22020560651901655,1.040128796935122,0.25611577402464586,0.5366810382392179,0.014463349304895255,0.28276181248419163,0.029246158929192873,1.0084376190860709,0.06116509317441803,2.663081883500027,0.4815146756876753,72905.0,0.0
train,pubmed,loo_spec,0.5,0.8517960746448484,0.004145599272838403,0.6877719734239489,0.13898645578346186,0.6260141661300709,0.2375396670557475,0.4964597281344202,0.22603903619085058,1.0512561925816395,0.33774074758715705,0.507135973826047,0.01453485824604472,0.20371285620821328,0.05505668852655409,1.011604154934212,0.07495309370646831,2.108198858299937,0.4215522364814907,64041.0,0.0
train,pubmed,loo_spec,0.6,0.8513021630449531,0.007010585031455464,0.576634376426434,0.1100664990836693,0.5538312942691566,0.22788430039882795,0.40854090170929114,0.2225471191533316,1.0429089666796847,0.39355139410321355,0.48799545628582,0.01948941178102703,0.13652829163649144,0.054949038626009,1.0140563421920405,0.08811852202006329,1.9872004500998912,0.4564566697148154,55177.0,0.0
train,pubmed,loo_spec,0.7,0.850774911783321,0.005848713471324221,0.4279048536795658,0.07274465366994348,0.4614509551405881,0.20041663349444627,0.32844228009381804,0.2118542266578698,1.0564555431854898,0.47141051972492526,0.4801055850359074,0.01756366536957178,0.08462871943252137,0.04700585362714928,1.0170160709352138,0.09854688637108368,2.2924728251999738,0.6605392695894231,46311.0,0.0
train,pubmed,loo_spec,0.8,0.8498501959228651,0.004478442354093856,0.2522036821017396,0.08425771973937948,0.3480145954067396,0.1513268233302086,0.2464913383415388,0.18879237525724232,1.0870140960326125,0.5665477114113648,0.47997252681812064,0.010262781970181016,0.04381036899315421,0.028145540434190156,1.0207813526362917,0.10424321580768987,2.267991254200015,0.5031738517329054,37447.0,0.0
train,pubmed,loo_spec,0.9,0.8509279860197099,0.004376550188259635,0.10760764822234621,0.06438335017686074,0.19728482506975747,0.07968043328833425,0.14806549462162555,0.1368847052220299,1.2271018661990882,0.7017455679183919,0.47507441428767816,0.003661424680413636,0.010806137230738339,0.0062412624581111645,1.0201592552722518,0.10707266499286057,1.8132116456999625,0.5417254587316807,28581.0,0.0
train,pubmed,loo_task,0.1,0.8514487510222022,0.005537915629452381,0.9499518182279252,0.06314598009431605,0.91183730414252,0.11600457092421738,0.9031988850007429,0.0970974426102786,0.9932992126805136,0.06850854503185588,0.6672987459460853,0.03089714854745905,0.5531433863073949,0.05692914641311223,1.0055747595195341,0.01746233614454467,2.856786412499992,0.5570104741082853,99501.0,0.0
train,pubmed,loo_task,0.2,0.8520101605333744,0.004929851272731115,0.910031952122534,0.1049743381196715,0.8545288688559778,0.17278603111912866,0.8077633055289842,0.15660764650165168,0.9935171997534986,0.13384882587014113,0.6214766841671251,0.029352972764355854,0.47547306263403366,0.03816701796280699,1.0109034214762525,0.031961805774597105,2.7062224998000004,0.3893071481040927,90635.0,0.0
train,pubmed,loo_task,0.3,0.8524886543653215,0.004957111119079698,0.8638788862403002,0.130689505235431,0.8022322386778278,0.20456298112033894,0.7223922095309299,0.19146518202712504,0.9894770340512904,0.18767625176064887,0.5748579653597841,0.019996308707620206,0.37358564523260895,0.027324740386448113,1.0160283312319456,0.04496611153858402,2.3250851496999867,0.33564443188434484,81771.0,0.0
train,pubmed,loo_task,0.4,0.8515335118548819,0.004372744085484461,0.8028756910280469,0.1380378457377758,0.7388924661944622,0.21306200154006671,0.6398217204291387,0.21004281301397085,0.9771716803809205,0.223345410768357,0.5378864895529365,0.0093554305828939,0.2970994328344102,0.05368958670588864,1.020430115024947,0.055555498602023246,2.273492045999967,0.4783003239349584,72905.0,0.0
train,pubmed,loo_task,0.5,0.8509811957171939,0.0047944061904867455,0.7182634274991124,0.12706409360963583,0.6731809401159047,0.21399624961007394,0.5524529003244947,0.21683668400482262,0.9660516156352703,0.2781858305668634,0.5023624315045456,0.015437883283589563,0.1980871318439474,0.051144036224828326,1.0255195213626191,0.06646621762405161,2.4387663334000003,0.2574592254432164,64041.0,0.0
train,pubmed,loo_task,0.6,0.84928708619123,0.00666745015865536,0.5991225845716894,0.10085216521169674,0.5930135222150676,0.20438246609274144,0.4632001505243961,0.2154047762269199,0.9398306558647237,0.3102478674668448,0.4841888653067805,0.020945901568700714,0.13321673729417205,0.053540584833620605,1.0301485390059208,0.07691904871979555,2.0268538791999964,0.3352818164191834,55177.0,0.0
train,pubmed,loo_task,0.7,0.8491892229188812,0.006756845979384977,0.4307095399908708,0.07151105818242214,0.49440867138871003,0.18200002191546624,0.3768175486495876,0.20798746964233056,0.9322227854885077,0.3704089186967289,0.4799234187917308,0.01717501135422172,0.08193386570058703,0.04375612135024947,1.0339111705193456,0.08571652991903764,1.9928657458999262,0.5767147780758451,46311.0,0.0
train,pubmed,loo_task,0.8,0.8478407657066086,0.005168476551453186,0.2451488563168839,0.0855131285443843,0.3688452457608929,0.1394666195066829,0.2877291685544615,0.19854653108384543,0.9487720330892294,0.4489618318009085,0.4803895889363609,0.009417341598638477,0.040067988833842,0.025879543198162464,1.0321509891193181,0.09451909469341042,1.9393273417000594,0.44542368831233,37447.0,0.0
train,pubmed,loo_task,0.9,0.8505682896987572,0.0047876312615010045,0.10966171324237968,0.061361286596588696,0.20315518351577594,0.07504638029911252,0.18257681075413285,0.1569013783675242,1.0814539186670042,0.5750848952018127,0.47541164105500255,0.0038840376624194803,0.010669474626024333,0.005783076537614055,1.012861105452937,0.10664718705289795,1.7776751165999065,0.3305480171968222,28581.0,0.0
train,pubmed,mog_adapted,0.1,0.8525673298854045,0.005587444834815665,0.9166810366688644,0.06131982277514915,0.8721828718609144,0.14224095718377006,0.8257428224882901,0.1368225747861415,1.0118139176691916,0.06642063907183414,0.6289483140744393,0.017783903267768453,0.4910002324455963,0.04128321613576335,0.9931217501769283,0.014070370579600474,2.5852676041999048,0.4942579592768569,99501.0,0.0
train,pubmed,mog_adapted,0.2,0.8527339908925524,0.00562063973034617,0.8409494344981487,0.08795613174325334,0.7923159476282464,0.2048947840680337,0.6971614598176423,0.21461470829869755,1.0182293685970418,0.1221597363881885,0.5868236779710736,0.021200048746836515,0.4333365285451241,0.059260681386564366,0.988474480894506,0.02521297054212943,2.7177556832000023,0.4547204745881664,90635.0,0.0
train,pubmed,mog_adapted,0.3,0.8532036268487149,0.006412379858130603,0.758913627833849,0.09805967717985216,0.7227194676969307,0.2344470227577323,0.5909975961405595,0.2527471112125309,1.031224468657698,0.18415847249729395,0.5552440148257763,0.018731745112356035,0.36162248364186905,0.04987695384427247,0.9833288292300312,0.03570066368230417,2.8967942708000294,0.6569594070507647,81771.0,0.0
train,pubmed,mog_adapted,0.4,0.8515885082289534,0.00713606422182533,0.6695339047522443,0.09643645448661707,0.6535629963511483,0.24546549887846725,0.5023517498665133,0.26229780103173783,1.054797041087152,0.2626054080582039,0.5293826280171468,0.012398566783960572,0.2855127085186717,0.04596098604503389,0.976633914531817,0.04663653001540839,2.4517417458000095,0.5637065763015645,72905.0,0.0
train,pubmed,mog_adapted,0.5,0.8514875121326322,0.00620545323649928,0.5742760054775067,0.09153456558313758,0.5797596050654648,0.24294155511981216,0.4188582616521839,0.2546644267329965,1.0873751895195345,0.36522484260506155,0.5176666080760707,0.009757480042800245,0.22201164013079772,0.04169622042884728,0.9673512101100888,0.06237439285663214,2.251571171000015,0.21384461739591396,64041.0,0.0
train,pubmed,mog_adapted,0.6,0.8531432818062333,0.00644459272075568,0.46882892935030684,0.0828494981233839,0.4983258209916291,0.23084394276313855,0.33885446871265656,0.23102108556878376,1.111709090281129,0.4587126377162175,0.5008848484255238,0.0076790198001595615,0.1548479668510025,0.034687266287665025,0.95555296058824,0.08722319626573169,1.9518332039001023,0.2771105812651572,55177.0,0.0
train,pubmed,mog_adapted,0.7,0.8530487869202672,0.005396347926659574,0.3558654967794289,0.06638316626318257,0.4052801030264005,0.20598997247517123,0.2550132753531929,0.19299712411821757,1.1700516571418866,0.5570112396298462,0.4923577967916993,0.007009453811465697,0.09693547287557813,0.027795646806663948,0.9383948642021777,0.12600616090600886,2.050425050100017,0.7004065394150549,46311.0,0.0
train,pubmed,mog_adapted,0.8,0.8534034179700811,0.004266801144244932,0.234361211137597,0.04877977676786091,0.2995814552479073,0.16669481858229604,0.16832722171535808,0.14181826595487992,1.2860210987254939,0.7931635938686177,0.4835866069268279,0.005018133453405244,0.046845099019743944,0.01706265222408968,0.9192388632171544,0.1747343158657312,1.7876598292000523,0.4588696831448457,37447.0,0.0
train,pubmed,mog_adapted,0.9,0.8548908853260333,0.004592560404083649,0.10113607546787036,0.04814663328157619,0.17423266795449668,0.10713433858732263,0.08359463880200481,0.08134076288887483,1.5609879213675815,1.2754222232118633,0.47611850816022655,0.0028591016386665764,0.01421747826519652,0.005496077166046615,0.9025844140264254,0.21021592406913372,1.6919799166000018,0.3417258234778635,28581.0,0.0
train,pubmed,neuralsparse,0.1,0.8511016782318773,0.005777341739634094,0.9339402546026271,0.008858659510411232,0.9072118480360591,0.012731107347959712,0.7601024129986723,0.06716485060083302,1.0294684368712674,0.010497245446953735,0.6463309215045546,0.014262323906462903,0.5358787916621081,0.04583781079193616,0.9892408207867855,0.005147080282013002,2.9294031627000208,0.8714154183799325,99501.0,0.0
train,pubmed,neuralsparse,0.2,0.8524992595071554,0.005690179170118641,0.8572399452249329,0.016178990182239512,0.8082421120412105,0.023900674336334943,0.5932481967163376,0.09069181389054082,1.0620629571899038,0.01636135581753411,0.5923508079360681,0.011083058219807169,0.44814009246080905,0.036671042620324834,0.9799860709812929,0.009250642567440992,2.3855225041999986,0.3969692698665841,90635.0,0.0
train,pubmed,neuralsparse,0.3,0.8531287838656609,0.004992905629060904,0.7726226099305168,0.02264169263621595,0.7024468770122343,0.03194304328400462,0.4584903262857594,0.09459399810753509,1.0974963700340967,0.02878443415201561,0.5583578292488692,0.010646969262984774,0.3717998277523543,0.027427380432060604,0.9706596946423829,0.014422459362714897,2.2312667042000043,0.39157927292640776,81771.0,0.0
train,pubmed,neuralsparse,0.4,0.8533996512523437,0.004300304851273204,0.6830805903535021,0.027826306523818945,0.5953530800600987,0.03767173689879734,0.34731950851874327,0.09189843119523174,1.140623654029316,0.03949855081711975,0.5373120082716828,0.006535063434361854,0.31128901785042595,0.029821810252909305,0.9596144971130448,0.020798447441931406,2.3415926208000313,0.5989457465034952,72905.0,0.0
train,pubmed,neuralsparse,0.5,0.8533151859047636,0.005019842582047546,0.5902774255718416,0.029411733640955423,0.4880446447735565,0.039594105486893225,0.25324314006887305,0.07746719632175071,1.2042791571630331,0.05331204253306719,0.5194862270584307,0.005043059321936985,0.24092394156935856,0.01724150816212644,0.9471777900799827,0.028212236547449962,2.225445900200005,0.2601704520247144,64041.0,0.0
train,pubmed,neuralsparse,0.6,0.8538776228487004,0.005360298381642808,0.49340670487396665,0.029356895171261298,0.3821957501609788,0.03857032388818012,0.17289796389594111,0.06273995104330733,1.282439460315929,0.06190124321414622,0.5038027567774199,0.0030159495544415066,0.17260923153221253,0.018123461256272556,0.9327796792686254,0.03637118504110717,1.8278367542000324,0.24514311558440033,55177.0,0.0
train,pubmed,neuralsparse,0.7,0.8538924304100389,0.0040612959778536725,0.39136785515037786,0.023853253497066726,0.27838591972526294,0.032847263136951396,0.10804147146080785,0.04398322396775776,1.3733543215842856,0.08956278544803412,0.4933665000931091,0.0021930770483224848,0.11284009003443682,0.007232897438123678,0.9174301374394906,0.04335120427349265,1.8846745836000196,0.31631391129918207,46311.0,0.0
train,pubmed,neuralsparse,0.8,0.854470268983666,0.003182781449909168,0.28097580767865293,0.01846351748450581,0.1778385919725263,0.02449743714886603,0.05815526600163671,0.027623634919331508,1.5719579380167272,0.13442321525399606,0.48346304734865564,0.002378541104473659,0.06392195195944608,0.010243555882996415,0.896644623557709,0.04989697767030327,1.7716986999000057,0.4025167430763374,37447.0,0.0
train,pubmed,neuralsparse,0.9,0.8547617921069243,0.003939307813104878,0.15391286706902674,0.00941601790565016,0.08439579308864563,0.0138113833682843,0.02041345297524567,0.011578113369344762,2.1864575188420443,0.26293325900929876,0.4751247243955502,0.001407470341390993,0.0222129709675118,0.003027358112652503,0.8533663028994326,0.04840462078988366,1.71290445839999,0.3968169315890636,28581.0,0.0
train,pubmed,nk_local_degree,0.1,0.8511619332175424,0.004480951259622873,0.9983770350458995,0.0,0.9995707233311869,0.0,0.9040270554373354,0.00015326924178193495,1.008505001977201,0.00026215325308319345,0.6542731083655122,0.006926162837935564,0.5235523136877869,0.01912687855410419,1.0003828359806806,4.6515671445513906e-05,2.439119029300065,0.3260651318213693,99501.0,0.0
train,pubmed,nk_local_degree,0.2,0.849324121785609,0.004567936162201483,0.9979712938073744,0.0,0.9995707233311869,0.0,0.8155898322503699,0.00045294780639043304,1.0053469853160464,0.0007530669571739809,0.6137539140141993,0.012761177457728893,0.44428235250445985,0.02460528849489468,1.005035861032102,0.00013219328088413725,2.963800029299972,0.7450045180212853,90635.0,0.0
train,pubmed,nk_local_degree,0.3,0.8480674942867562,0.004437470273561484,0.9973626819495867,0.0,0.9995707233311869,0.0,0.7229042843810366,0.00019416950259051606,0.9886868685469151,0.0003934318455781414,0.5904654199526499,0.007695655199685857,0.44612756214453386,0.01519682301338744,1.0112430401873858,7.982292121209075e-05,2.3574192663999725,0.45118880736001304,81771.0,0.0
train,pubmed,nk_local_degree,0.4,0.84575209576017,0.005179178981762264,0.9938631637673074,0.0,0.9994634041639838,0.0,0.6316348447391593,7.771352832953818e-05,0.9483361628930089,0.00012480751064817538,0.5577390516847511,0.0030599234126592947,0.38446686892945514,0.0198668569250876,1.0237795459707872,2.052445602060127e-05,2.535722991599988,0.6497684442121858,72905.0,0.0
train,pubmed,nk_local_degree,0.5,0.8467080713838477,0.004354137484686119,0.9763858599178373,0.0010687407871030048,0.9993560849967803,0.0,0.5437096964023007,0.0001865886421693699,0.8805669139189186,0.0004484820394404494,0.48909830754139233,0.0032948149141056415,0.18863579242349782,0.009879738397397158,1.0419921960024334,8.795564263147677e-05,2.2644045749999693,0.4332061096543573,64041.0,0.0
train,pubmed,nk_local_degree,0.6,0.8464064054787481,0.005471415890690326,0.2616270223664858,0.05502062913886753,0.902200042927667,0.0012025813838924722,0.44746491222913864,0.0016763334386788536,0.7900365180801507,0.0031783482696043923,0.47894112433029135,0.002129811127944507,0.07225073367803574,0.002038603228513912,1.0636722887104602,0.00046618982154146256,2.280008745799955,0.22916083957606836,55177.0,0.0
train,pubmed,nk_local_degree,0.7,0.8468043381125592,0.003955768093862442,0.08640766850940812,0.02203508204849717,0.6753702511268512,0.003329182102849036,0.33597167696390706,0.0025948433680074686,0.7956602753989265,0.010249177799745256,0.4806167610602034,0.0013495575258170973,0.03507600695446654,0.001392975092624497,1.062786267630705,0.001902462240329163,2.011229154200032,0.33193696895523656,46311.0,0.0
train,pubmed,nk_local_degree,0.8,0.847592878043254,0.002499547432516144,0.030369731703606028,0.0058117800080662255,0.44969950633183087,0.002871241815129305,0.22253129288592371,0.002895070528578325,0.8005335854839648,0.012966553069681952,0.47753197181540347,0.0011025617658460577,0.012747301461081013,0.0007599267999311952,1.0616599457144642,0.002244442129004271,1.837641608199982,0.2792439846073237,37447.0,0.0
train,pubmed,nk_local_degree,0.9,0.8501031569816073,0.002792772758504169,0.007161332859968556,0.001514525758595532,0.22475853187379266,0.0030773354048313772,0.11135415320717786,0.00256004035550945,0.8051114809477357,0.01773388856522736,0.472581291809899,0.00033841505873564515,0.0024306891933699244,0.0001892544601499581,1.060510747188326,0.0036702828332497803,1.7426522749999946,0.2494600502664736,28581.0,0.0
train,pubmed,nk_local_similarity,0.1,0.8508347434550736,0.005868292403708443,0.9934574225287822,0.0,0.9962438291478858,0.0,0.9081110104147305,8.559908947153949e-05,0.9205705239044996,0.00013928554081967372,0.6464790808097054,0.005243026225292251,0.5102864530440993,0.007070497747511832,1.0169985172292526,2.7617119549221668e-05,2.9908500166000067,0.6666396789774035,99501.0,0.0
train,pubmed,nk_local_similarity,0.2,0.851335511844713,0.005449153854027104,0.9800578181264898,0.0001283066454397019,0.9945267224726336,0.0,0.8187002128213889,0.00022852348255683174,0.8258080324559929,0.0003568072614990074,0.618227058340244,0.007407346712603813,0.43470853574918233,0.012603698598097486,1.0381501323778817,6.014249476395913e-05,2.4493769250000126,0.5003716248352856,90635.0,0.0
train,pubmed,nk_local_similarity,0.3,0.8504593591237992,0.004399742834740651,0.9653091241061013,0.0,0.9925949774629748,0.0,0.7272095062689717,0.0,0.7251401237091012,0.0,0.583120776801943,0.0,0.36527682151208,0.0,1.0610622306071744,0.0,2.501981095399941,0.5346172717890519,81771.0,0.0
train,pubmed,nk_local_similarity,0.4,0.8485884115500049,0.0048752251347779245,0.923923517776538,0.0,0.9895900407812835,0.0,0.6362688060370395,0.0001526886743857149,0.6377751793029802,0.00028481455172949145,0.5506756175439367,0.005341163128396725,0.24855098090820144,0.009079337850193107,1.0811360152936216,5.639266699476032e-05,2.6533419917000574,0.5281117553097983,72905.0,0.0
train,pubmed,nk_local_similarity,0.5,0.8484462934978889,0.003730329834091449,0.7981335903027844,0.0006383175015490235,0.9890534449452673,0.0,0.5421734718519803,0.0001092957596515269,0.5511527108378342,0.0003579553572588872,0.5355877474588631,0.0015588888828646985,0.14225609307904058,0.005467167635801267,1.1028528815373184,6.938812277480166e-05,2.362798041599973,0.5290645697846739,64041.0,0.0
train,pubmed,nk_local_similarity,0.6,0.8458161099704491,0.004492966414744924,0.010270325100167368,0.0005400629860852156,0.958252843957931,0.0009007425278682303,0.4484448085472443,0.00119551197235988,0.47153702899367855,0.002114802305917535,0.5378830766969946,0.0004246009263559771,0.031232772868623138,0.0003770044330968734,1.123872199429491,0.00029009218230051327,2.204718291699959,0.4225470948891674,55177.0,0.0
train,pubmed,nk_local_similarity,0.7,0.8477551039745256,0.002849071466322307,0.0053354972866054675,0.0006383175015490094,0.7175574157544538,0.002557610875043351,0.33597167696390706,0.00220154266339516,0.4738953251382451,0.0060679585217497,0.5108622526442298,0.0004652752357299264,0.013189081232980775,0.000185945792295975,1.1234361530119727,0.0011670924351793398,2.0532072916999993,0.28776556774618334,46311.0,0.0
train,pubmed,nk_local_similarity,0.8,0.8487717553660696,0.003512935422292011,0.0025713850991530155,0.00055147919177925,0.4781176218072548,0.0030882943450882498,0.22292325141316596,0.002315504155370183,0.47404136258052354,0.007976514585202522,0.49160166930448995,0.0002874236033797142,0.0050476439508423,0.00017389595379473934,1.1232415404120926,0.001268635966783305,2.0970799081999987,0.612639223503271,37447.0,0.0
train,pubmed,nk_local_similarity,0.9,0.85104699790657,0.002698683712370467,0.001110716640462545,0.00017315125869817066,0.23995492594977463,0.0024026341128294154,0.1118346184986361,0.0030227877153507355,0.47240719457818414,0.016528568322175845,0.47729047561576765,0.00019914252471321014,0.0013847947106627417,3.847399009802409e-05,1.123412977351491,0.0032255076735219538,1.823187770999965,0.31950073316774347,28581.0,0.0
train,pubmed,original_ilp,0.1,0.851461432199855,0.005631903979899237,0.9815134148196988,0.0023292420030999643,0.9648529727409315,0.004374051557606402,0.9607535693880568,0.003556265000258653,0.9244628370218422,0.0050134275682741005,0.6570256614556386,0.013812757939124511,0.5015559515908501,0.045284985485384656,1.020740972709162,0.000858392735729252,2.9834943585000224,1.1197613874157855,99501.0,0.0
train,pubmed,original_ilp,0.2,0.8511919709030364,0.004532904033350452,0.9555307602576457,0.002988451707345579,0.9190706160120197,0.005392946844362223,0.8966683501839485,0.007565206361724908,0.8840191224444116,0.0074483617931401895,0.6262869591795923,0.013212349043529279,0.4424006096186609,0.03241832106281879,1.0352237641560684,0.001280808625996517,2.3570388876000115,0.3484233806492971,90635.0,0.0
train,pubmed,original_ilp,0.3,0.8512187583590064,0.0034658768295691557,0.9194705076837246,0.002649298352653227,0.8640051513200258,0.005872188232771789,0.8173726113581491,0.01635302593368655,0.8384699158245311,0.010862044368930965,0.5879692135555619,0.007502996232448521,0.38848748247995724,0.03155918897372549,1.0490984715586724,0.0014690959067816135,2.4842047916000842,0.500492014860078,81771.0,0.0
train,pubmed,original_ilp,0.4,0.8502055988243509,0.002879179242816622,0.856818988689963,0.005282240976039501,0.7871860914359304,0.006906701563840786,0.718567452934453,0.025837695261637355,0.7906981748092489,0.007696484717905157,0.5501621492532871,0.006481249029818884,0.30202376679693677,0.019258870224871383,1.061426153801254,0.002222374517777062,2.209949087200043,0.23286810069529698,72905.0,0.0
train,pubmed,original_ilp,0.5,0.8501684187634752,0.0020801949466207376,0.765162042907136,0.005017890499645605,0.6868212062674394,0.011303810137412601,0.6082564151626779,0.030327876845392964,0.7635639586130643,0.007065189987766142,0.5064567861799015,0.004689316453046822,0.19084776186609465,0.010757320792889359,1.0676998108559528,0.0020471709514220003,2.002760029299999,0.21981134387828216,64041.0,0.0
train,pubmed,original_ilp,0.6,0.8497183380478187,0.0027211505375744917,0.6405386214941421,0.009287510661688706,0.573717535951921,0.00881897609980175,0.4932039435936176,0.03034235545742734,0.7358326685493465,0.011276176935885156,0.4770667069853154,0.006513257946150155,0.10849216245721276,0.009570613963298434,1.0733950754017616,0.0013320412197953008,1.9852868624000108,0.22412186108621224,55177.0,0.0
train,pubmed,original_ilp,0.7,0.8504852761286971,0.002803705550757818,0.47380433128772126,0.008616065641373034,0.4483902124919511,0.008360561869626597,0.37222784073381543,0.02910510101640424,0.7100921015911589,0.01308713968818625,0.4643017110651817,0.0020944656093645872,0.050547366878257026,0.004583522089226763,1.077202638085835,0.0029359455317182603,1.9116147288999372,0.2706996783969104,46311.0,0.0
train,pubmed,original_ilp,0.8,0.85056974025352,0.003174002741536996,0.2571232946188568,0.017325176125055387,0.3100558059669457,0.006494253188836165,0.2500442527336379,0.025292401954281608,0.6949007045422677,0.009994217555383923,0.4686905768737398,0.0012712462956097428,0.018799175721180277,0.0020849840004296205,1.077389223927318,0.003568290993888196,1.7360889959000558,0.37179746883632325,37447.0,0.0
train,pubmed,original_ilp,0.9,0.8538434923863993,0.0033078131044027774,0.028751838514987065,0.01903954617288872,0.159605065464692,0.0037847825343032882,0.12102035624191017,0.016689608828760586,0.6880733174844297,0.038663504698285764,0.47224576159296755,0.0010547010609088241,0.0038455275590077607,0.00065108241979684,1.0736911736219306,0.007745225668336273,1.675752929399924,0.4317832042212826,28581.0,0.0
train,pubmed,psgnn_reimpl,0.1,0.8530072243104445,0.004642900704074315,0.8921235482071308,0.002044144511530406,0.8698755097660442,0.003193333872280115,0.5223542785793276,0.014388155063536159,1.04251187561838,0.01088094913502341,0.6484439011177265,0.011924088772077504,0.5633821072793141,0.03617807777921262,0.9770937564527038,0.0009828367864147852,2.6195350041999914,0.5901739734148211,99501.0,0.0
train,pubmed,psgnn_reimpl,0.2,0.8572836309631484,0.00595071124696846,0.7790282497337323,0.004256420405565712,0.7383451384417257,0.006118646291978107,0.2637438354519276,0.028874561616954664,1.1777310600873783,0.027237086401018344,0.5980897776318794,0.013105714147395678,0.49915821177256203,0.056128286853858525,0.9564740684912723,0.0038783437795121413,2.6025276584000094,0.3637470509322346,90635.0,0.0
train,pubmed,psgnn_reimpl,0.3,0.8605825863917375,0.004338718599581864,0.685489678957245,0.014879748986858865,0.6286005580596694,0.021586307822032136,0.1704450621448122,0.046467063759503234,1.3085312419646484,0.05195703102749253,0.5583311855523745,0.004444524943627823,0.3614716577565459,0.02520408264483297,0.9459032780438642,0.01136215111812839,2.494200703899975,0.5379445041726411,81771.0,0.0
train,pubmed,psgnn_reimpl,0.4,0.8615104884189553,0.003694584961196702,0.5997565552568849,0.021610339812230445,0.526218072547757,0.03728163623497265,0.12841699296567524,0.05546628092224666,1.3963716457427018,0.06376594574783322,0.5458856950491713,0.005938633675456886,0.3256037537460361,0.019378792072951154,0.9339684019224066,0.023552395935810766,2.4351975625000533,0.6163916942638318,72905.0,0.0
train,pubmed,psgnn_reimpl,0.5,0.8608714625289586,0.004310516153351341,0.5124410407262768,0.031146410651587804,0.4246082850397081,0.05111583506137358,0.10048678694379994,0.05639248619071899,1.5239701180457028,0.08084458322196404,0.5247194458637991,0.00789904047395634,0.2476125452015196,0.023799964192445205,0.9152330729361932,0.040034770952538636,2.533169687499935,0.5933788188174904,64041.0,0.0
train,pubmed,psgnn_reimpl,0.6,0.8586362967579554,0.004345619025535657,0.4196987371303951,0.0409065602205998,0.32103455677183945,0.05913120987536015,0.07928309500234004,0.05188606280228878,1.698698579145796,0.1791863677662075,0.5107195644670883,0.002195346242032957,0.18094130907160608,0.01559518526353764,0.8865224674661902,0.06609043578892389,2.548044374899979,0.6108871765764433,55177.0,0.0
train,pubmed,psgnn_reimpl,0.7,0.857189027940303,0.004644204767361235,0.32266571993711013,0.03979771711666473,0.21871646276024898,0.05241642642686698,0.059761031580984,0.04403596682151348,2.072733193506855,0.42971618384477756,0.4962488717725152,0.002086342770131452,0.11122785770167234,0.013628885292112258,0.8503437780321617,0.09510072492029031,2.0344109706999634,0.3816772013134778,46311.0,0.0
train,pubmed,psgnn_reimpl,0.8,0.8578203538329443,0.0039976712807987475,0.21900390525942082,0.030114211822302672,0.12176432710882164,0.03607336918880867,0.04047287889362737,0.03314837680013421,2.3718785238384235,0.4475944510249978,0.4839067232423993,0.002223020002447217,0.05549278130306904,0.01018220926800909,0.8063782870186882,0.11043370114492916,1.8237734873999898,0.35579226820900184,37447.0,0.0
train,pubmed,psgnn_reimpl,0.9,0.8564935214439522,0.004654474584622947,0.11271491606228128,0.018689166386312173,0.03923588752951277,0.01590507230598806,0.019673789302869164,0.01842226724661705,2.8058002820762615,0.2933878673265734,0.47330574797949965,0.0018363391890484934,0.01779467565820894,0.002828638545341787,0.734426384661899,0.11368715976165296,1.7918008248999455,0.3365653973648513,28581.0,0.0
train,pubmed,ptdnet,0.1,0.8517783981252063,0.005460552325983573,0.9718161992189481,0.004453861723955092,0.9465657866494956,0.008197643740667657,0.9876975571800968,0.003833926598617257,0.9271047895905827,0.00704663547936268,0.6571907246246416,0.020289570321531267,0.5091857931168265,0.044834311357213635,1.0143679651111304,0.002110383348009042,3.069253833199994,0.9368981370086307,99501.0,0.0
train,pubmed,ptdnet,0.2,0.85128107230767,0.004406405422846492,0.9278845666176396,0.011922915355247338,0.8766044215496887,0.01645395688397163,0.9669680086183654,0.010549376795330509,0.897392082629428,0.0092200557302876,0.616101724747932,0.009687923601120571,0.43233627266411656,0.0150966290566534,1.020719386477019,0.005592924759713768,2.793355737599943,1.0897363895495809,90635.0,0.0
train,pubmed,ptdnet,0.3,0.8499360092264165,0.003508625408904114,0.8656185018004768,0.02346501750714895,0.7944623309723117,0.02535937766167364,0.9394424049471917,0.018082053942612582,0.8743802788792989,0.009734144120270315,0.5678714097655918,0.0112241918465805,0.3484232114671427,0.020114071156053147,1.026686533970322,0.011390050825546299,2.9510043831000132,0.9127504555101779,81771.0,0.0
train,pubmed,ptdnet,0.4,0.8475956406696559,0.00394016118533244,0.78326824567632,0.03492980891897334,0.7007834299205837,0.03495763250373479,0.9041851032305782,0.024497862491611316,0.8594772615708853,0.01666233731895594,0.5301909754952435,0.008878841508260706,0.26996290074500484,0.02430105213143824,1.0314026115990043,0.01817798911787029,2.0922333959000357,0.28242334396633356,72905.0,0.0
train,pubmed,ptdnet,0.5,0.8469745871686143,0.0045607233484715945,0.6739919866105392,0.04774175481087932,0.5984009444086713,0.03895215829690034,0.8562776561428075,0.03222929917391614,0.8492832683888019,0.03005174471982269,0.5050109254967599,0.004120125120289879,0.20492105113194445,0.015423005349015969,1.0355267883040598,0.024826037397030175,2.2446500750999263,0.49799263488420403,64041.0,0.0
train,pubmed,ptdnet,0.6,0.8452647262709052,0.003944521899471582,0.5441547902824974,0.04489256089330987,0.4902017600343421,0.0386159175924865,0.7872423800543334,0.040636220504533645,0.854881591510992,0.052054842669879774,0.4935122847063572,0.004322557844599768,0.14446742980653313,0.009302275972097577,1.0382224056420593,0.030212105318604063,2.2396541083999892,0.6434704584663803,55177.0,0.0
train,pubmed,ptdnet,0.7,0.8473333692712233,0.0032612067057581923,0.40201856266166247,0.024465277075358265,0.37359948486799743,0.036046206211507364,0.69058667161874,0.04747988180193035,0.8828474007839295,0.08168753385970373,0.4855965678980185,0.0056058107532539125,0.08851734615574228,0.010049068853621865,1.037881423435248,0.03429097983386133,2.062490162399965,0.3489821983314117,46311.0,0.0
train,pubmed,ptdnet,0.8,0.8459823331044307,0.0029933893279058864,0.26705888319724097,0.00990512321569256,0.24994634041639835,0.02696149497025135,0.5575989364724817,0.049414407037486535,0.9582586941217899,0.13412732832708554,0.47956624412261667,0.003140404698349359,0.045752146404967636,0.006150251881839187,1.0357393581886576,0.032289354885304246,1.5413660457999356,0.2741148724642345,37447.0,0.0
train,pubmed,ptdnet,0.9,0.8504571429744102,0.004533487393603488,0.1315463812953289,0.006112455904109073,0.12745224297059454,0.013284978207808327,0.35442533730294146,0.03979372186645348,1.127201629287415,0.20000054419630972,0.47359522294552914,0.0012911503382394835,0.012717771125792495,0.0014598402461051616,1.0319890539126457,0.021799915192723614,1.7522939498999903,0.2668991334799144,28581.0,0.0
train,pubmed,random,0.1,0.8524928962978097,0.0052126548355636735,0.9468834001115788,0.0011880038527071859,0.8981541103241039,0.0014282367301764682,0.89818560899908,0.0025090636812556966,0.9985245192478167,0.0031622979737617692,0.6422366270958286,0.01248406477995963,0.5213220228612122,0.0361312325984807,1.0002553924478257,0.0004539553403466183,2.830299554300029,0.49688408408761076,99501.0,0.0
train,pubmed,random,0.2,0.8509732526636427,0.004799724649161196,0.888213217020845,0.001561109957003761,0.7983150890749088,0.0022023248214062896,0.800214942923706,0.003454410428026415,0.9996101547031147,0.006254268286698454,0.6039715510198654,0.013019256590794013,0.47367537658358955,0.038934888658751214,1.0001557135347645,0.0010639056978381442,2.598676904199913,0.5728251271135171,90635.0,0.0
train,pubmed,random,0.3,0.8499724952038095,0.0040929157204601845,0.8238068671704621,0.002260842140069201,0.6974565357372826,0.003044053731521452,0.6997155121564467,0.0033619852874413685,1.0008256591995357,0.005699452084154506,0.562620660391957,0.009151623113210243,0.39519384798873847,0.02781853959499951,0.9998205590373264,0.0009538014861606093,2.7126687627000488,0.5918568723533928,81771.0,0.0
train,pubmed,random,0.4,0.8500861412676779,0.0042163037707664145,0.7507430136430491,0.0035157900393735096,0.5963940759819704,0.002833442812269856,0.599443670211457,0.0029352859992222637,1.002368044952552,0.0068065580574726645,0.5281684493441097,0.0067840926946310205,0.3026850372587392,0.03318692019433937,0.9997282935439499,0.0014814176067640735,2.3901361833000365,0.5381566859860429,72905.0,0.0
train,pubmed,random,0.5,0.8500901337051442,0.003781291142857098,0.6666125678348633,0.0029734371097080133,0.49641553981541103,0.0032779520706983072,0.4992793007658724,0.0030389339012517813,1.0030383518118804,0.0064611351889263735,0.5082074525377808,0.003204449832650995,0.25374157059551544,0.009490460636648003,0.9996251479938513,0.0013032887932554332,2.2029911290000332,0.5257911277569997,64041.0,0.0
train,pubmed,random,0.6,0.8497823044434705,0.003435663395676071,0.569838210681138,0.0028299310166388873,0.3971238463189526,0.0038236025224901993,0.39879251382207254,0.0049100135879641986,1.006317796553382,0.0060608650524957555,0.489774455035423,0.003914085440788937,0.18943173604187266,0.013453210717384244,0.9992660800589382,0.0014699472602746815,2.1552663748000738,0.5173529349323543,55177.0,0.0
train,pubmed,random,0.7,0.8506577390872682,0.004074192694814957,0.4487092356849419,0.0032596194618987515,0.2971453101523932,0.004689627942524082,0.2990833220210274,0.004348553226850699,1.0048251612175807,0.012343251018283803,0.47720060465953074,0.0026928672307205987,0.11792911200807096,0.010287571838878075,0.9993871108507365,0.0014211607712375867,1.9487346623999762,0.4297972360876736,46311.0,0.0
train,pubmed,random,0.8,0.8520214516976654,0.0029099960318546884,0.2899883349393924,0.0037938591274669317,0.19955999141446662,0.004148209361599986,0.19963965051263025,0.00351072657233895,1.0062811363897646,0.023112935409446547,0.4702804123487855,0.0018703753753356797,0.04738369457303233,0.005745783984388795,0.9994057132242752,0.0026615962437460884,2.071186925099982,0.5167346060172235,37447.0,0.0
train,pubmed,random,0.9,0.852857557270228,0.00411959857678866,0.08259877263275346,0.009019672246824652,0.10060098733633827,0.0025321663813150847,0.09940574003801887,0.003379868471729693,1.0138567901966726,0.040809095645930514,0.4695399032132291,0.0006820704673763439,0.006527552028940717,0.00047349484170161615,0.9985626582845372,0.006097714568041077,1.8592290374999287,0.49308144305131757,28581.0,0.0
train,pubmed,resistance_proxy,0.1,0.8537767556359503,0.005204237710552407,0.7752193538570776,0.0,0.5243614509551406,0.0,0.865785811384297,0.0,1.145854895379017,0.0,0.5985136790108124,0.0,0.47009364782788293,0.0,0.9705407000577149,0.0,2.7262626539999815,0.26018942002501816,99501.0,0.0
train,pubmed,resistance_proxy,0.2,0.8542114281963077,0.004510327403069803,0.5503879900593397,0.0,0.048615582743077916,0.0,0.7617271443132088,0.0,1.3163505250294931,0.0,0.5349308877072825,0.0,0.3112565333484224,0.0,0.9389877351874858,0.0,2.6865318916000094,0.5286211527477406,90635.0,0.0
train,pubmed,resistance_proxy,0.3,0.8544725388719929,0.004919614952437692,0.45919764670081653,0.0,0.005902554196179437,0.0,0.6347831567805567,0.0,1.4455672947250977,0.0,0.5045376223341083,0.0,0.2232523756571548,0.0,0.9175394879006038,0.0,2.407427920999973,0.5073985372606599,81771.0,0.0
train,pubmed,resistance_proxy,0.4,0.8546517385242133,0.004768728348720675,0.34493077040117665,0.0,0.0017171066752522002,0.0,0.5206094309419267,0.0,1.545918731326661,0.0,0.48678313913211724,0.0,0.1262635579706693,0.0,0.8971409655684777,0.0,2.512478833400041,0.6084414035129592,72905.0,0.0
train,pubmed,resistance_proxy,0.5,0.8558229734105456,0.005007671807047126,0.2664705584013795,0.0,0.00042927666881305005,0.0,0.41237830212922744,0.0,1.6628366143996345,0.0,0.48144604464959173,0.0,0.0897511588421836,0.0,0.8772661683106493,0.0,2.1277211541999406,0.5790206071259405,64041.0,0.0
train,pubmed,resistance_proxy,0.6,0.8548428802384664,0.00481516880422067,0.2090074554952579,0.0,0.00021463833440652503,0.0,0.3102794276943504,0.0,1.8019115128368501,0.0,0.4770544199239003,0.0,0.06615334722812984,0.0,0.8518618549401392,0.0,1.8623352458999818,0.32710514018338094,55177.0,0.0
train,pubmed,resistance_proxy,0.7,0.8542969353701981,0.004319566586921137,0.15489171780696862,0.0,0.0,0.0,0.22594512521996912,0.0,2.002987810565468,0.0,0.47126613261235156,0.0,0.03601336558142113,0.0,0.8209194919347371,0.0,1.9253285081000286,0.4199673638896083,46311.0,0.0
train,pubmed,resistance_proxy,0.8,0.8532505208491633,0.003866841514968853,0.10610133387432166,0.0,0.0,0.0,0.14376027273369046,0.0,2.3119747566513595,0.0,0.4702208039553325,0.0,0.01826409989593727,0.0,0.7766378643903558,0.0,1.6741251292999948,0.3765516169851163,37447.0,0.0
train,pubmed,resistance_proxy,0.9,0.8555862084314614,0.004564548050743018,0.058731044276512656,0.0,0.0,0.0,0.06359843200092025,0.0,2.8120943466875494,0.0,0.46883174019005136,0.0,0.0069234699879451925,0.0,0.7192243058354323,0.0,1.7735212373999985,0.3194513750901978,28581.0,0.0
train,pubmed,task_only,0.1,0.851701285177543,0.004058762529981854,0.9018613379317341,0.06415749255031525,0.8213565142734491,0.12050374795204664,0.8704260945939069,0.10879885476423254,1.0398314165146325,0.0755384491054324,0.6372827557033717,0.031110356737921282,0.5040442722344178,0.08014833942742985,0.9939918266014993,0.018408711845508425,2.8218966166999904,0.7865352116892164,99501.0,0.0
train,pubmed,task_only,0.2,0.8526797686544925,0.004858626097511791,0.8325404473297155,0.11283780135333656,0.7190169564284181,0.19459463048069975,0.7590024003577021,0.16548036631845287,1.0833214107417213,0.16211054892919122,0.5938727972039837,0.018891633501574672,0.44115093640393443,0.05563668713956559,0.991197188509943,0.03562742713758127,2.6171995250999913,0.45270081795995876,90635.0,0.0
train,pubmed,task_only,0.3,0.8519859510669203,0.005173924243280949,0.7696404118273571,0.1517170114789508,0.6423588752951277,0.24806795642997692,0.6545770624062905,0.17880264545825053,1.1123686131634205,0.23874615999659687,0.5602673797452493,0.02284019377774835,0.36175348978514493,0.05750874056730245,0.9899253058489975,0.05335631677117143,2.570287133400015,0.43047850172067276,81771.0,0.0
train,pubmed,task_only,0.4,0.8510445848164855,0.0032183652026964507,0.6979763655728559,0.17373904793393918,0.5753380553766902,0.28038905566850947,0.5549563773694615,0.18879442410941166,1.1589577118103513,0.34202749146466577,0.5343357240759012,0.017098388270790774,0.2724275994382798,0.03323204765289537,0.9869042171095488,0.07157151174191444,2.379017362599991,0.46268096913868473,72905.0,0.0
train,pubmed,task_only,0.5,0.8510641256893786,0.003676854148053817,0.6177511791854744,0.17238034125360138,0.5094870143807684,0.2863010878774482,0.456821341589115,0.19652596956474191,1.196370672546998,0.4372072480013776,0.5048531398024088,0.008460733107373749,0.19063138428996595,0.02897953788233757,0.9830141876630556,0.09056913751860897,2.2197970331999954,0.4216025611359046,64041.0,0.0
train,pubmed,task_only,0.6,0.8504903775950174,0.005887726296461799,0.5181366333620734,0.14911043696404125,0.4386027044430135,0.2723155085137648,0.3659817919448582,0.19463801439422174,1.2383292386470355,0.5299555466312715,0.4886670175124664,0.014119121343416703,0.128876561187858,0.0444802503189052,0.9792384141412229,0.10612499812386118,2.0713894126000083,0.25580126013333493,55177.0,0.0
train,pubmed,task_only,0.7,0.8519929319088984,0.005240979309450422,0.39522239691636657,0.11586249685895321,0.3541532517707663,0.2429034844658609,0.28647743003197823,0.18159785131879816,1.303518986028422,0.660591362716392,0.4778857879290177,0.013606484009399133,0.07456685790992959,0.034397573234229276,0.9753955928512023,0.12184934787908877,1.9314358956999769,0.49757462173886435,46311.0,0.0
train,pubmed,task_only,0.8,0.8518780680549011,0.004398648454974318,0.25390272353806365,0.08285011683133202,0.25893968662803174,0.18660587748791468,0.1997534449237651,0.14758801995031104,1.4108037394136796,0.8403101855881294,0.4758705207000521,0.010782347229320428,0.03874209308956048,0.026994548870029056,0.9712335897717621,0.13503281204666479,1.8088979540999943,0.2836101631663357,37447.0,0.0
train,pubmed,task_only,0.9,0.8529416280408473,0.004526812430757674,0.10223664857736978,0.0476898251765767,0.14450525863919295,0.10694915166451532,0.10065747856050218,0.0910544575534572,1.5561128612469117,1.0553224433036705,0.4732560492446143,0.004389160057746676,0.010460265926582238,0.005894414195137485,0.967087467794243,0.14848970353402816,1.8197732500000015,0.44692391669309267,28581.0,0.0
train,pubmed,w_balanced,0.1,0.8517220233629296,0.005018623043597452,0.9419992899528327,0.06200939954591102,0.8964691993990126,0.11492532804707387,0.8935200381425512,0.08268640601554515,1.0010361346817271,0.06580543857623092,0.6590427566344742,0.03354656490971106,0.5484051687958308,0.07530854066319827,1.003798120881583,0.017089063327285235,2.7970341707999737,0.6784531792544528,99501.0,0.0
train,pubmed,w_balanced,0.2,0.8518348256629029,0.004982783270695418,0.8958512958360805,0.10232157288348837,0.8305323030693282,0.17091033622566762,0.7875521537290894,0.1477306322047291,1.0085250729924273,0.12892375969945524,0.612460582347903,0.025938155707665354,0.45047313521934057,0.0524103707393099,1.0076615828014126,0.031610940312505845,3.0528354832999676,0.7778539124092455,90635.0,0.0
train,pubmed,w_balanced,0.3,0.8519805555778888,0.004698395921710778,0.8443069432469443,0.12723759366113413,0.7692530585962654,0.20178677641755183,0.688310783396043,0.18957981313021674,1.0093129489559758,0.17738175055493774,0.5799409059389498,0.024001959532152065,0.3888650189671907,0.03512011132746015,1.0112744505669597,0.04472619961112837,2.91725590020001,1.095302490757534,81771.0,0.0
train,pubmed,w_balanced,0.4,0.8519779411102159,0.004489351065616001,0.7834102551098037,0.13849979936096138,0.7079523502897618,0.21691431826277713,0.5954798315569264,0.2126982856205642,1.0074215879777362,0.21873564038512888,0.5365879666681137,0.010709436676157516,0.2927460704470452,0.04256892238160867,1.0139054644251826,0.056488709781807804,2.7138818584999633,0.9351789594923866,72905.0,0.0
train,pubmed,w_balanced,0.5,0.8511710323500067,0.0038597564682750305,0.7049855454683776,0.13097530313989872,0.6470272590684696,0.224613840941841,0.505892020435153,0.22226029302409364,0.9985491606385614,0.27793344620484867,0.5069415139057689,0.016293416845006323,0.20661192275745913,0.05806568190775007,1.0184528491947415,0.06872395995872024,2.4230161204999874,0.6131357236436464,64041.0,0.0
train,pubmed,w_balanced,0.6,0.8506815999589342,0.005408923091964056,0.593751584926713,0.09985566805896792,0.57664734921657,0.21491019128983488,0.41832089915515824,0.22244735407596156,0.9871321092275591,0.33631798683792885,0.48619181497670577,0.02149538939255145,0.1355917654854591,0.05810345839569906,1.0242706129641406,0.07931643616548899,2.3390640125000184,0.46660567218905435,55177.0,0.0
train,pubmed,w_balanced,0.7,0.8499401039616984,0.006213047102028479,0.43305776740883506,0.07405135474264828,0.4848143378407384,0.18998464187254552,0.3365849024016893,0.21312475907032605,0.9844361395726638,0.39834423624438564,0.47935803902924246,0.01882191830446519,0.08107711400294493,0.047065735521447695,1.0286098972882098,0.08879516195549143,2.2201295083000323,0.32713512804817174,46311.0,0.0
train,pubmed,w_balanced,0.8,0.8495143618180062,0.004957579910730696,0.24920119693665366,0.09240286340068746,0.364176861987551,0.14621794623600773,0.25651156843313505,0.192886499222475,0.9992065319787342,0.48504864003424947,0.4799579197464244,0.010995854634983615,0.043342454284821176,0.028716931015893513,1.0324216899074201,0.09539112532845266,1.5868308124000472,0.3056579025014252,37447.0,0.0
train,pubmed,w_balanced,0.9,0.8514908283841669,0.004854720126375407,0.10815032712887356,0.0645489764978119,0.20391714960291907,0.08038547824443694,0.15984321617408223,0.14782578826771997,1.129107615987373,0.6251596071437817,0.47520335380460377,0.004000209749119825,0.010147214726102046,0.005609458620907462,1.0251037637499485,0.10018433381492578,1.9478084292999973,0.27888280031587004,28581.0,0.0
train,pubmed,w_reduced_proxy,0.1,0.8517937083461721,0.0050199170521180855,0.9473652178323274,0.05977493853302265,0.9061815840309079,0.10824980809381651,0.8909849515389359,0.09104964089665826,0.9975284688967537,0.06332507681498777,0.6606630097944147,0.023932494420317273,0.5466356508015665,0.05597089478720487,1.004488677986504,0.016897919164440743,3.1513180751000105,0.5781162436326964,99501.0,0.0
train,pubmed,w_reduced_proxy,0.2,0.8517657057584443,0.005298118974432512,0.9014454531622459,0.10236517043720975,0.8394397939471989,0.170494124301669,0.7874257154944951,0.14828108687413227,1.0044738735504037,0.1284995639527888,0.6131816144344219,0.02809040220944007,0.44981084667413673,0.04335052451659679,1.0079778098068173,0.03173586080369398,2.688264087400023,0.4981400111012133,90635.0,0.0
train,pubmed,w_reduced_proxy,0.3,0.8524037282518607,0.004537813912474244,0.8496120099406603,0.1289744428591036,0.7780639622236531,0.20498964804323763,0.6914527735257108,0.18466460640508736,1.0112271036576697,0.1929715194959891,0.572004711413087,0.024626278646570413,0.36226572976626403,0.050574242276208416,1.011125877867045,0.04578917947465794,3.0761856249999964,0.6268258630042568,81771.0,0.0
train,pubmed,w_reduced_proxy,0.4,0.8517249168024674,0.0032893135999200853,0.7862910179033322,0.138930036290867,0.7159047005795236,0.2191404300499764,0.5973258297820029,0.2051910379207999,1.0080273140867884,0.2353091330988609,0.5350786131970072,0.01636238361476188,0.29217675368668317,0.04966970844071844,1.0141426371554367,0.05830934708279577,2.513556683600015,0.20692846715334248,72905.0,0.0
train,pubmed,w_reduced_proxy,0.5,0.8504794696731361,0.004164357206174651,0.702246792108333,0.13205637837189205,0.6503112255848895,0.22474742882255824,0.5065937526371512,0.21479421801716655,1.0068408643033047,0.2997895367865271,0.5054077675276946,0.01495071750301775,0.20250327720941286,0.05155058767938106,1.0173697037718574,0.07179214311186038,2.5050701957999935,0.5876438654277737,64041.0,0.0
train,pubmed,w_reduced_proxy,0.6,0.8502370668738557,0.006007243409366571,0.5850535071258305,0.10207500680560033,0.5758424554625455,0.2156091068799255,0.41448349873522206,0.2135600131610056,0.9996828490160166,0.35611321666231033,0.4872252071621929,0.019903301833917187,0.1395807159138091,0.05881853837481873,1.021733027645158,0.08268835256032861,2.308323174900019,0.5162071112522517,55177.0,0.0
train,pubmed,w_reduced_proxy,0.7,0.8507806030676223,0.006163224135508036,0.43159709895014453,0.07241286389738291,0.48085426057093794,0.18989857806113947,0.3306423053757584,0.20465850340738503,0.9942373630130643,0.4153968031143086,0.4821405927846255,0.016770783583437858,0.08519992887873948,0.04829499015749178,1.025178120146539,0.09274331727727442,2.167558845900035,0.3757711548000033,46311.0,0.0
train,pubmed,w_reduced_proxy,0.8,0.8502967450367034,0.004345271103138901,0.25469899071866914,0.08725367960995024,0.3604958145524791,0.1440299677193256,0.2465482355471062,0.18205628767476864,1.0173511572602454,0.5059858509927444,0.4800308817754173,0.01138597592956559,0.04272322532530211,0.02838171178850253,1.0281606064682107,0.10060837847257109,2.165357350100007,0.7037637847432818,37447.0,0.0
train,pubmed,w_reduced_proxy,0.9,0.851665891666288,0.004470065519334971,0.10528477963178981,0.06262895662133411,0.20299420476497101,0.07513519141707539,0.14642179757189996,0.13345742981560013,1.16575889283298,0.6645557940545318,0.4753482006231663,0.0036414199038527126,0.01068745327459523,0.0066377893739611405,1.0248679545435757,0.10675438371443509,1.8152855498000406,0.39415679211663496,28581.0,0.0
train,pubmed,w_structure_focused,0.1,0.8519622787553931,0.005344273344328769,0.9436374702033777,0.06390043017220987,0.9008370895041855,0.11767389947981409,0.8974901987088113,0.100427866470863,0.9998564389640292,0.06781037377362414,0.6577134574032014,0.02891661385458137,0.5440667659842562,0.05819842425744236,1.0044432738333622,0.017618747992089553,2.788777279000007,0.5152051791571501,99501.0,0.0
train,pubmed,w_structure_focused,0.2,0.8519035118695669,0.005001724139129282,0.898498757417457,0.1042065090343112,0.8360914359304571,0.17348765163387916,0.7984068761690079,0.16090467671051678,1.0065090888567179,0.13125142249671137,0.6160615459380212,0.029442799941169707,0.46138126456621026,0.03999064633812621,1.0085248100942539,0.031793531079187635,2.6354045332000053,0.4209893181911806,90635.0,0.0
train,pubmed,w_structure_focused,0.3,0.8521630123685003,0.004440710147156326,0.8497337323122179,0.1274516171838247,0.7796093582313801,0.20029527305446676,0.7093184960738819,0.19684181552448785,1.0064571355445011,0.18203116080885792,0.5767789856275557,0.022741611841522173,0.37611174267231806,0.04930039026609927,1.0129977319677186,0.044206807488386894,2.61791366650001,0.3968711287766878,81771.0,0.0
train,pubmed,w_structure_focused,0.4,0.852115666662413,0.004234300117990544,0.7919713952426839,0.1354174596907997,0.7220755526937112,0.21115381253720258,0.6239474000758275,0.21561823050666842,0.9943339096047996,0.21830890265806985,0.535789807572501,0.014162991838137367,0.28878083299211593,0.03995522280931892,1.0174903891295877,0.054610853119972554,2.488857579199987,0.4734480885072239,72905.0,0.0
train,pubmed,w_structure_focused,0.5,0.8498593446094187,0.004394346256584122,0.7116752041385606,0.12546903040110807,0.66250268297918,0.21552538909856958,0.5349538486566471,0.2250572940922184,0.9848839939943479,0.2756396009830967,0.5024887134732183,0.017777283174185247,0.20831149833491952,0.060640601530864806,1.022521441279278,0.0658474138042817,2.424293795899999,0.5734152160550514,64041.0,0.0
train,pubmed,w_structure_focused,0.6,0.8500372229860828,0.006462050789688147,0.5969620124765431,0.09504929056612166,0.5884095299420476,0.2065962063333057,0.44724364531859867,0.22569281197672972,0.9628104424468177,0.31098441526073295,0.48630485372237564,0.02083637166875071,0.13639846535176464,0.05968833892411498,1.027895983695249,0.07629743961346787,2.4105083583000324,0.48834789104197857,55177.0,0.0
train,pubmed,w_structure_focused,0.7,0.8488838717994435,0.006482600578790846,0.4325201602677892,0.07281626646170702,0.49440867138871003,0.18437503340141648,0.36535592268361655,0.21989639015079643,0.9563201038078558,0.37480615240384,0.47921888791808875,0.01783460244799756,0.08350948304721124,0.04688038589416052,1.0326722456898823,0.08490474836361311,2.09720951249997,0.4757259646466848,46311.0,0.0
train,pubmed,w_structure_focused,0.8,0.849030307214705,0.004429963287690399,0.24955114875488155,0.08578415913538125,0.3697467267654003,0.14154621151416646,0.28150840741242317,0.20609290771062036,0.9667228540023753,0.44756434718609145,0.4806915381440823,0.010955821173247074,0.042561074793204146,0.028535806068073936,1.0334781339972168,0.09278369309960151,1.8176802709000044,0.27069549598104625,37447.0,0.0
train,pubmed,w_structure_focused,0.9,0.8511194069878248,0.005189613437333684,0.10906324491555511,0.06344951007372053,0.20563425627817128,0.07772684809123728,0.17889745812743946,0.1569333792105577,1.1034878817060938,0.5811915776765049,0.4754689860976211,0.003809714668614947,0.010009396113857873,0.005088897533125499,1.0242670708206185,0.09965680717550884,1.961859891800009,0.36415531104327803,28581.0,0.0
train,pubmed,w_task_focused,0.1,0.8512958884219675,0.004602694560931415,0.9273165288837044,0.0648605394501853,0.8693818415969092,0.11897398175682083,0.8808951804183127,0.09048978428208936,1.0181503042884967,0.06912869482266303,0.6500210886961739,0.032235827034713456,0.5215175220202635,0.06635858700600854,0.9998215676295074,0.01832801508126382,3.1072015958999857,0.5277683419234297,99501.0,0.0
train,pubmed,w_task_focused,0.2,0.8528529044002753,0.004121877968497272,0.8704214637115181,0.11081147815412196,0.7886349001931745,0.18625508140897942,0.7613541515211556,0.15698287303049446,1.0391598258946027,0.14517066643209658,0.6060298008259506,0.02655187454266687,0.44791666198899255,0.05197934082418958,1.0002783288021566,0.03449837603399835,2.946661133399985,0.4060839592419815,90635.0,0.0
train,pubmed,w_task_focused,0.3,0.8526243142555323,0.004710481993835798,0.8133083126236244,0.14014867267254053,0.7251341489590041,0.22272484801237438,0.6570426079808789,0.19580099402068502,1.0517135575302177,0.20660067105662439,0.5702711322798998,0.02138494662236253,0.37661240179355443,0.03154642700300889,1.0021442837683026,0.04894142761682435,2.4387484832999604,0.5714291294562208,81771.0,0.0
train,pubmed,w_task_focused,0.4,0.8522041259134234,0.003129266829094398,0.753537556423391,0.149747695245671,0.6691564713457823,0.23665012155861448,0.5669490439207283,0.2117554886250917,1.0557638438218548,0.25470326164416474,0.5314902670714429,0.009814552700410923,0.2817415675835467,0.031000208505440177,1.0056448614971507,0.060991185608784575,2.944582183400027,0.41655247852485816,72905.0,0.0
train,pubmed,w_task_focused,0.5,0.8517622039406811,0.004584659806260692,0.6770147588375514,0.1427753841846382,0.6104528868855977,0.2401444341521473,0.4779744582367371,0.21618592472866674,1.0522720927067646,0.3152257135180578,0.5092088795355109,0.016403268770145404,0.203031141469381,0.0486789039381909,1.0091579603068614,0.07502331658859343,2.6278195875000208,0.4368735741150351,64041.0,0.0
train,pubmed,w_task_focused,0.6,0.8506209138898942,0.006152347409889219,0.5702338083887002,0.11517149977988159,0.5397939471989697,0.22775102861026214,0.3859906425694022,0.21286477140738125,1.054710945989683,0.3719393905758935,0.48820389806223136,0.018726476563250452,0.13675985862632228,0.05364592171355498,1.009923260401285,0.08781362409087635,2.2107593415999984,0.5615656992776666,55177.0,0.0
train,pubmed,w_task_focused,0.7,0.8506321144057598,0.005171507036377302,0.43048131054420047,0.08049304175916991,0.44870143807684054,0.1999225732155564,0.3058540894835508,0.19719743296206418,1.0777953897886916,0.4640163784186311,0.47953932004745026,0.015912261610201327,0.08238154765879815,0.045256252912296464,1.0118706527573438,0.09991885786604777,2.143113662699993,0.6927347755476034,46311.0,0.0
train,pubmed,w_task_focused,0.8,0.8505597964543782,0.005487571906744872,0.26373687680681646,0.08550535487990295,0.3394505258639193,0.15487844398790646,0.2185421665844743,0.16552834103724415,1.0945850477690349,0.5668512847184459,0.4775192796928419,0.01148863015774925,0.04211899067780129,0.02722379791324094,1.0177194616253888,0.10658100595028744,2.1551466333999754,0.6989314265676613,37447.0,0.0
train,pubmed,w_task_focused,0.9,0.8520930524050645,0.004512651179020889,0.0960693817517878,0.06555109809702762,0.193453530800601,0.09183740078972166,0.12172841035563811,0.11583465368555658,1.2261030810759692,0.7580055253043492,0.47511575732864075,0.003680150073888274,0.010515031204532971,0.006481489883697748,1.0182651748726779,0.11534799168010461,1.9011127543999706,0.3962810173917028,28581.0,0.0
