dataset,method,method_display,seed,edge_removal_rate,test_macro_f1,val_macro_f1,test_accuracy,test_worst_class_f1,train_seconds,prune_seconds,giant_component_ratio,bridge_preservation,minority_degree_retention,retained_edge_ratio,stage
facebook,gassip_adapted,GASSIP-adapted,0,0.1,0.9245179353963859,0.9250439082629649,0.9285714285714286,0.8955696202531646,5.006585917,0.0860850830000004,0.9523809523809523,0.8287924655230406,0.8756149257383008,0.9000017562037899,B
facebook,gassip_adapted,GASSIP-adapted,0,0.2,0.9208778477558615,0.9169895110870423,0.9256786826880284,0.8862745098039215,5.006585917,0.03912841700000058,0.9080551846906987,0.7292297342751429,0.7948277601100838,0.7999976583949469,B
facebook,gassip_adapted,GASSIP-adapted,0,0.3,0.9103828831159119,0.9125568518353845,0.915665331553182,0.8725257323832145,5.006585917,0.02697216700000027,0.8584779706275033,0.6333669693911873,0.7150116299874166,0.6999994145987367,B
facebook,gassip_adapted,GASSIP-adapted,0,0.4,0.8976839926095405,0.9030862434336375,0.9036493101913663,0.8560063643595863,5.006585917,0.03227804099999787,0.8111704494882065,0.5543222334342415,0.5700413845692576,0.6000011708025266,B
facebook,gassip_adapted,GASSIP-adapted,0,0.5,0.8907438955587591,0.8938977504451457,0.8980863373386738,0.8400954653937948,5.006585917,0.024897082999999043,0.7508233199821985,0.468886646485032,0.4511587261046506,0.4999970729936835,B
facebook,gassip_adapted,GASSIP-adapted,0,0.6,0.8845197727095507,0.8925072493139871,0.8929684023141967,0.8273092369477911,5.006585917,0.023060291000000177,0.6769470404984423,0.3851328624285234,0.3177757465787704,0.3999988291974734,B
facebook,gassip_adapted,GASSIP-adapted,0,0.7,0.8796552391335439,0.8880911997853985,0.8889630618602581,0.8162939297124601,5.006585917,0.023102624999999932,0.5867823765020027,0.29095190043726876,0.18727342185151796,0.3000005854012633,B
facebook,gassip_adapted,GASSIP-adapted,0,0.8,0.8747220780378616,0.8875933121431887,0.8809523809523809,0.8333333333333334,5.006585917,0.025397291999993854,0.4641299510458389,0.19038008745375043,0.09331304740030845,0.20000234160505317,B
facebook,gassip_adapted,GASSIP-adapted,0,0.9,0.8788716595886911,0.8821486783250952,0.8847352024922118,0.8401606425702811,5.006585917,0.019406875000001378,0.29181130396083665,0.09081735620585267,0.02832081842442541,0.09999824379621011,B
facebook,gassip_adapted,GASSIP-adapted,1,0.1,0.9331540327226425,0.9370717886315257,0.9356920338228749,0.9145496535796767,4.482168249999972,0.11039204199994401,0.9856697819314642,0.9579549276824756,0.9934942510223017,0.9000017562037899,B
facebook,gassip_adapted,GASSIP-adapted,1,0.2,0.9265833943875663,0.9316827513628942,0.9303515798842902,0.899922420480993,4.482168249999972,0.03433858300002157,0.9650200267022697,0.9142280524722503,0.9802886610843133,0.7999976583949469,B
facebook,gassip_adapted,GASSIP-adapted,1,0.3,0.9177864262256666,0.9265545681781251,0.9212283044058746,0.893353941267388,4.482168249999972,0.025419958000043152,0.9323097463284379,0.8674739320551631,0.9575673237036466,0.6999994145987367,B
facebook,gassip_adapted,GASSIP-adapted,1,0.4,0.9095098691056299,0.9174084800519227,0.9125500667556742,0.8868217054263566,4.482168249999972,0.033012041999995745,0.8911437472185135,0.8002018163471241,0.9192127819472894,0.6000011708025266,B
facebook,gassip_adapted,GASSIP-adapted,1,0.5,0.903681536416752,0.913345776902396,0.9065420560747663,0.8835403726708074,4.482168249999972,0.023992167000074005,0.8341344014241211,0.7245206861755802,0.8627653804407589,0.4999970729936835,B
facebook,gassip_adapted,GASSIP-adapted,1,0.6,0.8920569975993543,0.9076635682332209,0.897196261682243,0.8560311284046692,4.482168249999972,0.023197625000079825,0.755318202047174,0.6283215607130844,0.7946659636488714,0.3999988291974734,B
facebook,gassip_adapted,GASSIP-adapted,1,0.7,0.8828300161605236,0.9007689416573773,0.8885180240320427,0.8443396226415094,4.482168249999972,0.02170475000002625,0.6388072986203828,0.5001681802892701,0.7095092666148181,0.3000005854012633,B
facebook,gassip_adapted,GASSIP-adapted,1,0.8,0.8784628057818589,0.8941047302109599,0.8849577214063196,0.8334636434714621,4.482168249999972,0.024489708000032806,0.4810858923008456,0.3444332324251598,0.5946076945452344,0.20000234160505317,B
facebook,gassip_adapted,GASSIP-adapted,1,0.9,0.8842164703362492,0.8883874678694792,0.8898531375166889,0.846215139442231,4.482168249999972,0.01932574999989356,0.2955051179350245,0.18365287588294651,0.335868709024254,0.09999824379621011,B
facebook,gassip_adapted,GASSIP-adapted,2,0.1,0.9233270538552762,0.929104164621391,0.9283489096573209,0.8854961832061069,4.489352583000027,0.02915649999999914,0.9399643969737428,0.8435923309788093,0.5642801263196572,0.9000017562037899,B
facebook,gassip_adapted,GASSIP-adapted,2,0.2,0.9180701342835564,0.9178134746817945,0.9234534935469515,0.8777863182167563,4.489352583000027,0.047200374999988526,0.8898976412995104,0.725866128489741,0.3774598475243751,0.7999976583949469,B
facebook,gassip_adapted,GASSIP-adapted,2,0.3,0.9053503132552778,0.9075012166967029,0.9123275478415666,0.8547008547008547,4.489352583000027,0.04396912499987593,0.8360925678682688,0.6266397578203835,0.2585124139928625,0.6999994145987367,B
facebook,gassip_adapted,GASSIP-adapted,2,0.4,0.8963882409660553,0.9001095358880041,0.9043168669336894,0.8403755868544601,4.489352583000027,0.032798707999972976,0.7799287939474855,0.5247225025227044,0.1836159925634882,0.6000011708025266,B
facebook,gassip_adapted,GASSIP-adapted,2,0.5,0.8888610565663272,0.8942286523805377,0.8974187805963507,0.8299212598425196,4.489352583000027,0.03589691699994546,0.7192701379617268,0.4308779011099899,0.12622993024794685,0.4999970729936835,B
facebook,gassip_adapted,GASSIP-adapted,2,0.6,0.8819658183493275,0.8898543436824092,0.8909657320872274,0.8185388845247447,4.489352583000027,0.03197524999995949,0.6478860703159769,0.34006054490413723,0.08502718541098357,0.3999988291974734,B
facebook,gassip_adapted,GASSIP-adapted,2,0.7,0.8785979411581541,0.8893868894860093,0.8862928348909658,0.8264331210191083,4.489352583000027,0.11293724999995902,0.5618157543391188,0.2536158762193071,0.056771103542722405,0.3000005854012633,B
facebook,gassip_adapted,GASSIP-adapted,2,0.8,0.8783226968403466,0.8844728173142574,0.8845126835781041,0.8362480127186009,4.489352583000027,0.03585950000001503,0.45402759234534934,0.16616212579885636,0.03311107967921735,0.20000234160505317,B
facebook,gassip_adapted,GASSIP-adapted,2,0.9,0.880423190192422,0.8831322650414284,0.8858477970627503,0.8430913348946136,4.489352583000027,0.023479916000042067,0.3018691588785047,0.08509922637066936,0.013140858997973934,0.09999824379621011,B
facebook,gassip_adapted,GASSIP-adapted,3,0.1,0.9292233526191109,0.9319987910448332,0.9330218068535826,0.9013209013209014,5.1019421250000505,0.031163375000005544,0.9729417000445038,0.9226370669357551,0.9373380934154845,0.9000017562037899,B
facebook,gassip_adapted,GASSIP-adapted,3,0.2,0.9225224054291025,0.9276267280459948,0.9270137961726747,0.890625,5.1019421250000505,0.02707779100001062,0.9419225634178905,0.8486377396569122,0.8912480274186811,0.7999976583949469,B
facebook,gassip_adapted,GASSIP-adapted,3,0.3,0.9133173633302667,0.9177545708872457,0.917890520694259,0.8805620608899297,5.1019421250000505,0.028106125000022075,0.9014241210502892,0.7813656239488732,0.8428598971179868,0.6999994145987367,B
facebook,gassip_adapted,GASSIP-adapted,3,0.4,0.9055923223684236,0.9156973813699963,0.9094348019581664,0.8780487804878049,5.1019421250000505,0.03125174999991032,0.8481085892300846,0.6969391187352842,0.7894225465009298,0.6000011708025266,B
facebook,gassip_adapted,GASSIP-adapted,3,0.5,0.8963539663086998,0.9049085231088556,0.9005340453938585,0.8677751385589866,5.1019421250000505,0.023804292000022542,0.7840676457498887,0.6152034981500168,0.7367296341874772,0.4999970729936835,B
facebook,gassip_adapted,GASSIP-adapted,3,0.6,0.8911727250691595,0.8955174874357066,0.8958611481975968,0.858712715855573,5.1019421250000505,0.023773207999965962,0.7018246550956831,0.5153044063235789,0.6631279053706463,0.3999988291974734,B
facebook,gassip_adapted,GASSIP-adapted,3,0.7,0.8813950503820308,0.8849504519589225,0.8871829105473965,0.8427773343974462,5.1019421250000505,0.027968124999915744,0.6068535825545172,0.4043054154053145,0.5050815174529998,0.3000005854012633,B
facebook,gassip_adapted,GASSIP-adapted,3,0.8,0.8806881311397221,0.8850718577710681,0.8867378727191811,0.839584996009577,5.1019421250000505,0.020477790999848366,0.49287939474855363,0.2805247225025227,0.30686819527084536,0.20000234160505317,B
facebook,gassip_adapted,GASSIP-adapted,3,0.9,0.8800263544818795,0.8866296523212578,0.8865153538050734,0.8372093023255814,5.1019421250000505,0.019740916000046127,0.330173564753004,0.13420787083753785,0.11677886801377768,0.09999824379621011,B
facebook,gassip_adapted,GASSIP-adapted,4,0.1,0.9271483947780144,0.935775658874867,0.9305740987983978,0.901386748844376,4.519548792000023,0.027872459000036542,0.9393858477970628,0.806929027917928,0.8443163733548289,0.9000017562037899,B
facebook,gassip_adapted,GASSIP-adapted,4,0.2,0.9123472688271335,0.9325005703603326,0.9172229639519359,0.8750957854406131,4.519548792000023,0.031052084000066316,0.8935469514908767,0.7036663303060882,0.6075219892358544,0.7999976583949469,B
facebook,gassip_adapted,GASSIP-adapted,4,0.3,0.9091768988516,0.9241444969521807,0.9152202937249666,0.864024864024864,4.519548792000023,0.02544908300001225,0.839652870493992,0.5990581903800875,0.45433062480299163,0.6999994145987367,B
facebook,gassip_adapted,GASSIP-adapted,4,0.4,0.9027190044018419,0.9141388500953389,0.9083222073876279,0.8602316602316602,4.519548792000023,0.02452970799981813,0.7757899421450823,0.5015136226034309,0.2978702632559983,0.6000011708025266,B
facebook,gassip_adapted,GASSIP-adapted,4,0.5,0.8988092551233482,0.905579571369278,0.9052069425901201,0.8517049960348929,4.519548792000023,0.023821208000072147,0.69942145082332,0.3958964009418096,0.18254789715289024,0.4999970729936835,B
facebook,gassip_adapted,GASSIP-adapted,4,0.6,0.8924863885077717,0.8960303244409288,0.8978638184245661,0.8520249221183801,4.519548792000023,0.022453249999898617,0.6182465509568313,0.3091153716784393,0.11467503905220701,0.3999988291974734,B
facebook,gassip_adapted,GASSIP-adapted,4,0.7,0.8806836535452395,0.8892841600641546,0.8858477970627503,0.8452285485164395,4.519548792000023,0.021899749999874984,0.5213618157543392,0.2203161789438278,0.06512169566975462,0.3000005854012633,B
facebook,gassip_adapted,GASSIP-adapted,4,0.8,0.8774959038665858,0.8895321676541339,0.8827325322652425,0.8413575374901342,4.519548792000023,0.02168529200002922,0.4038273253226524,0.14228052472250252,0.02751164998311375,0.20000234160505317,B
facebook,gassip_adapted,GASSIP-adapted,4,0.9,0.8832063622514593,0.8897619282939724,0.8880729862038274,0.8491446345256609,4.519548792000023,0.019459332999986145,0.2530485091232755,0.07164480322906155,0.008544795377068046,0.09999824379621011,B
facebook,gassip_adapted,GASSIP-adapted,5,0.1,0.9273996486042895,0.9296823109843311,0.9314641744548287,0.8984375,4.580003166999859,0.027739958000211118,0.9529149977748108,0.8540195089135554,0.816383967848932,0.9000017562037899,B
facebook,gassip_adapted,GASSIP-adapted,5,0.2,0.9218894324266094,0.9166726433697844,0.9270137961726747,0.884375,4.580003166999859,0.040523082999925464,0.914018691588785,0.7554658594012782,0.7188956179666506,0.7999976583949469,B
facebook,gassip_adapted,GASSIP-adapted,5,0.3,0.9126092872225227,0.9080959327574881,0.9183355585224744,0.8722397476340694,4.580003166999859,0.025488458000154424,0.869826435246996,0.669021190716448,0.6087195705956946,0.6999994145987367,B
facebook,gassip_adapted,GASSIP-adapted,5,0.4,0.9065653764880168,0.9028341852149951,0.9129951045838897,0.8609794628751974,4.580003166999859,0.02443995800012999,0.8215398308856253,0.5970400269088463,0.4257185303865685,0.6000011708025266,B
facebook,gassip_adapted,GASSIP-adapted,5,0.5,0.8988876485723121,0.8976017827489757,0.9065420560747663,0.8464598249801114,4.580003166999859,0.028841541000019788,0.7595460614152203,0.5166498486377397,0.32059165198432016,0.4999970729936835,B
facebook,gassip_adapted,GASSIP-adapted,5,0.6,0.8916380298939888,0.8940646952862665,0.8987538940809969,0.8433734939759037,4.580003166999859,0.024966667000171583,0.6874499332443258,0.4154053144971409,0.2227472831354198,0.3999988291974734,B
facebook,gassip_adapted,GASSIP-adapted,5,0.7,0.8882732207623172,0.8856174444640414,0.8947485536270583,0.8439490445859873,4.580003166999859,0.021547791999864785,0.592745883400089,0.3168516649848638,0.14390211149681978,0.3000005854012633,B
facebook,gassip_adapted,GASSIP-adapted,5,0.8,0.8943728944878446,0.8848484711390374,0.8985313751668892,0.8652037617554859,4.580003166999859,0.02062445799992929,0.47650200267022697,0.20349815001681804,0.0843151153854614,0.20000234160505317,B
facebook,gassip_adapted,GASSIP-adapted,5,0.9,0.895434350122839,0.8821759282653647,0.8989764129951046,0.8704581358609794,4.580003166999859,0.020486833000177285,0.330173564753004,0.11200807265388496,0.033887879842446886,0.09999824379621011,B
facebook,gassip_adapted,GASSIP-adapted,6,0.1,0.9281812881548863,0.9185934743353387,0.9330218068535826,0.8923315259488769,4.5925806660000035,0.027462667000008878,0.929506008010681,0.7914564413050791,0.7837260376444074,0.9000017562037899,B
facebook,gassip_adapted,GASSIP-adapted,6,0.2,0.9201130241720754,0.9118289276304336,0.9259012016021362,0.8783151326053042,4.5925806660000035,0.02670475000013539,0.8775700934579439,0.6693575512949882,0.693487822618935,0.7999976583949469,B
facebook,gassip_adapted,GASSIP-adapted,6,0.3,0.9090559021461982,0.9018442116736257,0.915665331553182,0.8629600626468285,4.5925806660000035,0.025918957999920167,0.832398753894081,0.5782038345105953,0.544568839828464,0.6999994145987367,B
facebook,gassip_adapted,GASSIP-adapted,6,0.4,0.9012836521513794,0.8934117413504132,0.9080996884735203,0.8517940717628705,4.5925806660000035,0.024852917000089292,0.7813974187805963,0.49983181971072993,0.42500644110567565,0.6000011708025266,B
facebook,gassip_adapted,GASSIP-adapted,6,0.5,0.8943457416818862,0.8905355875176635,0.901646639964397,0.8439490445859873,4.5925806660000035,0.02356941699986237,0.7166444147752559,0.422468886646485,0.2997151588298258,0.4999970729936835,B
facebook,gassip_adapted,GASSIP-adapted,6,0.6,0.8864109426280514,0.8860492809812516,0.8943035157988429,0.8322683706070287,4.5925806660000035,0.02279708300011407,0.6393413440142413,0.341405987218298,0.19989642129476953,0.3999988291974734,B
facebook,gassip_adapted,GASSIP-adapted,6,0.7,0.8808190018069731,0.881365147452769,0.8894080996884736,0.8233387358184765,4.5925806660000035,0.021530792000021393,0.5537605696484201,0.2519340733266061,0.11545183921543654,0.3000005854012633,B
facebook,gassip_adapted,GASSIP-adapted,6,0.8,0.8758959820581323,0.8754995341677081,0.8842901646639965,0.8203883495145631,4.5925806660000035,0.020418416999973488,0.44094348019581664,0.15943491422805248,0.05369626795865792,0.20000234160505317,B
facebook,gassip_adapted,GASSIP-adapted,6,0.9,0.8821517901862574,0.8787373820929885,0.8894080996884736,0.8342764753435732,4.5925806660000035,0.01935720799997398,0.2910547396528705,0.0891355533131517,0.02013205485089001,0.09999824379621011,B
facebook,gassip_adapted,GASSIP-adapted,7,0.1,0.9403773521504096,0.9321043973960456,0.9428126390743213,0.9209726443768997,4.427125624999917,0.027678208999986964,0.9807743658210948,0.9384460141271443,0.9456239618232662,0.9000017562037899,B
facebook,gassip_adapted,GASSIP-adapted,7,0.2,0.9288495983740537,0.9228625255271345,0.9330218068535826,0.89745566692367,4.427125624999917,0.026625040999988414,0.9471740097908322,0.8543558694920955,0.8823795685161625,0.7999976583949469,B
facebook,gassip_adapted,GASSIP-adapted,7,0.3,0.922614356795021,0.9144823328480334,0.9263462394303515,0.8936825885978429,4.427125624999917,0.025628750000123546,0.9084557187360925,0.7699293642785066,0.823439905874162,0.6999994145987367,B
facebook,gassip_adapted,GASSIP-adapted,7,0.4,0.9138412454403735,0.904043561151732,0.9176680017801513,0.8857808857808858,4.427125624999917,0.024454583000078856,0.8596795727636849,0.693239152371342,0.7615224900177444,0.6000011708025266,B
facebook,gassip_adapted,GASSIP-adapted,7,0.5,0.9082720300399103,0.8972537226308376,0.9125500667556742,0.876058506543495,4.427125624999917,0.023392665999836026,0.7935469514908767,0.6192398250924992,0.6971452133962235,0.4999970729936835,B
facebook,gassip_adapted,GASSIP-adapted,7,0.6,0.8972157583260315,0.8911049103775687,0.9025367156208278,0.8598130841121495,4.427125624999917,0.022563582999737264,0.712772585669782,0.5119408005381769,0.6053534237181195,0.3999988291974734,B
facebook,gassip_adapted,GASSIP-adapted,7,0.7,0.8919561416219891,0.8856371427167015,0.8985313751668892,0.8460342146189735,4.427125624999917,0.021428333000130806,0.6191366266132621,0.40127817019845274,0.4248122442740967,0.3000005854012633,B
facebook,gassip_adapted,GASSIP-adapted,7,0.8,0.8908705228582302,0.883554492842795,0.8965287049399199,0.8528241845664281,4.427125624999917,0.027896500000224478,0.4881174899866489,0.2727884291960982,0.23488476482589649,0.20000234160505317,B
facebook,gassip_adapted,GASSIP-adapted,7,0.9,0.8942662791461311,0.8843351205668968,0.8991989319092123,0.8605577689243028,4.427125624999917,0.019440374999703636,0.3274588340008901,0.1298351833165153,0.08253494994934125,0.09999824379621011,B
facebook,gassip_adapted,GASSIP-adapted,8,0.1,0.9378164480542281,0.9320243975566327,0.9419225634178905,0.9083850931677019,4.550275083000088,0.027595916999871406,0.970983533600356,0.8990918264379415,0.9278546949955176,0.9000017562037899,B
facebook,gassip_adapted,GASSIP-adapted,8,0.2,0.9334049455588795,0.9253926798263756,0.9376947040498442,0.9021143304620204,4.550275083000088,0.03308091700000659,0.9307966177125055,0.8008745375042045,0.867717450993677,0.7999976583949469,B
facebook,gassip_adapted,GASSIP-adapted,8,0.3,0.9208712029834931,0.9198357043410049,0.9265687583444593,0.8805031446540881,4.550275083000088,0.02658058399993024,0.87716955941255,0.7093844601412714,0.8055734892829689,0.6999994145987367,B
facebook,gassip_adapted,GASSIP-adapted,8,0.4,0.9089502256905632,0.9111636267273101,0.9147752558967512,0.8667711598746082,4.550275083000088,0.024574000000029628,0.8131286159323543,0.6192398250924992,0.7407431209528671,0.6000011708025266,B
facebook,gassip_adapted,GASSIP-adapted,8,0.5,0.9032497667825256,0.9005045927818754,0.9092122830440588,0.860062893081761,4.550275083000088,0.023414541999954963,0.7405874499332443,0.5270770265724857,0.6634838986634376,0.4999970729936835,B
facebook,gassip_adapted,GASSIP-adapted,8,0.6,0.895487217203071,0.8935288987066883,0.9027592345349355,0.84399375975039,4.550275083000088,0.022471082999800274,0.6654205607476635,0.4339051463168517,0.531719294530922,0.3999988291974734,B
facebook,gassip_adapted,GASSIP-adapted,8,0.7,0.8885265653210526,0.8871961942922542,0.8954161103693814,0.841686555290374,4.550275083000088,0.021490874999926746,0.5797952825990209,0.33972418432559703,0.37399662790483806,0.3000005854012633,B
facebook,gassip_adapted,GASSIP-adapted,8,0.8,0.8856801211513711,0.8873110376155127,0.8907432131731197,0.8508634222919937,4.550275083000088,0.02138112500006173,0.4685803293279929,0.2250252270433905,0.18947436206579188,0.20000234160505317,B
facebook,gassip_adapted,GASSIP-adapted,8,0.9,0.8954439664844508,0.8812345840780056,0.89942145082332,0.8684003152088259,4.550275083000088,0.01984433400002672,0.2951935914552737,0.09451732256979482,0.061334799687853284,0.09999824379621011,B
facebook,gassip_adapted,GASSIP-adapted,9,0.1,0.9359963563835435,0.9350623261576374,0.9390298175344904,0.9129770992366413,4.494008625000333,0.027791167000032146,0.9822874944370271,0.9354187689202825,0.959444593974013,0.9000017562037899,B
facebook,gassip_adapted,GASSIP-adapted,9,0.2,0.9294309753226242,0.927687338767225,0.9332443257676902,0.901300688599847,4.494008625000333,0.04228145900015079,0.9491321762349799,0.8452741338715103,0.9051009058968292,0.7999976583949469,B
facebook,gassip_adapted,GASSIP-adapted,9,0.3,0.9209423990633856,0.9238723382518974,0.9252336448598131,0.8895752895752895,4.494008625000333,0.025446624999858614,0.9004005340453939,0.7608476286579213,0.8525698927398991,0.6999994145987367,B
facebook,gassip_adapted,GASSIP-adapted,9,0.4,0.9106919252900746,0.9127267392628499,0.9147752558967512,0.8803680981595092,4.494008625000333,0.024990874999730295,0.8455273698264353,0.6713757147662294,0.7934036328959533,0.6000011708025266,B
facebook,gassip_adapted,GASSIP-adapted,9,0.5,0.9000347255982633,0.9074337009841537,0.9034267912772586,0.8746130030959752,4.494008625000333,0.023963000000094326,0.7775255896751224,0.56878573831147,0.7249481714636195,0.4999970729936835,B
facebook,gassip_adapted,GASSIP-adapted,9,0.6,0.8901352305470696,0.9018765547148129,0.8960836671117045,0.848012470771629,4.494008625000333,0.02666804199998296,0.6998664886515353,0.47292297342751427,0.649533870421845,0.3999988291974734,B
facebook,gassip_adapted,GASSIP-adapted,9,0.7,0.885117467493722,0.8963588591143987,0.8914107699154428,0.8412822517591869,4.494008625000333,0.021535958999720606,0.5997329773030707,0.3612512613521695,0.5243073118652456,0.3000005854012633,B
facebook,gassip_adapted,GASSIP-adapted,9,0.8,0.8762005658627201,0.8941337470977471,0.8845126835781041,0.8204724409448819,4.494008625000333,0.02035737500000323,0.4857142857142857,0.24520686175580222,0.3024986895388366,0.20000234160505317,B
facebook,gassip_adapted,GASSIP-adapted,9,0.9,0.8797091858744194,0.893313261743795,0.8871829105473965,0.8287292817679558,4.494008625000333,0.019404874999963795,0.3168669336893636,0.09889001009081735,0.09745597518574244,0.09999824379621011,B
facebook,mog_adapted,MoG-adapted,0,0.1,0.9285630696282434,0.9314896742285288,0.9323542501112595,0.9004665629860031,6.658812790999988,0.020903540999995585,0.9463729417000445,0.918937100571813,0.47077291418005424,0.9000017562037899,B
facebook,mog_adapted,MoG-adapted,0,0.2,0.9184936118181102,0.9173758295630245,0.9236760124610592,0.8819776714513556,6.658812790999988,0.020479500000007533,0.8792612372051625,0.8412378069290279,0.30266053734770404,0.7999976583949469,B
facebook,mog_adapted,MoG-adapted,0,0.3,0.9110852086991691,0.9137873263208437,0.9174454828660437,0.8672566371681416,6.658812790999988,0.019284666000004336,0.8201602136181575,0.7891019172552977,0.22640469958653578,0.6999994145987367,B
facebook,mog_adapted,MoG-adapted,0,0.4,0.9065891687852508,0.9096445691962978,0.9143302180685359,0.8541498791297341,6.658812790999988,0.017620124999993436,0.765865598575879,0.7366296670030272,0.17876099475253202,0.6000011708025266,B
facebook,mog_adapted,MoG-adapted,0,0.5,0.9025006750776357,0.903551017679705,0.910547396528705,0.8475120385232745,6.658812790999988,0.016524415999995767,0.6975077881619938,0.6760847628657921,0.14325478444591871,0.4999970729936835,B
facebook,mog_adapted,MoG-adapted,0,0.6,0.8988448746910608,0.8985592010427557,0.9069870939029817,0.8432,6.658812790999988,0.0222282919999941,0.6138851802403205,0.605112680793811,0.1113412668711709,0.3999988291974734,B
facebook,mog_adapted,MoG-adapted,0,0.7,0.8931208632363268,0.8923106270490021,0.9009790832220739,0.8393285371702638,6.658812790999988,0.020446999999990112,0.5103693813974188,0.5176589303733602,0.08111082273521066,0.3000005854012633,B
facebook,mog_adapted,MoG-adapted,0,0.8,0.8864599552557464,0.8928867991412284,0.8934134401424121,0.8393866020984665,6.658812790999988,0.013519583999993756,0.39314641744548284,0.38210561722166164,0.052077937494491494,0.20000234160505317,B
facebook,mog_adapted,MoG-adapted,0,0.9,0.8836130055307454,0.8903361367939493,0.8911882510013351,0.8333333333333334,6.658812790999988,0.012847708000009561,0.25011125945705387,0.19071644803229063,0.0258609512408652,0.09999824379621011,B
facebook,mog_adapted,MoG-adapted,1,0.1,0.9196873045244195,0.9268057059123758,0.9250111259457053,0.8805620608899297,7.297494707999931,0.023653792000004614,0.9287494437027147,0.7436932391523713,0.8759062723333244,0.9000017562037899,B
facebook,mog_adapted,MoG-adapted,1,0.2,0.9116623923135632,0.9199901917964485,0.9185580774365821,0.8623131392604249,7.297494707999931,0.02226991600002748,0.8704939919893191,0.6118398923646149,0.7959282430541346,0.7999976583949469,B
facebook,mog_adapted,MoG-adapted,1,0.3,0.8998270531642631,0.9120373524928664,0.9083222073876279,0.839622641509434,7.297494707999931,0.02128333300004215,0.8096573208722742,0.49915909855364954,0.7138140486275765,0.6999994145987367,B
facebook,mog_adapted,MoG-adapted,1,0.4,0.8933912085260007,0.9038270779156783,0.9020916777926123,0.831496062992126,7.297494707999931,0.02025491699998838,0.745838896306186,0.40699630003363607,0.6407949103054824,0.6000011708025266,B
facebook,mog_adapted,MoG-adapted,1,0.5,0.8872510815409923,0.8946518973013773,0.8956386292834891,0.8270440251572327,7.297494707999931,0.024016250000045147,0.6805963506898086,0.33030608812647155,0.5469316021777779,0.4999970729936835,B
facebook,mog_adapted,MoG-adapted,1,0.6,0.8813136948336358,0.889416500217308,0.8889630618602581,0.8274231678486997,7.297494707999931,0.025537249999956657,0.6128170894526035,0.2596703666330306,0.3850012776285526,0.3999988291974734,B
facebook,mog_adapted,MoG-adapted,1,0.7,0.8794569102075411,0.8821820800699534,0.8874054294615042,0.8244638602065131,7.297494707999931,0.020249042000045847,0.5314196706720071,0.19004372687521023,0.2266959948339042,0.3000005854012633,B
facebook,mog_adapted,MoG-adapted,1,0.8,0.8744412576510889,0.8813035930591868,0.881619937694704,0.8263665594855305,7.297494707999931,0.01815133299999161,0.42607921673342236,0.1298351833165153,0.09334541567839057,0.20000234160505317,B
facebook,mog_adapted,MoG-adapted,1,0.9,0.8775874888022217,0.8846104973262802,0.8838451268357811,0.8341232227488151,7.297494707999931,0.024038207999979022,0.27632398753894083,0.06424487050117726,0.022624287103303897,0.09999824379621011,B
facebook,mog_adapted,MoG-adapted,2,0.1,0.918093468321564,0.9240979358811708,0.9216733422340899,0.8909229595728452,7.287116167000022,0.029495042000007743,0.8824655095683133,0.5728220652539522,0.9799649654665783,0.9000017562037899,B
facebook,mog_adapted,MoG-adapted,2,0.2,0.9055584444690825,0.9136269732018912,0.9098798397863819,0.8733889310083397,7.287116167000022,0.02808712499995636,0.8205162438807299,0.453414059872183,0.9528417990050189,0.7999976583949469,B
facebook,mog_adapted,MoG-adapted,2,0.3,0.9058296311230538,0.9109768440362823,0.9098798397863819,0.8764044943820225,7.287116167000022,0.03828112500013958,0.7650200267022697,0.3760511268079381,0.9185331443844182,0.6999994145987367,B
facebook,mog_adapted,MoG-adapted,2,0.4,0.8973874686136702,0.900167466315209,0.901646639964397,0.8672699849170438,7.287116167000022,0.09767854200003967,0.7029372496662216,0.30339724184325595,0.8772979991770884,0.6000011708025266,B
facebook,mog_adapted,MoG-adapted,2,0.5,0.8938500766027037,0.8931484576529052,0.8969737427681352,0.8711656441717791,7.287116167000022,0.02132812499985448,0.6367156208277703,0.25664312142616885,0.8312402308553414,0.4999970729936835,B
facebook,mog_adapted,MoG-adapted,2,0.6,0.893516213600117,0.8878832562798211,0.8958611481975968,0.8761609907120743,7.287116167000022,0.02586845800010451,0.5721406319537161,0.21527077026572486,0.7745338831241539,0.3999988291974734,B
facebook,mog_adapted,MoG-adapted,2,0.7,0.8862416251375743,0.8848986141219999,0.8896306186025812,0.8618524332810047,7.287116167000022,0.017168292000178553,0.49626168224299066,0.17759838546922302,0.6818681563562896,0.3000005854012633,B
facebook,mog_adapted,MoG-adapted,2,0.8,0.8803596347558549,0.8782505471594995,0.8847352024922118,0.8483483483483484,7.287116167000022,0.014044375000139553,0.39359145527369827,0.13185334678775648,0.5481939329306961,0.20000234160505317,B
facebook,mog_adapted,MoG-adapted,2,0.9,0.8829992038055634,0.8756245559049921,0.8885180240320427,0.8438228438228438,7.287116167000022,0.012991000000056374,0.25758789497107254,0.07904473595694585,0.3335059466749401,0.09999824379621011,B
facebook,mog_adapted,MoG-adapted,3,0.1,0.9339646530215278,0.9301870420942675,0.9365821094793058,0.9149922720247295,7.310913625000012,0.02207645900011812,0.9781931464174455,0.9562731247897747,0.6758479518820323,0.9000017562037899,B
facebook,mog_adapted,MoG-adapted,3,0.2,0.9273516167627798,0.9263469616757629,0.9316866933689364,0.8966588966588966,7.310913625000012,0.02887687499992353,0.9226969292389853,0.9142280524722503,0.48012686516152014,0.7999976583949469,B
facebook,mog_adapted,MoG-adapted,3,0.3,0.9157036534164525,0.9187332122582428,0.9207832665776591,0.88125,7.310913625000012,0.026511999999911495,0.8353805073431242,0.8546922300706358,0.32858619947090595,0.6999994145987367,B
facebook,mog_adapted,MoG-adapted,3,0.4,0.9054813548393206,0.9101380843108742,0.9121050289274588,0.8628708901363272,7.310913625000012,0.022760625000046275,0.7484201157098354,0.7813656239488732,0.21970480620175212,0.6000011708025266,B
facebook,mog_adapted,MoG-adapted,3,0.5,0.904309384680021,0.903609708611949,0.910547396528705,0.8640386162510056,7.310913625000012,0.019313624999995227,0.6634623943035158,0.7013118062563067,0.13801139297180465,0.4999970729936835,B
facebook,mog_adapted,MoG-adapted,3,0.6,0.8966647087548592,0.8947530809505662,0.9038718291054739,0.8497156783103168,7.310913625000012,0.016322124999987864,0.579394748553627,0.6030945173225698,0.08182288634227596,0.3999988291974734,B
facebook,mog_adapted,MoG-adapted,3,0.7,0.8868765393213622,0.8891012284527529,0.8938584779706275,0.8412570507655117,7.310913625000012,0.014903750000030414,0.4914107699154428,0.4927682475613858,0.04314474203580868,0.3000005854012633,B
facebook,mog_adapted,MoG-adapted,3,0.8,0.8844841964798039,0.8833999086369414,0.8898531375166889,0.8493150684931506,7.310913625000012,0.017324207999990904,0.39381397418780595,0.3346787756474941,0.02016442152435791,0.20000234160505317,B
facebook,mog_adapted,MoG-adapted,3,0.9,0.8858073015074972,0.8828912154514382,0.8914107699154428,0.848780487804878,7.310913625000012,0.013332958999853872,0.26942590120160215,0.14631685166498487,0.007929828581177994,0.09999824379621011,B
facebook,mog_adapted,MoG-adapted,4,0.1,0.9275028034890109,0.9398236368592338,0.9299065420560748,0.9092295957284515,7.0117613750001055,0.021384291999993366,0.9476635514018692,0.8402287251934073,0.9376941380559309,0.9000017562037899,B
facebook,mog_adapted,MoG-adapted,4,0.2,0.9163712740892576,0.9339159820595752,0.9194481530930129,0.8941717791411042,7.0117613750001055,0.02037829200003216,0.90057854917668,0.7373023881601076,0.8831887048651897,0.7999976583949469,B
facebook,mog_adapted,MoG-adapted,4,0.3,0.9095303289929042,0.9319893885365873,0.913440142412105,0.8806774441878368,7.0117613750001055,0.01911758300002475,0.8425901201602136,0.627648839556004,0.8194264191087721,0.6999994145987367,B
facebook,mog_adapted,MoG-adapted,4,0.4,0.907676797947652,0.918968399397488,0.9112149532710281,0.8813559322033898,7.0117613750001055,0.018168082999864055,0.7810413885180241,0.5425496131853347,0.7535279168573311,0.6000011708025266,B
facebook,mog_adapted,MoG-adapted,4,0.5,0.895682780460389,0.9065125317765077,0.900089007565643,0.8637413394919169,7.0117613750001055,0.02526929200007544,0.707743658210948,0.4510595358224016,0.6707987829133247,0.4999970729936835,B
facebook,mog_adapted,MoG-adapted,4,0.6,0.8944661383951521,0.9023495953835801,0.8987538940809969,0.8628352490421456,7.0117613750001055,0.02436462500008929,0.6336448598130842,0.3629330642448705,0.5168629801768576,0.3999988291974734,B
facebook,mog_adapted,MoG-adapted,4,0.7,0.889255039584145,0.8960880167571312,0.8945260347129506,0.8520526723470179,7.0117613750001055,0.015474125000082495,0.5460614152202937,0.26606121762529433,0.370468658892223,0.3000005854012633,B
facebook,mog_adapted,MoG-adapted,4,0.8,0.8831929450439897,0.8891452440673111,0.8885180240320427,0.8458559256390396,7.0117613750001055,0.015213790999951016,0.43008455718736094,0.18028927009754456,0.2130696493731327,0.20000234160505317,B
facebook,mog_adapted,MoG-adapted,4,0.9,0.8750222660687952,0.8949388625595149,0.8813974187805963,0.8308651597817615,7.0117613750001055,0.02003645900003903,0.2752113929684023,0.07870837537840565,0.08091661948517483,0.09999824379621011,B
facebook,mog_adapted,MoG-adapted,5,0.1,0.9379974449280439,0.935997029720397,0.9405874499332443,0.9184615384615384,6.92782966599998,0.022261292000166577,0.9824210057854917,0.9815001681802893,0.8435071856581465,0.9000017562037899,B
facebook,mog_adapted,MoG-adapted,5,0.2,0.9292201009343259,0.9282538558896665,0.9330218068535826,0.9021143304620204,6.92782966599998,0.026323541000010664,0.9608811748998665,0.972418432559704,0.6996374745316933,0.7999976583949469,B
facebook,mog_adapted,MoG-adapted,5,0.3,0.9294944585020619,0.9238530051204528,0.9325767690253671,0.9071207430340558,6.92782966599998,0.026390582999965773,0.9225634178905207,0.9498822737975109,0.5989448255807043,0.6999994145987367,B
facebook,mog_adapted,MoG-adapted,5,0.4,0.9288710451880364,0.9159031516579679,0.931909212283044,0.9072642967542504,6.92782966599998,0.027008458000182145,0.8631953716065865,0.9159098553649512,0.4994497579895554,0.6000011708025266,B
facebook,mog_adapted,MoG-adapted,5,0.5,0.9167295231877896,0.9122111971189728,0.9198931909212283,0.8933852140077821,6.92782966599998,0.022913083000048573,0.7986203827325322,0.8536831483350151,0.40468018942320666,0.4999970729936835,B
facebook,mog_adapted,MoG-adapted,5,0.6,0.9099295659065711,0.9119902166001366,0.9129951045838897,0.8871595330739299,6.92782966599998,0.02627266700005748,0.7179795282599021,0.7854019508913556,0.31787284499455987,0.3999988291974734,B
facebook,mog_adapted,MoG-adapted,5,0.7,0.903494977798578,0.9028444790870312,0.9083222073876279,0.8698363211223694,6.92782966599998,0.015252916000008554,0.6076546506453049,0.6750756811301716,0.22867036352006018,0.3000005854012633,B
facebook,mog_adapted,MoG-adapted,5,0.8,0.8934569621741127,0.8925346537951167,0.8987538940809969,0.8585365853658536,6.92782966599998,0.014310499999965032,0.4688918558077437,0.5270770265724857,0.14351371783366187,0.20000234160505317,B
facebook,mog_adapted,MoG-adapted,5,0.9,0.8989869106179869,0.8875784148340458,0.9025367156208278,0.8745128604832424,6.92782966599998,0.013315625000132059,0.28371161548731644,0.300033636057854,0.05518513493818121,0.09999824379621011,B
facebook,mog_adapted,MoG-adapted,6,0.1,0.9335341248988459,0.9262041666477727,0.9370271473075211,0.9076923076923077,6.974215665999964,0.02284549999990304,0.9622162883845127,0.8967373023881601,0.8856162166075816,0.9000017562037899,B
facebook,mog_adapted,MoG-adapted,6,0.2,0.9218121135105156,0.9182814223279913,0.926791277258567,0.8873456790123457,6.974215665999964,0.09451708300002792,0.9155318202047174,0.8257652203161789,0.8037933174283919,0.7999976583949469,B
facebook,mog_adapted,MoG-adapted,6,0.3,0.9145935830273585,0.908083949083615,0.9203382287494437,0.8768627450980392,6.974215665999964,0.04371508300005189,0.859190031152648,0.7595021863437605,0.7433000801337599,0.6999994145987367,B
facebook,mog_adapted,MoG-adapted,6,0.4,0.9062384632570942,0.9008596375220996,0.9116599910992434,0.8717545239968528,6.974215665999964,0.019260290999909557,0.7932799287939475,0.682811974436596,0.6845222139529719,0.6000011708025266,B
facebook,mog_adapted,MoG-adapted,6,0.5,0.8974616383006436,0.894008224546153,0.9027592345349355,0.8630245447347585,6.974215665999964,0.018412208999961877,0.7165109034267912,0.5933400605449042,0.5643448757127352,0.4999970729936835,B
facebook,mog_adapted,MoG-adapted,6,0.6,0.8907570155106597,0.8914584152813778,0.8963061860258122,0.8533333333333334,6.974215665999964,0.017218083999978262,0.6309746328437917,0.5042045072317525,0.43562272284005976,0.3999988291974734,B
facebook,mog_adapted,MoG-adapted,6,0.7,0.8845471030194889,0.884388695319804,0.8896306186025812,0.8490566037735849,6.974215665999964,0.01614020899978641,0.5419670672007121,0.40026908846283216,0.2850206922846288,0.3000005854012633,B
facebook,mog_adapted,MoG-adapted,6,0.8,0.8824742126493104,0.8832347654504402,0.8885180240320427,0.8410174880763116,6.974215665999964,0.01526816699970368,0.426212728081887,0.2737975109317188,0.15018124935882032,0.20000234160505317,B
facebook,mog_adapted,MoG-adapted,6,0.9,0.8836436380360139,0.8818777248669198,0.8914107699154428,0.831973898858075,6.974215665999964,0.014305416999832232,0.2810858923008456,0.1305079044735957,0.061949764879129114,0.09999824379621011,B
facebook,mog_adapted,MoG-adapted,7,0.1,0.9424302559459516,0.9336249753873456,0.9445927903871829,0.9248291571753986,6.860503083000367,0.023172457999862672,0.9921228304405875,0.9939455095862765,0.9741066088011885,0.9000017562037899,B
facebook,mog_adapted,MoG-adapted,7,0.2,0.9373674747709998,0.9281143822121809,0.9394748553627058,0.9202733485193622,6.860503083000367,0.029302584000106435,0.9686248331108144,0.9693911873528422,0.9315120857728061,0.7999976583949469,B
facebook,mog_adapted,MoG-adapted,7,0.3,0.9318930302412948,0.9225235746706992,0.9345794392523364,0.9109062980030722,6.860503083000367,0.02074991700010287,0.9263462394303515,0.9165825765220316,0.8781071355261156,0.6999994145987367,B
facebook,mog_adapted,MoG-adapted,7,0.4,0.9191409896437956,0.9121178291499455,0.9227859368046284,0.8914728682170543,6.860503083000367,0.019761166000080266,0.8741878059635069,0.8513286242852338,0.8227278165932692,0.6000011708025266,B
facebook,mog_adapted,MoG-adapted,7,0.5,0.9152900490399272,0.9093795014365871,0.9190031152647975,0.8864864864864865,6.860503083000367,0.018675708000046143,0.8104138851802403,0.7726202489068281,0.7591920766911421,0.4999970729936835,B
facebook,mog_adapted,MoG-adapted,7,0.6,0.9067653720331431,0.8996465353849173,0.910547396528705,0.8791377983063895,6.860503083000367,0.02503275000026406,0.7261682242990655,0.6656575849310461,0.6839072744355236,0.3999988291974734,B
facebook,mog_adapted,MoG-adapted,7,0.7,0.8961553671175266,0.8913302066307763,0.9005340453938585,0.8658346333853354,6.860503083000367,0.016542875000141066,0.6239430351579884,0.5401950891355534,0.5799132280000374,0.3000005854012633,B
facebook,mog_adapted,MoG-adapted,7,0.8,0.8926077327608911,0.8894489982094635,0.8974187805963507,0.8589243959469992,6.860503083000367,0.015821915999822522,0.5093012906097019,0.41372351160444,0.33512427072064965,0.20000234160505317,B
facebook,mog_adapted,MoG-adapted,7,0.9,0.8986317910201963,0.8825727937434658,0.9023141967067201,0.8737092930897538,6.860503083000367,0.02153695900005914,0.3321317311971518,0.21728893373696603,0.12276669779149604,0.09999824379621011,B
facebook,mog_adapted,MoG-adapted,8,0.1,0.9404643238038417,0.9345906052289525,0.9441477525589675,0.9134466769706336,6.905707791000168,0.022947208000005048,0.9809523809523809,0.9673730238816011,0.9290522250077027,0.9000017562037899,B
facebook,mog_adapted,MoG-adapted,8,0.2,0.9311510483192532,0.9276958791632577,0.9359145527369827,0.896124031007752,6.905707791000168,0.0218370830002641,0.9393413440142412,0.87924655230407,0.8611146560246827,0.7999976583949469,B
facebook,mog_adapted,MoG-adapted,8,0.3,0.9222453570388056,0.9222045471760955,0.9274588340008901,0.8840125391849529,6.905707791000168,0.020819958000174665,0.8852247441032488,0.777665657584931,0.7954103506048207,0.6999994145987367,B
facebook,mog_adapted,MoG-adapted,8,0.4,0.9101073376698662,0.9113232466697461,0.9165554072096128,0.8643533123028391,6.905707791000168,0.019617708000168932,0.8220738762794838,0.6670030272452069,0.7234592948564108,0.6000011708025266,B
facebook,mog_adapted,MoG-adapted,8,0.5,0.9016581394217594,0.9011999642183881,0.9085447263017357,0.8528717545239969,6.905707791000168,0.018621791999976267,0.7550511793502448,0.5617221661621258,0.6494367720060554,0.4999970729936835,B
facebook,mog_adapted,MoG-adapted,8,0.6,0.8924975783109315,0.8946198421500595,0.8998664886515354,0.8411214953271028,6.905707791000168,0.0176999169998453,0.6777926123720516,0.46249579549276826,0.5000323484842922,0.3999988291974734,B
facebook,mog_adapted,MoG-adapted,8,0.7,0.8853335004023751,0.8897686194465373,0.8925233644859814,0.8365079365079365,6.905707791000168,0.016656042000249727,0.5896306186025813,0.36663303060881264,0.36153545059662645,0.3000005854012633,B
facebook,mog_adapted,MoG-adapted,8,0.8,0.8877314789331228,0.8912739720884921,0.8925233644859814,0.8546739984289081,6.905707791000168,0.023848959000133618,0.47414330218068534,0.2330978809283552,0.18866518720602332,0.20000234160505317,B
facebook,mog_adapted,MoG-adapted,8,0.9,0.8916311448354213,0.8876686234163226,0.8960836671117045,0.8609375,6.905707791000168,0.014670625000235304,0.3040943480195817,0.10797174571140263,0.06729026118748954,0.09999824379621011,B
facebook,mog_adapted,MoG-adapted,9,0.1,0.9264511025166482,0.9307662807680726,0.9310191366266133,0.8914549653579676,6.883241500000167,0.02333600000019942,0.8751223854027592,0.7080390178271107,0.9231938683423129,0.9000017562037899,B
facebook,mog_adapted,MoG-adapted,9,0.2,0.9160542610169519,0.916229456502066,0.9216733422340899,0.8736517719568567,6.883241500000167,0.022285540999746445,0.7885625278148642,0.5264043054154053,0.7808130338230682,0.7999976583949469,B
facebook,mog_adapted,MoG-adapted,9,0.3,0.9047751584103578,0.9092293630592733,0.9125500667556742,0.848012470771629,6.883241500000167,0.021295583000210172,0.720605251446373,0.41035990581903803,0.6406978118896929,0.6999994145987367,B
facebook,mog_adapted,MoG-adapted,9,0.4,0.8983755398429609,0.9051401443558253,0.9065420560747663,0.8393700787401575,6.883241500000167,0.020653166999636596,0.6711615487316422,0.33097880928355194,0.4522591577010462,0.6000011708025266,B
facebook,mog_adapted,MoG-adapted,9,0.5,0.8921962268820132,0.9038766888364271,0.9012016021361816,0.8283464566929134,6.883241500000167,0.019096459000138566,0.6148197596795728,0.27615203498150015,0.30324312784244084,0.4999970729936835,B
facebook,mog_adapted,MoG-adapted,9,0.6,0.8862313396861419,0.9013547087821684,0.8958611481975968,0.8188235294117647,6.883241500000167,0.018031459000212635,0.5512683578104138,0.2256979482004709,0.15555411394526286,0.3999988291974734,B
facebook,mog_adapted,MoG-adapted,9,0.7,0.8845086566505225,0.8981696944756251,0.8938584779706275,0.8204309656823623,6.883241500000167,0.01706579099982264,0.4684913217623498,0.17692566431214263,0.07295442743975737,0.3000005854012633,B
facebook,mog_adapted,MoG-adapted,9,0.8,0.8800913650363186,0.896729518483526,0.8894080996884736,0.8165869218500797,6.883241500000167,0.01759929199988619,0.36577659101023585,0.12680793810965355,0.034794146699548015,0.20000234160505317,B
facebook,mog_adapted,MoG-adapted,9,0.9,0.8843253759285195,0.8927185097782242,0.8914107699154428,0.8355416991426344,6.883241500000167,0.01507083300020895,0.2432131731197152,0.06458123107971746,0.013432159059185012,0.09999824379621011,B
facebook,psgnn_reimpl,PSGNN-reimpl,0,0.1,0.9193449459523931,0.9268204286289137,0.9230084557187361,0.8943606036536934,1.904129542000021,0.027897125000009737,0.9501557632398754,0.8984191052808611,0.823569353312663,0.9000017562037899,B
facebook,psgnn_reimpl,PSGNN-reimpl,0,0.2,0.9077204433796344,0.9198142770570006,0.9123275478415666,0.8768,1.904129542000021,0.034273708000000624,0.8954606141522029,0.8062563067608476,0.748252150686678,0.7999976583949469,B
facebook,psgnn_reimpl,PSGNN-reimpl,0,0.3,0.9016362317440866,0.9111722749502862,0.9076546506453048,0.8608205953338697,1.904129542000021,0.03187837499999091,0.8361370716510903,0.7278842919609821,0.6633221022022252,0.6999994145987367,B
facebook,psgnn_reimpl,PSGNN-reimpl,0,0.4,0.8957041772496056,0.9046746812949048,0.9023141967067201,0.8512,1.904129542000021,0.0246368329999882,0.7662216288384512,0.6434577867473932,0.5581952237999769,0.6000011708025266,B
facebook,psgnn_reimpl,PSGNN-reimpl,0,0.5,0.8941672371349294,0.9053813484447713,0.9012016021361816,0.846215139442231,1.904129542000021,0.023378625000020747,0.6888295505117935,0.5650857719475277,0.44368199404589603,0.4999970729936835,B
facebook,psgnn_reimpl,PSGNN-reimpl,0,0.6,0.8916987481574112,0.898233406174693,0.8978638184245661,0.8502802241793435,1.904129542000021,0.02296962500000177,0.6027147307521139,0.47561385805583584,0.23491713952243548,0.3999988291974734,B
facebook,psgnn_reimpl,PSGNN-reimpl,0,0.7,0.8922832002051635,0.9009164567869081,0.8976412995104583,0.8555555555555555,1.904129542000021,0.021648040999991736,0.49247886070315977,0.3753784056508577,0.07793888552612825,0.3000005854012633,B
facebook,psgnn_reimpl,PSGNN-reimpl,0,0.8,0.8823496099523344,0.8957952787697534,0.8889630618602581,0.8374699759807847,1.904129542000021,0.020520457999992914,0.3649755229194481,0.2472250252270434,0.021847486940074358,0.20000234160505317,B
facebook,psgnn_reimpl,PSGNN-reimpl,0,0.9,0.8843621380222971,0.8951891558893725,0.8902981753449043,0.8443735035913806,1.904129542000021,0.019414082999986704,0.1048064085447263,0.1163807601749075,0.005049197049456452,0.09999824379621011,B
facebook,psgnn_reimpl,PSGNN-reimpl,1,0.1,0.9250307073320857,0.9267933697215175,0.9296840231419671,0.8925490196078432,2.335612167000022,0.02995620800004417,0.9516243880729862,0.8997645475950219,0.8115289443641482,0.9000017562037899,B
facebook,psgnn_reimpl,PSGNN-reimpl,1,0.2,0.9166915728771388,0.917528421937954,0.9225634178905207,0.8751974723538705,2.335612167000022,0.0353397500000483,0.8965732087227415,0.8227379751093172,0.7238476885195687,0.7999976583949469,B
facebook,psgnn_reimpl,PSGNN-reimpl,1,0.3,0.906005358968632,0.9116638429020656,0.9125500667556742,0.860062893081761,2.335612167000022,0.03310770899997806,0.8372496662216289,0.7537840565085772,0.6503430581185272,0.6999994145987367,B
facebook,psgnn_reimpl,PSGNN-reimpl,1,0.4,0.901750122964851,0.9096621274447797,0.9083222073876279,0.8562401263823065,2.335612167000022,0.06775662500001545,0.769826435246996,0.6868483013790784,0.5699442861534681,0.6000011708025266,B
facebook,psgnn_reimpl,PSGNN-reimpl,1,0.5,0.8900302657256262,0.9048042600348358,0.8969737427681352,0.8412698412698413,2.335612167000022,0.038861708000013095,0.6975077881619938,0.615539858728557,0.4274339528480675,0.4999970729936835,B
facebook,psgnn_reimpl,PSGNN-reimpl,1,0.6,0.8900919628288579,0.9012681688613836,0.8967512238540276,0.8446215139442231,2.335612167000022,0.031231415999968704,0.6204717400979083,0.5435586949209552,0.20235628205987286,0.3999988291974734,B
facebook,psgnn_reimpl,PSGNN-reimpl,1,0.7,0.8825523600846363,0.89605560400689,0.8896306186025812,0.8353413654618473,2.335612167000022,0.12070408299996416,0.5211392968402314,0.44735956945845945,0.09664681316288766,0.3000005854012633,B
facebook,psgnn_reimpl,PSGNN-reimpl,1,0.8,0.8850427817299866,0.8957066552073881,0.8907432131731197,0.8470776621297038,2.335612167000022,0.03924175000008745,0.39603916332888295,0.3212243525058863,0.04240031015066126,0.20000234160505317,B
facebook,psgnn_reimpl,PSGNN-reimpl,1,0.9,0.883468733556712,0.894837210124378,0.8896306186025812,0.8436482084690554,2.335612167000022,0.028345667000053254,0.17200712060525145,0.18264379414732593,0.010842826786367435,0.09999824379621011,B
facebook,psgnn_reimpl,PSGNN-reimpl,2,0.1,0.9227916616577478,0.9244366585065449,0.9259012016021362,0.8987915407854985,2.3792784999998275,0.06222491700009414,0.9568758344459279,0.9118735284224689,0.8840949909776615,0.9000017562037899,B
facebook,psgnn_reimpl,PSGNN-reimpl,2,0.2,0.9103966954231381,0.9201864600172188,0.9145527369826435,0.8803088803088803,2.3792784999998275,0.028817207999964012,0.9041388518024032,0.8358560376723848,0.8159955741857742,0.7999976583949469,B
facebook,psgnn_reimpl,PSGNN-reimpl,2,0.3,0.9078677524260987,0.9149344554024972,0.9127725856697819,0.8734375,2.3792784999998275,0.02590620800015131,0.8445927903871829,0.7645475950218634,0.7491907858218613,0.6999994145987367,B
facebook,psgnn_reimpl,PSGNN-reimpl,2,0.4,0.9048787177801265,0.9097512310307441,0.9096573208722741,0.870992963252541,2.3792784999998275,0.02476504100013699,0.7761904761904762,0.7063572149344097,0.671413722430773,0.6000011708025266,B
facebook,psgnn_reimpl,PSGNN-reimpl,2,0.5,0.8983192637128328,0.9044782811897721,0.9034267912772586,0.8613707165109035,2.3792784999998275,0.023523124999883294,0.6876724521584334,0.629330642448705,0.5683259621077585,0.4999970729936835,B
facebook,psgnn_reimpl,PSGNN-reimpl,2,0.6,0.8974429127852048,0.8979777238807151,0.9020916777926123,0.863849765258216,2.3792784999998275,0.0307789580001554,0.5959056519804183,0.5274133871510259,0.42947304525347396,0.3999988291974734,B
facebook,psgnn_reimpl,PSGNN-reimpl,2,0.7,0.8866082680068019,0.893610976969972,0.8931909212283045,0.8405341712490181,2.3792784999998275,0.02814475000013772,0.4882510013351135,0.40026908846283216,0.2047190444091867,0.3000005854012633,B
facebook,psgnn_reimpl,PSGNN-reimpl,2,0.8,0.8890227400134014,0.8939724868779858,0.894971072541166,0.8478260869565217,2.3792784999998275,0.02112899999997353,0.20378282153983088,0.2731247897746384,0.03964914451050419,0.20000234160505317,B
facebook,psgnn_reimpl,PSGNN-reimpl,2,0.9,0.893117609087353,0.8921165223709475,0.8978638184245661,0.8607395751376868,2.3792784999998275,0.027329416999918976,0.11299510458388963,0.13319878910191726,0.006958829179448181,0.09999824379621011,B
facebook,psgnn_reimpl,PSGNN-reimpl,3,0.1,0.9181557756229163,0.9208640265250606,0.9221183800623053,0.889937106918239,2.165757458999906,0.027779332999898543,0.9277703604806409,0.8684830137907837,0.7378301171315279,0.9000017562037899,B
facebook,psgnn_reimpl,PSGNN-reimpl,3,0.2,0.9058602619039966,0.9058378105062899,0.9109924343569203,0.8717131474103585,2.165757458999906,0.033952708000015264,0.8587449933244325,0.7450386814665321,0.6348394552243031,0.7999976583949469,B
facebook,psgnn_reimpl,PSGNN-reimpl,3,0.3,0.8950196282724046,0.9021897084794226,0.8998664886515354,0.8637450199203187,2.165757458999906,0.028689375000112705,0.7990654205607477,0.6680121089808274,0.4965691031909276,0.6999994145987367,B
facebook,psgnn_reimpl,PSGNN-reimpl,3,0.4,0.8936696906940687,0.9002310113554755,0.8978638184245661,0.866877971473851,2.165757458999906,0.024669915999993464,0.7475300400534045,0.6098217288933737,0.3543176904363564,0.6000011708025266,B
facebook,psgnn_reimpl,PSGNN-reimpl,3,0.5,0.8947760147324888,0.8931501278502088,0.89942145082332,0.8646080760095012,2.165757458999906,0.02475424999988718,0.6790832220738763,0.5529767911200807,0.23721515247867134,0.4999970729936835,B
facebook,psgnn_reimpl,PSGNN-reimpl,3,0.6,0.8924296458606621,0.895022135438696,0.8976412995104583,0.8573692551505546,2.165757458999906,0.022555209000074683,0.6031597685803294,0.493104608139926,0.15468021536624385,0.3999988291974734,B
facebook,psgnn_reimpl,PSGNN-reimpl,3,0.7,0.8893556977366258,0.891007249335994,0.8943035157988429,0.8569157392686805,2.165757458999906,0.02294387500000994,0.5040943480195816,0.4117053481331988,0.09279518062482209,0.3000005854012633,B
facebook,psgnn_reimpl,PSGNN-reimpl,3,0.8,0.890789849153732,0.8949544567451614,0.8958611481975968,0.8569182389937107,2.165757458999906,0.02044512499992379,0.3789942145082332,0.3067608476286579,0.04858233996918701,0.20000234160505317,B
facebook,psgnn_reimpl,PSGNN-reimpl,3,0.9,0.8911228399025917,0.8928607987996652,0.8965287049399199,0.8557768924302789,2.165757458999906,0.020154167000100642,0.22185135736537606,0.16481668348469558,0.013917658358896362,0.09999824379621011,B
facebook,psgnn_reimpl,PSGNN-reimpl,4,0.1,0.9110341063286113,0.9172719704710786,0.9165554072096128,0.8727556596409055,2.0435324580000724,0.027824167000062516,0.9149532710280374,0.8129835183316515,0.6663322044393539,0.9000017562037899,B
facebook,psgnn_reimpl,PSGNN-reimpl,4,0.2,0.8978594800961698,0.9119771374676499,0.9029817534490432,0.8627145085803433,2.0435324580000724,0.026840875000061715,0.8492656875834446,0.6969391187352842,0.557677331350663,0.7999976583949469,B
facebook,psgnn_reimpl,PSGNN-reimpl,4,0.3,0.8942448711442677,0.9122344376591071,0.8998664886515354,0.85625,2.0435324580000724,0.03326383400008126,0.795549621717846,0.6259670366633031,0.47009317392187283,0.6999994145987367,B
facebook,psgnn_reimpl,PSGNN-reimpl,4,0.4,0.8939782021508619,0.9016866868775067,0.8987538940809969,0.8618012422360248,2.0435324580000724,0.0246247919999405,0.740231419670672,0.5634039690548268,0.3863930301461442,0.6000011708025266,B
facebook,psgnn_reimpl,PSGNN-reimpl,4,0.5,0.8938912855321385,0.8997966016443304,0.8976412995104583,0.8681318681318682,2.0435324580000724,0.023701374999973268,0.6763684913217624,0.5079044735956946,0.29405099899601483,0.4999970729936835,B
facebook,psgnn_reimpl,PSGNN-reimpl,4,0.6,0.894749504998852,0.8974898748049511,0.8991989319092123,0.8639240506329114,2.0435324580000724,0.02247558400017624,0.6016466399643969,0.4429868819374369,0.16286897252132235,0.3999988291974734,B
facebook,psgnn_reimpl,PSGNN-reimpl,4,0.7,0.8888257323144593,0.8988338146125678,0.8934134401424121,0.8569206842923794,2.0435324580000724,0.022146125000062966,0.5107699154428127,0.3703329969727548,0.07923355246484415,0.3000005854012633,B
facebook,psgnn_reimpl,PSGNN-reimpl,4,0.8,0.8897084243986343,0.8975490688392269,0.8947485536270583,0.8540202966432474,2.0435324580000724,0.02125391699996726,0.38535825545171337,0.2859064917591658,0.02537545274346096,0.20000234160505317,B
facebook,psgnn_reimpl,PSGNN-reimpl,4,0.9,0.8871941757965351,0.8985701717463009,0.8920783266577659,0.85423197492163,2.0435324580000724,0.019681875000060245,0.2266132621272808,0.15102589976454758,0.007217762567191361,0.09999824379621011,B
facebook,psgnn_reimpl,PSGNN-reimpl,5,0.1,0.920157601329838,0.9178784957567235,0.9265687583444593,0.8747007182761373,2.0732452500001273,0.027727000000140833,0.8990209167779262,0.7961654894046418,0.30738606204633173,0.9000017562037899,B
facebook,psgnn_reimpl,PSGNN-reimpl,5,0.2,0.9097056625155567,0.904847061817937,0.9174454828660437,0.8566853482786229,2.0732452500001273,0.026780042000154936,0.8285714285714286,0.6710393541876892,0.14762427734101377,0.7999976583949469,B
facebook,psgnn_reimpl,PSGNN-reimpl,5,0.3,0.9011280631339881,0.9035653114443581,0.9094348019581664,0.8443017656500803,2.0732452500001273,0.02577162500006125,0.7638629283489097,0.5704675412041709,0.09651734646901608,0.6999994145987367,B
facebook,psgnn_reimpl,PSGNN-reimpl,5,0.4,0.9010239608480055,0.90181765818956,0.9085447263017357,0.8486789431545236,2.0732452500001273,0.024385375000065324,0.6956386292834891,0.48368651194080053,0.06829362646038013,0.6000011708025266,B
facebook,psgnn_reimpl,PSGNN-reimpl,5,0.5,0.8988461353989237,0.8946953295713227,0.9049844236760125,0.8562351072279587,2.0732452500001273,0.023714334000032977,0.6226524254561637,0.4110326269761184,0.04893837177271966,0.4999970729936835,B
facebook,psgnn_reimpl,PSGNN-reimpl,5,0.6,0.898441997092759,0.8952099707907691,0.9038718291054739,0.861244019138756,2.0732452500001273,0.02242762500009121,0.5383622607921673,0.3343424150689539,0.03197824771245516,0.3999988291974734,B
facebook,psgnn_reimpl,PSGNN-reimpl,5,0.7,0.9012626414516856,0.8943094944777756,0.9056519804183356,0.8709422011084719,2.0732452500001273,0.021675666000191995,0.4435692033822875,0.2519340733266061,0.019258156271871003,0.3000005854012633,B
facebook,psgnn_reimpl,PSGNN-reimpl,5,0.8,0.9004139624551962,0.8940164504379332,0.9036493101913663,0.878010878010878,2.0732452500001273,0.02042875000006461,0.33493546951490877,0.17591658257652204,0.010389694160123981,0.20000234160505317,B
facebook,psgnn_reimpl,PSGNN-reimpl,5,0.9,0.8993767380310805,0.8920637090836763,0.9032042723631508,0.8728414442700158,2.0732452500001273,0.019374250000055326,0.19559412550066757,0.08274470232088799,0.0034955979264580392,0.09999824379621011,B
facebook,psgnn_reimpl,PSGNN-reimpl,6,0.1,0.9207314580375665,0.9173944998685135,0.926791277258567,0.8778565799842396,2.012228416000198,0.027734500000406115,0.9386292834890966,0.8550285906491759,0.7381214123788964,0.9000017562037899,B
facebook,psgnn_reimpl,PSGNN-reimpl,6,0.2,0.9077855471888464,0.9122173957396412,0.914997774810859,0.8573680063041765,2.012228416000198,0.026742832999843813,0.8877614597240765,0.7722838883282879,0.6647462294163559,0.7999976583949469,B
facebook,psgnn_reimpl,PSGNN-reimpl,6,0.3,0.903114862310832,0.9065518436515032,0.9096573208722741,0.8582739509105305,2.012228416000198,0.025821332999839797,0.8332443257676903,0.7066935755129499,0.5957081774892852,0.6999994145987367,B
facebook,psgnn_reimpl,PSGNN-reimpl,6,0.4,0.897802744341247,0.9024464587342569,0.904539385847797,0.850592885375494,2.012228416000198,0.02477954200003296,0.7715175789942145,0.6485031954254962,0.52320688026885,0.6000011708025266,B
facebook,psgnn_reimpl,PSGNN-reimpl,6,0.5,0.8947953654318561,0.9008009822359564,0.901646639964397,0.8474842767295597,2.012228416000198,0.023439791000328114,0.6985758789497107,0.5832492431886983,0.4186625923613384,0.4999970729936835,B
facebook,psgnn_reimpl,PSGNN-reimpl,6,0.6,0.8886814036195155,0.8964362340640237,0.8960836671117045,0.8375394321766562,2.012228416000198,0.022565208000287384,0.6207387627948375,0.5099226370669357,0.22854089040773168,0.3999988291974734,B
facebook,psgnn_reimpl,PSGNN-reimpl,6,0.7,0.8866743139798641,0.8898046289115418,0.8934134401424121,0.8401253918495298,2.012228416000198,0.02142458300022554,0.5148197596795727,0.4147325933400605,0.09839461032092568,0.3000005854012633,B
facebook,psgnn_reimpl,PSGNN-reimpl,6,0.8,0.8864522272288744,0.8845064310971382,0.892745883400089,0.8444802578565673,2.012228416000198,0.02066179200028273,0.38589230084557186,0.3007063572149344,0.036865610592265015,0.20000234160505317,B
facebook,psgnn_reimpl,PSGNN-reimpl,6,0.9,0.8902864189348663,0.8856905895852016,0.8956386292834891,0.8544,2.012228416000198,0.019426792000103887,0.13822874944370273,0.15607130844265052,0.009192128044118885,0.09999824379621011,B
facebook,psgnn_reimpl,PSGNN-reimpl,7,0.1,0.9213906062692849,0.9137688074547898,0.9279038718291055,0.875,2.036585332999948,0.027689459000157512,0.9049399198931909,0.8055835856037672,0.4602213818387481,0.9000017562037899,B
facebook,psgnn_reimpl,PSGNN-reimpl,7,0.2,0.9116512901029643,0.9073459516351182,0.9183355585224744,0.8656,2.036585332999948,0.027019417000246904,0.8430796617712506,0.7029936091490078,0.21018900741141872,0.7999976583949469,B
facebook,psgnn_reimpl,PSGNN-reimpl,7,0.3,0.905959243219721,0.9004523813649661,0.9127725856697819,0.8589641434262948,2.036585332999948,0.02551629200024763,0.7816199376947041,0.6279852001345443,0.11260357195026156,0.6999994145987367,B
facebook,psgnn_reimpl,PSGNN-reimpl,7,0.4,0.9014552590772608,0.8963231390116354,0.9083222073876279,0.8555466879489226,2.036585332999948,0.024585832999946433,0.7174454828660436,0.5539858728557013,0.0772915520567703,0.6000011708025266,B
facebook,psgnn_reimpl,PSGNN-reimpl,7,0.5,0.9025825580270422,0.8950463945933538,0.9087672452158434,0.8608205953338697,2.036585332999948,0.02350991699995575,0.6461949265687583,0.48267743020517995,0.05366390288980425,0.4999970729936835,B
facebook,psgnn_reimpl,PSGNN-reimpl,7,0.6,0.8961588481957776,0.8948034440235807,0.9038718291054739,0.8437001594896332,2.036585332999948,0.024119374999827414,0.5640854472630173,0.4056508577194753,0.03547384523775964,0.3999988291974734,B
facebook,psgnn_reimpl,PSGNN-reimpl,7,0.7,0.8911464334992001,0.8922289126757303,0.8985313751668892,0.8400315208825847,2.036585332999948,0.02141833400037285,0.46568758344459277,0.32795156407669024,0.020973588361055347,0.3000005854012633,B
facebook,psgnn_reimpl,PSGNN-reimpl,7,0.8,0.8914472652037487,0.8897807800746552,0.897196261682243,0.8521739130434782,2.036585332999948,0.020481624999774795,0.3512238540275923,0.23208879919273462,0.01077809343943164,0.20000234160505317,B
facebook,psgnn_reimpl,PSGNN-reimpl,7,0.9,0.8973692561194531,0.8892238832842047,0.9023141967067201,0.863961813842482,2.036585332999948,0.01962058299977798,0.20489541611036938,0.11436259670366633,0.0034955979264580392,0.09999824379621011,B
facebook,psgnn_reimpl,PSGNN-reimpl,8,0.1,0.9209684086310009,0.9156924752717298,0.9279038718291055,0.8737092930897538,2.0116686249998565,0.02838499999961641,0.9092567868268803,0.8018836192398251,0.5603637893177118,0.9000017562037899,B
facebook,psgnn_reimpl,PSGNN-reimpl,8,0.2,0.9145418025056756,0.907375024662921,0.9210057854917668,0.8706070287539937,2.0116686249998565,0.034402624999984255,0.839563862928349,0.6834846955936764,0.3469704571637579,0.7999976583949469,B
facebook,psgnn_reimpl,PSGNN-reimpl,8,0.3,0.9091435552178669,0.899156381166246,0.915665331553182,0.8643933386201428,2.0116686249998565,0.02571933400031412,0.7756564307966177,0.5886310124453414,0.1453909881040284,0.6999994145987367,B
facebook,psgnn_reimpl,PSGNN-reimpl,8,0.4,0.9027504156740265,0.8948104817003325,0.9083222073876279,0.86512370311253,2.0116686249998565,0.024735208000038256,0.7026702269692924,0.49915909855364954,0.07382832601877638,0.6000011708025266,B
facebook,psgnn_reimpl,PSGNN-reimpl,8,0.5,0.9018087576286827,0.895457469843578,0.9067645749888741,0.8673946957878315,2.0116686249998565,0.023852957999679347,0.6262572318647085,0.4177598385469223,0.044860174124993026,0.4999970729936835,B
facebook,psgnn_reimpl,PSGNN-reimpl,8,0.6,0.9032466036434617,0.8927903061244327,0.9078771695594126,0.8711943793911007,2.0116686249998565,0.02253641700008302,0.540809968847352,0.34678775647494114,0.02790005006472852,0.3999988291974734,B
facebook,psgnn_reimpl,PSGNN-reimpl,8,0.7,0.9000736129566231,0.8899630020114049,0.9054294615042279,0.863849765258216,2.0116686249998565,0.021497082999758277,0.4439252336448598,0.2616885301042718,0.0169924907337324,0.3000005854012633,B
facebook,psgnn_reimpl,PSGNN-reimpl,8,0.8,0.9010474370179824,0.8914470841233362,0.9054294615042279,0.871517027863777,2.0116686249998565,0.020621249999749125,0.32607921673342233,0.18129835183316514,0.009062661350247296,0.20000234160505317,B
facebook,psgnn_reimpl,PSGNN-reimpl,8,0.9,0.8995204937144838,0.8890661833072063,0.9032042723631508,0.8750981932443048,2.0116686249998565,0.019564290999824152,0.09448153093012907,0.07904473595694585,0.0033013980862274324,0.09999824379621011,B
facebook,psgnn_reimpl,PSGNN-reimpl,9,0.1,0.9162429243584267,0.9160642112871407,0.9241210502892746,0.8614649681528662,1.9804709999998522,0.02757274999976289,0.8968402314196706,0.7904473595694584,0.33111080962908723,0.9000017562037899,B
facebook,psgnn_reimpl,PSGNN-reimpl,9,0.2,0.9030318542293956,0.9077880475374588,0.9127725856697819,0.8358445678033307,1.9804709999998522,0.026634667000053014,0.8118825100133511,0.6273124789774639,0.11561366135047647,0.7999976583949469,B
facebook,psgnn_reimpl,PSGNN-reimpl,9,0.3,0.8973989891682064,0.9026477963775064,0.9067645749888741,0.8326724821570183,1.9804709999998522,0.025592375000087486,0.7432576769025367,0.5203498150016818,0.07237182410810677,0.6999994145987367,B
facebook,psgnn_reimpl,PSGNN-reimpl,9,0.4,0.891477920881311,0.9015206733700432,0.8996439697374277,0.8349056603773585,1.9804709999998522,0.024667375000262837,0.6774810858923008,0.4382778338378742,0.049650438589013406,0.6000011708025266,B
facebook,psgnn_reimpl,PSGNN-reimpl,9,0.5,0.8881445872710183,0.8981818956726718,0.8978638184245661,0.8213716108452951,1.9804709999998522,0.02345533300012903,0.6081441922563418,0.37403296333669694,0.03427627992406166,0.4999970729936835,B
facebook,psgnn_reimpl,PSGNN-reimpl,9,0.6,0.8892369638349097,0.8976137628891581,0.897196261682243,0.8338557993730408,1.9804709999998522,0.023605040999882476,0.5288829550511793,0.30406996300033634,0.02343345233538711,0.3999988291974734,B
facebook,psgnn_reimpl,PSGNN-reimpl,9,0.7,0.8904680035642422,0.8983653321367719,0.8983088562527815,0.8351309707241911,1.9804709999998522,0.02151929100000416,0.4331108144192256,0.23477968382105618,0.015277057039933834,0.3000005854012633,B
facebook,psgnn_reimpl,PSGNN-reimpl,9,0.8,0.888842141272049,0.8979500095835549,0.8956386292834891,0.8421862971516552,1.9804709999998522,0.020580332999998063,0.2356475300400534,0.16078035654221326,0.008156395295453277,0.20000234160505317,B
facebook,psgnn_reimpl,PSGNN-reimpl,9,0.9,0.8881070318720328,0.8970576603126318,0.8956386292834891,0.8368462138953943,1.9804709999998522,0.019753249999666878,0.14063195371606588,0.07399932727884292,0.0032366647392916372,0.09999824379621011,B
github,gassip_adapted,GASSIP-adapted,0,0.1,0.810181973066594,0.8073118406223774,0.8640583554376657,0.7090547828555208,4.402918540999991,0.11006658300001959,0.9719893899204244,0.8567067353558481,0.8392296183617729,0.9000010380515081,B
github,gassip_adapted,GASSIP-adapted,0,0.2,0.806867816091954,0.8039225688183874,0.8628647214854112,0.7028735632183908,4.402918540999991,0.05534745799999996,0.9216180371352786,0.671055142148445,0.6823134613981496,0.7999986159313225,B
github,gassip_adapted,GASSIP-adapted,0,0.3,0.8048369332157674,0.8022064227121339,0.8625994694960212,0.6986620127981384,4.402918540999991,0.044770292000009704,0.8699204244031831,0.5310055332951726,0.5441806295333601,0.6999996539828306,B
github,gassip_adapted,GASSIP-adapted,0,0.4,0.8033973261634364,0.8001518489879718,0.8616710875331565,0.6963609898107714,4.402918540999991,0.04190312499997617,0.8260212201591512,0.4426636138141576,0.4256162034980842,0.6000006920343387,B
github,gassip_adapted,GASSIP-adapted,0,0.5,0.8023968922437874,0.8014910744640911,0.8595490716180372,0.6961262553802009,4.402918540999991,0.044163375000039196,0.7853050397877984,0.37988933409654646,0.32625141107139843,0.49999826991415314,B
github,gassip_adapted,GASSIP-adapted,0,0.6,0.7955595914982347,0.7986659677372678,0.8550397877984085,0.6852864958249352,4.402918540999991,0.043588542000009056,0.7387002652519894,0.3276092348788399,0.2310739414491043,0.39999930796566124,B
github,gassip_adapted,GASSIP-adapted,0,0.7,0.7877787722379073,0.7933532348377521,0.8522546419098144,0.6708037825059102,4.402918540999991,0.04962074999997412,0.6861273209549071,0.27647395535203206,0.15459649102958334,0.30000034601716935,B
github,gassip_adapted,GASSIP-adapted,0,0.8,0.7855965029750992,0.7882878359961893,0.8488063660477454,0.669181659895531,4.402918540999991,0.034223333999989336,0.6111936339522547,0.22304903644342683,0.09327416744064725,0.20000138406867748,B
github,gassip_adapted,GASSIP-adapted,0,0.9,0.7838501943972627,0.7897867757640642,0.846551724137931,0.6674331704512791,4.402918540999991,0.044845749999979034,0.476631299734748,0.14253005151688608,0.048237055489482664,0.09999896194849188,B
github,gassip_adapted,GASSIP-adapted,1,0.1,0.8029334616243275,0.8041076779952575,0.8622015915119363,0.6948604992657856,4.526914915999896,0.17776487499986615,0.9802122015915119,0.9225338675825224,0.8256447358565024,0.9000010380515081,B
github,gassip_adapted,GASSIP-adapted,1,0.2,0.8043355955863145,0.8064318717115885,0.8619363395225464,0.6981733835894463,4.526914915999896,0.07041345799962073,0.9289655172413793,0.7534821598931501,0.6715716411878118,0.7999986159313225,B
github,gassip_adapted,GASSIP-adapted,1,0.3,0.8064838239081413,0.806286378328363,0.8612732095490716,0.703514739229025,4.526914915999896,0.04298579099986455,0.8681432360742706,0.5628696813585193,0.5439070127540577,0.6999996539828306,B
github,gassip_adapted,GASSIP-adapted,1,0.4,0.8011954623967135,0.8041155479257032,0.8595490716180372,0.6934876989869754,4.526914915999896,0.051031999999850086,0.8206100795755968,0.4459072696050372,0.43261086042215824,0.6000006920343387,B
github,gassip_adapted,GASSIP-adapted,1,0.5,0.7952614792055259,0.7982430926335491,0.8568965517241379,0.6829268292682927,4.526914915999896,0.04861104199972033,0.7784084880636605,0.3783629078420149,0.33582744592061786,0.49999826991415314,B
github,gassip_adapted,GASSIP-adapted,1,0.6,0.7893940240358395,0.7957054089504457,0.8525198938992042,0.6740914419695193,4.526914915999896,0.04729404199997589,0.7326259946949603,0.32074031673344783,0.24862009388961517,0.39999930796566124,B
github,gassip_adapted,GASSIP-adapted,1,0.7,0.7851250905762223,0.7947242559140576,0.8489389920424403,0.6680268143398426,4.526914915999896,0.04593974999988859,0.6781167108753315,0.2697958404884564,0.16621858884419938,0.30000034601716935,B
github,gassip_adapted,GASSIP-adapted,1,0.8,0.7842145815746029,0.7903103579699908,0.8486737400530504,0.6662766890903773,4.526914915999896,0.04338683400010268,0.609946949602122,0.2156077084525854,0.09758041383107631,0.20000138406867748,B
github,gassip_adapted,GASSIP-adapted,1,0.9,0.7797258376013791,0.7851989024662817,0.846551724137931,0.6583997638027753,4.526914915999896,0.034801374999915424,0.47551724137931034,0.13737836290784203,0.045667585805199064,0.09999896194849188,B
github,gassip_adapted,GASSIP-adapted,2,0.1,0.8107402626941258,0.8128493229616824,0.8660477453580901,0.7084295612009238,4.531743542000186,0.0636437080001997,0.9703713527851459,0.866056096164854,0.7827488285016962,0.9000010380515081,B
github,gassip_adapted,GASSIP-adapted,2,0.2,0.813286031698145,0.812626028343952,0.8680371352785146,0.7121781891813711,4.531743542000186,0.04481958399992436,0.9147480106100796,0.680022896393818,0.622715992463838,0.7999986159313225,B
github,gassip_adapted,GASSIP-adapted,2,0.3,0.8074830721992016,0.8109129927859707,0.8643236074270557,0.7028753993610224,4.531743542000186,0.04334275000019261,0.8584880636604775,0.5273802709406602,0.49577703130505213,0.6999996539828306,B
github,gassip_adapted,GASSIP-adapted,2,0.4,0.798932694415934,0.8014986757199432,0.8608753315649867,0.6873323397913562,4.531743542000186,0.051155166999706125,0.8106631299734748,0.4256821217324938,0.38917967953958077,0.6000006920343387,B
github,gassip_adapted,GASSIP-adapted,2,0.5,0.8015474933921858,0.8039477408466282,0.8607427055702918,0.6931618936294565,4.531743542000186,0.03924825000012788,0.769973474801061,0.35890097309673724,0.30171058789615435,0.49999826991415314,B
github,gassip_adapted,GASSIP-adapted,2,0.6,0.7956689739759943,0.8015955717671395,0.8559681697612732,0.6846689895470384,4.531743542000186,0.04678083399994648,0.7260742705570292,0.31387139858805574,0.2174771541556369,0.39999930796566124,B
github,gassip_adapted,GASSIP-adapted,2,0.7,0.7918460080523281,0.7976144649315219,0.8545092838196287,0.6776373787834263,4.531743542000186,0.03594720799992501,0.6776657824933687,0.2701774470520893,0.15690426598608542,0.30000034601716935,B
github,gassip_adapted,GASSIP-adapted,2,0.8,0.781802056118816,0.7895977056042167,0.8485411140583554,0.6611275964391692,4.531743542000186,0.04342175000010684,0.6091246684350132,0.22438465941614197,0.09264369703927755,0.20000138406867748,B
github,gassip_adapted,GASSIP-adapted,2,0.9,0.7829837677495577,0.7881566534338772,0.8461538461538461,0.6658986175115207,4.531743542000186,0.033104999999977736,0.4703713527851459,0.13585193665331044,0.04774933206120353,0.09999896194849188,B
github,gassip_adapted,GASSIP-adapted,3,0.1,0.8201038806844564,0.816222375317956,0.870026525198939,0.7253363228699552,4.517547458000081,0.05019245899984526,0.9806100795755969,0.9294027857279146,0.8255138660502905,0.9000010380515081,B
github,gassip_adapted,GASSIP-adapted,3,0.2,0.821213879319393,0.8148496719439287,0.8718832891246684,0.7260351673284174,4.517547458000081,0.04783587500014619,0.9292042440318302,0.7601602747567258,0.6647078540699496,0.7999986159313225,B
github,gassip_adapted,GASSIP-adapted,3,0.3,0.8147878941056256,0.8050434584348801,0.8688328912466844,0.7147389674069801,4.517547458000081,0.05376012500028082,0.866816976127321,0.5720282388857089,0.5320113395921167,0.6999996539828306,B
github,gassip_adapted,GASSIP-adapted,3,0.4,0.8128489698018244,0.8054980048200387,0.8660477453580901,0.7130681818181818,4.517547458000081,0.05064662499989936,0.8113793103448276,0.4422820072505247,0.4201798584898093,0.6000006920343387,B
github,gassip_adapted,GASSIP-adapted,3,0.5,0.8055426487389177,0.8002779844284129,0.8627320954907162,0.7000869313242538,4.517547458000081,0.04554845800021212,0.7691777188328912,0.3667239076512116,0.3271673892296084,0.49999826991415314,B
github,gassip_adapted,GASSIP-adapted,3,0.6,0.8006096062903498,0.7930810392336884,0.8603448275862069,0.6914737767360094,4.517547458000081,0.04991874999996071,0.7275596816976128,0.31883228391528334,0.24959554074617343,0.39999930796566124,B
github,gassip_adapted,GASSIP-adapted,3,0.7,0.7986659677372678,0.7924881988501056,0.8575596816976128,0.6897746967071057,4.517547458000081,0.0362787499998376,0.6756763925729443,0.2707498568975386,0.16893080895423832,0.30000034601716935,B
github,gassip_adapted,GASSIP-adapted,3,0.8,0.7985644874336841,0.7912344400542834,0.8547745358090185,0.6921563114984538,4.517547458000081,0.0345100409999759,0.5979840848806366,0.21160083953444,0.11029691661493594,0.20000138406867748,B
github,gassip_adapted,GASSIP-adapted,3,0.9,0.7909376334366895,0.787311907484948,0.8521220159151194,0.6778387749205432,4.517547458000081,0.0443955000000642,0.46122015915119363,0.14100362526235452,0.04448991291920758,0.09999896194849188,B
github,gassip_adapted,GASSIP-adapted,4,0.1,0.8147103297577216,0.8169112561816102,0.8680371352785146,0.7153075822603719,4.598725874999218,0.05065541600015422,0.9823872679045093,0.9255867200915856,0.8384326328428962,0.9000010380515081,B
github,gassip_adapted,GASSIP-adapted,4,0.2,0.812831881565666,0.8155369825015584,0.8679045092838197,0.711304347826087,4.598725874999218,0.05770316699999967,0.9306896551724138,0.7538637664567831,0.6967786353183574,0.7999986159313225,B
github,gassip_adapted,GASSIP-adapted,4,0.3,0.8126263894242084,0.8144703163891116,0.8657824933687003,0.7128263337116912,4.598725874999218,0.043156249999810825,0.8710079575596817,0.5800419767219996,0.5778811238054307,0.6999996539828306,B
github,gassip_adapted,GASSIP-adapted,4,0.4,0.8078641072261958,0.8124766839378238,0.8629973474801061,0.7049414453013425,4.598725874999218,0.04151291699963622,0.8158090185676392,0.45449341728677733,0.47215218628801797,0.6000006920343387,B
github,gassip_adapted,GASSIP-adapted,4,0.5,0.8053864574426683,0.8112214594757049,0.8602122015915119,0.7020915771622386,4.598725874999218,0.0404316670001208,0.7677188328912466,0.3747376454875024,0.3753449622100836,0.49999826991415314,B
github,gassip_adapted,GASSIP-adapted,4,0.6,0.8037778715950601,0.8087966376820059,0.8587533156498673,0.6999154691462384,4.598725874999218,0.037891874999331776,0.716976127320955,0.31310818546078995,0.28841119933706505,0.39999930796566124,B
github,gassip_adapted,GASSIP-adapted,4,0.7,0.8049044285178678,0.8008324056180001,0.8606100795755968,0.7006550840216462,4.598725874999218,0.036071999999876425,0.6484880636604774,0.25033390574317876,0.20637846651257263,0.30000034601716935,B
github,gassip_adapted,GASSIP-adapted,4,0.8,0.7988185931183975,0.7996403998885513,0.8562334217506631,0.6913439635535308,4.598725874999218,0.034428833000674786,0.5641644562334217,0.1995802327800038,0.12382232351652846,0.20000138406867748,B
github,gassip_adapted,GASSIP-adapted,4,0.9,0.7850551134112942,0.7923379156913872,0.8477453580901857,0.6689734717416378,4.598725874999218,0.032734958000219194,0.4450663129973475,0.13680595306239268,0.04736867231540711,0.09999896194849188,B
github,gassip_adapted,GASSIP-adapted,5,0.1,0.8057799425201808,0.8160551716711841,0.8627320954907162,0.7006074631183107,4.547264625000025,0.0495108330005678,0.9757559681697613,0.8897157031100935,0.8083483768082409,0.9000010380515081,B
github,gassip_adapted,GASSIP-adapted,5,0.2,0.8009708540728615,0.8144120325037302,0.8586206896551725,0.6938541068351523,4.547264625000025,0.046738416999687615,0.916657824933687,0.688990650639191,0.6471140686659916,0.7999986159313225,B
github,gassip_adapted,GASSIP-adapted,5,0.3,0.8005032561628422,0.8081729897221595,0.8584880636604775,0.6929496402877697,4.547264625000025,0.051564333999522205,0.8615384615384616,0.526426254531578,0.5169275586267588,0.6999996539828306,B
github,gassip_adapted,GASSIP-adapted,5,0.4,0.7949126852862317,0.806129420127295,0.8559681697612732,0.6830122591943958,4.547264625000025,0.05664024999987305,0.8197347480106101,0.4384659416141958,0.4062024218085399,0.6000006920343387,B
github,gassip_adapted,GASSIP-adapted,5,0.5,0.7975874412830455,0.8047327040386405,0.8570291777188329,0.6878980891719745,4.547264625000025,0.04908395799975551,0.7808488063660477,0.3743560389238695,0.3132256392916116,0.49999826991415314,B
github,gassip_adapted,GASSIP-adapted,5,0.6,0.7957054089504457,0.7987309463266685,0.8551724137931035,0.6854838709677419,4.547264625000025,0.04734308400020382,0.7353315649867374,0.32455638236977674,0.22667252580639513,0.39999930796566124,B
github,gassip_adapted,GASSIP-adapted,5,0.7,0.7845928206954187,0.7961677741320374,0.8489389920424403,0.6668616554548114,4.547264625000025,0.04462387499916076,0.6807427055702918,0.2709406601793551,0.15784402609937104,0.30000034601716935,B
github,gassip_adapted,GASSIP-adapted,5,0.8,0.7843135910937007,0.7940478176381514,0.85,0.6652855874519088,4.547264625000025,0.03407750000042142,0.6127851458885941,0.22343064300705973,0.09605776103723147,0.20000138406867748,B
github,gassip_adapted,GASSIP-adapted,5,0.9,0.7851250905762223,0.796065095892409,0.8489389920424403,0.6680268143398426,4.547264625000025,0.041251083000133804,0.4736604774535809,0.13928639572600648,0.047761229944070935,0.09999896194849188,B
github,gassip_adapted,GASSIP-adapted,6,0.1,0.824739598278037,0.8075893366011622,0.8741379310344828,0.7316935255866553,4.54886254199937,0.04684358400027122,0.969681697612732,0.8748330471284106,0.776598776249287,0.9000010380515081,B
github,gassip_adapted,GASSIP-adapted,6,0.2,0.8232909137781528,0.8020888528360689,0.8754641909814324,0.7272727272727273,4.54886254199937,0.04741025000021182,0.9149071618037136,0.6826941423392482,0.6224781176704449,0.7999986159313225,B
github,gassip_adapted,GASSIP-adapted,6,0.3,0.8221743108172881,0.8065701221004808,0.8725464190981432,0.7275304791607599,4.54886254199937,0.053584624999530206,0.8621750663129973,0.5250906315588628,0.505579063780786,0.6999996539828306,B
github,gassip_adapted,GASSIP-adapted,6,0.4,0.818366708137849,0.7986987362918312,0.8708222811671088,0.720756880733945,4.54886254199937,0.05171704199983651,0.8185145888594164,0.4314062201869872,0.4062499857186912,0.6000006920343387,B
github,gassip_adapted,GASSIP-adapted,6,0.5,0.8139649642240316,0.7946240186393055,0.8673740053050398,0.7142857142857143,4.54886254199937,0.048950458000035724,0.7828647214854111,0.3756916618965846,0.3182813072907661,0.49999826991415314,B
github,gassip_adapted,GASSIP-adapted,6,0.6,0.8061015978417861,0.7910334076437608,0.8612732095490716,0.7026719727117681,4.54886254199937,0.04650291699999798,0.7367639257294429,0.3236023659606945,0.22673200831540258,0.39999930796566124,B
github,gassip_adapted,GASSIP-adapted,6,0.7,0.8051655449955626,0.7903803689389661,0.8614058355437666,0.7004872456291201,4.54886254199937,0.04726704200038512,0.6825464190981433,0.2717038733066209,0.15986629329903285,0.30000034601716935,B
github,gassip_adapted,GASSIP-adapted,6,0.8,0.8012321934427273,0.7829705937570214,0.859946949602122,0.6932016269610691,4.54886254199937,0.04311508299997513,0.6153315649867374,0.22495706926159129,0.09934097594496223,0.20000138406867748,B
github,gassip_adapted,GASSIP-adapted,6,0.9,0.8022499817154718,0.7867260819882778,0.8594164456233422,0.6959265633964429,4.54886254199937,0.03329370800020115,0.47779840848806365,0.13871398588055714,0.04855823963160121,0.09999896194849188,B
github,gassip_adapted,GASSIP-adapted,7,0.1,0.8118857822677823,0.8109249707155567,0.8652519893899204,0.7116912599318955,4.517608458999348,0.04942520799977501,0.9705835543766578,0.873306620873879,0.7893747408261652,0.9000010380515081,B
github,gassip_adapted,GASSIP-adapted,7,0.2,0.8029282115409662,0.8091999331156705,0.859814323607427,0.6970478647176841,4.517608458999348,0.04455854200023168,0.9149071618037136,0.6813585193665331,0.6304720034061528,0.7999986159313225,B
github,gassip_adapted,GASSIP-adapted,7,0.3,0.8071408538240346,0.8057895182270107,0.8635278514588859,0.702858792954086,4.517608458999348,0.051588332999926934,0.8612997347480106,0.5237550085861477,0.5065664154255413,0.6999996539828306,B
github,gassip_adapted,GASSIP-adapted,7,0.4,0.8033973261634364,0.7962510820158295,0.8616710875331565,0.6963609898107714,4.517608458999348,0.051136625000253844,0.8188328912466843,0.4346498759778668,0.40324039449559246,0.6000006920343387,B
github,gassip_adapted,GASSIP-adapted,7,0.5,0.7995622557351124,0.7964442254010042,0.8588859416445623,0.6905177428737638,4.517608458999348,0.0487451669996517,0.776870026525199,0.3714939896966228,0.31158402147975184,0.49999826991415314,B
github,gassip_adapted,GASSIP-adapted,7,0.6,0.7976002237390818,0.7937558114879969,0.8580901856763926,0.6869514335868929,4.517608458999348,0.04663008399984392,0.7336074270557029,0.31730585766075176,0.2336434007753935,0.39999930796566124,B
github,gassip_adapted,GASSIP-adapted,7,0.7,0.7924380220934075,0.7919924398963809,0.8554376657824934,0.6780862374483166,4.517608458999348,0.046216124999773456,0.6826259946949602,0.2690326273611906,0.1586172434738313,0.30000034601716935,B
github,gassip_adapted,GASSIP-adapted,7,0.8,0.7884770434223741,0.7872845964203072,0.8530503978779841,0.6716064018968583,4.517608458999348,0.03609962500013353,0.6094694960212201,0.2184697576798321,0.09252473892659223,0.20000138406867748,B
github,gassip_adapted,GASSIP-adapted,7,0.9,0.7899462693673148,0.7889256399382258,0.8539787798408488,0.6739709801599052,4.517608458999348,0.04205787499995495,0.47477453580901857,0.14348406792596832,0.04510848889037465,0.09999896194849188,B
github,gassip_adapted,GASSIP-adapted,8,0.1,0.8063822436835506,0.8161266003137716,0.863129973474801,0.7015615962984384,4.665454209000018,0.0467221660001087,0.9837931034482759,0.9328372448006106,0.8779263119346495,0.9000010380515081,B
github,gassip_adapted,GASSIP-adapted,8,0.2,0.8064282543452053,0.8129859936186992,0.8607427055702918,0.7038917089678511,4.665454209000018,0.05572066599961545,0.9319363395225464,0.7519557336386186,0.7420060581527638,0.7999986159313225,B
github,gassip_adapted,GASSIP-adapted,8,0.3,0.8060112901322682,0.8128484491377961,0.8615384615384616,0.7022247575584712,4.665454209000018,0.052045041999917885,0.873129973474801,0.5653501240221331,0.6055743127981824,0.6999996539828306,B
github,gassip_adapted,GASSIP-adapted,8,0.4,0.8007575287472866,0.8123299762434042,0.8583554376657825,0.693631669535284,4.665454209000018,0.050433375000466185,0.8294694960212201,0.4575462697958405,0.48275120428262863,0.6000006920343387,B
github,gassip_adapted,GASSIP-adapted,8,0.5,0.804377863374361,0.8119598671069259,0.8603448275862069,0.699743370402053,4.665454209000018,0.04835829200055741,0.7899734748010611,0.3905743178782675,0.37541633569662886,0.49999826991415314,B
github,gassip_adapted,GASSIP-adapted,8,0.6,0.8013695488598427,0.8062606695376697,0.8586206896551725,0.6947308132875143,4.665454209000018,0.04648708300010185,0.7450397877984085,0.3316161037969853,0.27512371556617277,0.39999930796566124,B
github,gassip_adapted,GASSIP-adapted,8,0.7,0.791419099951818,0.803232770453565,0.8531830238726791,0.6779167878964213,4.665454209000018,0.04506387499986886,0.6890185676392573,0.27971761114291166,0.18100494345386084,0.30000034601716935,B
github,gassip_adapted,GASSIP-adapted,8,0.8,0.7873805683165266,0.7911954642974368,0.8513262599469495,0.6707782672540382,4.665454209000018,0.04053999999996449,0.6168965517241379,0.2209502003434459,0.11013037387611056,0.20000138406867748,B
github,gassip_adapted,GASSIP-adapted,8,0.9,0.7809073650769052,0.7907580619679049,0.8472148541114058,0.660377358490566,4.665454209000018,0.032090125000650005,0.48021220159151196,0.14100362526235452,0.04734488000233709,0.09999896194849188,B
github,gassip_adapted,GASSIP-adapted,9,0.1,0.8061037513621121,0.8113623549203082,0.8625994694960212,0.7014409221902017,4.591075833999639,0.04662000000007538,0.9611405835543767,0.8406792596832665,0.7237937761889289,0.9000010380515081,B
github,gassip_adapted,GASSIP-adapted,9,0.2,0.8066177733666711,0.808207677285996,0.863129973474801,0.7020785219399538,4.591075833999639,0.052791958999478084,0.9110079575596817,0.6697195191757298,0.576037290322132,0.7999986159313225,B
github,gassip_adapted,GASSIP-adapted,9,0.3,0.8062141940096026,0.8084501840787227,0.8620689655172413,0.702176403207331,4.591075833999639,0.04241104199991241,0.8603978779840848,0.5285250906315588,0.4656452113602456,0.6999996539828306,B
github,gassip_adapted,GASSIP-adapted,9,0.4,0.79258942694535,0.7988688699823742,0.8559681697612732,0.6779359430604982,4.591075833999639,0.04401716700067482,0.8156233421750663,0.4314062201869872,0.3735606250464516,0.6000006920343387,B
github,gassip_adapted,GASSIP-adapted,9,0.5,0.7931876320005996,0.7974807443918932,0.8537135278514589,0.681305980930367,4.591075833999639,0.03895079199992324,0.7760742705570292,0.37302041595115437,0.2837005216037583,0.49999826991415314,B
github,gassip_adapted,GASSIP-adapted,9,0.6,0.7932267213801842,0.7956228730573613,0.8539787798408488,0.6811468288444831,4.591075833999639,0.03769712499979505,0.7312732095490716,0.32016790688799845,0.20830557827061352,0.39999930796566124,B
github,gassip_adapted,GASSIP-adapted,9,0.7,0.7901482713161545,0.7918393391222778,0.8526525198938992,0.6756204379562044,4.591075833999639,0.04488008400039689,0.6782758620689655,0.2688418240793742,0.14387846658498027,0.30000034601716935,B
github,gassip_adapted,GASSIP-adapted,9,0.8,0.7861912895904021,0.7817040389994704,0.8527851458885941,0.6668667466986795,4.591075833999639,0.033704250000482716,0.606604774535809,0.2152261018889525,0.09055005635307047,0.20000138406867748,B
github,gassip_adapted,GASSIP-adapted,9,0.9,0.7872162950531447,0.7881128422583279,0.850132625994695,0.6715116279069767,4.591075833999639,0.040745333999439026,0.4775331564986737,0.13585193665331044,0.04535829609328313,0.09999896194849188,B
github,mog_adapted,MoG-adapted,0,0.1,0.8180267730724675,0.8155983182392883,0.8663129973474801,0.7242888402625821,7.692394124999964,0.04423550000001342,0.9949867374005305,0.9702346880366343,0.9731394821108755,0.9000010380515081,B
github,mog_adapted,MoG-adapted,0,0.2,0.8159282000135861,0.8134289314148123,0.8657824933687003,0.7201327433628318,7.692394124999964,0.21784737499996254,0.986684350132626,0.925777523373402,0.9168847451199501,0.7999986159313225,B
github,mog_adapted,MoG-adapted,0,0.3,0.8169118087893592,0.8141969297414169,0.8651193633952254,0.7229637700898938,7.692394124999964,0.04715912500000741,0.9815119363395225,0.9135661133371494,0.8434763960538536,0.6999996539828306,B
github,mog_adapted,MoG-adapted,0,0.4,0.8094579927911881,0.8102602019157555,0.8619363395225464,0.7094613452414178,7.692394124999964,0.039487542000017584,0.9709814323607427,0.9026903262736119,0.7596355302999944,0.6000006920343387,B
github,mog_adapted,MoG-adapted,0,0.5,0.8077029559432811,0.8121044265661086,0.8604774535809019,0.7069637883008356,7.692394124999964,0.02834500000000162,0.9454376657824933,0.8925777523373402,0.6710601496151162,0.49999826991415314,B
github,mog_adapted,MoG-adapted,0,0.6,0.8063966409290151,0.8069551732209738,0.8588859416445623,0.7055893746541229,7.692394124999964,0.030262999999990825,0.8982493368700265,0.8799847357374547,0.5800818247214556,0.39999930796566124,B
github,mog_adapted,MoG-adapted,0,0.7,0.8027751762216995,0.8044170814807728,0.8557029177718833,0.7006053935057788,7.692394124999964,0.028654833000018698,0.8183023872679045,0.8580423583285632,0.47895647708621353,0.30000034601716935,B
github,mog_adapted,MoG-adapted,0,0.8,0.8017372722804849,0.8023767326009162,0.8525198938992042,0.7013963480128894,7.692394124999964,0.03245408300006147,0.6549867374005305,0.8090059149017363,0.35405166029396806,0.20000138406867748,B
github,mog_adapted,MoG-adapted,0,0.9,0.7933966886734063,0.7986309926782451,0.8511936339522547,0.6841216216216216,7.692394124999964,0.03969220800001949,0.35694960212201593,0.4966609425682122,0.1543823705699475,0.09999896194849188,B
github,mog_adapted,MoG-adapted,1,0.1,0.802388927354398,0.8049308890190621,0.8604774535809019,0.6952491309385863,6.679351666999992,0.03707212500012247,0.8916710875331565,0.4375119252051135,0.8237652156299312,0.9000010380515081,B
github,mog_adapted,MoG-adapted,1,0.2,0.8028263742547119,0.8043945677818793,0.860079575596817,0.6965775093471384,6.679351666999992,0.04343204199994943,0.8427851458885942,0.3602365960694524,0.6626974640371665,0.7999986159313225,B
github,mog_adapted,MoG-adapted,1,0.3,0.7991400730126688,0.7993181768669374,0.8595490716180372,0.6889867841409691,6.679351666999992,0.03784079200022461,0.8003448275862068,0.31711505437893533,0.5191045052090265,0.6999996539828306,B
github,mog_adapted,MoG-adapted,1,0.4,0.7960452742080827,0.7989725989451757,0.8562334217506631,0.6852497096399536,6.679351666999992,0.05230883400008679,0.7651989389920424,0.28906697195191755,0.3974947459647425,0.6000006920343387,B
github,mog_adapted,MoG-adapted,1,0.5,0.7963779441560528,0.7967206431079517,0.8562334217506631,0.6859791425260718,6.679351666999992,0.036627333000069484,0.7280636604774536,0.2528143484067926,0.29949800981325064,0.49999826991415314,B
github,mog_adapted,MoG-adapted,1,0.6,0.7880384244024403,0.7921366079898808,0.8526525198938992,0.6710097719869706,6.679351666999992,0.03593170800013468,0.6834217506631299,0.22495706926159129,0.21324228125175312,0.39999930796566124,B
github,mog_adapted,MoG-adapted,1,0.7,0.7846028785222615,0.7882876572446411,0.8509283819628647,0.66507747318236,6.679351666999992,0.028110499999911553,0.6346153846153846,0.19900782293455446,0.1367529536653535,0.30000034601716935,B
github,mog_adapted,MoG-adapted,1,0.8,0.7787587606087983,0.7843997283033746,0.8454907161803713,0.6572521329802883,6.679351666999992,0.023066833000029874,0.5522811671087533,0.1631368059530624,0.07997477888155798,0.20000138406867748,B
github,mog_adapted,MoG-adapted,1,0.9,0.7808476962648895,0.7874700537704351,0.8461538461538461,0.6612149532710281,6.679351666999992,0.0363172500001383,0.4271352785145889,0.12612096928067162,0.03729301270237636,0.09999896194849188,B
github,mog_adapted,MoG-adapted,2,0.1,0.8082723962565075,0.8105996237047415,0.8655172413793103,0.7035087719298245,6.941030583000156,0.036618874999930995,0.9435809018567639,0.7471856515932074,0.7247216315140175,0.9000010380515081,B
github,mog_adapted,MoG-adapted,2,0.2,0.7988278977341838,0.8088001244276279,0.8604774535809019,0.6874628639334521,6.941030583000156,0.04455112499999814,0.8924933687002653,0.5888189276855562,0.5600018996979281,0.7999986159313225,B
github,mog_adapted,MoG-adapted,2,0.3,0.8055904585701467,0.8132897173137601,0.863129973474801,0.699825479930192,6.941030583000156,0.042635083999812196,0.846525198938992,0.47681740125930167,0.4416991856537577,0.6999996539828306,B
github,mog_adapted,MoG-adapted,2,0.4,0.8003648694302982,0.8069925451237124,0.859681697612732,0.6915451895043732,6.941030583000156,0.04251791600017896,0.8064456233421751,0.3983972524327418,0.35941663181569766,0.6000006920343387,B
github,mog_adapted,MoG-adapted,2,0.5,0.802818678385674,0.805538433904662,0.8610079575596817,0.6957026713124274,6.941030583000156,0.04041433300017161,0.7703978779840849,0.35222285823316163,0.28687666937634154,0.49999826991415314,B
github,mog_adapted,MoG-adapted,2,0.6,0.7952882352689635,0.7940487987158129,0.8576923076923076,0.682262363044122,6.941030583000156,0.0411864580000838,0.7311405835543766,0.31043693951535967,0.21815521608847624,0.39999930796566124,B
github,mog_adapted,MoG-adapted,2,0.7,0.7884841900339102,0.7963817331178437,0.85026525198939,0.6741702741702742,6.941030583000156,0.03521187499973166,0.6831034482758621,0.27036825033390577,0.15710648165752428,0.30000034601716935,B
github,mog_adapted,MoG-adapted,2,0.8,0.7859362588581105,0.7922922646674979,0.8496021220159151,0.6691948658109685,6.941030583000156,0.02722379099986938,0.6072148541114059,0.21866056096164854,0.09241767869677431,0.20000138406867748,B
github,mog_adapted,MoG-adapted,2,0.9,0.7871389088875382,0.7895097116454179,0.8515915119363395,0.670008846947803,6.941030583000156,0.032972458000131155,0.47944297082228116,0.1377599694714749,0.04559621231865378,0.09999896194849188,B
github,mog_adapted,MoG-adapted,3,0.1,0.820863970365414,0.8136853865558928,0.870026525198939,0.7270194986072424,6.77848958300001,0.043058750000000146,0.9875596816976128,0.9255867200915856,0.9360606243947829,0.9000010380515081,B
github,mog_adapted,MoG-adapted,3,0.2,0.8190710123766463,0.8158566684211122,0.8704244031830238,0.7226795344876525,6.77848958300001,0.03216141600023548,0.9778514588859416,0.8960122114100363,0.8728825487236921,0.7999986159313225,B
github,mog_adapted,MoG-adapted,3,0.3,0.821721958218254,0.813832505526686,0.8697612732095491,0.7291781577495863,6.77848958300001,0.0312351249999665,0.9617241379310345,0.8538446861286014,0.7885896324741671,0.6999996539828306,B
github,mog_adapted,MoG-adapted,3,0.4,0.8175737167598809,0.8126230139422118,0.8676392572944297,0.7220055710306407,6.77848958300001,0.03932962500039139,0.9389124668435014,0.8036634230108758,0.6777455030166151,0.6000006920343387,B
github,mog_adapted,MoG-adapted,3,0.5,0.8130397220602497,0.8134227366087754,0.8643236074270557,0.7151211361737677,6.77848958300001,0.027438167000582325,0.9039522546419099,0.7471856515932074,0.5524600092152492,0.49999826991415314,B
github,mog_adapted,MoG-adapted,3,0.6,0.812720274546709,0.8056759538844229,0.863262599469496,0.7154292023185206,6.77848958300001,0.026976042000569578,0.8529708222811672,0.6886090440755581,0.42473591208314687,0.39999930796566124,B
github,mog_adapted,MoG-adapted,3,0.7,0.8109999219725343,0.8019486741825669,0.8636604774535809,0.7112359550561798,6.77848958300001,0.023082624999915424,0.78,0.6180118298034726,0.29810619920429937,0.30000034601716935,B
github,mog_adapted,MoG-adapted,3,0.8,0.8091649259169298,0.7986016755742429,0.8618037135278515,0.7089385474860335,6.77848958300001,0.021204832999501377,0.6660477453580902,0.5296699103224576,0.18357441659080923,0.20000138406867748,B
github,mog_adapted,MoG-adapted,3,0.9,0.7989986406342103,0.794415706013258,0.8530503978779841,0.6947658402203857,6.77848958300001,0.019562792000215268,0.46419098143236076,0.3970616294600267,0.08924153092419104,0.09999896194849188,B
github,mog_adapted,MoG-adapted,4,0.1,0.8211567271550272,0.821572420433971,0.8710875331564987,0.7266591676040495,7.046382915999857,0.036728375000166125,0.9770822281167109,0.864338866628506,0.9504187380851727,0.9000010380515081,B
github,mog_adapted,MoG-adapted,4,0.2,0.8215605057305664,0.8211038961038961,0.8694960212201591,0.7290748898678414,7.046382915999857,0.03456337500028894,0.9616710875331564,0.810150734592635,0.9001950607073234,0.7999986159313225,B
github,mog_adapted,MoG-adapted,4,0.3,0.8182055859588655,0.8217094435421309,0.8660477453580901,0.7249455337690632,7.046382915999857,0.03269983300015156,0.9240583554376658,0.7731348979202443,0.7916230608949782,0.6999996539828306,B
github,mog_adapted,MoG-adapted,4,0.4,0.8122519310162798,0.8156623621147013,0.8647214854111406,0.7129994372537986,7.046382915999857,0.030976708999332914,0.8710344827586207,0.7475672581568403,0.6350637713640813,0.6000006920343387,B
github,mog_adapted,MoG-adapted,4,0.5,0.8084093055197871,0.8132005538966238,0.8625994694960212,0.7065155807365439,7.046382915999857,0.02918554200005019,0.8006631299734748,0.6941423392482351,0.4775766265080959,0.49999826991415314,B
github,mog_adapted,MoG-adapted,4,0.6,0.8046717586416197,0.8098887703420281,0.8606100795755968,0.7001426533523538,7.046382915999857,0.027439917000265268,0.7023607427055703,0.522610188895249,0.33618434097466254,0.39999930796566124,B
github,mog_adapted,MoG-adapted,4,0.7,0.8050561759083064,0.8134092803917872,0.8590185676392573,0.702490904002239,7.046382915999857,0.025673042000562418,0.6031564986737401,0.2644533485975959,0.2200704230583201,0.30000034601716935,B
github,mog_adapted,MoG-adapted,4,0.8,0.8027711206451469,0.8098243103321083,0.8558355437665782,0.700468448608432,7.046382915999857,0.02392616699944483,0.5040318302387268,0.15435985498950583,0.12206175449731296,0.20000138406867748,B
github,mog_adapted,MoG-adapted,4,0.9,0.797940275683962,0.807621292813582,0.8529177718832891,0.6925422789021347,7.046382915999857,0.022348542000145244,0.366710875331565,0.08624308338103416,0.04613151692040817,0.09999896194849188,B
github,mog_adapted,MoG-adapted,5,0.1,0.8115076128964112,0.8222022827331319,0.863395225464191,0.7126116071428571,6.846913040999425,0.04799816600007034,0.976684350132626,0.8631940469376074,0.9520483958661988,0.9000010380515081,B
github,mog_adapted,MoG-adapted,5,0.2,0.8070980624559423,0.8210563219476082,0.8610079575596817,0.7051209904333146,6.846913040999425,0.04689041699930385,0.9600265251989389,0.7910704064109902,0.8978397356513291,0.7999986159313225,B
github,mog_adapted,MoG-adapted,5,0.3,0.8043407772586243,0.817501324854266,0.859681697612732,0.7002832861189802,6.846913040999425,0.033597915999962424,0.9345092838196286,0.7059721427208548,0.8203749197763938,0.6999996539828306,B
github,mog_adapted,MoG-adapted,5,0.4,0.8047647267986251,0.8162013915685254,0.8587533156498673,0.7020979020979021,6.846913040999425,0.0319994579995182,0.9051193633952255,0.6153405838580424,0.7171797410313385,0.6000006920343387,B
github,mog_adapted,MoG-adapted,5,0.5,0.8018875856560306,0.8104045679549302,0.8580901856763926,0.6963677639046538,6.846913040999425,0.0397080000002461,0.8506100795755969,0.4378935317687464,0.5895032354307058,0.49999826991415314,B
github,mog_adapted,MoG-adapted,5,0.6,0.8056607397499496,0.8135930051130444,0.8608753315649867,0.7020732746378869,6.846913040999425,0.03764770799989492,0.7647745358090186,0.28601411944285443,0.4223329678743647,0.39999930796566124,B
github,mog_adapted,MoG-adapted,5,0.7,0.8031943553469136,0.8084735436196031,0.8582228116710875,0.6991274978891078,6.846913040999425,0.026456583000253886,0.6470822281167109,0.20950200343445907,0.24584840508122793,0.30000034601716935,B
github,mog_adapted,MoG-adapted,5,0.8,0.7914973724508997,0.804973945287666,0.85026525198939,0.6808029403449251,6.846913040999425,0.024654042000292975,0.523607427055703,0.14157603510780387,0.12404834876436129,0.20000138406867748,B
github,mog_adapted,MoG-adapted,5,0.9,0.7948889432071555,0.8026230949575179,0.8539787798408488,0.6847981677640996,6.846913040999425,0.02299295800003165,0.3706366047745358,0.08605228009921771,0.04433526806324961,0.09999896194849188,B
github,mog_adapted,MoG-adapted,6,0.1,0.8256150286741679,0.8083887565742245,0.8746684350132626,0.7331262355266874,6.782760957999926,0.03518874999917898,0.9870822281167109,0.9208166380461744,0.9600660911783008,0.9000010380515081,B
github,mog_adapted,MoG-adapted,6,0.2,0.8275585798772748,0.8109963565703182,0.8746684350132626,0.7374270630730758,6.782760957999926,0.11515858399980061,0.9812732095490716,0.8948673917191375,0.9262466595095337,0.7999986159313225,B
github,mog_adapted,MoG-adapted,6,0.3,0.8229250220525687,0.803537083310951,0.8732095490716181,0.7285633162975582,6.782760957999926,0.05406062500060216,0.973289124668435,0.878839916046556,0.8845997881692699,0.6999996539828306,B
github,mog_adapted,MoG-adapted,6,0.4,0.8240331059703827,0.8077719439236124,0.8713527851458885,0.7327823691460055,6.782760957999926,0.039069333000043116,0.9590716180371353,0.8654836863194046,0.8326393927805765,0.6000006920343387,B
github,mog_adapted,MoG-adapted,6,0.5,0.8217576040652861,0.8066900880640965,0.8677718832891247,0.7311943920194123,6.782760957999926,0.03863133300001209,0.9347480106100796,0.8486929975195573,0.7628711467709259,0.49999826991415314,B
github,mog_adapted,MoG-adapted,6,0.6,0.8166948594588763,0.7972105521711674,0.8669761273209549,0.7206906154274575,6.782760957999926,0.035321832999215985,0.8854376657824934,0.8208357183743561,0.6570945901007254,0.39999930796566124,B
github,mog_adapted,MoG-adapted,6,0.7,0.8137012480492678,0.7992859126112308,0.863262599469496,0.717611613256642,6.782760957999926,0.033457040999564924,0.7790185676392573,0.7385995039114672,0.4654549004770037,0.30000034601716935,B
github,mog_adapted,MoG-adapted,6,0.8,0.8067597524399908,0.7923184398124831,0.8644562334217507,0.7011695906432749,6.782760957999926,0.030777957999816863,0.613395225464191,0.4336958595687846,0.18955795372571155,0.20000138406867748,B
github,mog_adapted,MoG-adapted,6,0.9,0.8069786001011773,0.787453459745574,0.8582228116710875,0.7075239398084815,6.782760957999926,0.020903124999676947,0.3696551724137931,0.12821980538065256,0.04394271043458579,0.09999896194849188,B
github,mog_adapted,MoG-adapted,7,0.1,0.8109074353714362,0.8083620689655173,0.8655172413793103,0.7092889908256881,6.8232626669996534,0.04324700000051962,0.9926525198938992,0.9952299179545888,0.7282070551878576,0.9000010380515081,B
github,mog_adapted,MoG-adapted,7,0.2,0.8129228789467514,0.8053992910520795,0.8660477453580901,0.7132311186825667,6.8232626669996534,0.1083517919996666,0.9770822281167109,0.987216180118298,0.5741102061854095,0.7999986159313225,B
github,mog_adapted,MoG-adapted,7,0.3,0.8075079283132975,0.8038578488682369,0.8639257294429709,0.7032967032967034,6.8232626669996534,0.04051095900013024,0.9458355437665783,0.9597405075367297,0.454082596054637,0.6999996539828306,B
github,mog_adapted,MoG-adapted,7,0.4,0.8054836825170133,0.7999826653957268,0.8624668435013263,0.7002023706273489,6.8232626669996534,0.04206970899940643,0.8944031830238727,0.8868536538828468,0.356359421439811,0.6000006920343387,B
github,mog_adapted,MoG-adapted,7,0.5,0.7984208997018398,0.7967595001975694,0.8587533156498673,0.6881405563689604,6.8232626669996534,0.03736616700007289,0.8327851458885942,0.7477580614386568,0.27358915798413097,0.49999826991415314,B
github,mog_adapted,MoG-adapted,7,0.6,0.7987409347300565,0.7952227622072017,0.8594164456233422,0.6882352941176471,6.8232626669996534,0.036399583000275015,0.7636870026525199,0.5304331234497234,0.20730633564832043,0.39999930796566124,B
github,mog_adapted,MoG-adapted,7,0.7,0.7912284059822812,0.7853955911124404,0.8537135278514589,0.6770131771595901,6.8232626669996534,0.03386249999948632,0.6847480106100796,0.3381034153787445,0.14222497160624187,0.30000034601716935,B
github,mog_adapted,MoG-adapted,7,0.8,0.7804417120444169,0.7842921238724263,0.850132625994695,0.6567436208991495,6.8232626669996534,0.03440033299921197,0.6072679045092838,0.23964892196145773,0.08526836310608314,0.20000138406867748,B
github,mog_adapted,MoG-adapted,7,0.9,0.7897012376966708,0.7881632513894098,0.8514588859416445,0.6757382744643892,6.8232626669996534,0.02237895899997966,0.4862599469496021,0.15168860904407555,0.04606014343386289,0.09999896194849188,B
github,mog_adapted,MoG-adapted,8,0.1,0.8059184117365237,0.8191903574921907,0.8629973474801061,0.7006664734859461,6.83525254199958,0.04061483300029067,0.9409018567639257,0.7246708643388666,0.7635610720599848,0.9000010380515081,B
github,mog_adapted,MoG-adapted,8,0.2,0.8131253464257425,0.8159571240772576,0.8648541114058356,0.714805485586342,6.83525254199958,0.10393295899939403,0.8891511936339522,0.5584812058767411,0.6031356818461275,0.7999986159313225,B
github,mog_adapted,MoG-adapted,8,0.3,0.8054503758753051,0.8144703163891116,0.8604774535809019,0.7019830028328612,6.83525254199958,0.04521083300005557,0.8453050397877984,0.4613623354321694,0.4758279208450999,0.6999996539828306,B
github,mog_adapted,MoG-adapted,8,0.4,0.8020938433324026,0.8056508778056825,0.8602122015915119,0.6948465547191662,6.83525254199958,0.04205950000050507,0.8076657824933687,0.401450104941805,0.37364387569987556,0.6000006920343387,B
github,mog_adapted,MoG-adapted,8,0.5,0.7994315819890041,0.805234887651842,0.8579575596816976,0.6910873954427459,6.83525254199958,0.04000783300034527,0.7687267904509284,0.34993321885136425,0.2926222902858732,0.49999826991415314,B
github,mog_adapted,MoG-adapted,8,0.6,0.795432984325845,0.804576295571577,0.8547745358090185,0.6852543834435183,6.83525254199958,0.03612508399965009,0.7245092838196286,0.3052852509063156,0.2148719942754159,0.39999930796566124,B
github,mog_adapted,MoG-adapted,8,0.7,0.7859522491765194,0.7978625425887076,0.85026525198939,0.6686234223657176,6.83525254199958,0.03583399999934045,0.6710875331564987,0.2581568402976531,0.14496097367135646,0.30000034601716935,B
github,mog_adapted,MoG-adapted,8,0.8,0.7808408356036873,0.7935542765886072,0.8477453580901857,0.6597510373443983,6.83525254199958,0.03225983400079713,0.5981167108753316,0.20931120015264262,0.08988389920842814,0.20000138406867748,B
github,mog_adapted,MoG-adapted,8,0.9,0.7837427775673796,0.7975001408878439,0.8454907161803713,0.6681857020791797,6.83525254199958,0.022209374999874854,0.4719628647214854,0.13070024804426636,0.044347162493452226,0.09999896194849188,B
github,mog_adapted,MoG-adapted,9,0.1,0.8052435612262727,0.8111468890315562,0.8614058355437666,0.7006588370094529,6.86785291599972,0.04171066599974438,0.9995490716180372,0.9988551803091014,0.9230110430386022,0.9000010380515081,B
github,mog_adapted,MoG-adapted,9,0.2,0.8093810384080331,0.8143439120528866,0.8625994694960212,0.7086614173228346,6.86785291599972,0.07753420900007768,0.996445623342175,0.990650639190994,0.8509468578073507,0.7999986159313225,B
github,mog_adapted,MoG-adapted,9,0.3,0.8051571440844085,0.8116522142687793,0.8602122015915119,0.70158550396376,6.86785291599972,0.031619541999134526,0.9896286472148541,0.979965655409273,0.7527478783631016,0.6999996539828306,B
github,mog_adapted,MoG-adapted,9,0.4,0.804749415390744,0.8112943549886089,0.8606100795755968,0.7003136583974907,6.86785291599972,0.03896524999981921,0.9777188328912467,0.9643197863003243,0.6446754929565734,0.6000006920343387,B
github,mog_adapted,MoG-adapted,9,0.5,0.8002662159294345,0.8098062129937609,0.8591511936339522,0.6918165989553106,6.86785291599972,0.03736741700049606,0.9581432360742705,0.9410417859187178,0.5365554883972573,0.49999826991415314,B
github,mog_adapted,MoG-adapted,9,0.6,0.7977519948554919,0.804153160727405,0.8570291777188329,0.6882591093117408,6.86785291599972,0.035472458000185725,0.9212201591511936,0.9074604083190231,0.42219022090127417,0.39999930796566124,B
github,mog_adapted,MoG-adapted,9,0.7,0.7967638607769536,0.7966231559763989,0.8558355437665782,0.6871942446043166,6.86785291599972,0.030209000000468222,0.8520159151193634,0.849837817210456,0.29741624629392227,0.30000034601716935,B
github,mog_adapted,MoG-adapted,9,0.8,0.7922373966298718,0.7880508609595689,0.8523872679045092,0.6804478897502153,6.86785291599972,0.03307783299987932,0.6881962864721486,0.6592253386758252,0.14222497160624187,0.20000138406867748,B
github,mog_adapted,MoG-adapted,9,0.9,0.7808633786146989,0.7861535561303316,0.8482758620689655,0.6593210244192972,6.86785291599972,0.031353542000033485,0.48116710875331564,0.18107231444380845,0.04899838188640508,0.09999896194849188,B
github,psgnn_reimpl,PSGNN-reimpl,0,0.1,0.8067660061152377,0.8060722508273075,0.863262599469496,0.7022812590239677,2.1295790420000458,0.05595425000001342,0.9301326259946949,0.8259874069834001,0.6261419750606482,0.9000010380515081,B
github,psgnn_reimpl,PSGNN-reimpl,0,0.2,0.8012775592456507,0.7998270120036035,0.8627320954907162,0.6907678518075889,2.1295790420000458,0.10393550000003415,0.8687533156498674,0.728677733257012,0.4686072662945113,0.7999986159313225,B
github,psgnn_reimpl,PSGNN-reimpl,0,0.3,0.7983375462229798,0.79954954475947,0.8603448275862069,0.6865138434057755,2.1295790420000458,0.07718199999999342,0.7818567639257294,0.6132417477580614,0.35697800086364284,0.6999996539828306,B
github,psgnn_reimpl,PSGNN-reimpl,0,0.4,0.7976784423491643,0.802040281127146,0.8575596816976128,0.68760907504363,2.1295790420000458,0.05252737499995419,0.6661803713527852,0.5000954016409083,0.2736843410470702,0.6000006920343387,B
github,psgnn_reimpl,PSGNN-reimpl,0,0.5,0.7984361054431248,0.8037084403973718,0.8553050397877984,0.6913719943422914,2.1295790420000458,0.05361216599999352,0.5315915119363396,0.39419958023278,0.2059621165708388,0.49999826991415314,B
github,psgnn_reimpl,PSGNN-reimpl,0,0.6,0.798884533745819,0.807551619045841,0.8555702917771884,0.6921119592875318,2.1295790420000458,0.04706299999998009,0.39811671087533157,0.300324365579088,0.14816091720967453,0.39999930796566124,B
github,psgnn_reimpl,PSGNN-reimpl,0,0.7,0.800994631674147,0.8084213869513699,0.8564986737400531,0.6958965711073637,2.1295790420000458,0.04612045900000794,0.2707161803713528,0.20530433123449723,0.09786590777725744,0.30000034601716935,B
github,psgnn_reimpl,PSGNN-reimpl,0,0.8,0.8059672222503224,0.812547164503098,0.8576923076923076,0.7057855771867289,2.1295790420000458,0.11566100000004553,0.14872679045092838,0.05705018126311773,0.05644508930614478,0.20000138406867748,B
github,psgnn_reimpl,PSGNN-reimpl,0,0.9,0.8064733072398467,0.8116081896922152,0.8583554376657825,0.7062706270627063,2.1295790420000458,0.10357824999994136,0.06018567639257295,0.0009540164090822362,0.024647886857726804,0.09999896194849188,B
github,psgnn_reimpl,PSGNN-reimpl,1,0.1,0.8051337926191409,0.8043901815222527,0.8628647214854112,0.6990686845168801,2.0806906660000095,0.04883745799997996,0.9213262599469496,0.7927876359473383,0.5687808937856342,0.9000010380515081,B
github,psgnn_reimpl,PSGNN-reimpl,1,0.2,0.7902162241382492,0.7970566716001579,0.8582228116710875,0.670773021250385,2.0806906660000095,0.2006892079998579,0.866551724137931,0.6819309292119824,0.40628567246196384,0.7999986159313225,B
github,psgnn_reimpl,PSGNN-reimpl,1,0.3,0.7962925551497644,0.7946196204917321,0.8578249336870026,0.6843345111896348,2.0806906660000095,0.0432896659999642,0.793633952254642,0.5701202060675443,0.30450608628093556,0.6999996539828306,B
github,psgnn_reimpl,PSGNN-reimpl,1,0.4,0.7975588645717415,0.7919417576332692,0.8588859416445623,0.6861356932153392,2.0806906660000095,0.04159137499982535,0.6907161803713527,0.4644151879412326,0.23021744579990178,0.6000006920343387,B
github,psgnn_reimpl,PSGNN-reimpl,1,0.5,0.7972702337331228,0.8001936231556335,0.8557029177718833,0.6884306987399771,2.0806906660000095,0.05047241700003724,0.5626790450928382,0.37531005533295175,0.1711196188927255,0.49999826991415314,B
github,psgnn_reimpl,PSGNN-reimpl,1,0.6,0.8053761721813819,0.8030598484627997,0.8582228116710875,0.7039601218499031,2.0806906660000095,0.04840016599973751,0.42708222811671087,0.300324365579088,0.12132422386612535,0.39999930796566124,B
github,psgnn_reimpl,PSGNN-reimpl,1,0.7,0.8067620770228857,0.8055341291997316,0.8580901856763926,0.7071702244116037,2.0806906660000095,0.03757708300008744,0.29,0.21503529860713605,0.08035544208001918,0.30000034601716935,B
github,psgnn_reimpl,PSGNN-reimpl,1,0.8,0.8067631781730988,0.8049569413937334,0.8586206896551725,0.7066593285635663,2.0806906660000095,0.06221587499976522,0.16119363395225464,0.08070978820835718,0.04658355360541466,0.20000138406867748,B
github,psgnn_reimpl,PSGNN-reimpl,1,0.9,0.8062956922401537,0.8066112599269054,0.8557029177718833,0.7084673097534834,2.0806906660000095,0.04445654199980709,0.06326259946949603,0.0011448196908986834,0.020769890018231384,0.09999896194849188,B
github,psgnn_reimpl,PSGNN-reimpl,2,0.1,0.8104173996003685,0.8105541861134398,0.8679045092838197,0.706021251475797,1.9687724999998863,0.04765445800012458,0.9329973474801061,0.8133943903835146,0.6091787291113556,0.9000010380515081,B
github,psgnn_reimpl,PSGNN-reimpl,2,0.2,0.802933841465761,0.8044819345192545,0.8635278514588859,0.6936588270318547,1.9687724999998863,0.061827625000205444,0.8758355437665782,0.6912802900209883,0.44338836737576875,0.7999986159313225,B
github,psgnn_reimpl,PSGNN-reimpl,2,0.3,0.7919421803751951,0.7998484782375876,0.8564986737400531,0.6760479041916168,1.9687724999998863,0.04321091700012403,0.7943236074270557,0.5743178782675062,0.33435238465824263,0.6999996539828306,B
github,psgnn_reimpl,PSGNN-reimpl,2,0.4,0.7934870081047378,0.7987907758751711,0.8549071618037135,0.6808634772462077,1.9687724999998863,0.04656112500015297,0.6828647214854111,0.4644151879412326,0.25572183866482545,0.6000006920343387,B
github,psgnn_reimpl,PSGNN-reimpl,2,0.5,0.8012515314402273,0.8005608769931436,0.8604774535809019,0.6927570093457944,1.9687724999998863,0.04247820899990984,0.5477453580901857,0.3718755962602557,0.19065235178962556,0.49999826991415314,B
github,psgnn_reimpl,PSGNN-reimpl,2,0.6,0.8018841977583802,0.8035132014955533,0.8570291777188329,0.6973610331274565,1.9687724999998863,0.038708999999926164,0.41,0.2940278572791452,0.13632469893542265,0.39999930796566124,B
github,psgnn_reimpl,PSGNN-reimpl,2,0.7,0.8032515112471763,0.8094561252009624,0.8570291777188329,0.7003891050583657,1.9687724999998863,0.03675766600008501,0.2783023872679045,0.21141003625262356,0.08946754926669429,0.30000034601716935,B
github,psgnn_reimpl,PSGNN-reimpl,2,0.8,0.8055646299124146,0.8136838878584609,0.8545092838196287,0.7080117114719191,1.9687724999998863,0.034360166999704234,0.15320954907161805,0.07155123068116771,0.05172249642664665,0.20000138406867748,B
github,psgnn_reimpl,PSGNN-reimpl,2,0.9,0.8059589499795297,0.814064860496805,0.8563660477453581,0.7070597781985394,1.9687724999998863,0.03238725000028353,0.06053050397877984,0.0009540164090822362,0.02305386403000147,0.09999896194849188,B
github,psgnn_reimpl,PSGNN-reimpl,3,0.1,0.8138568221507145,0.8065196996946148,0.869893899204244,0.711724948574787,1.917486917000133,0.04688308299955679,0.9373209549071618,0.8051898492654074,0.6138894344659808,0.9000010380515081,B
github,psgnn_reimpl,PSGNN-reimpl,3,0.2,0.814615815740314,0.8060606840042264,0.8704244031830238,0.7129003820158684,1.917486917000133,0.05418841699975019,0.8888063660477453,0.6798320931120015,0.4523458228011563,0.7999986159313225,B
github,psgnn_reimpl,PSGNN-reimpl,3,0.3,0.799620149160438,0.7946945407654407,0.8628647214854112,0.687046004842615,1.917486917000133,0.051581833000454935,0.8218567639257295,0.5449341728677733,0.3383612323142936,0.6999996539828306,B
github,psgnn_reimpl,PSGNN-reimpl,3,0.4,0.8040449741868253,0.7892073662113359,0.8624668435013263,0.6970493718959977,1.917486917000133,0.04989275000025373,0.7303978779840848,0.43770272848693,0.25619764349424845,0.6000006920343387,B
github,psgnn_reimpl,PSGNN-reimpl,3,0.5,0.8047115118291843,0.795234139584061,0.8622015915119363,0.6987532618150188,1.917486917000133,0.04945899999984249,0.606551724137931,0.35813775996947145,0.18968880972126428,0.49999826991415314,B
github,psgnn_reimpl,PSGNN-reimpl,3,0.6,0.8004913088275367,0.7985342649581026,0.8559681697612732,0.6952861952861953,1.917486917000133,0.0400156670002616,0.4660212201591512,0.29135661133371493,0.1357180242997878,0.39999930796566124,B
github,psgnn_reimpl,PSGNN-reimpl,3,0.7,0.8063278166383643,0.8053031486783178,0.8575596816976128,0.7067176406335336,1.917486917000133,0.04788929200003622,0.3213527851458886,0.22343064300705973,0.08933669327114156,0.30000034601716935,B
github,psgnn_reimpl,PSGNN-reimpl,3,0.8,0.8130657092347922,0.8074970722573049,0.8618037135278515,0.7176151761517615,1.917486917000133,0.0344029159996353,0.179920424403183,0.09616485403548941,0.051306146484912794,0.20000138406867748,B
github,psgnn_reimpl,PSGNN-reimpl,3,0.9,0.8137479421753259,0.807716079011542,0.8602122015915119,0.7207207207207207,1.917486917000133,0.032672583000021405,0.0693633952254642,0.0026712459454302615,0.02241149574576437,0.09999896194849188,B
github,psgnn_reimpl,PSGNN-reimpl,4,0.1,0.8176976050256659,0.8130716872953463,0.8704244031830238,0.7196556671449067,1.919538874999489,0.04869366599996283,0.9312201591511936,0.7971761114291166,0.6128307093346802,0.9000010380515081,B
github,psgnn_reimpl,PSGNN-reimpl,4,0.2,0.8105275325608687,0.8069089288235491,0.8673740053050398,0.7067448680351907,1.919538874999489,0.05670091699994373,0.8725994694960212,0.6741079946575081,0.4494075774432846,0.7999986159313225,B
github,psgnn_reimpl,PSGNN-reimpl,4,0.3,0.8020517818134802,0.8054137840236555,0.8606100795755968,0.6943879034603082,1.919538874999489,0.05364808299964352,0.7908488063660477,0.5598168288494562,0.33938427070232147,0.6999996539828306,B
github,psgnn_reimpl,PSGNN-reimpl,4,0.4,0.8001318284151412,0.8065305514379773,0.8574270557029178,0.6931201827005424,1.919538874999489,0.05191291699975409,0.6780901856763926,0.4596451058958214,0.2602897694250417,0.6000006920343387,B
github,psgnn_reimpl,PSGNN-reimpl,4,0.5,0.8052971025300222,0.8080775190672027,0.8604774535809019,0.7016449234259784,1.919538874999489,0.05051858400020137,0.5406100795755968,0.3648158748330471,0.19461362172486604,0.49999826991415314,B
github,psgnn_reimpl,PSGNN-reimpl,4,0.6,0.8043098683913801,0.8134568128249278,0.8558355437665782,0.7038953963497685,1.919538874999489,0.03767237499960174,0.4020424403183024,0.28372448006105705,0.13885848532909842,0.39999930796566124,B
github,psgnn_reimpl,PSGNN-reimpl,4,0.7,0.8074011478804661,0.8171366545276271,0.8578249336870026,0.7088538837588267,1.919538874999489,0.04573258399977931,0.27084880636604775,0.19767219996183935,0.09125190024098544,0.30000034601716935,B
github,psgnn_reimpl,PSGNN-reimpl,4,0.8,0.8045238023571841,0.819656183550102,0.8550397877984085,0.7051524143512274,1.919538874999489,0.03416054199988139,0.1479840848806366,0.0589582140812822,0.05298344068205082,0.20000138406867748,B
github,psgnn_reimpl,PSGNN-reimpl,4,0.9,0.8086526347967319,0.8214798002287118,0.8604774535809019,0.709070796460177,1.919538874999489,0.0326723750004021,0.059177718832891246,0.0009540164090822362,0.023743813487713823,0.09999896194849188,B
github,psgnn_reimpl,PSGNN-reimpl,5,0.1,0.80651214541747,0.8133523461247945,0.8635278514588859,0.70147954743255,1.9579475419996015,0.04728895799962629,0.9292572944297082,0.7929784392291548,0.6076084571647228,0.9000010380515081,B
github,psgnn_reimpl,PSGNN-reimpl,5,0.2,0.7997581369272968,0.8015050930114855,0.8604774535809019,0.6894923258559622,1.9579475419996015,0.05363291699995898,0.8727586206896552,0.6708643388666286,0.44256757228049803,0.7999986159313225,B
github,psgnn_reimpl,PSGNN-reimpl,5,0.3,0.7944384640941669,0.8010634014011696,0.8571618037135279,0.6808888888888889,1.9579475419996015,0.05257604199960042,0.7915649867374005,0.5525663041404312,0.3330557571122306,0.6999996539828306,B
github,psgnn_reimpl,PSGNN-reimpl,5,0.4,0.7916490360630317,0.8046318380055806,0.8558355437665782,0.6760059612518629,1.9579475419996015,0.05068437499994616,0.6801326259946949,0.44800610570501814,0.2537828221185876,0.6000006920343387,B
github,psgnn_reimpl,PSGNN-reimpl,5,0.5,0.7957687612409372,0.8075936786225206,0.8553050397877984,0.6855001441337562,1.9579475419996015,0.04795962500065798,0.5444297082228117,0.35489410417859185,0.18927245977953042,0.49999826991415314,B
github,psgnn_reimpl,PSGNN-reimpl,5,0.6,0.7970431458130325,0.8082457418258396,0.8549071618037135,0.688673875924872,1.9579475419996015,0.03763045899995632,0.4076127320954907,0.28143484067925967,0.13578939778633306,0.39999930796566124,B
github,psgnn_reimpl,PSGNN-reimpl,5,0.7,0.8014119045304564,0.8120228732184425,0.8571618037135279,0.6961918194640339,1.9579475419996015,0.04520537499956845,0.2746419098143236,0.19500095401640907,0.08884896984286242,0.30000034601716935,B
github,psgnn_reimpl,PSGNN-reimpl,5,0.8,0.8057484608035625,0.8129207473956437,0.856631299734748,0.7063298016843249,1.9579475419996015,0.034261540999978024,0.15082228116710875,0.05743178782675062,0.0512228785681649,0.20000138406867748,B
github,psgnn_reimpl,PSGNN-reimpl,5,0.9,0.806508520598453,0.8143055456979008,0.8558355437665782,0.7088132869006162,1.9579475419996015,0.03257937499984109,0.06013262599469496,0.0005724098454493417,0.022863532430770862,0.09999896194849188,B
github,psgnn_reimpl,PSGNN-reimpl,6,0.1,0.8203386626605513,0.8065620726996783,0.8729442970822281,0.723121387283237,2.0458732910001345,0.051102833000186365,0.9338726790450929,0.808051898492654,0.5856608890815028,0.9000010380515081,B
github,psgnn_reimpl,PSGNN-reimpl,6,0.2,0.8158289685737309,0.8014860479168053,0.8713527851458885,0.7147058823529412,2.0458732910001345,0.055961457999728736,0.8873740053050397,0.6863194046937607,0.4295298680911959,0.7999986159313225,B
github,psgnn_reimpl,PSGNN-reimpl,6,0.3,0.8125989751707068,0.799852187890693,0.8680371352785146,0.7106717068915382,2.0458732910001345,0.05409641699952772,0.8237135278514589,0.5420721236405266,0.3210768056755473,0.6999996539828306,B
github,psgnn_reimpl,PSGNN-reimpl,6,0.4,0.8045130798416165,0.7896917835582256,0.8641909814323607,0.6965026674570243,2.0458732910001345,0.051075875000606175,0.74342175066313,0.4188132035871017,0.24004328785202966,0.6000006920343387,B
github,psgnn_reimpl,PSGNN-reimpl,6,0.5,0.8115199834234443,0.7922091525659385,0.8679045092838197,0.7084309133489461,2.0458732910001345,0.04898758299987094,0.6347745358090185,0.34878839916046556,0.1764488898605233,0.49999826991415314,B
github,psgnn_reimpl,PSGNN-reimpl,6,0.6,0.8108315862825362,0.79372577601843,0.8655172413793103,0.7091222030981067,2.0458732910001345,0.04345224999997299,0.49496021220159153,0.28486929975195574,0.12446468489543597,0.39999930796566124,B
github,psgnn_reimpl,PSGNN-reimpl,6,0.7,0.8195685853715935,0.8005830609157545,0.8704244031830238,0.7237772123268307,2.0458732910001345,0.045187415999862424,0.3427320954907162,0.22476626597977487,0.08188998585140186,0.30000034601716935,B
github,psgnn_reimpl,PSGNN-reimpl,6,0.8,0.819338944973147,0.803700367331857,0.8681697612732096,0.7254143646408839,2.0458732910001345,0.034254624999448424,0.19376657824933688,0.11581759206258348,0.04688094543446319,0.20000138406867748,B
github,psgnn_reimpl,PSGNN-reimpl,6,0.9,0.8163446838430057,0.8062390506060542,0.863262599469496,0.7235183695360686,2.0458732910001345,0.03245287499976257,0.07419098143236075,0.004770082045411181,0.02073420154862635,0.09999896194849188,B
github,psgnn_reimpl,PSGNN-reimpl,7,0.1,0.8063539406578479,0.804130874424057,0.8635278514588859,0.7011327330816148,1.9104114170004323,0.04728691600030288,0.9272944297082228,0.8336195382560581,0.6344689738953252,0.9000010380515081,B
github,psgnn_reimpl,PSGNN-reimpl,7,0.2,0.8019408170276219,0.806579581326716,0.8608753315649867,0.69390137146192,1.9104114170004323,0.05663249999997788,0.8745623342175066,0.7471856515932074,0.48063380926266425,0.7999986159313225,B
github,psgnn_reimpl,PSGNN-reimpl,7,0.3,0.7972422924806783,0.798174137350929,0.8576923076923076,0.6865322816243061,1.9104114170004323,0.05230912500064733,0.7953580901856764,0.6285060103033773,0.3664707850594383,0.6999996539828306,B
github,psgnn_reimpl,PSGNN-reimpl,7,0.4,0.7954370637582316,0.7937481390067767,0.8563660477453581,0.6837956204379562,1.9104114170004323,0.049929750000046624,0.6907957559681698,0.5012402213318069,0.28222543272006473,0.6000006920343387,B
github,psgnn_reimpl,PSGNN-reimpl,7,0.5,0.7963145200192957,0.7969739995734937,0.8561007957559682,0.6859623733719248,1.9104114170004323,0.048749083999609866,0.5659946949602122,0.3953443999236787,0.2117434242236431,0.49999826991415314,B
github,psgnn_reimpl,PSGNN-reimpl,7,0.6,0.8015708469160411,0.7989362051418372,0.8590185676392573,0.6948033304622452,1.9104114170004323,0.03857154199977231,0.43538461538461537,0.31158175920625836,0.15362104417302508,0.39999930796566124,B
github,psgnn_reimpl,PSGNN-reimpl,7,0.7,0.8079922240433133,0.8060335877917819,0.8591511936339522,0.7088815789473685,1.9104114170004323,0.04783183299969096,0.30509283819628646,0.2354512497614959,0.10152978588344941,0.30000034601716935,B
github,psgnn_reimpl,PSGNN-reimpl,7,0.8,0.8098199344515133,0.8120579871064363,0.8590185676392573,0.7130904183535762,1.9104114170004323,0.034075374999702035,0.17511936339522546,0.10875787063537493,0.05826512702370857,0.20000138406867748,B
github,psgnn_reimpl,PSGNN-reimpl,7,0.9,0.8082120730803355,0.8136100638650113,0.8595490716180372,0.7089859851607585,1.9104114170004323,0.032499541999641224,0.06946949602122016,0.0022896393817973667,0.0252902551419639,0.09999896194849188,B
github,psgnn_reimpl,PSGNN-reimpl,8,0.1,0.8049658773778849,0.8164407818101238,0.8637931034482759,0.697852309502795,1.9512759999997797,0.04959099999996397,0.9272944297082228,0.7946956687655028,0.5961172153456595,0.9000010380515081,B
github,psgnn_reimpl,PSGNN-reimpl,8,0.2,0.7970400617584918,0.8056585110144195,0.8594164456233422,0.6845238095238095,1.9512759999997797,0.05372679199990671,0.873236074270557,0.6842205685937798,0.4346212228336231,0.7999986159313225,B
github,psgnn_reimpl,PSGNN-reimpl,8,0.3,0.8003776895764005,0.8024229525955648,0.8614058355437666,0.6900029664787897,1.9512759999997797,0.05432670899972436,0.7960477453580902,0.5619156649494371,0.32760753493707706,0.6999996539828306,B
github,psgnn_reimpl,PSGNN-reimpl,8,0.4,0.7967088834280143,0.8037127586706865,0.8562334217506631,0.6867052023121387,1.9512759999997797,0.04280637499959994,0.6914323607427055,0.45525663041404313,0.24975019250746097,0.6000006920343387,B
github,psgnn_reimpl,PSGNN-reimpl,8,0.5,0.79768400632307,0.8084349593495935,0.8541114058355438,0.6908375491849353,1.9512759999997797,0.050199500000417174,0.5590981432360743,0.3701583667239077,0.18656023966949148,0.49999826991415314,B
github,psgnn_reimpl,PSGNN-reimpl,8,0.6,0.8034763666411473,0.8074147861512331,0.8570291777188329,0.7008879023307436,1.9512759999997797,0.03784620799979166,0.42122015915119365,0.29345544743369584,0.133695757100126,0.39999930796566124,B
github,psgnn_reimpl,PSGNN-reimpl,8,0.7,0.8085703444636266,0.8130127805440199,0.8595490716180372,0.7097835023294053,1.9512759999997797,0.04594683300001634,0.28692307692307695,0.21866056096164854,0.08776646275648624,0.30000034601716935,B
github,psgnn_reimpl,PSGNN-reimpl,8,0.8,0.8129545197847938,0.8152143511456988,0.8611405835543766,0.7180177753837867,1.9512759999997797,0.03464541700031987,0.1593368700265252,0.08414424728105323,0.05068757051374572,0.20000138406867748,B
github,psgnn_reimpl,PSGNN-reimpl,8,0.9,0.806907966562703,0.810964035964036,0.8588859416445623,0.7067254685777288,1.9512759999997797,0.03252449999945384,0.062148541114058355,0.0009540164090822362,0.022304433789614057,0.09999896194849188,B
github,psgnn_reimpl,PSGNN-reimpl,9,0.1,0.8043550110097017,0.8084981143441601,0.8625994694960212,0.6976065382370111,2.055685375000394,0.04667037499984872,0.9212201591511936,0.7742797176111429,0.5634159498852229,0.9000010380515081,B
github,psgnn_reimpl,PSGNN-reimpl,9,0.2,0.7972862230232911,0.8002108528243062,0.8608753315649867,0.683750376846548,2.055685375000394,0.05780666700047732,0.8576657824933687,0.6451058958214081,0.3948420221743702,0.7999986159313225,B
github,psgnn_reimpl,PSGNN-reimpl,9,0.3,0.8016438877094463,0.7946734152862449,0.8619363395225464,0.6922849541826781,2.055685375000394,0.04357754199918418,0.7794694960212202,0.5394008776950964,0.2923962650380404,0.6999996539828306,B
github,psgnn_reimpl,PSGNN-reimpl,9,0.4,0.8009968838483228,0.7937711717804915,0.8583554376657825,0.6941580756013745,2.055685375000394,0.04108162499960599,0.6690981432360743,0.4375119252051135,0.2202250610089485,0.6000006920343387,B
github,psgnn_reimpl,PSGNN-reimpl,9,0.5,0.8001138397871446,0.7965525857952833,0.8558355437665782,0.6945771284068558,2.055685375000394,0.04016425000008894,0.5376657824933687,0.357946956687655,0.16286400735525292,0.49999826991415314,B
github,psgnn_reimpl,PSGNN-reimpl,9,0.6,0.8079609284153723,0.804736666785845,0.8576923076923076,0.7102349446394814,2.055685375000394,0.047891834000438394,0.4006896551724138,0.28124403739744325,0.11581651918196435,0.39999930796566124,B
github,psgnn_reimpl,PSGNN-reimpl,9,0.7,0.8075358036258584,0.8064852568186632,0.8557029177718833,0.7112526539278131,2.055685375000394,0.041294707999441016,0.2673740053050398,0.1902308719709979,0.07670346185669462,0.30000034601716935,B
github,psgnn_reimpl,PSGNN-reimpl,9,0.8,0.8074845631244063,0.807717799421195,0.8547745358090185,0.7120694188798317,2.055685375000394,0.03574949999983801,0.1457029177718833,0.05800419767219996,0.044525599662480216,0.20000138406867748,B
github,psgnn_reimpl,PSGNN-reimpl,9,0.9,0.8087576828160028,0.8106807447198884,0.8558355437665782,0.7138720715977889,2.055685375000394,0.032478334000188624,0.0583289124668435,0.0007632131272657889,0.01981823374841075,0.09999896194849188,B
lastfm,gassip_adapted,GASSIP-adapted,0,0.1,0.825397564770805,0.8013593689843801,0.8949441891004596,0.0,2.0782325420000003,0.03506333400000017,0.9774396642182581,0.9279419388284085,0.9545454476033058,0.8999856146155506,B
lastfm,gassip_adapted,GASSIP-adapted,0,0.2,0.819825383199827,0.7890993906359783,0.8857518056467498,0.0,2.0782325420000003,0.049570375000000055,0.9540923399790137,0.871435977190254,0.9090909024793389,0.8000071926922246,B
lastfm,gassip_adapted,GASSIP-adapted,0,0.3,0.7915538387304243,0.7739652992037198,0.8831254103742613,0.0,2.0782325420000003,0.006340707999999751,0.9240556138509969,0.8107827890098497,0.9090909024793389,0.6999928073077754,B
lastfm,gassip_adapted,GASSIP-adapted,0,0.4,0.7979422337150479,0.7666575629284998,0.8719632304661852,0.0,2.0782325420000003,0.007066707999999977,0.8626705141657922,0.7340590979782271,0.7727272671074381,0.6000143853844494,B
lastfm,gassip_adapted,GASSIP-adapted,0,0.5,0.8128607666997317,0.7836124614766011,0.8785292186474064,0.0,2.0782325420000003,0.006088459000000768,0.7746589716684156,0.6521513737687922,0.7727272671074381,0.5,B
lastfm,gassip_adapted,GASSIP-adapted,0,0.6,0.8010338621788918,0.780107192317433,0.8627708470124754,0.0,2.0782325420000003,0.005453415999998157,0.657922350472193,0.5458786936236392,0.5909090866115703,0.3999856146155506,B
lastfm,gassip_adapted,GASSIP-adapted,0,0.7,0.7517978989484831,0.7441294374307494,0.8384766907419566,0.0,2.0782325420000003,0.005724209000000258,0.5093126967471143,0.4385692068429238,0.3636363609917356,0.3000071926922247,B
lastfm,gassip_adapted,GASSIP-adapted,0,0.8,0.7019249498661451,0.6692711844513415,0.8233749179251477,0.0,2.0782325420000003,0.00617362499999885,0.35204616998950683,0.32452047693105235,0.27272727074380165,0.1999928073077753,B
lastfm,gassip_adapted,GASSIP-adapted,0,0.9,0.6664778418376677,0.6253512669064695,0.7951411687458962,0.0,2.0782325420000003,0.0050370000000015125,0.1861227701993704,0.19751166407465007,0.1818181804958678,0.1000143853844494,B
lastfm,gassip_adapted,GASSIP-adapted,1,0.1,0.776000583702275,0.790678237290917,0.8759028233749179,0.0,2.260883542,0.019821750000000193,0.9875393494228751,0.9580093312597201,0.9999999927272728,0.8999856146155506,B
lastfm,gassip_adapted,GASSIP-adapted,1,0.2,0.787959054211073,0.7881843662658088,0.8798424162836507,0.0,2.260883542,0.02498562500000112,0.970881427072403,0.9061689994815967,0.9999999927272728,0.8000071926922246,B
lastfm,gassip_adapted,GASSIP-adapted,1,0.3,0.769518615740043,0.7979644075573837,0.8778726198292843,0.0,2.260883542,0.00652029099999929,0.9489769150052466,0.8636599274235355,0.9999999927272728,0.6999928073077754,B
lastfm,gassip_adapted,GASSIP-adapted,1,0.4,0.7597451690374348,0.7901434801540358,0.8621142481943532,0.0,2.260883542,0.006233375000000763,0.9106768100734522,0.8045619491964748,0.9545454476033058,0.6000143853844494,B
lastfm,gassip_adapted,GASSIP-adapted,1,0.5,0.7493646369881525,0.7666253256333142,0.860801050558109,0.0,2.260883542,0.006486209000001963,0.8470619097586569,0.7293934681181959,0.7727272671074381,0.5,B
lastfm,gassip_adapted,GASSIP-adapted,1,0.6,0.6619664820633459,0.6725221913544358,0.8430728824688115,0.0,2.260883542,0.005465042000000864,0.7531479538300105,0.6340072576464489,0.6818181768595042,0.3999856146155506,B
lastfm,gassip_adapted,GASSIP-adapted,1,0.7,0.6764243593944005,0.6884243494303832,0.8437294812869337,0.0,2.260883542,0.005749167000001165,0.6168677859391396,0.5303265940902022,0.5909090866115703,0.3000071926922247,B
lastfm,gassip_adapted,GASSIP-adapted,1,0.8,0.7148079708361836,0.6987987922286556,0.8411030860144452,0.0,2.260883542,0.005277083000002847,0.4213011542497377,0.4105754276827372,0.5454545414876033,0.1999928073077753,B
lastfm,gassip_adapted,GASSIP-adapted,1,0.9,0.6105516629649625,0.5956894462641601,0.7944845699277742,0.0,2.260883542,0.005723333999998914,0.14651101783840503,0.2545360290305858,0.27272727074380165,0.1000143853844494,B
lastfm,gassip_adapted,GASSIP-adapted,2,0.1,0.8013497849651743,0.7665323427453274,0.8870650032829941,0.0,1.4844369999999998,0.00618737500001032,0.9878016789087093,0.960082944530845,0.9999999927272728,0.8999856146155506,B
lastfm,gassip_adapted,GASSIP-adapted,2,0.2,0.8106412305053514,0.7491821730718359,0.891661195009849,0.0,1.4844369999999998,0.007253792000000203,0.9736358866736621,0.9196474857439088,0.9999999927272728,0.8000071926922246,B
lastfm,gassip_adapted,GASSIP-adapted,2,0.3,0.8139626576582601,0.7693084609728313,0.8824688115561392,0.0,1.4844369999999998,0.008635707999999909,0.9534365162644282,0.8693623639191291,0.9999999927272728,0.6999928073077754,B
lastfm,gassip_adapted,GASSIP-adapted,2,0.4,0.8069478607474923,0.7470035349801453,0.8811556139198949,0.0,1.4844369999999998,0.005980457999996247,0.9180220356768101,0.8097459823742872,0.9545454476033058,0.6000143853844494,B
lastfm,gassip_adapted,GASSIP-adapted,2,0.5,0.7993488741751567,0.7685544347471737,0.8772160210111621,0.0,1.4844369999999998,0.006552499999997963,0.858604407135362,0.7314670813893209,0.7727272671074381,0.5,B
lastfm,gassip_adapted,GASSIP-adapted,2,0.6,0.7616416821098532,0.7318714018115345,0.8653972422849638,0.0,1.4844369999999998,0.015666290999988064,0.7581322140608604,0.6433385173665112,0.6818181768595042,0.3999856146155506,B
lastfm,gassip_adapted,GASSIP-adapted,2,0.7,0.744502651011049,0.7207825587879944,0.8529218647406435,0.0,1.4844369999999998,0.006412624999995842,0.5966684155299056,0.5391394504924831,0.5909090866115703,0.3000071926922247,B
lastfm,gassip_adapted,GASSIP-adapted,2,0.8,0.701491796550628,0.6642446781034218,0.8332239001969797,0.0,1.4844369999999998,0.005128334000005452,0.3945435466946485,0.4069466044582685,0.4999999963636364,0.1999928073077753,B
lastfm,gassip_adapted,GASSIP-adapted,2,0.9,0.5911630536738078,0.5388549188242586,0.7977675640183848,0.0,1.4844369999999998,0.0059158340000067255,0.15451206715634838,0.25557283566614825,0.27272727074380165,0.1000143853844494,B
lastfm,gassip_adapted,GASSIP-adapted,3,0.1,0.7862463426125567,0.8049397936628028,0.8798424162836507,0.0,1.6960265419999985,0.006339207999985774,0.9858342077649528,0.9528252980819077,0.9999999927272728,0.8999856146155506,B
lastfm,gassip_adapted,GASSIP-adapted,3,0.2,0.7976343215954846,0.8061787213688638,0.8844386080105056,0.0,1.6960265419999985,0.006421333999981016,0.9695697796432319,0.9077242094349404,0.9999999927272728,0.8000071926922246,B
lastfm,gassip_adapted,GASSIP-adapted,3,0.3,0.7900239784706977,0.8125490921918974,0.8759028233749179,0.0,1.6960265419999985,0.006324416999973437,0.9350734522560336,0.8361845515811301,0.9545454476033058,0.6999928073077754,B
lastfm,gassip_adapted,GASSIP-adapted,3,0.4,0.7654580431292078,0.7761179263532505,0.8673670387393303,0.0,1.6960265419999985,0.0075563329999965845,0.8885099685204617,0.767236910316226,0.9545454476033058,0.6000143853844494,B
lastfm,gassip_adapted,GASSIP-adapted,3,0.5,0.7817736360152165,0.7798071567718543,0.8653972422849638,0.0,1.6960265419999985,0.005605000000002747,0.8141395592864638,0.6842923794712286,0.8181818122314051,0.5,B
lastfm,gassip_adapted,GASSIP-adapted,3,0.6,0.7599329723078705,0.7848598680899947,0.8568614576493763,0.0,1.6960265419999985,0.005485292000003028,0.7086831059811123,0.6023846552617936,0.6363636317355372,0.3999856146155506,B
lastfm,gassip_adapted,GASSIP-adapted,3,0.7,0.7360360275027859,0.7350978133183133,0.8443860801050558,0.0,1.6960265419999985,0.005376791999992747,0.550498426023085,0.49818558838776567,0.5909090866115703,0.3000071926922247,B
lastfm,gassip_adapted,GASSIP-adapted,3,0.8,0.7101961479837868,0.7131386492591039,0.8305975049244911,0.0,1.6960265419999985,0.005197959000014407,0.36870409233997903,0.36754795230689474,0.4999999963636364,0.1999928073077753,B
lastfm,gassip_adapted,GASSIP-adapted,3,0.9,0.6530561734223657,0.6262459976355164,0.804333552199606,0.0,1.6960265419999985,0.0051764999999761585,0.14965897166841552,0.22291342664593053,0.27272727074380165,0.1000143853844494,B
lastfm,gassip_adapted,GASSIP-adapted,4,0.1,0.7548082072853656,0.7779752831084725,0.8837820091923835,0.0,1.8474217919999774,0.006993207999983042,0.988588667366212,0.96215655780197,0.9999999927272728,0.8999856146155506,B
lastfm,gassip_adapted,GASSIP-adapted,4,0.2,0.7454600759238651,0.7768998132607846,0.8824688115561392,0.0,1.8474217919999774,0.006063958000027014,0.9750786988457503,0.9253499222395023,0.9999999927272728,0.8000071926922246,B
lastfm,gassip_adapted,GASSIP-adapted,4,0.3,0.7703404353963781,0.7809323907310671,0.8785292186474064,0.0,1.8474217919999774,0.006516292000014801,0.9523871983210913,0.8703991705546915,0.9545454476033058,0.6999928073077754,B
lastfm,gassip_adapted,GASSIP-adapted,4,0.4,0.7690157787126155,0.7825444571154645,0.8752462245567958,0.0,1.8474217919999774,0.005950625000025411,0.9060860440713536,0.8035251425609123,0.863636357355372,0.6000143853844494,B
lastfm,gassip_adapted,GASSIP-adapted,4,0.5,0.7271574301847546,0.7791126876147888,0.8581746552856205,0.0,1.8474217919999774,0.005586000000050717,0.8264690451206715,0.711767755313634,0.7727272671074381,0.5,B
lastfm,gassip_adapted,GASSIP-adapted,4,0.6,0.7159903655880098,0.7763331711282783,0.8562048588312541,0.0,1.8474217919999774,0.005841791999955603,0.7206190975865687,0.6210471747019181,0.6818181768595042,0.3999856146155506,B
lastfm,gassip_adapted,GASSIP-adapted,4,0.7,0.6895803568558597,0.738424532430519,0.8358502954694682,0.0,1.8474217919999774,0.005774500000029548,0.5617785939139559,0.52099533437014,0.5909090866115703,0.3000071926922247,B
lastfm,gassip_adapted,GASSIP-adapted,4,0.8,0.6636452158674923,0.7219921124808354,0.8279711096520026,0.0,1.8474217919999774,0.0058404170000017075,0.3861490031479538,0.4022809745982374,0.3636363609917356,0.1999928073077753,B
lastfm,gassip_adapted,GASSIP-adapted,4,0.9,0.5485132660854162,0.5966436891879647,0.7977675640183848,0.0,1.8474217919999774,0.00667191599995931,0.17444910807974817,0.24935199585277346,0.27272727074380165,0.1000143853844494,B
lastfm,gassip_adapted,GASSIP-adapted,5,0.1,0.8131528956673705,0.80593252380083,0.8949441891004596,0.0,2.210333999999989,0.007209791999969184,0.9859653725078699,0.9538621047174702,0.9999999927272728,0.8999856146155506,B
lastfm,gassip_adapted,GASSIP-adapted,5,0.2,0.8170428591481008,0.8004252380781525,0.8903479973736047,0.0,2.210333999999989,0.006114042000035624,0.9723242392444911,0.9170554691550026,0.9999999927272728,0.8000071926922246,B
lastfm,gassip_adapted,GASSIP-adapted,5,0.3,0.8036131399648538,0.7960212038260667,0.8857518056467498,0.0,2.210333999999989,0.005938583000045128,0.9375655823714586,0.8424053913945049,0.9999999927272728,0.6999928073077754,B
lastfm,gassip_adapted,GASSIP-adapted,5,0.4,0.7903902565813516,0.7811872590641291,0.8785292186474064,0.0,2.210333999999989,0.006125875000009273,0.8938877229800629,0.7677553136340073,0.9090909024793389,0.6000143853844494,B
lastfm,gassip_adapted,GASSIP-adapted,5,0.5,0.7980134842595283,0.7827220555024488,0.8745896257386737,0.0,2.210333999999989,0.0056587500000091495,0.8225341028331584,0.6905132192846034,0.7272727219834711,0.5,B
lastfm,gassip_adapted,GASSIP-adapted,5,0.6,0.7820283101406095,0.7792928140658447,0.866053841103086,0.0,2.210333999999989,0.005576125000004595,0.7168153200419727,0.6003110419906688,0.7272727219834711,0.3999856146155506,B
lastfm,gassip_adapted,GASSIP-adapted,5,0.7,0.7479365250998724,0.7554530885432693,0.8516086671043992,0.0,2.210333999999989,0.005477624999969066,0.5646642182581322,0.5023328149300156,0.5454545414876033,0.3000071926922247,B
lastfm,gassip_adapted,GASSIP-adapted,5,0.8,0.68148627563627,0.6985808010747765,0.8200919238345371,0.0,2.210333999999989,0.005201166999995621,0.3814270724029381,0.3742871954380508,0.45454545123966944,0.1999928073077753,B
lastfm,gassip_adapted,GASSIP-adapted,5,0.9,0.6300574818910162,0.624224961818145,0.8036769533814839,0.0,2.210333999999989,0.00502845799996976,0.15162644281217208,0.22343182996371178,0.22727272561983472,0.1000143853844494,B
lastfm,gassip_adapted,GASSIP-adapted,6,0.1,0.8304691716901487,0.7761183941447656,0.9015101772816809,0.0,1.4652146249999873,0.006848416999957863,0.9826862539349422,0.9388284085018144,0.9999999927272728,0.8999856146155506,B
lastfm,gassip_adapted,GASSIP-adapted,6,0.2,0.7454498070684519,0.6854109266091265,0.8824688115561392,0.0,1.4652146249999873,0.006097208000028331,0.9647166841552991,0.8900984966303784,0.9999999927272728,0.8000071926922246,B
lastfm,gassip_adapted,GASSIP-adapted,6,0.3,0.8274763229357354,0.7738716301312994,0.896913985554826,0.0,1.4652146249999873,0.00688729199998761,0.9253672612801679,0.8294453084499741,0.9999999927272728,0.6999928073077754,B
lastfm,gassip_adapted,GASSIP-adapted,6,0.4,0.7981195148317305,0.7408688558409599,0.886408404464872,0.0,1.4652146249999873,0.006493333999969764,0.8618835257082896,0.7579056505961638,0.9090909024793389,0.6000143853844494,B
lastfm,gassip_adapted,GASSIP-adapted,6,0.5,0.7451344995281102,0.67330645909358,0.8759028233749179,0.0,1.4652146249999873,0.014898167000012563,0.7553777544596013,0.6609642301710731,0.8181818122314051,0.5,B
lastfm,gassip_adapted,GASSIP-adapted,6,0.6,0.6634238858096256,0.6306784212256226,0.8417596848325674,0.0,1.4652146249999873,0.00648091700003306,0.6257869884575026,0.5609123898392949,0.7272727219834711,0.3999856146155506,B
lastfm,gassip_adapted,GASSIP-adapted,6,0.7,0.6243677822731918,0.6061904536423424,0.8332239001969797,0.0,1.4652146249999873,0.0059427089999530835,0.46786463798530953,0.4432348367029549,0.5454545414876033,0.3000071926922247,B
lastfm,gassip_adapted,GASSIP-adapted,6,0.8,0.5663678711158016,0.6159119277684971,0.8194353250164149,0.0,1.4652146249999873,0.006250166999961948,0.3058761804826863,0.30741316744427166,0.1818181804958678,0.1999928073077753,B
lastfm,gassip_adapted,GASSIP-adapted,6,0.9,0.5118468818625269,0.49131166210910415,0.7925147734734077,0.0,1.4652146249999873,0.0054701669999985825,0.15333158447009443,0.17107309486780714,0.0,0.1000143853844494,B
lastfm,gassip_adapted,GASSIP-adapted,7,0.1,0.8116078638886599,0.7972905335082485,0.8923177938279712,0.0,1.872582125000008,0.007661834000032286,0.9884575026232949,0.9631933644375325,0.9999999927272728,0.8999856146155506,B
lastfm,gassip_adapted,GASSIP-adapted,7,0.2,0.7861457529844659,0.8052284228999446,0.8896913985554826,0.0,1.872582125000008,0.006409082999994098,0.9754721930745016,0.9263867288750648,0.9999999927272728,0.8000071926922246,B
lastfm,gassip_adapted,GASSIP-adapted,7,0.3,0.7715664298524847,0.7732784378928653,0.8824688115561392,0.0,1.872582125000008,0.006264791000035075,0.95199370409234,0.8766200103680664,0.9999999927272728,0.6999928073077754,B
lastfm,gassip_adapted,GASSIP-adapted,7,0.4,0.787183982459436,0.7705351861981246,0.8837820091923835,0.0,1.872582125000008,0.006039083000018763,0.9033315844700944,0.8133748055987559,0.9545454476033058,0.6000143853844494,B
lastfm,gassip_adapted,GASSIP-adapted,7,0.5,0.7994197648169467,0.7737039227065998,0.886408404464872,0.0,1.872582125000008,0.006301707999909922,0.8149265477439664,0.7076205287713841,0.863636357355372,0.5,B
lastfm,gassip_adapted,GASSIP-adapted,7,0.6,0.7656259717362839,0.7548575150965495,0.8667104399212081,0.0,1.872582125000008,0.00609279200000401,0.699501573976915,0.6080870917573873,0.7727272671074381,0.3999856146155506,B
lastfm,gassip_adapted,GASSIP-adapted,7,0.7,0.650142883423533,0.6610655064164502,0.8305975049244911,0.0,1.872582125000008,0.005799749999937376,0.5611227701993704,0.5127008812856402,0.7272727219834711,0.3000071926922247,B
lastfm,gassip_adapted,GASSIP-adapted,7,0.8,0.6558842648062172,0.6583628829610659,0.8233749179251477,0.0,1.872582125000008,0.0057484999999815045,0.39401888772298005,0.3908761016070503,0.4999999963636364,0.1999928073077753,B
lastfm,gassip_adapted,GASSIP-adapted,7,0.9,0.546511103852765,0.5486039680990513,0.788575180564675,0.0,1.872582125000008,0.005341041000065161,0.17103882476390347,0.23587350959046138,0.27272727074380165,0.1000143853844494,B
lastfm,gassip_adapted,GASSIP-adapted,8,0.1,0.770462217637059,0.7685143440440478,0.8726198292843073,0.0,1.8754760420000594,0.006686833000003389,0.982292759706191,0.9409020217729394,0.9999999927272728,0.8999856146155506,B
lastfm,gassip_adapted,GASSIP-adapted,8,0.2,0.7887023657336383,0.7854071082746961,0.8791858174655286,0.0,1.8754760420000594,0.0069798329999457565,0.9635362014690452,0.8921721099015034,0.9545454476033058,0.8000071926922246,B
lastfm,gassip_adapted,GASSIP-adapted,8,0.3,0.7612296829297313,0.7849978013285603,0.8699934340118188,0.0,1.8754760420000594,0.006206207999980506,0.9371720881427072,0.8294453084499741,0.9090909024793389,0.6999928073077754,B
lastfm,gassip_adapted,GASSIP-adapted,8,0.4,0.7829961008718511,0.7955335868052714,0.8686802363755746,0.0,1.8754760420000594,0.006250667000017529,0.8902151101783841,0.7584240539139451,0.9090909024793389,0.6000143853844494,B
lastfm,gassip_adapted,GASSIP-adapted,8,0.5,0.7809811230538052,0.78373369793648,0.8614576493762311,0.0,1.8754760420000594,0.005674333000001752,0.8183368310598111,0.6801451529289787,0.8181818122314051,0.5,B
lastfm,gassip_adapted,GASSIP-adapted,8,0.6,0.7619438915067125,0.7829273034463996,0.8463558765594222,0.0,1.8754760420000594,0.005544874999941385,0.7065844700944386,0.5930533955417314,0.5909090866115703,0.3999856146155506,B
lastfm,gassip_adapted,GASSIP-adapted,8,0.7,0.7498803777700179,0.756043928866306,0.8384766907419566,0.0,1.8754760420000594,0.005277207999938582,0.5507607555089192,0.47796785899429756,0.5454545414876033,0.3000071926922247,B
lastfm,gassip_adapted,GASSIP-adapted,8,0.8,0.7229435828322686,0.7000890162398787,0.8312541037426132,0.0,1.8754760420000594,0.005104666999955043,0.35598111227701995,0.3556246759979264,0.40909090611570254,0.1999928073077753,B
lastfm,gassip_adapted,GASSIP-adapted,8,0.9,0.6472109437711588,0.6654678168048553,0.799080761654629,0.0,1.8754760420000594,0.00527683400002843,0.15988982161594964,0.22602384655261792,0.1818181804958678,0.1000143853844494,B
lastfm,gassip_adapted,GASSIP-adapted,9,0.1,0.7886296298422725,0.8174339418984908,0.8877216021011162,0.0,1.4721127090000437,0.006163667000009809,0.9858342077649528,0.9543805080352514,0.9999999927272728,0.8999856146155506,B
lastfm,gassip_adapted,GASSIP-adapted,9,0.2,0.7910587108516426,0.8299406805568038,0.8844386080105056,0.0,1.4721127090000437,0.006063667000034911,0.9699632738719832,0.9077242094349404,0.9999999927272728,0.8000071926922246,B
lastfm,gassip_adapted,GASSIP-adapted,9,0.3,0.7799704579810586,0.8188334382405131,0.8811556139198949,0.0,1.4721127090000437,0.005912667000075089,0.9379590766002098,0.8429237947122862,0.9545454476033058,0.6999928073077754,B
lastfm,gassip_adapted,GASSIP-adapted,9,0.4,0.7763873103490687,0.8132572377642201,0.8752462245567958,0.0,1.4721127090000437,0.005774584000050709,0.891395592864638,0.7817522032141005,0.9090909024793389,0.6000143853844494,B
lastfm,gassip_adapted,GASSIP-adapted,9,0.5,0.7822703599900946,0.803133828062152,0.8745896257386737,0.0,1.4721127090000437,0.005892790999951103,0.8277806925498427,0.7024364955935718,0.863636357355372,0.5,B
lastfm,gassip_adapted,GASSIP-adapted,9,0.6,0.7532404281697871,0.7896549813331544,0.8568614576493763,0.0,1.4721127090000437,0.00547470800006522,0.7140608604407135,0.6106791083462935,0.6818181768595042,0.3999856146155506,B
lastfm,gassip_adapted,GASSIP-adapted,9,0.7,0.7296018987024242,0.746591945436185,0.8476690741956664,0.0,1.4721127090000437,0.005258207999986553,0.5667628541448059,0.5220321410057024,0.6818181768595042,0.3000071926922247,B
lastfm,gassip_adapted,GASSIP-adapted,9,0.8,0.7328200012378846,0.7099449965124759,0.8391332895600788,0.0,1.4721127090000437,0.005146707999983846,0.3565057712486884,0.38154484188698806,0.5454545414876033,0.1999928073077753,B
lastfm,gassip_adapted,GASSIP-adapted,9,0.9,0.6299553618069954,0.627830388304773,0.7977675640183848,0.0,1.4721127090000437,0.005147167000018271,0.1587093389296957,0.2405391394504925,0.3636363609917356,0.1000143853844494,B
lastfm,mog_adapted,MoG-adapted,0,0.1,0.783599827211077,0.7727455692322496,0.8778726198292843,0.0,2.9514975420000056,0.01027804200000304,0.9035939139559287,0.7677553136340073,0.7727272671074381,0.8999856146155506,B
lastfm,mog_adapted,MoG-adapted,0,0.2,0.735772409650787,0.7617143289428899,0.8581746552856205,0.0,2.9514975420000056,0.006483666999997695,0.8187303252885625,0.6117159149818558,0.45454545123966944,0.8000071926922246,B
lastfm,mog_adapted,MoG-adapted,0,0.3,0.7331773812962541,0.7600691403797951,0.8470124753775443,0.0,2.9514975420000056,0.006222375000000113,0.7425236096537251,0.4815966822187662,0.22727272561983472,0.6999928073077754,B
lastfm,mog_adapted,MoG-adapted,0,0.4,0.6699453366651114,0.6714829279793048,0.8338804990151018,0.0,2.9514975420000056,0.006046875000002672,0.6600209863588667,0.37791601866251945,0.1818181804958678,0.6000143853844494,B
lastfm,mog_adapted,MoG-adapted,0,0.5,0.642231926279591,0.6492448635368505,0.8187787261982928,0.0,2.9514975420000056,0.005981292000001304,0.5742392444910808,0.28408501814411613,0.13636363537190083,0.5,B
lastfm,mog_adapted,MoG-adapted,0,0.6,0.6367284254120638,0.6301131481917569,0.8154957321076822,0.0,2.9514975420000056,0.006036583000003759,0.47822665267576075,0.19440124416796267,0.0909090902479339,0.3999856146155506,B
lastfm,mog_adapted,MoG-adapted,0,0.7,0.5450755869398073,0.5951596119573126,0.7826657912015759,0.0,2.9514975420000056,0.006489500000000703,0.3853620146904512,0.12597200622083982,0.04545454512396695,0.3000071926922247,B
lastfm,mog_adapted,MoG-adapted,0,0.8,0.5227342439605883,0.5440260589459578,0.7813525935653316,0.0,2.9514975420000056,0.00741841699999668,0.2844963273871983,0.06842923794712286,0.0,0.1999928073077753,B
lastfm,mog_adapted,MoG-adapted,0,0.9,0.5375774415663156,0.5395613211213663,0.7747866053841103,0.0,2.9514975420000056,0.005275999999994951,0.1660545645330535,0.02280974598237429,0.0,0.1000143853844494,B
lastfm,mog_adapted,MoG-adapted,1,0.1,0.7328085165217987,0.7323006143291118,0.8489822718319107,0.0,2.1959317499999997,0.007617958000004421,0.8824763903462749,0.696215655780197,0.5454545414876033,0.8999856146155506,B
lastfm,mog_adapted,MoG-adapted,1,0.2,0.7012671235246255,0.7232931290186733,0.835193696651346,0.0,2.1959317499999997,0.01103683299999858,0.7919727177334732,0.5303265940902022,0.3181818158677686,0.8000071926922246,B
lastfm,mog_adapted,MoG-adapted,1,0.3,0.6681125200997219,0.6954786497150663,0.8214051214707814,0.0,2.1959317499999997,0.0058099580000003925,0.7064533053515215,0.4085018144116122,0.1818181804958678,0.6999928073077754,B
lastfm,mog_adapted,MoG-adapted,1,0.4,0.6662358668280415,0.6894105145624115,0.8181221273801708,0.0,2.1959317499999997,0.005755874999998412,0.6261804826862539,0.31052358735095903,0.13636363537190083,0.6000143853844494,B
lastfm,mog_adapted,MoG-adapted,1,0.5,0.6093093855155651,0.6539761349248289,0.8049901510177282,0.0,2.1959317499999997,0.005626124999999149,0.5498426023084995,0.24157594608605495,0.0909090902479339,0.5,B
lastfm,mog_adapted,MoG-adapted,1,0.6,0.5915964806216757,0.6429349825613188,0.7997373604727511,0.0,2.1959317499999997,0.005241167000001212,0.4648478488982162,0.16640746500777606,0.0909090902479339,0.3999856146155506,B
lastfm,mog_adapted,MoG-adapted,1,0.7,0.536991004140189,0.5484865844185152,0.7826657912015759,0.0,2.1959317499999997,0.0073926669999977435,0.3761804826862539,0.10782789009849664,0.04545454512396695,0.3000071926922247,B
lastfm,mog_adapted,MoG-adapted,1,0.8,0.49117157991334776,0.5331033897454438,0.783322390019698,0.0,2.1959317499999997,0.005233666000002302,0.28266002098635884,0.05909797822706065,0.0,0.1999928073077753,B
lastfm,mog_adapted,MoG-adapted,1,0.9,0.527935883755304,0.5387535713019154,0.7767564018384767,0.0,2.1959317499999997,0.004922334000006856,0.165398740818468,0.026438569206842923,0.0,0.1000143853844494,B
lastfm,mog_adapted,MoG-adapted,2,0.1,0.7933979719029163,0.7632243262699911,0.8791858174655286,0.0,2.0503206249999977,0.006420500000004381,0.9203830010493179,0.8035251425609123,0.9090909024793389,0.8999856146155506,B
lastfm,mog_adapted,MoG-adapted,2,0.2,0.7832468473097369,0.7346914663243592,0.8640840446487197,0.0,2.0503206249999977,0.00618512500000179,0.8454879328436516,0.6775531363400725,0.7727272671074381,0.8000071926922246,B
lastfm,mog_adapted,MoG-adapted,2,0.3,0.731363035144407,0.6950745926239569,0.8502954694681549,0.0,2.0503206249999977,0.00576841700001296,0.7633788037775446,0.5463970969414205,0.6818181768595042,0.6999928073077754,B
lastfm,mog_adapted,MoG-adapted,2,0.4,0.6825191010557793,0.6721035107187805,0.8260013131976363,0.0,2.0503206249999977,0.005715041999991399,0.6841552990556139,0.432348367029549,0.4999999963636364,0.6000143853844494,B
lastfm,mog_adapted,MoG-adapted,2,0.5,0.6778037248912455,0.6788401479420724,0.8187787261982928,0.0,2.0503206249999977,0.006005249999986972,0.6000786988457503,0.32089165370658373,0.3636363609917356,0.5,B
lastfm,mog_adapted,MoG-adapted,2,0.6,0.6087374147489149,0.6344495472488969,0.8076165462902167,0.0,2.0503206249999977,0.005360041999978193,0.5107555089192025,0.22757905650596164,0.22727272561983472,0.3999856146155506,B
lastfm,mog_adapted,MoG-adapted,2,0.7,0.5908572778051947,0.598733521647086,0.793827971109652,0.0,2.0503206249999977,0.005102708999999095,0.4142182581322141,0.1472265422498704,0.13636363537190083,0.3000071926922247,B
lastfm,mog_adapted,MoG-adapted,2,0.8,0.5122976134509238,0.5438380543216506,0.7721602101116218,0.0,2.0503206249999977,0.005135499999994408,0.30417103882476393,0.08553654743390357,0.04545454512396695,0.1999928073077753,B
lastfm,mog_adapted,MoG-adapted,2,0.9,0.45520011282076517,0.5026950484080346,0.7590282337491793,0.0,2.0503206249999977,0.005146499999995058,0.18008919202518364,0.04095386210471747,0.0,0.1000143853844494,B
lastfm,mog_adapted,MoG-adapted,3,0.1,0.7523128113125063,0.770297240290549,0.8680236375574524,0.0,2.251252875000006,0.006754709000006187,0.9030692549842603,0.7527216174183515,0.8181818122314051,0.8999856146155506,B
lastfm,mog_adapted,MoG-adapted,3,0.2,0.7496272858967148,0.7510162057316186,0.8640840446487197,0.0,2.251252875000006,0.00585283300000583,0.815713536201469,0.5982374287195438,0.5454545414876033,0.8000071926922246,B
lastfm,mog_adapted,MoG-adapted,3,0.3,0.6951601845529006,0.7069819071467234,0.8371634931057124,0.0,2.251252875000006,0.008423249999992777,0.7311122770199371,0.47900466562986005,0.3636363609917356,0.6999928073077754,B
lastfm,mog_adapted,MoG-adapted,3,0.4,0.6260191169022837,0.6517999542406101,0.8227183191070256,0.0,2.251252875000006,0.005841040999996494,0.6416579223504721,0.3691031622602385,0.3181818158677686,0.6000143853844494,B
lastfm,mog_adapted,MoG-adapted,3,0.5,0.6385736602071924,0.6438591671212883,0.8207485226526592,0.0,2.251252875000006,0.005871791000004123,0.55299055613851,0.27786417833074134,0.22727272561983472,0.5,B
lastfm,mog_adapted,MoG-adapted,3,0.6,0.5990809455884828,0.6059938135049001,0.799080761654629,0.0,2.251252875000006,0.0073463749999973516,0.46156873032528856,0.19284603421461896,0.0909090902479339,0.3999856146155506,B
lastfm,mog_adapted,MoG-adapted,3,0.7,0.5575015764304023,0.6206338761243412,0.783322390019698,0.0,2.251252875000006,0.006095208999994384,0.3601783840503673,0.12649040953862103,0.04545454512396695,0.3000071926922247,B
lastfm,mog_adapted,MoG-adapted,3,0.8,0.5447768547667438,0.5469420584523279,0.7774130006565988,0.0,2.251252875000006,0.005307082999991053,0.25839454354669467,0.06842923794712286,0.0,0.1999928073077753,B
lastfm,mog_adapted,MoG-adapted,3,0.9,0.4865062498455583,0.476049389810487,0.7701904136572554,0.0,2.251252875000006,0.004815750000005892,0.14113326337880377,0.027475375842405392,0.0,0.1000143853844494,B
lastfm,mog_adapted,MoG-adapted,4,0.1,0.7687751657822611,0.7889620819245361,0.8726198292843073,0.0,2.273805374999995,0.0071711660000346455,0.9117261280167891,0.7864178330741317,0.9545454476033058,0.8999856146155506,B
lastfm,mog_adapted,MoG-adapted,4,0.2,0.7833256054630882,0.7843352800773382,0.8699934340118188,0.0,2.273805374999995,0.0061666249999916545,0.8267313746065058,0.6251944012441679,0.7272727219834711,0.8000071926922246,B
lastfm,mog_adapted,MoG-adapted,4,0.3,0.6982269282376854,0.7423585321315569,0.8437294812869337,0.0,2.273805374999995,0.006600750000018252,0.7482948583420777,0.4976671850699845,0.4999999963636364,0.6999928073077754,B
lastfm,mog_adapted,MoG-adapted,4,0.4,0.6632465283027372,0.6889378496921192,0.8384766907419566,0.0,2.273805374999995,0.007631500000002234,0.6668415529905561,0.3856920684292379,0.3181818158677686,0.6000143853844494,B
lastfm,mog_adapted,MoG-adapted,4,0.5,0.657461301639582,0.6726156081671013,0.8299409061063691,0.0,2.273805374999995,0.005450624999980391,0.5856505771248688,0.2944530844997408,0.1818181804958678,0.5,B
lastfm,mog_adapted,MoG-adapted,4,0.6,0.6408919937664541,0.6568354230936408,0.8174655285620486,0.0,2.273805374999995,0.005322041999988869,0.4956715634837356,0.2161741835147745,0.13636363537190083,0.3999856146155506,B
lastfm,mog_adapted,MoG-adapted,4,0.7,0.6189198105751782,0.6390049013203779,0.8082731451083388,0.0,2.273805374999995,0.005149834000008013,0.39428121720881426,0.13478486262312078,0.13636363537190083,0.3000071926922247,B
lastfm,mog_adapted,MoG-adapted,4,0.8,0.5514505768332969,0.5697372744521612,0.7898883782009193,0.0,2.273805374999995,0.0053197909999767035,0.2860703043022036,0.06946604458268534,0.0,0.1999928073077753,B
lastfm,mog_adapted,MoG-adapted,4,0.9,0.4960754206206497,0.5255487543296957,0.7688772160210111,0.0,2.273805374999995,0.004871541999989404,0.1617261280167891,0.026438569206842923,0.0,0.1000143853844494,B
lastfm,mog_adapted,MoG-adapted,5,0.1,0.7974236791401824,0.7649989223324987,0.8831254103742613,0.0,2.7155919580000045,0.007620000000031268,0.8993966421825813,0.7485743908761016,0.7727272671074381,0.8999856146155506,B
lastfm,mog_adapted,MoG-adapted,5,0.2,0.7542361147603021,0.736278426011236,0.8732764281024294,0.0,2.7155919580000045,0.006626208999989558,0.8192549842602308,0.5883877656817004,0.5454545414876033,0.8000071926922246,B
lastfm,mog_adapted,MoG-adapted,5,0.3,0.6727311817744008,0.6658473993558245,0.8424162836506894,0.0,2.7155919580000045,0.005661625000016102,0.7402938090241343,0.4753758424053914,0.45454545123966944,0.6999928073077754,B
lastfm,mog_adapted,MoG-adapted,5,0.4,0.6606617123101368,0.6201685542369452,0.8325673013788575,0.0,2.7155919580000045,0.005492833000005248,0.6669727177334732,0.39450492483151894,0.45454545123966944,0.6000143853844494,B
lastfm,mog_adapted,MoG-adapted,5,0.5,0.6380105344309996,0.6095635002223103,0.8260013131976363,0.0,2.7155919580000045,0.00542233299995587,0.5860440713536201,0.29808190772420945,0.3636363609917356,0.5,B
lastfm,mog_adapted,MoG-adapted,5,0.6,0.5827983782983363,0.58351118523893,0.8049901510177282,0.0,2.7155919580000045,0.005234250000000884,0.4933105981112277,0.21202695697252463,0.27272727074380165,0.3999856146155506,B
lastfm,mog_adapted,MoG-adapted,5,0.7,0.5590799608644172,0.5813877473086951,0.7964543663821405,0.0,2.7155919580000045,0.005107374999965941,0.3955928646379853,0.13996889580093314,0.13636363537190083,0.3000071926922247,B
lastfm,mog_adapted,MoG-adapted,5,0.8,0.5308394933184943,0.5082574657620306,0.7839789888378201,0.0,2.7155919580000045,0.00538920799999687,0.29302203567681007,0.07931570762052877,0.0909090902479339,0.1999928073077753,B
lastfm,mog_adapted,MoG-adapted,5,0.9,0.50939695746292,0.5247481585971755,0.7793827971109653,0.0,2.7155919580000045,0.005938833000016075,0.17353095487932843,0.02851218247796786,0.0,0.1000143853844494,B
lastfm,mog_adapted,MoG-adapted,6,0.1,0.8020083341167895,0.7705993649402325,0.8752462245567958,0.0,2.490964665999968,0.008612874999982978,0.8936253934942288,0.7330222913426646,0.7272727219834711,0.8999856146155506,B
lastfm,mog_adapted,MoG-adapted,6,0.2,0.7397963163363404,0.7485184283884441,0.8529218647406435,0.0,2.490964665999968,0.006303416999969613,0.8112539349422875,0.5717988595127009,0.5454545414876033,0.8000071926922246,B
lastfm,mog_adapted,MoG-adapted,6,0.3,0.688471645751381,0.6941840916857803,0.8424162836506894,0.0,2.490964665999968,0.00609787499996628,0.7367523609653726,0.4582685329186107,0.3636363609917356,0.6999928073077754,B
lastfm,mog_adapted,MoG-adapted,6,0.4,0.6937713347340222,0.6732901354099027,0.835193696651346,0.0,2.490964665999968,0.0060706250000066575,0.6610703043022036,0.3571798859512701,0.3181818158677686,0.6000143853844494,B
lastfm,mog_adapted,MoG-adapted,6,0.5,0.6529364409917674,0.6129244884957542,0.8174655285620486,0.0,2.490964665999968,0.006211542000016834,0.5830272822665268,0.272680145152929,0.22727272561983472,0.5,B
lastfm,mog_adapted,MoG-adapted,6,0.6,0.6164698928647214,0.586643685109117,0.81483913328956,0.0,2.490964665999968,0.006103583000026447,0.49304826862539347,0.19388284085018145,0.1818181804958678,0.3999856146155506,B
lastfm,mog_adapted,MoG-adapted,6,0.7,0.585897103718109,0.548867244433645,0.8089297439264609,0.0,2.490964665999968,0.005870000000015807,0.4085781741867786,0.1321928460342146,0.04545454512396695,0.3000071926922247,B
lastfm,mog_adapted,MoG-adapted,6,0.8,0.5698644872729768,0.5625124478750191,0.8063033486539725,0.0,2.490964665999968,0.005458959000009145,0.30967995802728226,0.08398133748055987,0.0,0.1999928073077753,B
lastfm,mog_adapted,MoG-adapted,6,0.9,0.49211511130823904,0.487031753607024,0.7826657912015759,0.0,2.490964665999968,0.005448915999977544,0.1966159496327387,0.03939865215137377,0.0,0.1000143853844494,B
lastfm,mog_adapted,MoG-adapted,7,0.1,0.787287666565496,0.7879025228169444,0.8824688115561392,0.0,2.4270678750000343,0.007561874999964857,0.940582371458552,0.8398133748055988,0.7727272671074381,0.8999856146155506,B
lastfm,mog_adapted,MoG-adapted,7,0.2,0.7670337602531206,0.7795690376210894,0.8634274458305975,0.0,2.4270678750000343,0.006413916999918001,0.8680482686253935,0.6941420425090721,0.6818181768595042,0.8000071926922246,B
lastfm,mog_adapted,MoG-adapted,7,0.3,0.7213683617640239,0.7363920941707099,0.8489822718319107,0.0,2.4270678750000343,0.0065642499999967185,0.7922350472193075,0.5619491964748574,0.4999999963636364,0.6999928073077754,B
lastfm,mog_adapted,MoG-adapted,7,0.4,0.6991332234389129,0.7005866199046377,0.8404464871963231,0.0,2.4270678750000343,0.005936416999929861,0.7155036726128017,0.454639709694142,0.3636363609917356,0.6000143853844494,B
lastfm,mog_adapted,MoG-adapted,7,0.5,0.6381189659750728,0.654156191796308,0.8279711096520026,0.0,2.4270678750000343,0.006577624999977161,0.6305089192025184,0.35977190254017627,0.22727272561983472,0.5,B
lastfm,mog_adapted,MoG-adapted,7,0.6,0.6099893881665449,0.6211376681412238,0.8194353250164149,0.0,2.4270678750000343,0.005784332999951403,0.5432843651626443,0.2617936754795231,0.13636363537190083,0.3999856146155506,B
lastfm,mog_adapted,MoG-adapted,7,0.7,0.5818267859483216,0.5940644271889699,0.8063033486539725,0.0,2.4270678750000343,0.005511124999998174,0.44674711437565584,0.1855883877656817,0.04545454512396695,0.3000071926922247,B
lastfm,mog_adapted,MoG-adapted,7,0.8,0.5471537505901122,0.5559462101494524,0.7951411687458962,0.0,2.4270678750000343,0.006140209000022878,0.33748688352570827,0.11560393986521514,0.04545454512396695,0.1999928073077753,B
lastfm,mog_adapted,MoG-adapted,7,0.9,0.5291464679505703,0.5579465067269812,0.7852921864740644,0.0,2.4270678750000343,0.0052611669999578226,0.2094700944386149,0.054950751684810784,0.0,0.1000143853844494,B
lastfm,mog_adapted,MoG-adapted,8,0.1,0.7593955879885048,0.770581413044873,0.8535784635587655,0.0,2.043628582999986,0.006117583999980525,0.8845750262329486,0.7236910316226024,0.6363636317355372,0.8999856146155506,B
lastfm,mog_adapted,MoG-adapted,8,0.2,0.7140037358342581,0.729775100549978,0.8384766907419566,0.0,2.043628582999986,0.006084208999936891,0.7994491080797481,0.5635044064282011,0.40909090611570254,0.8000071926922246,B
lastfm,mog_adapted,MoG-adapted,8,0.3,0.6985458858216322,0.7246293978237003,0.8371634931057124,0.0,2.043628582999986,0.005800083000053746,0.7161594963273872,0.4453084499740798,0.27272727074380165,0.6999928073077754,B
lastfm,mog_adapted,MoG-adapted,8,0.4,0.614755011841716,0.6600957760055732,0.8194353250164149,0.0,2.043628582999986,0.005898459000036382,0.6340503672612802,0.34110938310005184,0.22727272561983472,0.6000143853844494,B
lastfm,mog_adapted,MoG-adapted,8,0.5,0.5582865863623601,0.6451964995533044,0.7997373604727511,0.0,2.043628582999986,0.0056046670000569065,0.5535152151101784,0.24675997926386728,0.22727272561983472,0.5,B
lastfm,mog_adapted,MoG-adapted,8,0.6,0.5752498992229604,0.6387048555401534,0.7997373604727511,0.0,2.043628582999986,0.005526583000005303,0.46681532004197274,0.17107309486780714,0.1818181804958678,0.3999856146155506,B
lastfm,mog_adapted,MoG-adapted,8,0.7,0.5453244503911984,0.5547453929870628,0.7879185817465528,0.0,2.043628582999986,0.005212792000065747,0.3768363064008394,0.11145671332296526,0.0909090902479339,0.3000071926922247,B
lastfm,mog_adapted,MoG-adapted,8,0.8,0.5236860437791632,0.54671905047967,0.7846355876559422,0.0,2.043628582999986,0.00499579100005576,0.2876442812172088,0.06531881804043546,0.0,0.1999928073077753,B
lastfm,mog_adapted,MoG-adapted,8,0.9,0.4882926426915017,0.5054712133046926,0.768220617202889,0.0,2.043628582999986,0.00510479199999736,0.1723504721930745,0.026438569206842923,0.0,0.1000143853844494,B
lastfm,mog_adapted,MoG-adapted,9,0.1,0.7220245166588152,0.776188801352923,0.855548260013132,0.0,1.930211665999991,0.006619541000077334,0.8904774396642182,0.7236910316226024,0.6818181768595042,0.8999856146155506,B
lastfm,mog_adapted,MoG-adapted,9,0.2,0.7474934882349358,0.7653436201083367,0.8522652659225214,0.0,1.930211665999991,0.005925124999976106,0.8103357817418678,0.5878693623639192,0.5909090866115703,0.8000071926922246,B
lastfm,mog_adapted,MoG-adapted,9,0.3,0.7116740273204478,0.7341900671132929,0.8404464871963231,0.0,1.930211665999991,0.005798291000019162,0.7305876180482687,0.4784862623120788,0.45454545123966944,0.6999928073077754,B
lastfm,mog_adapted,MoG-adapted,9,0.4,0.6683405474024235,0.6979341791121704,0.824688115561392,0.0,1.930211665999991,0.005661583999994946,0.6462486883525709,0.3893208916537066,0.40909090611570254,0.6000143853844494,B
lastfm,mog_adapted,MoG-adapted,9,0.5,0.6038164818325585,0.6290458365107467,0.8095863427445831,0.0,1.930211665999991,0.005591125000023567,0.5608604407135362,0.30274753758424056,0.3181818158677686,0.5,B
lastfm,mog_adapted,MoG-adapted,9,0.6,0.5753546885946026,0.5926568500040629,0.8017071569271176,0.0,1.930211665999991,0.0052652079999688794,0.47179958027282265,0.21099015033696217,0.22727272561983472,0.3999856146155506,B
lastfm,mog_adapted,MoG-adapted,9,0.7,0.5707840162619325,0.5655025937118974,0.7905449770190414,0.0,1.930211665999991,0.005188707999991493,0.37696747114375656,0.1410057024364956,0.1818181804958678,0.3000071926922247,B
lastfm,mog_adapted,MoG-adapted,9,0.8,0.5287273037843181,0.5317536814531459,0.7839789888378201,0.0,1.930211665999991,0.005708000000026914,0.2767576075550892,0.0751684810782789,0.0909090902479339,0.1999928073077753,B
lastfm,mog_adapted,MoG-adapted,9,0.9,0.5202193939491756,0.5305938224814106,0.7669074195666448,0.0,1.930211665999991,0.005088708000016595,0.17077649527806926,0.041990668740279936,0.0,0.1000143853844494,B
lastfm,psgnn_reimpl,PSGNN-reimpl,0,0.1,0.7305128729739158,0.6982146024601664,0.8548916611950098,0.0,1.0606865840000097,0.008086583000007863,0.8768363064008394,0.7060653188180405,0.40909090611570254,0.8999856146155506,B
lastfm,psgnn_reimpl,PSGNN-reimpl,0,0.2,0.6766318138727709,0.6871763238507671,0.8253447143795141,0.0,1.0606865840000097,0.0071362500000020646,0.5017051416579223,0.49922239502332816,0.1818181804958678,0.8000071926922246,B
lastfm,psgnn_reimpl,PSGNN-reimpl,0,0.3,0.6446523204154827,0.6771426935112403,0.8108995403808273,0.0,1.0606865840000097,0.007041375000000016,0.3449632738719832,0.37532400207361327,0.0909090902479339,0.6999928073077754,B
lastfm,psgnn_reimpl,PSGNN-reimpl,0,0.4,0.6036562751714015,0.6084291066504564,0.7879185817465528,0.0,1.0606865840000097,0.006648708999989594,0.15385624344176285,0.29237947122861585,0.0909090902479339,0.6000143853844494,B
lastfm,psgnn_reimpl,PSGNN-reimpl,0,0.5,0.5084049355489041,0.4850856229121058,0.768220617202889,0.0,1.0606865840000097,0.006662417000001142,0.13575550891920252,0.21099015033696217,0.0,0.5,B
lastfm,psgnn_reimpl,PSGNN-reimpl,0,0.6,0.5188222973995388,0.5124787865505569,0.768220617202889,0.0,1.0606865840000097,0.010978957999995487,0.11306400839454354,0.15137376879212028,0.0,0.3999856146155506,B
lastfm,psgnn_reimpl,PSGNN-reimpl,0,0.7,0.5234899230613101,0.5070211845783275,0.7623112278397899,0.0,1.0606865840000097,0.005935500000006755,0.08499475341028331,0.09331259720062209,0.0,0.3000071926922247,B
lastfm,psgnn_reimpl,PSGNN-reimpl,0,0.8,0.504223387217465,0.5087951861193818,0.7564018384766907,0.0,1.0606865840000097,0.010486165999992636,0.05535152151101784,0.04872991187143598,0.0,0.1999928073077753,B
lastfm,psgnn_reimpl,PSGNN-reimpl,0,0.9,0.4937432329745158,0.5210863179417197,0.7537754432042022,0.0,1.0606865840000097,0.006549291999988327,0.026626442812172087,0.013996889580093312,0.0,0.1000143853844494,B
lastfm,psgnn_reimpl,PSGNN-reimpl,1,0.1,0.7305360309741391,0.7255643737197434,0.8529218647406435,0.0,0.8547882089999987,0.006934000000001106,0.8791972717733473,0.7091757387247278,0.5454545414876033,0.8999856146155506,B
lastfm,psgnn_reimpl,PSGNN-reimpl,1,0.2,0.6863044116427589,0.6802993526272701,0.8227183191070256,0.0,0.8547882089999987,0.006542582999998103,0.49855718782791186,0.48885432866770345,0.13636363537190083,0.8000071926922246,B
lastfm,psgnn_reimpl,PSGNN-reimpl,1,0.3,0.639902685668296,0.6538688299820667,0.7944845699277742,0.0,0.8547882089999987,0.006366167000010137,0.2433105981112277,0.36858475894245724,0.0909090902479339,0.6999928073077754,B
lastfm,psgnn_reimpl,PSGNN-reimpl,1,0.4,0.6034752648817316,0.6033236481349076,0.7852921864740644,0.0,0.8547882089999987,0.005823375000005626,0.15097061909758658,0.27423535510627267,0.0909090902479339,0.6000143853844494,B
lastfm,psgnn_reimpl,PSGNN-reimpl,1,0.5,0.5647430084455718,0.6010475001750623,0.7760998030203545,0.0,0.8547882089999987,0.005850166000001877,0.13339454354669464,0.1964748574390876,0.04545454512396695,0.5,B
lastfm,psgnn_reimpl,PSGNN-reimpl,1,0.6,0.501872647710036,0.49107652835824456,0.7636244254760342,0.0,0.8547882089999987,0.0068732499999981655,0.11004721930745016,0.1410057024364956,0.0,0.3999856146155506,B
lastfm,psgnn_reimpl,PSGNN-reimpl,1,0.7,0.500826284973729,0.5048898673354052,0.757715036112935,0.0,0.8547882089999987,0.005696458000002735,0.08801154249737671,0.09123898392949716,0.0,0.3000071926922247,B
lastfm,psgnn_reimpl,PSGNN-reimpl,1,0.8,0.4938957394815826,0.48904577128095117,0.757715036112935,0.0,0.8547882089999987,0.00744758399999057,0.05810598111227702,0.041990668740279936,0.0,0.1999928073077753,B
lastfm,psgnn_reimpl,PSGNN-reimpl,1,0.9,0.44443458812783393,0.46374161957732934,0.7465528562048588,0.0,0.8547882089999987,0.005310207999997374,0.02741343126967471,0.012441679626749611,0.0,0.1000143853844494,B
lastfm,psgnn_reimpl,PSGNN-reimpl,2,0.1,0.716391390787731,0.697473104038064,0.8483256730137886,0.0,1.489095916999986,0.008274208000017325,0.8797219307450157,0.71850699844479,0.45454545123966944,0.8999856146155506,B
lastfm,psgnn_reimpl,PSGNN-reimpl,2,0.2,0.6953346520765695,0.6607885568503958,0.8299409061063691,0.0,1.489095916999986,0.006025834000013219,0.7455403987408185,0.5038880248833593,0.1818181804958678,0.8000071926922246,B
lastfm,psgnn_reimpl,PSGNN-reimpl,2,0.3,0.6400143934888276,0.5967993648336258,0.8122127380170716,0.0,1.489095916999986,0.005923625000008315,0.3040398740818468,0.3742871954380508,0.0909090902479339,0.6999928073077754,B
lastfm,psgnn_reimpl,PSGNN-reimpl,2,0.4,0.5927764361389485,0.5975835061716669,0.7984241628365069,0.0,1.489095916999986,0.005757915999993202,0.1584470094438615,0.28615863141524106,0.0909090902479339,0.6000143853844494,B
lastfm,psgnn_reimpl,PSGNN-reimpl,2,0.5,0.5092586867128518,0.5391361949697031,0.7754432042022325,0.0,1.489095916999986,0.006879666999992651,0.1449370409233998,0.22032141005702435,0.0,0.5,B
lastfm,psgnn_reimpl,PSGNN-reimpl,2,0.6,0.5132100686444934,0.5061925750266971,0.7767564018384767,0.0,1.489095916999986,0.012425499999977774,0.12303252885624344,0.15914981855883878,0.0,0.3999856146155506,B
lastfm,psgnn_reimpl,PSGNN-reimpl,2,0.7,0.47325639217122983,0.47939317485306265,0.7655942219304005,0.0,1.489095916999986,0.0055412090000004355,0.09496327387198321,0.10005184033177812,0.0,0.3000071926922247,B
lastfm,psgnn_reimpl,PSGNN-reimpl,2,0.8,0.4841476185102892,0.4993073092568734,0.7701904136572554,0.0,1.489095916999986,0.005133707999988246,0.06322140608604407,0.044582685329186106,0.0,0.1999928073077753,B
lastfm,psgnn_reimpl,PSGNN-reimpl,2,0.9,0.471763005768966,0.47606695464622173,0.7642810242941562,0.0,1.489095916999986,0.005166708000018616,0.02938090241343127,0.012441679626749611,0.0,0.1000143853844494,B
lastfm,psgnn_reimpl,PSGNN-reimpl,3,0.1,0.6988905310065605,0.7039175546806913,0.8417596848325674,0.0,0.6906933329999845,0.006192959000003384,0.8743441762854145,0.696215655780197,0.40909090611570254,0.8999856146155506,B
lastfm,psgnn_reimpl,PSGNN-reimpl,3,0.2,0.677398185742886,0.6831114251777528,0.8312541037426132,0.0,0.6906933329999845,0.006018792000020312,0.4888509968520462,0.496630378434422,0.1818181804958678,0.8000071926922246,B
lastfm,psgnn_reimpl,PSGNN-reimpl,3,0.3,0.6045231169056904,0.6478511170617627,0.8003939592908733,0.0,0.6906933329999845,0.0059588329999940015,0.22258656873032528,0.3742871954380508,0.0909090902479339,0.6999928073077754,B
lastfm,psgnn_reimpl,PSGNN-reimpl,3,0.4,0.5609810908040823,0.6072467003188616,0.783322390019698,0.0,0.6906933329999845,0.006121250000006739,0.15044596012591815,0.2871954380508035,0.0909090902479339,0.6000143853844494,B
lastfm,psgnn_reimpl,PSGNN-reimpl,3,0.5,0.537103938143886,0.571697362658533,0.7839789888378201,0.0,0.6906933329999845,0.005559707999992725,0.13090241343126968,0.208398133748056,0.04545454512396695,0.5,B
lastfm,psgnn_reimpl,PSGNN-reimpl,3,0.6,0.5089089096354412,0.5310932311258376,0.7721602101116218,0.0,0.6906933329999845,0.005486208000007764,0.10703043022035677,0.14981855883877657,0.0,0.3999856146155506,B
lastfm,psgnn_reimpl,PSGNN-reimpl,3,0.7,0.5027311382320085,0.5036180806674203,0.7728168089297439,0.0,0.6906933329999845,0.005367083999999522,0.08145330535152151,0.09331259720062209,0.0,0.3000071926922247,B
lastfm,psgnn_reimpl,PSGNN-reimpl,3,0.8,0.47393072122199215,0.49996893914326634,0.7583716349310571,0.0,0.6906933329999845,0.005954750000000786,0.05036726128016789,0.04613789528252981,0.0,0.1999928073077753,B
lastfm,psgnn_reimpl,PSGNN-reimpl,3,0.9,0.4933090087586964,0.4838862366053917,0.7616546290216678,0.0,0.6906933329999845,0.0055097089999662785,0.022822665267576075,0.01347848626231208,0.0,0.1000143853844494,B
lastfm,psgnn_reimpl,PSGNN-reimpl,4,0.1,0.7268926049543704,0.7364911874895262,0.8588312541037426,0.0,0.7666645420000009,0.0071286659999714175,0.8767051416579223,0.7039917055469155,0.45454545123966944,0.8999856146155506,B
lastfm,psgnn_reimpl,PSGNN-reimpl,4,0.2,0.677803263418061,0.6906209779561464,0.8200919238345371,0.0,0.7666645420000009,0.007902708000017356,0.7371458551941238,0.48885432866770345,0.1818181804958678,0.8000071926922246,B
lastfm,psgnn_reimpl,PSGNN-reimpl,4,0.3,0.5544827637118739,0.5969603283001136,0.7879185817465528,0.0,0.7666645420000009,0.006386833000021852,0.24435991605456453,0.37221358216692585,0.0909090902479339,0.6999928073077754,B
lastfm,psgnn_reimpl,PSGNN-reimpl,4,0.4,0.6010279128222444,0.5996714646519652,0.788575180564675,0.0,0.7666645420000009,0.005840750000004391,0.15608604407135362,0.29237947122861585,0.0909090902479339,0.6000143853844494,B
lastfm,psgnn_reimpl,PSGNN-reimpl,4,0.5,0.5433944675723732,0.5777034415778619,0.7688772160210111,0.0,0.7666645420000009,0.00608204200000273,0.1382476390346275,0.21202695697252463,0.0,0.5,B
lastfm,psgnn_reimpl,PSGNN-reimpl,4,0.6,0.48803160769264436,0.532586367992079,0.7524622455679579,0.0,0.7666645420000009,0.005831124999986059,0.1180482686253935,0.15085536547433903,0.0,0.3999856146155506,B
lastfm,psgnn_reimpl,PSGNN-reimpl,4,0.7,0.47733985963234205,0.5345122211660424,0.7550886408404465,0.0,0.7666645420000009,0.005693666000013309,0.09260230849947534,0.09590461378952825,0.0,0.3000071926922247,B
lastfm,psgnn_reimpl,PSGNN-reimpl,4,0.8,0.48666332864832934,0.513867200670378,0.7609980302035456,0.0,0.7666645420000009,0.005578082999988965,0.06492654774396642,0.04406428201140487,0.0,0.1999928073077753,B
lastfm,psgnn_reimpl,PSGNN-reimpl,4,0.9,0.446223377215992,0.49053204482403295,0.7524622455679579,0.0,0.7666645420000009,0.005280624999954853,0.030561385099685204,0.011404872991187144,0.0,0.1000143853844494,B
lastfm,psgnn_reimpl,PSGNN-reimpl,5,0.1,0.7317657039691781,0.7454898048357981,0.8542350623768877,0.0,0.8962882920000084,0.0069634579999728885,0.8778856243441763,0.7045101088646968,0.45454545123966944,0.8999856146155506,B
lastfm,psgnn_reimpl,PSGNN-reimpl,5,0.2,0.702565834851937,0.700130966805365,0.8338804990151018,0.0,0.8962882920000084,0.006009290999998029,0.6883525708289612,0.49714878175220323,0.1818181804958678,0.8000071926922246,B
lastfm,psgnn_reimpl,PSGNN-reimpl,5,0.3,0.6449624420097758,0.6488829012526176,0.81483913328956,0.0,0.8962882920000084,0.005892166999956316,0.1895330535152151,0.3789528252980819,0.13636363537190083,0.6999928073077754,B
lastfm,psgnn_reimpl,PSGNN-reimpl,5,0.4,0.6476382687921576,0.5951347893638288,0.8056467498358503,0.0,0.8962882920000084,0.0057631249999872125,0.15608604407135362,0.2913426645930534,0.0909090902479339,0.6000143853844494,B
lastfm,psgnn_reimpl,PSGNN-reimpl,5,0.5,0.577404924557561,0.5833371435923133,0.7879185817465528,0.0,0.8962882920000084,0.005742458999975497,0.1423137460650577,0.2192846034214619,0.04545454512396695,0.5,B
lastfm,psgnn_reimpl,PSGNN-reimpl,5,0.6,0.5372156865998261,0.5228380280897467,0.7846355876559422,0.0,0.8962882920000084,0.006117333000020153,0.11988457502623295,0.15759460860549507,0.0,0.3999856146155506,B
lastfm,psgnn_reimpl,PSGNN-reimpl,5,0.7,0.5196461756115247,0.49986645734422186,0.7760998030203545,0.0,0.8962882920000084,0.005409166999982062,0.09575026232948583,0.10057024364955935,0.0,0.3000071926922247,B
lastfm,psgnn_reimpl,PSGNN-reimpl,5,0.8,0.49208331795559546,0.48225559188921363,0.7623112278397899,0.0,0.8962882920000084,0.0051317909999966105,0.06610703043022036,0.05132192846034215,0.0,0.1999928073077753,B
lastfm,psgnn_reimpl,PSGNN-reimpl,5,0.9,0.4956254794497254,0.48247537700341414,0.7616546290216678,0.0,0.8962882920000084,0.005108415999984572,0.034365162644281216,0.015552099533437015,0.0,0.1000143853844494,B
lastfm,psgnn_reimpl,PSGNN-reimpl,6,0.1,0.7692535915444372,0.7201197840769245,0.8575180564674983,0.0,0.9044914169999743,0.007627249999984542,0.8773609653725079,0.6972524624157594,0.45454545123966944,0.8999856146155506,B
lastfm,psgnn_reimpl,PSGNN-reimpl,6,0.2,0.72159210441959,0.6775206379585594,0.8384766907419566,0.0,0.9044914169999743,0.0070138340000198696,0.7339979013641134,0.481078278900985,0.27272727074380165,0.8000071926922246,B
lastfm,psgnn_reimpl,PSGNN-reimpl,6,0.3,0.6500975968860281,0.636518143467359,0.8161523309258043,0.0,0.9044914169999743,0.006456332999960068,0.21825813221406087,0.36391912908242613,0.0909090902479339,0.6999928073077754,B
lastfm,psgnn_reimpl,PSGNN-reimpl,6,0.4,0.6030703840760339,0.6099205077772504,0.8030203545633617,0.0,0.9044914169999743,0.006573208000020259,0.15792235047219308,0.28771384136858474,0.0909090902479339,0.6000143853844494,B
lastfm,psgnn_reimpl,PSGNN-reimpl,6,0.5,0.5691744451815631,0.5491211292657181,0.7971109652002626,0.0,0.9044914169999743,0.006352124999978059,0.14047743966421825,0.208398133748056,0.0,0.5,B
lastfm,psgnn_reimpl,PSGNN-reimpl,6,0.6,0.5221137882688148,0.5135336584430328,0.7747866053841103,0.0,0.9044914169999743,0.006294167000078232,0.1184417628541448,0.14930015552099535,0.0,0.3999856146155506,B
lastfm,psgnn_reimpl,PSGNN-reimpl,6,0.7,0.5136324392546844,0.48760063409813803,0.7787261982928431,0.0,0.9044914169999743,0.0055996669999558435,0.09325813221406086,0.09745982374287196,0.0,0.3000071926922247,B
lastfm,psgnn_reimpl,PSGNN-reimpl,6,0.8,0.49117930074564103,0.48950081526755124,0.768220617202889,0.0,0.9044914169999743,0.005803667000009227,0.062040923399790136,0.04665629860031104,0.0,0.1999928073077753,B
lastfm,psgnn_reimpl,PSGNN-reimpl,6,0.9,0.47701941062827974,0.4785270390098008,0.7760998030203545,0.0,0.9044914169999743,0.005297625000025619,0.029643231899265477,0.01347848626231208,0.0,0.1000143853844494,B
lastfm,psgnn_reimpl,PSGNN-reimpl,7,0.1,0.7507301992005266,0.7460428050070158,0.8634274458305975,0.0,0.9223565419999886,0.007929290999982186,0.8744753410283316,0.6967340590979783,0.3636363609917356,0.8999856146155506,B
lastfm,psgnn_reimpl,PSGNN-reimpl,7,0.2,0.6928952755523116,0.6985068111189174,0.8279711096520026,0.0,0.9223565419999886,0.00605920900000001,0.6824501573976915,0.4950751684810783,0.1818181804958678,0.8000071926922246,B
lastfm,psgnn_reimpl,PSGNN-reimpl,7,0.3,0.6182816816866948,0.6552774732138018,0.799080761654629,0.0,0.9223565419999886,0.007080125000015869,0.17864637985309548,0.37325038880248834,0.13636363537190083,0.6999928073077754,B
lastfm,psgnn_reimpl,PSGNN-reimpl,7,0.4,0.606725743610848,0.6212753042698113,0.8049901510177282,0.0,0.9223565419999886,0.006446957999969527,0.15674186778593913,0.29082426127527217,0.0909090902479339,0.6000143853844494,B
lastfm,psgnn_reimpl,PSGNN-reimpl,7,0.5,0.5646452295348231,0.5748471206200132,0.7859487852921865,0.0,0.9223565419999886,0.006410374999973101,0.1423137460650577,0.2177293934681182,0.0909090902479339,0.5,B
lastfm,psgnn_reimpl,PSGNN-reimpl,7,0.6,0.5001770569486947,0.5161950731333763,0.7734734077478661,0.0,0.9223565419999886,0.0056730840000227545,0.12250786988457503,0.15292897874546396,0.0,0.3999856146155506,B
lastfm,psgnn_reimpl,PSGNN-reimpl,7,0.7,0.5059239112679335,0.5191495684145528,0.7760998030203545,0.0,0.9223565419999886,0.006231957999943916,0.09876705141657922,0.09745982374287196,0.0,0.3000071926922247,B
lastfm,psgnn_reimpl,PSGNN-reimpl,7,0.8,0.4991636805497676,0.487332568504831,0.7655942219304005,0.0,0.9223565419999886,0.009143290999986675,0.07279643231899266,0.04821150855365474,0.0,0.1999928073077753,B
lastfm,psgnn_reimpl,PSGNN-reimpl,7,0.9,0.4603199422083784,0.46422138058480616,0.7655942219304005,0.0,0.9223565419999886,0.005076333000033628,0.0405299055613851,0.01503369621565578,0.0,0.1000143853844494,B
lastfm,psgnn_reimpl,PSGNN-reimpl,8,0.1,0.7251267669687399,0.7532360600623125,0.8378200919238346,0.0,0.7118314169999849,0.006246000000032836,0.8752623294858342,0.6982892690513219,0.4999999963636364,0.8999856146155506,B
lastfm,psgnn_reimpl,PSGNN-reimpl,8,0.2,0.6637824831190529,0.674709137862615,0.8187787261982928,0.0,0.7118314169999849,0.006064124999966225,0.7321615949632738,0.481078278900985,0.1818181804958678,0.8000071926922246,B
lastfm,psgnn_reimpl,PSGNN-reimpl,8,0.3,0.6580467147153306,0.6513910923583369,0.8122127380170716,0.0,0.7118314169999849,0.005997666999974172,0.17366211962224554,0.359253499222395,0.0909090902479339,0.6999928073077754,B
lastfm,psgnn_reimpl,PSGNN-reimpl,8,0.4,0.5793304404911105,0.6041671029397562,0.7964543663821405,0.0,0.7118314169999849,0.005795625000018845,0.15149527806925497,0.27993779160186627,0.0909090902479339,0.6000143853844494,B
lastfm,psgnn_reimpl,PSGNN-reimpl,8,0.5,0.5289475590885495,0.4938264312130658,0.7760998030203545,0.0,0.7118314169999849,0.0055875420000575104,0.1352308499475341,0.2089165370658372,0.0,0.5,B
lastfm,psgnn_reimpl,PSGNN-reimpl,8,0.6,0.4905411257748423,0.5160905553289168,0.7590282337491793,0.0,0.7118314169999849,0.005514791999985391,0.11253934942287513,0.15085536547433903,0.0,0.3999856146155506,B
lastfm,psgnn_reimpl,PSGNN-reimpl,8,0.7,0.4645717931688288,0.4999513160322355,0.7570584372948129,0.0,0.7118314169999849,0.005292708999945717,0.0878803777544596,0.09590461378952825,0.0,0.3000071926922247,B
lastfm,psgnn_reimpl,PSGNN-reimpl,8,0.8,0.4751855344837604,0.4735280201443912,0.767564018384767,0.0,0.7118314169999849,0.005410500000039065,0.057581322140608605,0.04302747537584241,0.0,0.1999928073077753,B
lastfm,psgnn_reimpl,PSGNN-reimpl,8,0.9,0.46184598790686554,0.4925991198577241,0.7537754432042022,0.0,0.7118314169999849,0.005063334000055875,0.0270199370409234,0.011923276308968377,0.0,0.1000143853844494,B
lastfm,psgnn_reimpl,PSGNN-reimpl,9,0.1,0.7180301181497764,0.7422740889807015,0.8470124753775443,0.0,0.7416547499999524,0.006864790999998149,0.8729013641133263,0.6931052358735096,0.40909090611570254,0.8999856146155506,B
lastfm,psgnn_reimpl,PSGNN-reimpl,9,0.2,0.6891187764074831,0.6885216043859737,0.8227183191070256,0.0,0.7416547499999524,0.006147875000010572,0.4839979013641133,0.49144634525660963,0.22727272561983472,0.8000071926922246,B
lastfm,psgnn_reimpl,PSGNN-reimpl,9,0.3,0.624241221448348,0.6123471864263574,0.7964543663821405,0.0,0.7416547499999524,0.006257915999981378,0.3414218258132214,0.3649559357179886,0.13636363537190083,0.6999928073077754,B
lastfm,psgnn_reimpl,PSGNN-reimpl,9,0.4,0.6331450571554001,0.608225958234605,0.8082731451083388,0.0,0.7416547499999524,0.005843749999939973,0.1587093389296957,0.2866770347330223,0.0909090902479339,0.6000143853844494,B
lastfm,psgnn_reimpl,PSGNN-reimpl,9,0.5,0.5720254464145035,0.5549626789065983,0.7859487852921865,0.0,0.7416547499999524,0.005596165999918412,0.14126442812172088,0.21358216692586832,0.0,0.5,B
lastfm,psgnn_reimpl,PSGNN-reimpl,9,0.6,0.5190463958035625,0.5255808788176027,0.7715036112934996,0.0,0.7416547499999524,0.01095333400007803,0.12303252885624344,0.15500259201658892,0.0,0.3999856146155506,B
lastfm,psgnn_reimpl,PSGNN-reimpl,9,0.7,0.5091525148877518,0.5090622151161178,0.7767564018384767,0.0,0.7416547499999524,0.006233624999936183,0.09732423924449109,0.09745982374287196,0.0,0.3000071926922247,B
lastfm,psgnn_reimpl,PSGNN-reimpl,9,0.8,0.5031329737350594,0.47566019288186845,0.7603414313854235,0.0,0.7416547499999524,0.006624750000014501,0.07017313746065058,0.044582685329186106,0.0,0.1999928073077753,B
lastfm,psgnn_reimpl,PSGNN-reimpl,9,0.9,0.48256750729946,0.47863081600922186,0.7590282337491793,0.0,0.7416547499999524,0.0052444579999928465,0.03488982161594963,0.012960082944530845,0.0,0.1000143853844494,B
